window,cell,market,asset,strategy,status,early_history_exits,starting_equity,final_equity,total_return,cagr,calendar_cagr,vol_annual,sharpe,sortino,calmar,psr,max_drawdown,max_drawdown_duration_days,expected_shortfall_95,hit_rate,alpha_annual,beta,exposure,risk_free_rate,benchmark_return,trade_count,invested_return,avg_capital_exposure,max_capital_exposure,median_trade_return,avg_trade_return,best_trade_return,worst_trade_return,profit_factor,expectancy,winning_trades,losing_trades,unique_tickers,regime_bull_trades,regime_bull_win_rate,regime_bull_avg_return,regime_pullback_trades,regime_pullback_win_rate,regime_pullback_avg_return,regime_bear_trades,regime_bear_win_rate,regime_bear_avg_return,total_fees,fee_commission,fees_pct_capital,fees_pct_net_pnl,fee_stt,fee_stamp_duty,fee_exchange_txn,fee_sebi,fee_gst,fee_ipft,momentum_12_1_cagr,momentum_12_1_status,delta_momentum_12_1_pp,mark_minervini_cagr,mark_minervini_status,delta_mark_minervini_pp
6y,us_etfs_chan_return_12m,us,etfs,chan_return_12m,completed,0,100000.0,338935.0959189369,2.3893509591893687,0.22643884672284886,0.22578209260424487,0.2726928113182497,0.8862532611302747,1.2245491205832093,0.6329652119045449,0.9830338986937053,-0.3577429572179983,882.0,-0.04186020859164394,0.6486486486486487,0.22062643015058178,0.2636042598522764,0.9986737400530504,0.0,1.2906351333104187,74,0.01746172901333087,0.9496021220159151,1.0000000000000002,0.027256940526292465,0.018605469224628524,0.18573778053653142,-0.18018520956386302,2.1041468986925342,0.018605469224628524,48,26,6,55.0,0.7090909090909091,0.023661700821773872,8.0,0.625,0.026126594393001502,11.0,0.36363636363636365,-0.01214559797446043,2760.5676013468924,2760.5676013468924,0.027605676013468923,0.011553629619499116,,,,,,,0.22338641868403086,completed,0.23956739202140032,,,
6y,us_etfs_chan_weighted_13612,us,etfs,chan_weighted_13612,completed,0,100000.0,104589.679493683,0.045896794936830076,0.007532155352588443,0.007512315323105145,0.2552822723065471,0.15832358496351953,0.21084734153082993,0.014477287307808367,0.6500240313942474,-0.5202739430698424,1302.0,-0.040817116612606515,0.5180722891566265,-0.006742263620430391,0.2945038173894335,0.9794429708222812,0.0,1.2906351333104187,83,0.0005684295117300627,0.9244031830238727,1.0000000000000002,0.0031239005703001216,0.0025058880572813506,0.24205939347799413,-0.13469469164354136,1.023096646969654,0.0025058880572813506,43,40,9,56.0,0.4642857142857143,-0.0036343320549071657,12.0,0.9166666666666666,0.0483881810543915,15.0,0.4,-0.01127645792156965,1615.3222272721391,1615.3222272721391,0.016153222272721392,0.35194662927888254,,,,,,,0.22338641868403086,completed,-21.58741033609257,,,
6y,us_etfs_chan_log_ma_7_10,us,etfs,chan_log_ma_7_10,completed,0,100000.0,64794.17786268758,-0.35205822137312415,-0.06999536133291606,-0.06981824575239393,0.19798167824569854,-0.2670925348604867,-0.36120681426777823,-0.1228438153900695,0.2563015359475649,-0.5697914958979236,1626.0,-0.030905625863393744,0.36283185840707965,-0.0954173137914077,0.295752022838482,0.8163129973474801,0.0,1.2906351333104187,113,-0.003135416077204822,0.7413793103448276,1.0000000000000002,-0.005880147196603766,-0.0026578527656266407,0.29256567437826897,-0.10873442178320974,0.8093486161883989,-0.0026578527656266407,41,72,9,82.0,0.36585365853658536,-0.004298552617609604,11.0,0.36363636363636365,0.0014470929083911057,20.0,0.35,0.0018112965067937433,2242.166503817867,2242.166503817867,0.022421665038178672,-0.06368737804425642,,,,,,,0.22338641868403086,completed,-29.32046644364248,,,
6y,us_etfs_chan_log_ma_50_200,us,etfs,chan_log_ma_50_200,completed,0,100000.0,325683.68506855465,2.2568368506855467,0.21828687078508557,0.21765579204947882,0.16432204302636574,1.284459223881855,1.8357245469277383,1.1892304811096341,0.9989045599041709,-0.18355304060270036,830.0,-0.02548041827942609,1.0,0.18147602149711295,0.27617178653540914,0.773209549071618,0.0,1.2906351333104187,3,0.5596529907525638,0.7712201591511937,1.0,0.4894463835481089,0.5453455864177003,1.11055560819229,0.03603476751270164,inf,0.5453455864177003,3,0,3,1.0,1.0,1.11055560819229,,,,2.0,1.0,0.26274057553040525,103.2219188009255,103.2219188009255,0.0010322191880092549,0.00045737430585454306,,,,,,,0.22338641868403086,completed,-0.5730626634552038,,,
6y,us_etfs_momentum_12_1,us,etfs,momentum_12_1,completed,0,100000.0,334982.6586536971,2.349826586536971,0.22403558874849816,0.22338641868403086,0.28450342443451043,0.8543505409725666,1.1816671164155923,0.6357073854802993,0.9795313010827666,-0.35241935812847514,763.0,-0.04351146266159182,0.6666666666666666,0.15832412318162725,0.5995196990777523,0.9913793103448276,0.0,1.2906351333104187,24,0.06240467445039522,0.9754641909814323,1.0000000000000002,0.05077107497534913,0.05698921140800143,0.37263379415203907,-0.1271318511476526,5.82590610942878,0.05698921140800143,16,8,5,18.0,0.7777777777777778,0.0808668831479786,1.0,0.0,-0.023145206789249934,5.0,0.4,-0.01294352321646614,776.5937554170462,776.5937554170462,0.007765937554170462,0.003304898156597768,,,,,,,0.22338641868403086,completed,0.0,,,
6y,us_stocks_chan_return_12m,us,stocks,chan_return_12m,provisional,1,100000.0,228668.9768001076,1.286689768001076,0.14832946193648366,0.14791275124175218,0.3325422152728122,0.5834617182040122,0.8067691370414488,0.41295936832842367,0.9212144034130163,-0.35918657696734535,549.0,-0.05039486978594678,0.5478502080443828,0.012177624501345284,1.135523638586929,0.9992705570291778,0.0,1.2906351333104187,721,0.013017606695089508,0.9470213766339944,1.0,0.01498840609810886,0.0151073907071047,0.5220246009958701,-0.4691239890321918,1.3067840803550577,0.0151073907071047,395,326,154,531.0,0.5329566854990584,0.013231547698397614,76.0,0.5,0.004629221754586693,114.0,0.6491228070175439,0.0308303159528489,1989.7135616957025,1989.7135616957025,0.019897135616957027,0.015463817395445691,,,,,,,0.22534687695961808,completed,-7.74341257178659,,,
6y,us_stocks_chan_weighted_13612,us,stocks,chan_weighted_13612,provisional,2,100000.0,160068.55225332358,0.6006855225332357,0.08184235133898632,0.08161904442552981,0.2852325579654647,0.4193539882953181,0.5768654888426077,0.24889716472285897,0.8456836690914048,-0.32881994228466127,1191.0,-0.04285860578167004,0.5271317829457365,-0.019517356169443868,0.8696317685768264,0.9989389920424403,0.0,1.2906351333104187,774,0.007132732940995545,0.9381535052702095,1.0000000000000004,0.007191635964097268,0.008996824024933523,0.625323749011312,-0.4460821318555696,1.1644198397569627,0.008996824024933523,408,366,246,537.0,0.521415270018622,0.012237021240724472,110.0,0.5272727272727272,0.0005069894639398614,127.0,0.5511811023622047,0.002649547622016725,1690.3142525639598,1690.3142525639598,0.016903142525639597,0.028139753484244107,,,,,,,0.22534687695961808,completed,-14.372783253408826,,,
6y,us_stocks_chan_log_ma_7_10,us,stocks,chan_log_ma_7_10,provisional,2,100000.0,128620.99570775479,0.2862099570775478,0.04298747060115815,0.04287227808113392,0.19936971868420292,0.3111540329437012,0.43195949823219165,0.11107531881888484,0.7756743206745937,-0.38701190379882566,1435.0,-0.029687745770820607,0.4436997319034853,-0.05584306388095425,0.7458438831822225,0.9865384615384615,0.0,1.2906351333104187,1492,0.0019171695998596572,0.887246818542239,1.0000000000000018,-0.005302148649629051,0.002526523835140749,0.66545378846732,-0.30196906455975764,1.085196651447191,0.002526523835140749,662,830,314,1048.0,0.4389312977099237,0.002568742473791712,170.0,0.40588235294117647,-0.0014708670458083936,274.0,0.4854014598540146,0.0048451782747580725,2988.6176362639876,2988.6176362639876,0.029886176362639877,0.10442046345208815,,,,,,,0.22534687695961808,completed,-18.247459887848414,,,
6y,us_stocks_chan_log_ma_50_200,us,stocks,chan_log_ma_50_200,completed,0,100000.0,104645.12551945464,0.046451255194546404,0.007621451340918073,0.007601375215717354,0.19112494301182786,0.13565746918310115,0.18543528814324603,0.02500441680882035,0.6296845304128627,-0.3048042031610029,1580.0,-0.029103510744888372,0.3564356435643564,-0.08689328002944542,0.7291321471542072,0.9760610079575598,0.0,1.2906351333104187,101,0.005228922182014372,0.9671692504022237,1.0,-0.06593077312831715,0.017465025168511717,1.4361933994623526,-0.7315643735344762,1.0565594239663654,0.017465025168511717,36,65,90,63.0,0.3333333333333333,-0.004896125048901016,13.0,0.3076923076923077,-0.05326125150837291,25.0,0.44,0.11059278758837184,178.13503885868204,178.13503885868204,0.0017813503885868204,0.03834881062150438,,,,,,,0.22534687695961808,completed,-21.774550174390072,,,
6y,us_stocks_momentum_12_1,us,stocks,momentum_12_1,completed,0,100000.0,338214.1934823603,2.382141934823603,0.22600225238416405,0.22534687695961808,0.33955604449335175,0.7709206410306145,1.0831159848859833,0.6672781404926396,0.9690733572750044,-0.33869272597077826,374.0,-0.05094560226473797,0.6041666666666666,0.0673271213701577,1.2271759855316433,0.9993368700265253,0.0,1.2906351333104187,240,0.05472976842932235,0.98342175066313,1.0,0.0598569685267987,0.0622178439007147,0.9036189186108904,-0.5463847359712725,1.8669388519987962,0.0622178439007147,145,95,114,180.0,0.5722222222222222,0.03486862263256468,20.0,0.5,0.12351261537944742,40.0,0.8,0.15464195386802337,894.3343216920746,894.3343216920746,0.008943343216920746,0.0037543284412156624,,,,,,,0.22534687695961808,completed,0.0,,,
6y,india_etfs_chan_return_12m,india,etfs,chan_return_12m,completed,0,1000000.0,1498486.2930052083,0.4984862930052083,0.0711442056845597,0.06974962594127931,0.2068742676012778,0.4349068237071786,0.6346311756983553,0.1343791730266961,0.8572713937056229,-0.529428810150707,1896.0,-0.03002234579243434,0.6338028169014085,0.04900396273941689,0.28802192080359795,0.9993261455525606,0.0,1.144847084701416,71,0.006465394188116509,0.9513854602493415,0.9999969177725024,0.016988788600760446,0.007199885990608304,0.1450200984486453,-0.13269993276817146,1.3434763445921498,0.007199885990608304,45,26,4,52.0,0.6538461538461539,0.00690731579795377,9.0,0.4444444444444444,-0.010246643382404337,10.0,0.7,0.024423127428123272,171998.83219033334,,0.17199883219033335,0.34504225011566436,154688.99178289576,11551.387999327502,4594.263055952001,154.68899178289567,854.8113685922813,154.68899178289567,0.1205641050998334,completed,-5.081447915855408,,,
6y,india_etfs_chan_weighted_13612,india,etfs,chan_weighted_13612,completed,0,1000000.0,4025047.6551233362,3.025047655123336,0.26696966366810115,0.2612993537045667,0.19607664756973436,1.3043401188088253,2.079923783261098,1.7020820836487067,0.9995273076556137,-0.1568488771680186,245.0,-0.026387017905765777,0.6024096385542169,0.23637556161748968,0.2972640805809958,0.9939353099730458,0.0,1.144847084701416,83,0.01777823772511948,0.9379525393074811,0.9999987443725968,0.010582604326378345,0.017966154785447865,0.16086794064135393,-0.08590707920475438,2.987452032066542,0.017966154785447865,50,33,4,56.0,0.6607142857142857,0.021723420101619807,12.0,0.5,0.001963133502265023,15.0,0.4666666666666667,0.0167414479649522,381585.1962123929,,0.3815851962123929,0.12614187930762863,343312.14490242366,25492.913403831582,10196.370703601979,343.31214490242354,1897.1429127307933,343.31214490242354,0.1205641050998334,completed,14.07352486047333,,,
6y,india_etfs_chan_log_ma_7_10,india,etfs,chan_log_ma_7_10,completed,0,1000000.0,2546121.737187063,1.5461217371870628,0.17211264793988157,0.16858945972361017,0.17190968517043367,1.0095639762708064,1.5330831591875422,0.8898820367739921,0.99357105572079,-0.19341063290121666,395.0,-0.02588185261125399,0.43333333333333335,0.15052786429489604,0.2276392271368728,0.7607816711590296,0.0,1.144847084701416,90,0.009753672960892317,0.7000794417969269,0.9999984360033318,-0.003219093750431892,0.011618816294382411,0.19111788393962692,-0.06944464258291846,1.8693146644609542,0.011618816294382411,39,51,4,66.0,0.42424242424242425,0.008778271741414,12.0,0.5,0.0016715640948211554,12.0,0.4166666666666667,0.03718906353526994,354166.0677978227,,0.3541660677978227,0.22906738795495807,318558.08925811533,23749.33510898479,9461.175250966027,318.5580892581155,1760.3520012403467,318.5580892581155,0.1205641050998334,completed,4.802535462377677,,,
6y,india_etfs_chan_log_ma_50_200,india,etfs,chan_log_ma_50_200,completed,0,1000000.0,1734792.340947179,0.7347923409471788,0.09813144664333184,0.09618456420378263,0.14480810987131063,0.7197563326353014,0.9583146952804115,0.32037532759811327,0.9528523402863627,-0.306301510103894,398.0,-0.02280083972363452,0.75,0.014325341462428618,0.6153695721806854,0.8119946091644205,0.0,1.144847084701416,4,0.16187611969218976,0.809243302060823,0.9999688287891728,0.20405695380867384,0.18618552587570666,0.5688465356335255,-0.23221833974804656,4.16434291964221,0.18618552587570666,3,1,2,,,,3.0,0.6666666666666666,0.21262783076690614,1.0,1.0,0.10685861120210824,10858.726159175547,,0.010858726159175547,0.014777952292178471,9813.338286650847,680.076541465837,291.4561471135302,9.813338286650849,54.22850737203259,9.813338286650849,0.1205641050998334,completed,-2.4379540896050766,,,
6y,india_etfs_momentum_12_1,india,etfs,momentum_12_1,completed,0,1000000.0,1979486.5934497644,0.9794865934497645,0.12303150395752382,0.1205641050998334,0.1926138986381643,0.6984338908658889,1.015852166535755,0.4200459153697197,0.9563749877681198,-0.29290013176115015,918.0,-0.028553081810035266,0.625,0.07967652495631586,0.3955688321906348,0.9993261455525606,0.0,1.144847084701416,24,0.030370716945871585,0.9830307138961449,0.9999987358485936,0.042525192949521305,0.032923482958027,0.2113542449268082,-0.14661933702854812,2.2188226045481168,0.032923482958027,15,9,4,18.0,0.6111111111111112,0.032902644059106693,2.0,0.5,0.029028929740879925,4.0,0.75,0.03496453461174194,72747.17811609939,,0.07274717811609939,0.07427072366542851,65477.78567392493,4831.91639267693,1944.6902345155702,65.47778567392493,361.8302436341092,65.47778567392493,0.1205641050998334,completed,0.0,,,
6y,india_stocks_chan_return_12m,india,stocks,chan_return_12m,provisional,1,1000000.0,5194906.58599527,4.19490658599527,0.32112136828356364,0.31610389267053973,0.2826198402164094,1.1289793760197184,1.5491404404769977,0.741154779848132,0.9958054936229437,-0.43327166877256557,581.0,-0.043691548026128936,0.547752808988764,0.2064490179848157,0.9026849088580858,0.9991286863270779,0.0,1.144847084701416,712,0.017467057182427033,0.9367033648013795,0.9999998784070717,0.011999186656071328,0.02862325805837575,1.5143638360826945,-0.6377769395853923,1.3625348975229523,0.02862325805837575,390,322,162,520.0,0.5269230769230769,0.02402527244392752,90.0,0.5555555555555556,0.010909646534327144,102.0,0.6470588235294118,0.06769362626109597,538502.8211670966,,0.5385028211670966,0.12837063475141322,484485.91102225066,35981.4376211316,14389.231557360838,484.4859110222509,2677.2691443089584,484.4859110222509,0.43879297579622567,provisional,-12.268908312568595,,,
6y,india_stocks_chan_weighted_13612,india,stocks,chan_weighted_13612,provisional,1,1000000.0,2120288.9904365954,1.1202889904365954,0.1354430646689473,0.1334740731531059,0.31028613395191484,0.5652868547502132,0.7773407528011875,0.3123435425539706,0.9142489976358273,-0.4336349122554494,544.0,-0.04871278026869228,0.4775510204081633,0.06107561199463743,0.7981320059971749,0.9981233243967829,0.0,1.144847084701416,735,0.009496027561081212,0.9324663578414659,0.9999990832949891,-0.013542451551264866,0.01410476191002219,1.5143638360826943,-0.5576784581115856,1.170619397899422,0.01410476191002219,351,384,297,517.0,0.4700193423597679,0.01821496025100545,104.0,0.5576923076923077,0.008409247583477473,114.0,0.43859649122807015,0.0006605596966213003,263552.75003629277,,0.26355275003629275,0.2352542533990105,237053.02534451478,17675.188770303124,7040.474852732088,237.05302534451465,1309.9550180537863,237.05302534451465,0.43879297579622567,provisional,-30.53189026431198,,,
6y,india_stocks_chan_log_ma_7_10,india,stocks,chan_log_ma_7_10,provisional,1,1000000.0,799565.9513116323,-0.20043404868836767,-0.037100398270547896,-0.036602857650706144,0.19180995239362014,-0.10052126451312825,-0.1328102770256547,-0.09017409114119641,0.4032301423444169,-0.4114307979268163,1665.0,-0.030223153606384615,0.3918732782369146,-0.11328858926409689,0.6937551201249744,0.9944369973190348,0.0,1.144847084701416,1452,-0.0015759272682497082,0.8935808544103361,0.9999985569240946,-0.00920658445376605,-0.0005369047281875746,1.3064799053377378,-0.5529441849893628,0.9396152476470846,-0.0005369047281875746,569,883,401,1051.0,0.3882017126546147,-0.0030385958607179434,180.0,0.38333333333333336,-0.004621849092000838,221.0,0.416289592760181,0.014687381994779865,282666.365222026,,0.28266636522202604,-1.4102711942994923,254150.26500528306,19055.10245165622,7548.262870656925,254.1502650052835,1404.4343644191988,254.1502650052835,0.43879297579622567,provisional,-47.539583344693185,,,
6y,india_stocks_chan_log_ma_50_200,india,stocks,chan_log_ma_50_200,completed,0,1000000.0,2511156.9791521654,1.5111569791521653,0.1683805395381497,0.16589879301318722,0.21439455980704716,0.8342234595088587,1.1277810402090056,0.37704237318111145,0.9757616505713834,-0.44658253691096006,858.0,-0.0346005980917892,0.4457831325301205,0.07484299282129846,0.7332249697587176,0.9707774798927614,0.0,1.144847084701416,83,0.11640038392699023,0.9628020014119504,0.9999989082414655,-0.0424795828150669,0.21727431178481132,5.643830039078065,-0.5944310908447223,2.1415856447873787,0.21727431178481132,37,46,80,40.0,0.35,0.1682723882478323,13.0,0.5384615384615384,0.2054563051001691,30.0,0.5333333333333333,0.2877313460641285,30443.480924106276,,0.030443480924106276,0.02014580969687648,27475.62182381278,1945.051602280238,816.0259681672397,27.475621823812784,151.83028619838947,27.475621823812784,0.43879297579622567,provisional,-27.289418278303845,,,
6y,india_stocks_momentum_12_1,india,stocks,momentum_12_1,provisional,2,1000000.0,8866935.832883364,7.866935832883364,0.4460625585659681,0.43879297579622567,0.2743174749585583,1.4840071688333651,2.0769730679442033,1.1680599047817863,0.9997196223683396,-0.38188328932436066,442.0,-0.04258623579895203,0.6141078838174274,0.310333368535493,0.9394039074427772,0.999195710455764,0.0,1.144847084701416,241,0.08016331159779222,0.9729321964165091,0.999986508875912,0.0660205776317375,0.11231629153655857,1.697306189822167,-0.5590509855648835,2.3268929993364087,0.11231629153655857,148,93,131,180.0,0.55,0.05774801250353004,21.0,0.9047619047619048,0.2498368354396134,40.0,0.75,0.2856752616360832,226435.42000334171,,0.22643542000334171,0.028783178713223223,204133.3531560207,14702.998642735027,6062.760588733808,204.1333531560205,1128.0409095401687,204.1333531560205,0.43879297579622567,provisional,0.0,,,
6y,us_etfs_alvarez_ma200_confirm3,us,etfs,alvarez_ma200_confirm3,completed,0,100000.0,247544.37534734543,1.4754437534734541,0.16366112027600033,0.16319836044995184,0.23089566472537645,0.7728853019836899,1.0734838604778583,0.5600550392508854,0.9681524885210004,-0.2922232795100086,735.0,-0.03596110102370978,0.45454545454545453,0.14493513076828476,0.2688456186336034,0.9694960212201591,0.0,1.2906351333104187,11,0.1124156071213868,0.9622015915119363,1.0000000000000002,-0.019045785780469462,0.10061599873364538,0.47440946458655475,-0.10301994748893425,6.343992471230878,0.10061599873364538,5,6,7,4.0,0.5,0.08604147274328773,3.0,0.6666666666666666,0.2655829839465296,4.0,0.25,-0.008534714185660182,277.25394271631615,277.25394271631615,0.0027725394271631613,0.0018791224136034436,,,,,,,0.22338641868403086,completed,-6.018805823407902,,,
6y,us_etfs_alvarez_ma200_confirm5,us,etfs,alvarez_ma200_confirm5,completed,0,100000.0,158551.02803935178,0.5855102803935177,0.08012047534520739,0.07990203789721795,0.20274536156996495,0.48251176863443695,0.6419091893317664,0.24778483073616137,0.8770182736285741,-0.3233469744986884,890.0,-0.032476817147659764,0.5555555555555556,0.03107556227507226,0.41959318865418455,0.9681697612732095,0.0,1.2906351333104187,9,0.07085672478542898,0.9622015915119363,1.0000000000000002,0.06189975144985349,0.07083232571011716,0.43278215694206196,-0.22838337142303916,2.350002854404549,0.07083232571011716,5,4,5,4.0,0.5,0.046071454203397554,4.0,0.75,0.15123599226152676,1.0,0.0,-0.15173885446864288,171.12166362683197,171.12166362683197,0.0017112166362683197,0.0029226073282918653,,,,,,,0.22338641868403086,completed,-14.34843807868129,,,
6y,us_etfs_unger_close_sma200,us,etfs,unger_close_sma200,completed,0,100000.0,148518.99795391894,0.4851899795391894,0.0683789588256365,0.06819353430030972,0.1971022475573943,0.43500440421147557,0.5804724032284388,0.18351345387350002,0.8528225341465611,-0.37261005873047137,912.0,-0.03117742342410899,0.2916666666666667,0.032082224506794266,0.3380582512673203,0.9761273209549072,0.0,1.2906351333104187,24,0.02372449742394835,0.9602122015915119,1.0000000000000002,-0.015921792015390162,0.026211338783250968,0.4744094645865547,-0.16018356973872805,1.7650062867181562,0.026211338783250968,7,17,7,6.0,0.16666666666666666,0.025331271002978703,9.0,0.4444444444444444,0.0892536513319748,9.0,0.2222222222222222,-0.03624426191195801,413.8726274617255,413.8726274617255,0.004138726274617255,0.008530114901688656,,,,,,,0.22338641868403086,completed,-15.519288438372115,,,
6y,us_etfs_unger_sma50_200,us,etfs,unger_sma50_200,completed,0,100000.0,137756.72219796176,0.37756722197961756,0.05502412986280958,0.054875843633191534,0.20947988024457567,0.36088428612372503,0.49930385781243214,0.16319276523720008,0.810047346834195,-0.3371726055553517,995.0,-0.03235163243124608,0.5555555555555556,-0.03028453438833688,0.663811643972364,0.9568965517241379,0.0,1.2906351333104187,9,0.04462822500735412,0.9509283819628647,1.0000000000000002,0.047101170221297166,0.0514472570167859,0.25653839299762426,-0.22997746764357868,1.7387003222118897,0.0514472570167859,5,4,6,3.0,0.6666666666666666,0.0838848271958409,1.0,0.0,-0.09945288126633767,5.0,0.6,0.062164742565977614,172.9816257548417,172.9816257548417,0.001729816257548417,0.0045814788913053454,,,,,,,0.22338641868403086,completed,-16.851057505083933,,,
6y,us_etfs_unger_sma200_slope50,us,etfs,unger_sma200_slope50,completed,0,100000.0,190941.2261649525,0.909412261649525,0.11422256223283189,0.11390636106994512,0.23198005027228838,0.5828736035708949,0.8091826019386373,0.3387658438166935,0.9209575048472528,-0.3371726055553517,1239.0,-0.036238682377195144,0.5,-0.004951124921742834,0.8749713291527461,0.980106100795756,0.0,1.2906351333104187,6,0.12981616486906317,0.9761273209549072,1.0000000000000002,0.004745919638758073,0.1400040286031339,0.5113292928548363,-0.12690122488504943,6.2751384198808005,0.1400040286031339,3,3,5,2.0,0.5,0.19221403398489345,,,,4.0,0.5,0.11389902591225416,149.20274084163887,149.20274084163887,0.0014920274084163888,0.0016406501994047176,,,,,,,0.22338641868403086,completed,-10.948005761408574,,,
6y,us_etfs_robotwealth_close_sma100,us,etfs,robotwealth_close_sma100,completed,0,100000.0,181089.98218642306,0.8108998218642307,0.10439647935694141,0.10410873140281485,0.15611033058895166,0.7143426898710634,1.023858136043376,0.3830249189350533,0.9587113123760513,-0.27255793081870777,1303.0,-0.02245482000129394,0.4318181818181818,0.0945397174373106,0.13211576137495495,0.8759946949602122,0.0,1.2906351333104187,44,0.013487547690964902,0.846816976127321,1.0000000000000002,-0.002566107026245462,0.01557205312642984,0.31807646785295884,-0.08815907210276148,2.216478133001102,0.01557205312642984,19,25,9,33.0,0.48484848484848486,0.01933905091662154,2.0,1.0,0.09801998735189614,9.0,0.1111111111111111,-0.01656203526548781,1210.5520152299998,1210.5520152299998,0.012105520152299999,0.014928502665680491,,,,,,,0.22338641868403086,completed,-11.927768728121602,,,
6y,us_stocks_alvarez_ma200_confirm3,us,stocks,alvarez_ma200_confirm3,provisional,1,100000.0,352188.41303377657,2.5218841303377655,0.2343306983256086,0.23364895306670053,0.26720411286285073,0.9224665246246212,1.2952527308478232,0.6905427364719883,0.9868537259822329,-0.33934278930050576,781.0,-0.03963672867455244,0.425,0.08888954703467916,1.006896525572607,0.9992705570291778,0.0,1.2906351333104187,120,0.14752484346755593,0.9886769319338917,1.0,-0.017645676775516657,0.16762986101624885,4.322994342258164,-0.3197396266856854,3.8245186405893117,0.16762986101624885,51,69,61,56.0,0.4642857142857143,0.2369103417052117,38.0,0.4473684210526316,0.17019052931378256,26.0,0.3076923076923077,0.014667848943625807,367.1141723090598,367.1141723090598,0.0036711417230905984,0.0014557138763543855,,,,,,,0.22534687695961808,completed,0.8302076107082446,,,
6y,us_stocks_alvarez_ma200_confirm5,us,stocks,alvarez_ma200_confirm5,provisional,2,100000.0,252402.81149634832,1.5240281149634831,0.16744934559720237,0.16697512601863962,0.26084555344942817,0.7248300138490781,1.0098953677389582,0.5182930332390636,0.9599977151516957,-0.3230785190198882,596.0,-0.03882769684529193,0.4727272727272727,0.02986615228142546,0.9964356814369035,0.9992042440318303,0.0,1.2906351333104187,110,0.10459469953694328,0.981407628460152,1.0,-0.012829072193360203,0.13223575107663618,4.765139751498099,-0.3579053571174585,2.86962960351113,0.13223575107663618,52,58,56,65.0,0.5230769230769231,0.19537719346101162,27.0,0.4074074074074074,0.0722840716849011,18.0,0.3888888888888889,-0.0058474940015613396,306.65774456052463,306.65774456052463,0.0030665774456052463,0.0020121528044636655,,,,,,,0.22534687695961808,completed,-5.837175094097846,,,
6y,us_stocks_unger_close_sma200,us,stocks,unger_close_sma200,provisional,1,100000.0,280566.3633132226,1.8056636331322258,0.18828428317318657,0.18774646380485627,0.26580922575454247,0.7827755126504617,1.0893511720135145,0.5269691415132731,0.970641189049021,-0.3572966011491664,774.0,-0.03952404214847132,0.4263959390862944,0.05481510250202695,0.9655990276088534,0.9992705570291778,0.0,1.2906351333104187,197,0.061555888220169414,0.977184247335024,1.0,-0.0133737283206592,0.07893713740640523,4.759102092540357,-0.3855573812086536,2.27974990769458,0.07893713740640523,84,113,67,87.0,0.4482758620689655,0.09632203856141988,73.0,0.3972602739726027,0.06347959460547045,37.0,0.43243243243243246,0.06855644075726916,604.7329922138639,604.7329922138639,0.006047329922138639,0.0033490899474164716,,,,,,,0.22534687695961808,completed,-3.7600413154761814,,,
6y,us_stocks_unger_sma50_200,us,stocks,unger_sma50_200,provisional,1,100000.0,356304.4624496457,2.563044624496457,0.23673130369506268,0.23604193021426112,0.28049602747115177,0.8984029336879262,1.2817296218085028,0.7269604628723926,0.9852973349968633,-0.3256453628298867,721.0,-0.04119108278626902,0.575,0.0764499867616389,1.1130394026760133,0.9992705570291778,0.0,1.2906351333104187,80,0.191278822625481,0.9849450260517103,1.0000000000000002,0.03244072773581114,0.23132196446766323,4.654867779503745,-0.39367735773524215,5.769871783838419,0.23132196446766323,46,34,48,42.0,0.5952380952380952,0.3691749803329867,11.0,0.7272727272727273,0.15095277552722972,27.0,0.48148148148148145,0.049626942689929225,293.62343472176616,293.62343472176616,0.0029362343472176615,0.001145604067582133,,,,,,,0.22534687695961808,completed,1.0695053254643039,,,
6y,us_stocks_unger_sma200_slope50,us,stocks,unger_sma200_slope50,provisional,1,100000.0,344699.4159816324,2.4469941598163243,0.2299023059982186,0.22923460044368982,0.2861261698817283,0.8667043340857962,1.2426907876715068,0.6718364055154856,0.9825877623961943,-0.3421998333386228,832.0,-0.04210702178476334,0.6140350877192983,0.06257847923802133,1.168978099431545,0.9992705570291778,0.0,1.2906351333104187,57,0.3107251232801728,0.9769000505807104,1.0,0.03173772051616722,0.31587499811191366,3.092003486068914,-0.6601538659526193,6.164411910830931,0.31587499811191366,35,22,39,31.0,0.7419354838709677,0.5138043088570479,5.0,0.6,0.22619529874902367,21.0,0.42857142857142855,0.04504594400311796,181.9745668685204,181.9745668685204,0.0018197456686852042,0.0007436657179524277,,,,,,,0.22534687695961808,completed,0.3887723484071737,,,
6y,us_stocks_robotwealth_close_sma100,us,stocks,robotwealth_close_sma100,completed,0,100000.0,176969.07014086563,0.7696907014086563,0.1001535619549021,0.09987802954205272,0.19618326241824519,0.5848848286450475,0.8240965215602511,0.32150773970912805,0.9226438519024116,-0.3115121335664026,967.0,-0.028659128318865558,0.358609794628752,6.789751733161913e-05,0.7157937715885463,0.9935676392572944,0.0,1.2906351333104187,633,0.009813225395536536,0.9519786872161039,1.0000000000000002,-0.014251685190671059,0.011590908717533209,1.7201573527839567,-0.3236977484821133,1.3936886586110342,0.011590908717533209,227,406,231,380.0,0.35,0.00724010144104349,142.0,0.3732394366197183,0.02566153345701737,111.0,0.36936936936936937,0.008485305582932718,1576.3780608187005,1576.3780608187005,0.015763780608187006,0.02048066915624262,,,,,,,0.22534687695961808,completed,-12.546884741756536,,,
6y,india_etfs_alvarez_ma200_confirm3,india,etfs,alvarez_ma200_confirm3,completed,0,1000000.0,1993681.919887644,0.9936819198876441,0.1243959465390112,0.12189972687141082,0.1559684308726411,0.8301555786855959,1.173525318846869,0.5208270843764948,0.9761530128374735,-0.23884308299352577,1004.0,-0.02340264098956815,0.4444444444444444,0.08428499573182131,0.3319096189532976,0.9993261455525606,0.0,1.144847084701416,9,0.10104730552522355,0.99321672749502,0.9999978304741135,-0.03609569814578843,0.0987279861660443,0.6657390683292334,-0.08326360954799605,4.515758917218032,0.0987279861660443,4,5,3,5.0,0.4,0.03996591061937213,4.0,0.5,0.1721805805993845,,,,22903.369571140516,,0.022903369571140517,0.02304899496785672,20660.92095298071,1473.3251747641439,613.629352303527,20.660920952980703,114.1722491861714,20.660920952980703,0.1205641050998334,completed,0.1335621771577422,,,
6y,india_etfs_alvarez_ma200_confirm5,india,etfs,alvarez_ma200_confirm5,completed,0,1000000.0,1920807.3554623744,0.9208073554623744,0.11730365792907693,0.11495691100266447,0.15593006128394635,0.7896110120958253,1.1303070716628638,0.44212883897145444,0.9709684731049447,-0.26531555417639363,1068.0,-0.022924448671006927,0.5,0.07550821318809935,0.3440524652415975,0.9993261455525606,0.0,1.144847084701416,8,0.11213493051238826,0.9938905607562029,0.999998067006583,0.03195910233687844,0.10645996920356811,0.655937661691838,-0.10523812536244255,4.244880101592705,0.10645996920356811,4,4,2,4.0,0.5,0.059832757401086366,4.0,0.5,0.15308718100604984,,,,19219.673167250785,,0.019219673167250786,0.020872632101857847,17343.754951240127,1230.2795941957877,515.1095220518317,17.34375495124013,95.84158986055296,17.34375495124013,0.1205641050998334,completed,-0.5607194097168922,,,
6y,india_etfs_unger_close_sma200,india,etfs,unger_close_sma200,completed,0,1000000.0,2447085.031818321,1.4470850318183208,0.16423730936177172,0.16088613823135622,0.17006239427068312,0.9792833818132786,1.4743774085941344,0.7483072717659726,0.9915324384939075,-0.21947843560864888,977.0,-0.024378393121431495,0.4,0.11950815984200013,0.3666445878423582,0.9993261455525606,0.0,1.144847084701416,15,0.0760011531664565,0.9891857320311256,0.99999102149211,-0.0006320682175237186,0.0740722129491405,0.6862122041883585,-0.07835520719929018,8.156509345004064,0.0740722129491405,6,9,3,7.0,0.42857142857142855,0.038247990131575496,8.0,0.375,0.1054184079145099,,,,43850.45409121175,,0.04385045409121175,0.030302610508044493,39526.38605162527,2852.658792428679,1173.9336657332701,39.526386051625266,218.42280932128116,39.526386051625266,0.1205641050998334,completed,4.032203313152283,,,
6y,india_etfs_unger_sma50_200,india,etfs,unger_sma50_200,completed,0,1000000.0,1649004.4621389261,0.6490044621389262,0.08870846335990468,0.08695584026283498,0.17989206330839336,0.5627266508465139,0.7881936601772069,0.24086544112624877,0.912257754092674,-0.36829053991771465,1434.0,-0.02651370489767142,0.5714285714285714,0.026060741778795554,0.5162249376257907,0.9993261455525606,0.0,1.144847084701416,7,0.10398146956493022,0.9944497187398214,0.9999985438952063,0.20497682544523532,0.1076359063645004,0.5303338584417656,-0.3581335073392933,2.5455752638946474,0.1076359063645004,4,3,3,3.0,0.3333333333333333,-0.04293615727512362,1.0,1.0,0.20497682544523532,3.0,0.6666666666666666,0.22576099697721277,14555.803347242383,,0.014555803347242383,0.02242789409994312,13131.836845347838,935.1207434896252,390.01555430683084,13.131836845347838,72.56653040739216,13.131836845347838,0.1205641050998334,completed,-3.3608264836998414,,,
6y,india_etfs_unger_sma200_slope50,india,etfs,unger_sma200_slope50,completed,0,1000000.0,1889776.648304705,0.8897766483047052,0.11421571328317914,0.11193378524222863,0.16513826273734758,0.738331789889135,1.0045017974074069,0.31012393994344195,0.9587732489753532,-0.36829053991771465,1552.0,-0.025586002172822062,0.75,0.07098752936459095,0.364674142690269,0.9993261455525606,0.0,1.144847084701416,4,0.28692595427146694,0.9966079257601723,0.999997788982956,0.08581112429135065,0.3226967380353788,1.4697468403962166,-0.35058213683740264,3.5383308197424816,0.3226967380353788,3,1,2,2.0,0.5,-0.11809225683618327,,,,2.0,1.0,0.7634857329069409,7821.006644960017,,0.007821006644960018,0.008789853790680405,7092.377330759434,464.60847568573257,210.6436067235552,7.092377330759433,39.192477129776634,7.092377330759433,0.1205641050998334,completed,-0.8630319857604762,,,
6y,india_etfs_robotwealth_close_sma100,india,etfs,robotwealth_close_sma100,completed,0,1000000.0,5030580.78113962,4.030580781139619,0.31590046332570476,0.3090705122072761,0.162563647180358,1.7690877318093736,3.076301140670083,2.2745760837872417,0.9999994232648446,-0.138883225572178,223.0,-0.020623209887323368,0.4074074074074074,0.2850747404152968,0.250569020115377,0.839622641509434,0.0,1.144847084701416,27,0.06777748408956312,0.8213814098165466,0.9999987661198163,-0.0027666181763579037,0.07743679230518638,0.8912000341737545,-0.031997545111968076,10.171916556596585,0.07743679230518638,11,16,4,16.0,0.3125,0.02026653191596666,2.0,1.0,0.3781309293611844,9.0,0.4444444444444444,0.11225189142913299,136448.64949765935,,0.13644864949765936,0.033853346926117044,122961.67928546638,8909.59873911218,3651.961874778352,122.96167928546632,679.486239731487,122.96167928546632,0.1205641050998334,completed,18.850640710744273,,,
6y,india_stocks_alvarez_ma200_confirm3,india,stocks,alvarez_ma200_confirm3,provisional,1,1000000.0,2577393.151399973,1.5773931513999728,0.17353304857899565,0.17096995151340955,0.21265226054244904,0.8600318004116149,1.1637885120280043,0.48034833779905467,0.9787770238578424,-0.36126501316548776,787.0,-0.033571327983548234,0.38392857142857145,0.05563822231697837,0.8849202880770343,0.9992627345844504,0.0,1.144847084701416,112,0.10936277534103171,0.980754302783534,0.9999979882644647,-0.03104418145066417,0.14325349549826766,5.863017597028688,-0.3957126004664186,2.5774757588084056,0.14325349549826766,43,69,68,59.0,0.3389830508474576,0.05254449403064138,22.0,0.3181818181818182,0.1099551182873108,31.0,0.5161290322580645,0.339524314376687,33717.4058965332,,0.0337174058965332,0.021375397672170844,30423.887940338067,2160.9583037281163,903.5894718280407,30.423887940338066,168.1224047583081,30.423887940338066,0.43879297579622567,provisional,-26.78230242828161,,,
6y,india_stocks_alvarez_ma200_confirm5,india,stocks,alvarez_ma200_confirm5,provisional,1,1000000.0,1850426.3028146704,0.8504263028146704,0.1096159668942267,0.10804006570258418,0.22296976172188995,0.5792064708106734,0.7834453604981727,0.28434752379973455,0.9163406603462843,-0.38549998758360576,576.0,-0.03413754495408421,0.43,-0.004932403555782487,0.9217212923252303,0.999195710455764,0.0,1.144847084701416,100,0.0771180477108065,0.976125137138274,0.9999992229375804,-0.030954684528786074,0.09612477615201026,1.6520836585228769,-0.3981369041136917,1.931790521691468,0.09612477615201026,43,57,63,55.0,0.2909090909090909,0.022394644674305412,20.0,0.5,0.2288414123952407,25.0,0.68,0.15215775640837653,25409.698598278166,,0.025409698598278165,0.02987877787196757,22904.864927077895,1652.1771694248703,680.2744883342134,22.904864927077888,126.57228358703237,22.904864927077888,0.43879297579622567,provisional,-33.07529100936415,,,
6y,india_stocks_unger_close_sma200,india,stocks,unger_close_sma200,provisional,1,1000000.0,3155243.1476566163,2.1552431476566163,0.2143491615134656,0.21113099631223364,0.21552285594609458,1.0103509253735525,1.3733088227702273,0.5926837039756258,0.9908412673761339,-0.36165860487751955,518.0,-0.033928535456589706,0.3092105263157895,0.09803121316297274,0.8538587826460414,0.9991286863270779,0.0,1.144847084701416,152,0.08091935501813553,0.9828366719472078,0.9999930586918109,-0.0326614807149288,0.14217338426296075,6.027068522582796,-0.3690948978883872,2.4840259803310216,0.14217338426296075,47,105,75,62.0,0.20967741935483872,0.01884638904730022,44.0,0.20454545454545456,0.07574174757496897,46.0,0.5434782608695652,0.3719400302986693,61476.05549256357,,0.061476055492563575,0.028523953577769715,55422.46758554445,3990.4311286796446,1646.0472872906705,55.4224675855444,306.2645558777185,55.4224675855444,0.43879297579622567,provisional,-22.766197948399203,,,
6y,india_stocks_unger_sma50_200,india,stocks,unger_sma50_200,provisional,1,1000000.0,1837550.67088956,0.8375506708895599,0.10830723264680597,0.10675103671193731,0.23442318864589742,0.5577780370218661,0.7425826416297946,0.24774063537447216,0.9066824902558981,-0.4371799260266458,625.0,-0.03632394587251702,0.46236559139784944,-0.01643196690667735,1.0126900313122253,0.999195710455764,0.0,1.144847084701416,93,0.09336763359168479,0.9792316652845274,0.9999989283608246,-0.006130302096196076,0.15146872622435267,6.320857457832967,-0.6234306083880425,2.0177601732332855,0.15146872622435267,43,50,61,52.0,0.38461538461538464,0.16788745856067955,7.0,0.5714285714285714,0.09396816448538471,34.0,0.5588235294117647,0.13819607477387563,20821.022038845724,,0.020821022038845723,0.024859417779143776,18778.018060911498,1343.9734775987326,557.707136409072,18.77801806091152,103.76732780459704,18.77801806091152,0.43879297579622567,provisional,-33.204193908428834,,,
6y,india_stocks_unger_sma200_slope50,india,stocks,unger_sma200_slope50,completed,0,1000000.0,2826542.175801332,1.826542175801332,0.19197879684841546,0.18912198398913693,0.22780977343325806,0.8859992684049816,1.2292826367982903,0.5380669341343916,0.9820489123849827,-0.3567935226446482,898.0,-0.034023007392854555,0.5205479452054794,0.06468399779330002,0.9565263666405921,0.9993297587131368,0.0,1.144847084701416,73,0.2203634376452769,0.987344015859685,0.999985459562118,0.007635203147692729,0.2617443876012392,5.473209432513458,-0.48952682822294785,3.480871660143536,0.2617443876012392,38,35,49,36.0,0.3611111111111111,0.1912233538833408,9.0,0.5555555555555556,0.19381896220459766,28.0,0.7142857142857143,0.3742474605446004,20331.73583724994,,0.02033173583724994,0.011131270937299927,18404.75890747279,1241.841374687566,546.6213395519419,18.404758907472793,101.70469772269468,18.404758907472793,0.43879297579622567,provisional,-24.967099180708875,,,
6y,india_stocks_robotwealth_close_sma100,india,stocks,robotwealth_close_sma100,provisional,1,1000000.0,1701474.8738357069,0.7014748738357068,0.09398852676459102,0.0926465596853625,0.18648880708173635,0.5755426601108147,0.7758305631146329,0.2487158292533046,0.916284525590276,-0.3778952350832018,697.0,-0.029692294591506727,0.20358306188925082,0.011787112914483864,0.6572393354123761,0.9949731903485255,0.0,1.144847084701416,614,0.007828027840265714,0.9552148382551292,0.9999994311575607,-0.020262195336062334,0.0174558240581158,3.3630267667604974,-0.3617511524399428,1.2667119444576007,0.0174558240581158,125,489,284,383.0,0.1801566579634465,0.0016963109513366747,111.0,0.1891891891891892,0.04183497944983424,120.0,0.2916666666666667,0.04520421798657957,200033.34264325164,,0.20003334264325165,0.28516109429473513,179910.33815023882,13425.662245031986,5343.337043062103,179.91033815023877,994.1845286182195,179.91033815023877,0.43879297579622567,provisional,-34.61464161108631,,,
6y,us_etfs_alvarez_monthly_momentum10,us,etfs,alvarez_monthly_momentum10,completed,0,100000.0,162048.43661900377,0.6204843661900377,0.084068526756502,0.08383891359082862,0.21104677328358837,0.48857285765791075,0.6687662311574688,0.24933379928073945,0.8818657101758173,-0.3371726055553517,925.0,-0.03413347509967139,0.3333333333333333,-0.027321329984158767,0.8165057535643341,0.9230769230769231,0.0,1.2906351333104187,6,0.10376953922499182,0.9190981432360743,1.0000000000000002,-0.03649988408121295,0.13066236941058793,0.6989281684157869,-0.23519258697305734,2.464339231837546,0.13066236941058793,2,4,4,3.0,0.3333333333333333,0.13816556629713608,,,,3.0,0.3333333333333333,0.12315917252403978,125.79438732178997,125.79438732178997,0.0012579438732178998,0.002027357886455797,,,,,,,0.22338641868403086,completed,-13.954750509320224,,,
6y,us_etfs_alvarez_monthly_sma10,us,etfs,alvarez_monthly_sma10,completed,0,100000.0,149019.088907353,0.49019088907353003,0.06897967803336669,0.06879257266639383,0.17558176268222594,0.4684053238263654,0.6261505190415533,0.1607056728861363,0.8702935947843942,-0.4292298883701535,1379.0,-0.02840769714126508,0.5555555555555556,0.030114294696992523,0.328145556965278,0.8640583554376657,0.0,1.2906351333104187,9,0.05301536082226247,0.8580901856763926,1.0000000000000002,0.05337668005826368,0.05883457058461149,0.33093946364723015,-0.21798430444130085,2.048940402653053,0.05883457058461149,5,4,3,4.0,0.75,0.10539883375468159,2.0,0.0,-0.07598763714372384,3.0,0.6666666666666666,0.08663035817674157,189.82649900382916,189.82649900382916,0.0018982649900382916,0.0038725015751028087,,,,,,,0.22338641868403086,completed,-15.459384601763704,,,
6y,us_etfs_alvarez_monthly_dual10,us,etfs,alvarez_monthly_dual10,completed,0,100000.0,147261.80246998195,0.4726180246998195,0.06686131655027316,0.06668013452365029,0.17433094127735024,0.4591471386870444,0.6109444615089789,0.16033212949635936,0.8654357550103889,-0.4170175794477387,1380.0,-0.02881604086781422,0.5555555555555556,0.030967813214589485,0.30924400250684997,0.8249336870026526,0.0,1.2906351333104187,9,0.05116594833248405,0.8189655172413793,1.0000000000000002,0.023457519799196382,0.057285919697490764,0.33093946364722987,-0.21798430444130085,2.0437033937292868,0.057285919697490764,5,4,4,5.0,0.6,0.06848745844166751,1.0,0.0,-0.08675508946114512,3.0,0.6666666666666666,0.08663035817674147,189.46593551284116,189.46593551284116,0.0018946593551284116,0.004008859705111316,,,,,,,0.22338641868403086,completed,-15.670628416038056,,,
6y,us_etfs_alvarez_monthly_either10,us,etfs,alvarez_monthly_either10,completed,0,100000.0,179771.05433278496,0.7977105433278495,0.10304733048842318,0.10276347142464348,0.21022547392173488,0.5722293430680079,0.7869662381551142,0.305621894515112,0.9169377146326906,-0.3371726055553517,788.0,-0.0337101451069036,0.4,-0.010616878802953159,0.8174975705753479,0.9350132625994695,0.0,1.2906351333104187,5,0.15872882596320886,0.9316976127320955,1.0000000000000002,-0.023760885611104593,0.18524324121476216,0.791931275474749,-0.23519258697305734,3.1310227670535715,0.18524324121476216,2,3,3,2.0,0.5,0.2783693442508458,,,,3.0,0.3333333333333333,0.12315917252403978,108.49027663331202,108.49027663331202,0.0010849027663331202,0.001360020593193085,,,,,,,0.22338641868403086,completed,-12.062294725938738,,,
6y,us_stocks_alvarez_monthly_momentum10,us,stocks,alvarez_monthly_momentum10,completed,0,100000.0,375448.1716045847,2.7544817160458472,0.24760194764915489,0.24687787912099424,0.2760221377594776,0.9401742896206675,1.3379004494483413,0.6331110550427452,0.9886350757127567,-0.39108770203426274,781.0,-0.04032244785218457,0.4745762711864407,0.09961149161993531,1.0269955659570742,0.9175729442970824,0.0,1.2906351333104187,59,0.3230904494959125,0.9170935687832765,1.0000000000000002,-0.027182334265720923,0.3260175309744848,5.0867424881748216,-0.5474524610116861,6.701467098855437,0.3260175309744848,28,31,35,35.0,0.5142857142857142,0.4681596676598773,5.0,0.8,0.15196568219639223,19.0,0.3157894736842105,0.10997987096931254,198.05596966745824,198.05596966745824,0.0019805596966745824,0.0007190317093546525,,,,,,,0.22534687695961808,completed,2.1531002161376156,,,
6y,us_stocks_alvarez_monthly_sma10,us,stocks,alvarez_monthly_sma10,provisional,1,100000.0,391305.88314185955,2.9130588314185957,0.25626244282428123,0.2555105557887978,0.2632210404525201,0.9992245716972423,1.4192254076074324,0.8141663341832436,0.9920060638598454,-0.3147544083622162,756.0,-0.038374244078817496,0.45121951219512196,0.11164023760641854,0.9809556928528705,0.8919098143236074,0.0,1.2906351333104187,82,0.20815485090399102,0.894726447717399,1.0000000000000002,-0.0166841260499958,0.24759110141190122,4.921733227958518,-0.2570676447189801,5.160459790539653,0.24759110141190122,37,45,39,48.0,0.5208333333333334,0.31533669800255265,8.0,0.375,0.035763716310205175,26.0,0.34615384615384615,0.18769996466045136,309.0269413702372,309.0269413702372,0.003090269413702372,0.0010608331628501574,,,,,,,0.22534687695961808,completed,3.0163678829179696,,,
6y,us_stocks_alvarez_monthly_dual10,us,stocks,alvarez_monthly_dual10,completed,0,100000.0,325574.07561735413,2.2557407561735414,0.21821829832643935,0.21758743496210298,0.2568960469586294,0.8975106887224932,1.274228656647739,0.6401286129073164,0.9850394712581942,-0.3408975851514311,801.0,-0.037449249138662925,0.42528735632183906,0.08429043835247994,0.9339550485180665,0.8829575596816976,0.0,1.2906351333104187,87,0.16892883834603223,0.8839078242151708,1.0000000000000002,-0.018036405195559407,0.19977026776660525,4.0278057557978775,-0.24689333533050759,4.200451855030672,0.19977026776660525,37,50,42,52.0,0.4423076923076923,0.2719074196579443,8.0,0.5,0.03908223134485765,27.0,0.37037037037037035,0.10845072676750728,289.62368892679643,289.62368892679643,0.0028962368892679643,0.001283940488879985,,,,,,,0.22534687695961808,completed,-0.7759441997515104,,,
6y,us_stocks_alvarez_monthly_either10,us,stocks,alvarez_monthly_either10,completed,0,100000.0,373552.94873250957,2.7355294873250955,0.24654661753770224,0.2458259281241617,0.2614843022973561,0.9743147503824554,1.384484826600469,0.6570853670456636,0.9907104801282145,-0.375212460819522,796.0,-0.03811555766489452,0.5416666666666666,0.09604330753660399,1.0176985038060111,0.935212201591512,0.0,1.2906351333104187,48,0.3870804346926723,0.9375066135934599,1.0000000000000002,0.02493804571663488,0.3831693468638329,3.7476746597522537,-0.46035774684256064,8.20449397970584,0.3831693468638329,26,22,30,28.0,0.6428571428571429,0.445213725429643,4.0,0.5,0.041605897434483514,16.0,0.375,0.35998254673100283,168.6996883528324,168.6996883528324,0.001686996883528324,0.0006166984824491632,,,,,,,0.22534687695961808,completed,2.0479051164543627,,,
6y,india_etfs_alvarez_monthly_momentum10,india,etfs,alvarez_monthly_momentum10,completed,0,1000000.0,2360950.8499456528,1.3609508499456529,0.15716984437304293,0.15397220351635288,0.16043890455218146,0.9891990828542178,1.562797136608547,0.8520520482096152,0.9943760543318769,-0.18446037974240892,413.0,-0.02179762299341053,0.8333333333333334,0.1046632029241628,0.4043952484859664,0.9204851752021563,0.0,1.144847084701416,6,0.17088603848896555,0.9163963450194889,0.9999908312403739,0.17443438659596208,0.16093893889486363,0.3183010189208599,-0.03406410550734045,40.962966052396034,0.16093893889486363,5,1,3,3.0,0.6666666666666666,0.1615746157087193,1.0,1.0,0.3183010189208599,2.0,1.0,0.081304383661082,19126.16782619165,,0.01912616782619165,0.014053533106618377,17289.358100354188,1193.1960811936756,513.4939355805193,17.289358100354185,95.54099286255726,17.289358100354185,0.1205641050998334,completed,3.3408098416519483,,,
6y,india_etfs_alvarez_monthly_sma10,india,etfs,alvarez_monthly_sma10,completed,0,1000000.0,2287159.292831648,1.2871592928316482,0.15094279814685052,0.14787976748339293,0.13933923331142228,1.0789042139214104,1.5757821416295072,0.9644661377728111,0.9952709086892848,-0.15650398934213955,865.0,-0.02054935698213098,0.625,0.11139366808759453,0.305603127314246,0.8908355795148248,0.0,1.144847084701416,8,0.1371521149737658,0.8854033812697676,0.9999908312403739,0.08292989104521296,0.12221303419903291,0.5679363742218104,-0.03406410550734045,15.298193777657067,0.12221303419903291,5,3,3,4.0,0.5,0.05465689959575721,1.0,1.0,0.057087957656872794,3.0,0.6666666666666666,0.23399623918412052,22209.622235143677,,0.022209622235143677,0.01725475810090628,20056.91730257491,1406.0661290631087,595.6904438864749,20.056917302574913,110.83452501402894,20.056917302574913,0.1205641050998334,completed,2.7315662383559536,,,
6y,india_etfs_alvarez_monthly_dual10,india,etfs,alvarez_monthly_dual10,completed,0,1000000.0,2287159.292831648,1.2871592928316482,0.15094279814685052,0.14787976748339293,0.13933923331142228,1.0789042139214104,1.5757821416295072,0.9644661377728111,0.9952709086892848,-0.15650398934213955,865.0,-0.02054935698213098,0.625,0.11139366808759453,0.305603127314246,0.8908355795148248,0.0,1.144847084701416,8,0.1371521149737658,0.8854033812697676,0.9999908312403739,0.08292989104521296,0.12221303419903291,0.5679363742218104,-0.03406410550734045,15.298193777657067,0.12221303419903291,5,3,3,4.0,0.5,0.05465689959575721,1.0,1.0,0.057087957656872794,3.0,0.6666666666666666,0.23399623918412052,22209.622235143677,,0.022209622235143677,0.01725475810090628,20056.91730257491,1406.0661290631087,595.6904438864749,20.056917302574913,110.83452501402894,20.056917302574913,0.1205641050998334,completed,2.7315662383559536,,,
6y,india_etfs_alvarez_monthly_either10,india,etfs,alvarez_monthly_either10,completed,0,1000000.0,2034447.5133763829,1.0344475133763829,0.12826995823159093,0.12569174137353878,0.14414242556362591,0.9082532199516418,1.4526357321264334,0.6953794544428157,0.9910688439418971,-0.18446037974240892,637.0,-0.019279161582863327,0.8,0.07470347730115169,0.4024594419350319,0.9326145552560647,0.0,1.144847084701416,5,0.16785482618218972,0.9291815969480429,0.9999908312403739,0.12188185651754753,0.16081884982379763,0.3674077249168569,-0.03406410550734045,31.375520807159713,0.16081884982379763,4,1,3,2.0,0.5,0.10983804451113593,1.0,1.0,0.3674077249168569,2.0,1.0,0.10850521758992968,14780.774775177084,,0.014780774775177084,0.014288569099976278,13360.114668051683,923.3164784925092,396.795405641135,13.360114668051683,73.82799365565361,13.360114668051683,0.1205641050998334,completed,0.5127636273705383,,,
6y,india_stocks_alvarez_monthly_momentum10,india,stocks,alvarez_monthly_momentum10,completed,0,1000000.0,2369327.0599309145,1.3693270599309146,0.15695616297116022,0.15465369863863443,0.17533257276894196,0.9204632961920796,1.2354616133337042,0.448949098535232,0.9834398005677872,-0.34960792544913155,682.0,-0.02673845095643975,0.5740740740740741,0.055034868479306914,0.741058795615907,0.9269436997319035,0.0,1.144847084701416,54,0.21166656858171315,0.9251993466333759,0.9999379106606422,0.03755078898961036,0.2736054809478969,4.474595444728417,-0.556432512445116,3.1918916763985807,0.2736054809478969,31,23,43,30.0,0.5666666666666667,0.34336560482767475,10.0,0.3,-0.09552884005129872,14.0,0.7857142857142857,0.38778687334779827,15810.204583036595,,0.015810204583036596,0.011545966661780755,14308.323917868436,969.2389990015866,424.9572203606927,14.308323917868437,79.06779797014102,14.308323917868437,0.43879297579622567,provisional,-28.413927715759122,,,
6y,india_stocks_alvarez_monthly_sma10,india,stocks,alvarez_monthly_sma10,provisional,1,1000000.0,2093206.3996053804,1.0932063996053802,0.13297872706912028,0.13104758695117025,0.17949990471394453,0.786114125203789,1.0813667950520232,0.5244365592719393,0.9687484795551402,-0.25356494454492445,626.0,-0.027024747011203516,0.5125,0.033777178662342394,0.7415968633891836,0.892828418230563,0.0,1.144847084701416,80,0.10530227208581427,0.8948362141494324,0.9999974546484474,0.0060354320800267225,0.12590398946573073,1.4487341827532962,-0.4875589192194131,2.655171038246733,0.12590398946573073,41,39,53,46.0,0.43478260869565216,0.11265000022266115,10.0,0.5,0.042227485516013116,24.0,0.6666666666666666,0.18617267882732982,24225.022267555996,,0.024225022267555997,0.022159605245908383,21856.016334986292,1555.3938684835023,649.1236851490928,21.856016334986304,120.77634626713426,21.856016334986304,0.43879297579622567,provisional,-30.774538884505542,,,
6y,india_stocks_alvarez_monthly_dual10,india,stocks,alvarez_monthly_dual10,provisional,1,1000000.0,2891973.2887338037,1.8919732887338037,0.19659815413262627,0.19366718294509755,0.1886664594936797,1.0472886760915159,1.4105733798673608,0.5623389512124535,0.991725355791525,-0.34960792544913155,302.0,-0.02806283326328195,0.5694444444444444,0.09267645623157413,0.7488594455469608,0.9039544235924932,0.0,1.144847084701416,72,0.17714755567871826,0.904577080750508,0.9999742343759579,0.03877131515816437,0.20227134635608662,2.3078128118654893,-0.3857226279879278,3.6896683307266005,0.20227134635608662,41,31,56,44.0,0.5454545454545454,0.20644277854860985,6.0,0.3333333333333333,-0.07867768391518722,22.0,0.6818181818181818,0.27055094477229663,25718.52451463565,,0.02571852451463565,0.013593492396421552,23252.784416682654,1600.1319452575656,690.6076971754742,23.252784416682644,128.49488668658827,23.252784416682644,0.43879297579622567,provisional,-24.512579285112814,,,
6y,india_stocks_alvarez_monthly_either10,india,stocks,alvarez_monthly_either10,provisional,1,1000000.0,1965379.4112709067,0.9653794112709067,0.12097667247265775,0.11922884602220307,0.18450676531103097,0.7122214677206187,0.9584124544233732,0.3833201969774735,0.9537940581690063,-0.31560213478594024,792.0,-0.028755306488725065,0.5344827586206896,0.013965193979775832,0.807962648833918,0.9212466487935658,0.0,1.144847084701416,58,0.15776835080036172,0.9184077198693772,0.9999565709181918,0.03196906584461033,0.20968719561501797,4.474595444728416,-0.556432512445116,2.645433445676316,0.20968719561501797,31,27,39,33.0,0.45454545454545453,0.17971425253250886,10.0,0.4,-0.07652209484091009,15.0,0.8,0.4664338640338234,14611.681151392671,,0.01461168115139267,0.015135687565738144,13203.414129254614,916.7567277624236,392.1413996388619,13.20341412925461,72.96206647826097,13.20341412925461,0.43879297579622567,provisional,-31.95641297740226,,,
6y,us_etfs_alvarez_rotation_roc_hv63,us,etfs,alvarez_rotation_roc_hv63,completed,0,100000.0,142987.0337078752,0.429870337078752,0.06161892352245668,0.06145235284844941,0.2777653353520538,0.3553350637826865,0.4826899884266934,0.17487907802964678,0.8056727593954776,-0.3523516032718939,1302.0,-0.04326425699196305,0.5217391304347826,0.06708964520989875,0.210702131029443,0.9582228116710876,0.0,1.2906351333104187,69,0.004484773873623119,0.9124668435013262,1.0000000000000002,0.010675960457061092,0.007166733317469673,0.16820382119861033,-0.1736739345351596,1.1923560993504956,0.007166733317469673,36,33,7,53.0,0.5283018867924528,0.005672904858411788,7.0,0.7142857142857143,0.03522941273940527,9.0,0.3333333333333333,-0.005862805307361581,1921.320385596111,1921.320385596111,0.01921320385596111,0.04469534694235313,,,,,,,0.22338641868403086,completed,-16.193406583558144,,,
6y,us_etfs_alvarez_rotation_roc_hv126,us,etfs,alvarez_rotation_roc_hv126,completed,0,100000.0,167771.38816428947,0.6777138816428947,0.09037841676689173,0.09013086418259308,0.28454300618890566,0.44790239516551617,0.604715729455875,0.20150022630504671,0.8603615546633225,-0.4485276191703619,1302.0,-0.045588613726107716,0.5652173913043478,0.030926071915849594,0.6053845880335988,0.9582228116710876,0.0,1.2906351333104187,69,0.00647965733803304,0.9124668435013262,1.0000000000000002,0.018843636501335373,0.009938413200362359,0.16820382119861035,-0.18191009845982264,1.2558617083656034,0.009938413200362359,39,30,6,53.0,0.6037735849056604,0.014440186646298292,7.0,0.5714285714285714,-0.003830590523221776,9.0,0.3333333333333333,-0.005862805307361576,2098.5979640682945,2098.5979640682945,0.020985979640682946,0.030965840023535193,,,,,,,0.22338641868403086,completed,-13.325555450143778,,,
6y,us_etfs_alvarez_rotation_roc_hv252,us,etfs,alvarez_rotation_roc_hv252,completed,0,100000.0,301677.59022578865,2.0167759022578866,0.20278780742523161,0.20220515002737294,0.2600035210634864,0.8414980850258458,1.1610134644377743,0.6546066270488152,0.9779264757612784,-0.3097857538342785,750.0,-0.040224198587282524,0.5942028985507246,0.19834315490338505,0.235864118488463,0.9582228116710876,0.0,1.2906351333104187,69,0.01749291036651409,0.9124668435013262,1.0000000000000002,0.014317665902769868,0.01796873586191546,0.1562917749428474,-0.1736739345351596,2.0851814678139307,0.01796873586191546,41,28,6,53.0,0.6226415094339622,0.02028930303744197,7.0,0.7142857142857143,0.03522941273940523,9.0,0.3333333333333333,-0.009121797298677148,2325.9906830646446,2325.9906830646446,0.023259906830646444,0.01153321338508942,,,,,,,0.22338641868403086,completed,-2.1181268656657926,,,
6y,us_etfs_alvarez_three_factor,us,etfs,alvarez_three_factor,completed,0,100000.0,188315.42686224496,0.8831542686224496,0.1116455185736982,0.11133680172591709,0.2066746145173004,0.6162248904790398,0.8514642962900215,0.29753905800135105,0.9310740013058383,-0.37522979108575133,1652.0,-0.03186965110585422,0.6307692307692307,0.10222329604300472,0.1873171641906643,0.9018567639257294,0.0,1.2906351333104187,65,0.009420318835845324,0.8587533156498673,1.0000000000000002,0.019479953691453045,0.011094908345767249,0.09897921860476848,-0.17367393453515953,1.5938795289890446,0.011094908345767249,41,24,8,53.0,0.6226415094339622,0.009442156946097896,7.0,0.7142857142857143,0.01364060167752828,5.0,0.6,0.025050102517796942,1883.831123623626,1883.831123623626,0.01883831123623626,0.021330714129503554,,,,,,,0.22338641868403086,completed,-11.204961695811377,,,
6y,us_stocks_alvarez_rotation_roc_hv63,us,stocks,alvarez_rotation_roc_hv63,provisional,4,100000.0,170464.6447665158,0.7046464476651579,0.09328605238031029,0.09303020101008741,0.3072278122417562,0.44478605725243897,0.6254151685265115,0.18124617428912979,0.8602043170886736,-0.5146925321110356,1731.0,-0.04377828497158152,0.5366197183098591,-0.02354893187364994,1.0016915405621862,0.983289124668435,0.0,1.2906351333104187,710,0.009084477553784005,0.93620484162691,1.0000000000000004,0.007529855450373891,0.010723500805460856,0.5978906180271888,-0.8362107663759044,1.221573096258446,0.010723500805460856,381,329,211,530.0,0.5415094339622641,0.01035578651236651,70.0,0.5285714285714286,0.024666064886047313,110.0,0.5181818181818182,0.0036226743481786085,1558.366880293767,1558.366880293767,0.015583668802937671,0.0221155855600693,,,,,,,0.22534687695961808,completed,-13.231667594953066,,,
6y,us_stocks_alvarez_rotation_roc_hv126,us,stocks,alvarez_rotation_roc_hv126,provisional,2,100000.0,235036.67986793624,1.3503667986793624,0.1536157304005128,0.15318320236223282,0.3329433779181709,0.5964194405149618,0.8418746690650545,0.3965935351266552,0.9265106408208492,-0.38733795887886685,1360.0,-0.048069175864676114,0.5380281690140845,0.023355461879835185,1.095355280195714,0.9855437665782494,0.0,1.2906351333104187,710,0.014077046634653584,0.9384333930086272,1.0,0.010614673490086074,0.015573723514152349,0.5978906180271889,-0.37950625695427137,1.3306824442868106,0.015573723514152349,382,328,169,530.0,0.5075471698113208,0.008983588614791158,70.0,0.6,0.03380155058046568,110.0,0.6454545454545455,0.03572666535069322,1932.0421196712462,1932.0421196712462,0.019320421196712463,0.014307535712228415,,,,,,,0.22534687695961808,completed,-7.216367459738526,,,
6y,us_stocks_alvarez_rotation_roc_hv252,us,stocks,alvarez_rotation_roc_hv252,provisional,1,100000.0,378486.76458474813,2.7848676458474815,0.24928472658700063,0.24855526505470493,0.350041072658927,0.8123111475237885,1.1418199133206262,0.7061420586276508,0.9750619637068119,-0.3530234795410319,548.0,-0.0513110428644197,0.5507042253521127,0.09320838583711208,1.218467536523054,0.9851458885941644,0.0,1.2906351333104187,710,0.022009918713392723,0.9381122805587155,1.0,0.014047874896701501,0.021991047548683366,0.5978906180271888,-0.3795062569542714,1.580888525605563,0.021991047548683366,391,319,125,530.0,0.5150943396226415,0.015047856907683729,70.0,0.6,0.04452081439551729,110.0,0.6909090909090909,0.041107478098241834,2558.4084436271137,2558.4084436271137,0.025584084436271137,0.00918682238792194,,,,,,,0.22534687695961808,completed,2.320838809508685,,,
6y,us_stocks_alvarez_three_factor,us,stocks,alvarez_three_factor,provisional,2,100000.0,115742.30956754947,0.15742309567549473,0.024748127946440768,0.024682388649446496,0.027779991256735585,0.8939651633089722,1.2329885162939944,0.6163404192458605,0.9825872875720112,-0.04015334249329614,493.0,-0.004151857813491189,0.6901408450704225,0.017007435485199035,0.049743422219292684,0.09681697612732096,0.0,1.2906351333104187,71,0.020842231229766323,0.09293718385229824,0.11770007214093686,0.028172275331609105,0.020900569578067636,0.2183718805482094,-0.19635082617951724,2.025767730426228,0.020900569578067636,49,22,58,53.0,0.7169811320754716,0.020891356240306296,7.0,0.5714285714285714,0.026088100889475854,11.0,0.6363636363636364,0.01764380482547612,152.63604346916296,152.63604346916296,0.0015263604346916295,0.009695911696705565,,,,,,,0.22534687695961808,completed,-20.06644883101716,,,
6y,india_etfs_alvarez_rotation_roc_hv63,india,etfs,alvarez_rotation_roc_hv63,completed,0,1000000.0,9186537.33029485,8.186537330294849,0.4576873089706166,0.44731125780186853,0.24180750512530344,1.677400095005053,3.011481969981148,2.6319613976792042,0.999996853116622,-0.1738959049225393,391.0,-0.028097060281438938,0.7183098591549296,0.433987016539003,0.3069333565191677,0.9845013477088949,0.0,1.144847084701416,71,0.02576988081005601,0.9366234614335219,0.9999990523172975,0.024138266726139147,0.03413364504792738,0.21623638790359925,-0.1297764103402313,3.3168380075447335,0.03413364504792738,51,20,4,50.0,0.7,0.03738685819123282,11.0,0.8181818181818182,0.0368648057442944,10.0,0.7,0.014863302565396353,715055.5888533116,,0.7150555888533117,0.08734530363737532,643505.1943779842,47595.2701094127,19112.104273026132,643.505194377984,3556.009704132738,643.505194377984,0.1205641050998334,completed,32.674715270203514,,,
6y,india_etfs_alvarez_rotation_roc_hv126,india,etfs,alvarez_rotation_roc_hv126,completed,0,1000000.0,7224410.778620035,6.224410778620036,0.39937049447856876,0.39048530237959733,0.2521943635022131,1.4554776448923634,2.6424296024180225,1.5239153736245874,0.999965104563793,-0.26206868267801375,590.0,-0.029464683366455257,0.6619718309859155,0.36863375756681876,0.36274910983420205,0.9845013477088949,0.0,1.144847084701416,71,0.023874937401027793,0.9366220671970817,0.9999993521725964,0.018840849297524734,0.030930625999552614,0.2616597600397295,-0.12977641034023119,2.7852185899031774,0.030930625999552614,47,24,4,50.0,0.66,0.03937954711437721,11.0,0.6363636363636364,0.007133096781401044,10.0,0.7,0.01486330256539636,586311.1916143359,,0.5863111916143359,0.09419545278538353,527610.3919186419,39059.975246130554,15670.028639983664,527.610391918642,2915.575025742415,527.610391918642,0.1205641050998334,completed,26.992119727976394,,,
6y,india_etfs_alvarez_rotation_roc_hv252,india,etfs,alvarez_rotation_roc_hv252,completed,0,1000000.0,2376480.920466958,1.3764809204669581,0.1584597574716924,0.1552341547245666,0.24431608640158742,0.7239106029818096,1.075815756138815,0.47622691338829737,0.9614964082653619,-0.33274003005052827,814.0,-0.03381638843388698,0.647887323943662,0.13419668214659264,0.34806343061837447,0.9845013477088949,0.0,1.144847084701416,71,0.012971256982075437,0.9365623763412605,0.9999978909176384,0.01313641330030412,0.01479172609270392,0.26165976003972957,-0.22301776218476344,1.7004537053626023,0.01479172609270392,46,25,4,50.0,0.6,0.015477902720990054,11.0,0.8181818181818182,0.023273697413634054,10.0,0.7,0.0020306744982501014,237447.98724631683,,0.23744798724631683,0.17250365313146865,213597.80468573413,15898.790683351563,6343.8547991663045,213.5978046857342,1180.341468693367,213.5978046857342,0.1205641050998334,completed,3.467004962473319,,,
6y,india_etfs_alvarez_three_factor,india,etfs,alvarez_three_factor,completed,0,1000000.0,3893653.3927208018,2.8936533927208017,0.2598445161572811,0.2543401833665828,0.20222211452222597,1.2432781744460477,1.904410530766345,0.9642160758557339,0.9988339470150402,-0.2694878489001246,826.0,-0.027940163652762737,0.7121212121212122,0.23663554547551774,0.26620427980671196,0.9150943396226415,0.0,1.144847084701416,66,0.019231400626965493,0.8705690244478377,0.9999978694896899,0.01948744975827871,0.022647736840221856,0.2162363879035993,-0.1297764103402312,2.5916146406609073,0.022647736840221856,47,19,4,49.0,0.673469387755102,0.02226929577483601,10.0,0.9,0.030621368016230353,7.0,0.7142857142857143,0.01390592261791056,337656.9539412854,,0.33765695394128536,0.11668880412238947,303804.53452561353,22542.99181342135,9022.994675410719,303.8045345256134,1678.82385778854,303.8045345256134,0.1205641050998334,completed,13.377607826674943,,,
6y,india_stocks_alvarez_rotation_roc_hv63,india,stocks,alvarez_rotation_roc_hv63,provisional,1,1000000.0,1369087.4090044338,0.3690874090044338,0.05452963825718182,0.05376487568152455,0.3112956602232544,0.32723650582009023,0.44381558179697983,0.10996848497457705,0.7859419824717456,-0.4958660498940965,544.0,-0.04931950659652192,0.4704225352112676,-0.021114648058747826,0.846913116673724,0.982573726541555,0.0,1.144847084701416,710,0.0035708123924795402,0.9319699075599245,0.9999080796362676,-0.007831644380085396,0.009238780873882168,1.4965755096465756,-0.668263795786451,1.063162623533939,0.009238780873882168,334,376,256,500.0,0.442,0.010749512026037472,110.0,0.5363636363636364,-0.011375981219138976,100.0,0.54,0.02436136341542884,230273.51603015122,,0.23027351603015123,0.623899679079499,207078.83838314234,15485.960809358055,6150.241499979314,207.07883838314225,1144.3176609052425,207.07883838314225,0.43879297579622567,provisional,-38.50281001147011,,,
6y,india_stocks_alvarez_rotation_roc_hv126,india,stocks,alvarez_rotation_roc_hv126,provisional,4,1000000.0,2697779.9333451632,1.697779933345163,0.1826225952333258,0.17991524671119508,0.29700923862970546,0.7148115089859602,0.9744670809380003,0.441430203950432,0.9562082222172504,-0.41370661454292423,813.0,-0.04637476628419822,0.4887323943661972,0.0877515417463308,0.8810878700458236,0.9807640750670241,0.0,1.144847084701416,710,0.010295795798985357,0.931180477687979,0.9997632381553527,-0.005975509823045594,0.018517962409077836,1.4965755096465756,-0.6378419152711094,1.1924724772513247,0.018517962409077836,347,363,194,500.0,0.482,0.01615247459800402,110.0,0.45454545454545453,0.002013119224479127,100.0,0.56,0.04850072896750548,368521.07530608913,,0.36852107530608913,0.21706056719611838,331475.84023547196,24705.7154420115,9844.832454993504,331.47584023547165,1831.735493141217,331.47584023547165,0.43879297579622567,provisional,-25.88777290850306,,,
6y,india_stocks_alvarez_rotation_roc_hv252,india,stocks,alvarez_rotation_roc_hv252,provisional,2,1000000.0,3353468.8573646364,2.3534688573646365,0.22691911938147302,0.22349547204912645,0.2906024362468593,0.8506685513684469,1.1640057951830391,0.4770966283607156,0.9785123253668815,-0.47562507444489344,537.0,-0.046077024283984115,0.5253521126760563,0.12610675768738508,0.8826908799113399,0.982171581769437,0.0,1.144847084701416,710,0.012030190548551598,0.9320672950165803,0.9996659042467008,0.007250748890306493,0.022330741770695064,1.4965755096465756,-0.6682637957864511,1.2295088478453802,0.022330741770695064,373,337,157,500.0,0.508,0.023532985587103816,110.0,0.5454545454545454,-0.010222199477528043,100.0,0.59,0.05212775806169675,437548.9240427704,,0.4375489240427704,0.18591659824754467,393587.49964159814,29309.736139514232,11689.548739355434,393.5874996415973,2174.964523019468,393.5874996415973,0.43879297579622567,provisional,-21.52975037470992,,,
6y,india_stocks_alvarez_three_factor,india,stocks,alvarez_three_factor,completed,0,1000000.0,1049462.5008184742,0.04946250081847414,0.00819306474555015,0.008080664831800588,0.038685687630769516,0.23026550925075864,0.3335637930742681,0.08464772470097716,0.7123331477488811,-0.09679013552334231,1819.0,-0.005673573077541854,0.5285714285714286,-0.0007516773412082604,0.06640141005759957,0.09705093833780161,0.0,1.144847084701416,70,0.006989694029453998,0.09239300977443143,0.1682444455042208,0.007925603078445746,0.007803666773208159,0.40880205943352027,-0.5591927188185463,1.1624573318534466,0.007803666773208159,37,33,63,50.0,0.44,-0.0016335046377133604,11.0,0.7272727272727273,-0.02289073292528899,9.0,0.7777777777777778,0.09774777424315757,15790.328221378037,,0.015790328221378037,0.3192383716975426,14201.450230039602,1060.2148050749815,421.78307183217635,14.20145023003961,78.4772139711988,14.20145023003961,0.43879297579622567,provisional,-43.07123109644251,,,
6y,us_etfs_unger_donchian5,us,etfs,unger_donchian5,completed,0,100000.0,159961.00584910772,0.5996100584910773,0.08172077118829213,0.08149780833895526,0.21065878850296565,0.478709410114666,0.6804602572355274,0.1595684827427644,0.8773866618783037,-0.5121360420530648,1394.0,-0.031013186854504424,0.40217391304347827,0.0694980049507993,0.21001297529455423,0.9045092838196287,0.0,1.2906351333104187,92,0.0042400787917035885,0.843501326259947,1.0000000000000002,-0.007831813202384843,0.006957110404628779,0.3256427629251813,-0.08766149635447407,1.2585396881811755,0.006957110404628779,37,55,9,64.0,0.390625,0.009600525105040477,7.0,0.42857142857142855,0.010320714612278875,21.0,0.42857142857142855,-0.0022202119896521126,2834.2935029483842,2834.2935029483842,0.028342935029483842,0.047268945255536626,,,,,,,0.22338641868403086,completed,-14.18886103450756,,,
6y,us_stocks_unger_donchian5,us,stocks,unger_donchian5,provisional,2,100000.0,173709.37649755384,0.7370937649755385,0.09673867828509763,0.09647294637769277,0.21402059236784163,0.5390798274743966,0.7475910781091354,0.34912777821120206,0.9040302944894705,-0.27708674108015646,926.0,-0.032052070197255485,0.4095634095634096,-0.005229412852448408,0.7528737048935304,0.9894562334217506,0.0,1.2906351333104187,962,0.006241083063247857,0.9242439565888099,1.0000000000000004,-0.011842440164980535,0.006957540843678013,0.5000151513774406,-0.2959108940054011,1.2324802412569107,0.006957540843678013,394,568,238,670.0,0.41044776119402987,0.007953782778611468,139.0,0.381294964028777,-0.005656314488099404,153.0,0.43137254901960786,0.014054559109767209,2369.4417350189083,2369.4417350189083,0.02369441735018908,0.03214573026672585,,,,,,,0.22534687695961808,completed,-12.887393058192531,,,
6y,india_etfs_unger_donchian5,india,etfs,unger_donchian5,completed,0,1000000.0,2237725.547327275,1.2377255473272748,0.14667729391854456,0.14370611034209313,0.16296413701290552,0.9214159003182726,1.3676766932537228,0.9218238143766223,0.9874530717401332,-0.15911640774623964,734.0,-0.02398758970973702,0.4666666666666667,0.11057889194623634,0.30941659427840135,0.8106469002695418,0.0,1.144847084701416,45,0.012852031277316286,0.7802726455129676,0.9999983089137768,-0.0032401240557600407,0.020310616906562343,0.3331042822726752,-0.0925521300150781,1.9634940958428304,0.020310616906562343,21,24,4,32.0,0.46875,0.014531344037829387,8.0,0.375,0.01435369654775213,5.0,0.6,0.06682903584054956,215480.96601989132,,0.2154809660198913,0.17409430263857564,193836.4653482227,14428.744412615664,5756.943020842214,193.83646534822276,1071.1403075142782,193.83646534822276,0.1205641050998334,completed,2.3142005242259733,,,
6y,india_stocks_unger_donchian5,india,stocks,unger_donchian5,provisional,2,1000000.0,1674829.551770136,0.6748295517701359,0.09107395406866114,0.0897752853509155,0.20697926922970067,0.5251619816586242,0.7234565990961468,0.2229003257255773,0.8970753119960969,-0.408586007096223,791.0,-0.03174316926984855,0.41865509761388287,0.0036018182226201225,0.7224620527929407,0.9959115281501341,0.0,1.144847084701416,922,0.005278602687373125,0.9313730246432718,0.9999993864174479,-0.016968535304725987,0.007855939354349532,1.6438495547399907,-0.33744876908523164,1.1567187742821445,0.007855939354349532,386,536,326,668.0,0.4026946107784431,0.006838655743448916,125.0,0.424,-0.014182790682311729,129.0,0.49612403100775193,0.03447909211918885,285037.7924381285,,0.2850377924381285,0.42238486991337365,256341.59108755246,19153.62928075081,7613.345255300314,256.34159108755233,1416.5436323498143,256.34159108755233,0.43879297579622567,provisional,-34.901769044531015,,,
2y,us_etfs_chan_return_12m,us,etfs,chan_return_12m,completed,0,100000.0,189246.54787201926,0.8924654787201927,0.3782988953832631,0.37657218906849566,0.1805881968479658,1.8684169755635092,2.7348223448626476,3.4740590926927597,0.9942556193104133,-0.10889247571492569,98.0,-0.025847263375700383,0.75,0.3123521426248079,0.3116133688497746,0.99800796812749,0.0,0.4784254471888416,24,0.027858669804087095,0.950199203187251,1.0000000000000002,0.040013472156601906,0.028236777304917863,0.12996370420159067,-0.0887967073414877,3.7053053082862193,0.028236777304917863,18,6,3,21.0,0.8095238095238095,0.02737681835535038,2.0,0.5,0.05641676448748478,1.0,0.0,-0.010064059119298611,649.6348805017814,649.6348805017814,0.006496348805017814,0.007279103741170653,,,,,,,0.2052607757594298,completed,17.131141330906587,0.2054139461088198,completed,17.115824295967585
2y,us_etfs_chan_weighted_13612,us,etfs,chan_weighted_13612,completed,0,100000.0,107578.394529987,0.07578394529986987,0.037426923168802695,0.03727800337991738,0.18450947004820845,0.2918010710636573,0.400226564570478,0.11324217282561995,0.6587168491186968,-0.3305034002344329,559.0,-0.027401487378306316,0.6153846153846154,-0.019301678383304467,0.34914881719785024,0.99800796812749,0.0,0.4784254471888416,26,0.0031301392703165882,0.9462151394422311,1.0000000000000002,0.010790942648161165,0.003679892477056651,0.09485480098468439,-0.09247783998933597,1.2081602058361938,0.003679892477056651,16,10,6,22.0,0.5454545454545454,-0.004029737419883131,4.0,1.0,0.04608285691022545,,,,484.97883650752163,484.97883650752163,0.004849788365075216,0.06399493119400236,,,,,,,0.2052607757594298,completed,-16.798277237951243,0.2054139461088198,completed,-16.813594272890242
2y,us_etfs_chan_log_ma_7_10,us,etfs,chan_log_ma_7_10,completed,0,100000.0,68829.85822020174,-0.31170141779798255,-0.17128969465085153,-0.1706811414527155,0.17617379670624048,-0.97725881538471,-1.2311961530117745,-0.45483200453747075,0.07879095300677125,-0.3765999158855147,595.0,-0.029389511827067488,0.2647058823529412,-0.2116722799943896,0.31216303964061537,0.7808764940239044,0.0,0.4784254471888416,34,-0.011138308007967359,0.7131474103585658,1.0000000000000002,-0.009793485849115028,-0.010449024250321863,0.03451013550487082,-0.10204557321101808,0.3445691951352927,-0.010449024250321863,9,25,8,29.0,0.27586206896551724,-0.007433895783631507,4.0,0.25,-0.02872800213481764,1.0,0.0,-0.024771838246359094,556.575260597242,556.575260597242,0.005565752605972421,-0.017856038786386436,,,,,,,0.2052607757594298,completed,-37.59419172121453,0.2054139461088198,completed,-37.60950875615353
2y,us_etfs_chan_log_ma_50_200,us,etfs,chan_log_ma_50_200,completed,0,100000.0,139909.4203737836,0.399094203737836,0.18402302031967932,0.18324186417459165,0.16514627644834545,1.1056281624206046,1.6396427726414273,0.905031135127513,0.9405823394940899,-0.20333335857417953,260.0,-0.022876182570405672,1.0,0.038147232067971645,0.691110775399185,0.9780876494023905,0.0,0.4784254471888416,2,0.1885847827634471,0.9741035856573705,1.0,0.18481839247781295,0.18481839247781295,0.25337799731822086,0.11625878763740503,inf,0.18481839247781295,2,0,1,2.0,1.0,0.18481839247781295,,,,,,,46.31651734749537,46.31651734749537,0.0004631651734749537,0.0011605409678643337,,,,,,,0.2052607757594298,completed,-2.2018911584838152,0.2054139461088198,completed,-2.217208193422815
2y,us_etfs_alvarez_ma200_confirm3,us,etfs,alvarez_ma200_confirm3,completed,0,100000.0,169895.49824433052,0.6989549824433052,0.3055096999875804,0.30415060848346887,0.16805750666857278,1.6714497309507164,2.4284349629228332,2.7834476890301225,0.9884622754345643,-0.10975945450371787,77.0,-0.023916202919027595,1.0,0.2188890410967663,0.39463119090311105,0.99800796812749,0.0,0.4784254471888416,2,0.3197746754528268,0.9940239043824702,1.0000000000000002,0.30927778291929364,0.30927778291929364,0.4327821569420623,0.18577340889652505,inf,0.30927778291929364,2,0,2,1.0,1.0,0.18577340889652505,1.0,1.0,0.4327821569420623,,,,50.70571746440318,50.70571746440318,0.0005070571746440318,0.0007254504043615729,,,,,,,0.2052607757594298,completed,9.888983272403905,0.2054139461088198,completed,9.873666237464906
2y,us_etfs_alvarez_ma200_confirm5,us,etfs,alvarez_ma200_confirm5,completed,0,100000.0,172475.8209621602,0.7247582096216021,0.3154455542751349,0.3140371933786834,0.16842010982278313,1.7132747505961285,2.496201380777907,3.1146685060895183,0.9900296783741372,-0.10127740838500285,77.0,-0.023916202919027577,1.0,0.22515204714551093,0.4066347292967115,0.99800796812749,0.0,0.4784254471888416,2,0.3265265702559397,0.9940239043824702,1.0000000000000002,0.3168999952382248,0.3168999952382248,0.4142004979955819,0.21959949248086774,inf,0.3168999952382248,2,0,2,1.0,1.0,0.21959949248086774,1.0,1.0,0.4142004979955819,,,,51.64029722044597,51.64029722044597,0.0005164029722044597,0.0007125175891061308,,,,,,,0.2052607757594298,completed,10.87764176192536,0.2054139461088198,completed,10.862324726986362
2y,us_etfs_unger_close_sma200,us,etfs,unger_close_sma200,completed,0,100000.0,176258.3401922802,0.7625834019228019,0.3298780352925119,0.3283975882642485,0.16811760025824996,1.7810354636822947,2.5984764983317667,3.257172952515641,0.9921016064771866,-0.10127740838500279,77.0,-0.023916202919027567,1.0,0.2433493279273728,0.38814788896122226,0.99800796812749,0.0,0.4784254471888416,2,0.3473471310253632,0.9940239043824702,1.0000000000000002,0.3349299383021302,0.3349299383021302,0.4744094645865547,0.19545041201770566,inf,0.3349299383021302,2,0,2,1.0,1.0,0.19545041201770566,1.0,1.0,0.4744094645865547,,,,51.53560535834011,51.53560535834011,0.0005153560535834012,0.0006758028725565836,,,,,,,0.2052607757594298,completed,12.313681250481867,0.2054139461088198,completed,12.298364215542868
2y,us_etfs_unger_sma50_200,us,etfs,unger_sma50_200,completed,0,100000.0,142667.01221205504,0.42667012212055044,0.19570440636247977,0.19486971083573712,0.1901323484269317,1.0352050888944024,1.4923207322942278,0.9818980635043493,0.9283417672082028,-0.19931234578874685,230.0,-0.027656056614271427,1.0,0.04052646342650258,0.7479902577179405,0.99800796812749,0.0,0.4784254471888416,2,0.19980832148106253,0.9940239043824702,1.0000000000000002,0.19596777621234418,0.19596777621234418,0.2565383929976244,0.135397159427064,inf,0.19596777621234418,2,0,2,1.0,1.0,0.135397159427064,,,,1.0,1.0,0.2565383929976244,46.97507154961963,46.97507154961963,0.00046975071549619626,0.00110096932300189,,,,,,,0.2052607757594298,completed,-1.0391064923692683,0.2054139461088198,completed,-1.054423527308268
2y,us_etfs_unger_sma200_slope50,us,etfs,unger_sma200_slope50,completed,0,100000.0,148362.0856011979,0.483620856011979,0.219479229810857,0.21853420066115548,0.16354103663431088,1.2949553970232264,1.9316674831605434,1.1702290187177802,0.9692568112887441,-0.1875523733391438,127.0,-0.023459870583453946,1.0,0.0018815725831867979,0.9994017488590343,0.99800796812749,0.0,0.4784254471888416,1,0.48362085601197913,0.9960159362549802,1.0000000000000002,0.48362085601197913,0.48362085601197913,0.48362085601197913,0.48362085601197913,inf,0.48362085601197913,1,0,1,1.0,1.0,0.48362085601197913,,,,,,,24.836692429342733,24.836692429342733,0.0002483669242934273,0.0005135570999594677,,,,,,,0.2052607757594298,completed,1.3273424901725672,0.2054139461088198,completed,1.3120254552335675
2y,us_etfs_robotwealth_close_sma100,us,etfs,robotwealth_close_sma100,completed,0,100000.0,126176.93533744344,0.2617693533744345,0.12406732230574757,0.12355380865039689,0.13467317677388574,0.9362661650771724,1.2809423716417976,0.8322093202658359,0.900406291474088,-0.1490818707318926,184.0,-0.020179491812498097,0.7777777777777778,0.006834832302221409,0.5679263403977091,0.954183266932271,0.0,0.4784254471888416,9,0.026904756898310258,0.9362549800796812,1.0000000000000002,0.01170425229854728,0.028730950802526595,0.17018654507953193,-0.0881590721027615,2.859067089281639,0.028730950802526595,7,2,4,8.0,0.75,0.01104900151790093,1.0,1.0,0.17018654507953193,,,,197.20760130267632,197.20760130267632,0.0019720760130267634,0.0075336397771740265,,,,,,,0.2052607757594298,completed,-8.170696710903291,0.2054139461088198,completed,-8.186013745842292
2y,us_etfs_unger_donchian5,us,etfs,unger_donchian5,completed,0,100000.0,106160.5484517105,0.061605484517105014,0.030526847896984455,0.030405783936639175,0.17447873846902642,0.2599613548955815,0.354025630797892,0.1292913904045872,0.6422471868068209,-0.2361088994515243,593.0,-0.02731365575934663,0.4,0.004622379510066579,0.19400602939449013,0.9302788844621513,0.0,0.4784254471888416,30,0.0021105037520544488,0.8705179282868526,1.0000000000000002,-0.0059163439659446326,0.0027819886516376293,0.11808306574171686,-0.08569744846285858,1.1541743142223155,0.0027819886516376293,12,18,7,25.0,0.36,0.0005274911291508566,4.0,0.5,0.008759938477776444,1.0,1.0,0.03523262740925167,584.4149850747065,584.4149850747065,0.005844149850747065,0.09486411634542713,,,,,,,0.2052607757594298,completed,-17.485499182279064,0.2054139461088198,completed,-17.500816217218063
2y,us_etfs_alvarez_monthly_momentum10,us,etfs,alvarez_monthly_momentum10,completed,0,100000.0,144014.9621065061,0.44014962106506106,0.20137359272676103,0.20051275334174234,0.1620488352107015,1.213000316008309,1.8058907201140706,1.0736925859243844,0.9602138541032547,-0.18755237333914393,127.0,-0.023418519840887664,1.0,-0.009465270766192888,0.9811987195261687,0.9581673306772909,0.0,0.4784254471888416,1,0.44014962106506084,0.956175298804781,1.0000000000000002,0.44014962106506084,0.44014962106506084,0.44014962106506084,0.44014962106506084,inf,0.44014962106506084,1,0,1,1.0,1.0,0.44014962106506084,,,,,,,24.401936604291045,24.401936604291045,0.00024401936604291044,0.0005544009454158785,,,,,,,0.2052607757594298,completed,-0.47480224176874586,0.2054139461088198,completed,-0.4901192767077456
2y,us_etfs_alvarez_monthly_sma10,us,etfs,alvarez_monthly_sma10,completed,0,100000.0,156317.0494055701,0.5631704940557012,0.25194148807758987,0.2508429047781713,0.1566932853008527,1.513317998012028,2.1475332203730093,2.4876375896176426,0.9794599559284998,-0.10127740838500275,195.0,-0.02315659980781138,1.0,0.17374278312380115,0.36604468382473493,0.9183266932270916,0.0,0.4784254471888416,2,0.25899010274487233,0.9143426294820718,1.0000000000000002,0.2527130049970163,0.2527130049970163,0.3309394636472299,0.17448654634680277,inf,0.2527130049970163,2,0,2,1.0,1.0,0.17448654634680277,,,,1.0,1.0,0.3309394636472299,49.12199952920712,49.12199952920712,0.0004912199952920712,0.0008722402904216897,,,,,,,0.2052607757594298,completed,4.558212901874148,0.2054139461088198,completed,4.542895866935148
2y,us_etfs_alvarez_monthly_dual10,us,etfs,alvarez_monthly_dual10,completed,0,100000.0,156317.0494055701,0.5631704940557012,0.25194148807758987,0.2508429047781713,0.1566932853008527,1.513317998012028,2.1475332203730093,2.4876375896176426,0.9794599559284998,-0.10127740838500275,195.0,-0.02315659980781138,1.0,0.17374278312380115,0.36604468382473493,0.9183266932270916,0.0,0.4784254471888416,2,0.25899010274487233,0.9143426294820718,1.0000000000000002,0.2527130049970163,0.2527130049970163,0.3309394636472299,0.17448654634680277,inf,0.2527130049970163,2,0,2,1.0,1.0,0.17448654634680277,,,,1.0,1.0,0.3309394636472299,49.12199952920712,49.12199952920712,0.0004912199952920712,0.0008722402904216897,,,,,,,0.2052607757594298,completed,4.558212901874148,0.2054139461088198,completed,4.542895866935148
2y,us_etfs_alvarez_monthly_either10,us,etfs,alvarez_monthly_either10,completed,0,100000.0,144014.9621065061,0.44014962106506106,0.20137359272676103,0.20051275334174234,0.1620488352107015,1.213000316008309,1.8058907201140706,1.0736925859243844,0.9602138541032547,-0.18755237333914393,127.0,-0.023418519840887664,1.0,-0.009465270766192888,0.9811987195261687,0.9581673306772909,0.0,0.4784254471888416,1,0.44014962106506084,0.956175298804781,1.0000000000000002,0.44014962106506084,0.44014962106506084,0.44014962106506084,0.44014962106506084,inf,0.44014962106506084,1,0,1,1.0,1.0,0.44014962106506084,,,,,,,24.401936604291045,24.401936604291045,0.00024401936604291044,0.0005544009454158785,,,,,,,0.2052607757594298,completed,-0.47480224176874586,0.2054139461088198,completed,-0.4901192767077456
2y,us_etfs_alvarez_rotation_roc_hv63,us,etfs,alvarez_rotation_roc_hv63,completed,0,100000.0,103991.93636587077,0.03991936365870763,0.019883885159499126,0.019805434242456732,0.2092893704428281,0.19914487437167286,0.2714764354410542,0.08791492997464913,0.6101568654679523,-0.22617188190029588,590.0,-0.0316098652966177,0.5217391304347826,-0.0176745326309446,0.28335244924506453,0.9581673306772909,0.0,0.4784254471888416,23,0.0017192315819093936,0.9123505976095617,1.0000000000000002,0.009775503402272779,0.0024641414734628804,0.08572998088207592,-0.08623574904373317,1.1165099346782683,0.0024641414734628804,12,11,4,20.0,0.5,4.567908652908081e-05,2.0,0.5,0.018086443084226512,1.0,1.0,0.019588785990611618,464.78535207885244,464.78535207885244,0.004647853520788525,0.11643105237161448,,,,,,,0.2052607757594298,completed,-18.545534151697307,0.2054139461088198,completed,-18.560851186636306
2y,us_etfs_alvarez_rotation_roc_hv126,us,etfs,alvarez_rotation_roc_hv126,completed,0,100000.0,106683.98306765825,0.0668398306765825,0.033079491985283926,0.03294814380566824,0.1925335419499009,0.2658601369140653,0.3556825890219582,0.13333621863123482,0.6451775872089818,-0.24809082127018453,418.0,-0.03024680152228879,0.6086956521739131,-0.06525309569221345,0.5649703517133499,0.9581673306772909,0.0,0.4784254471888416,23,0.002976595857648237,0.9123505976095617,1.0000000000000002,0.014705964439885522,0.004717263079850483,0.10667565899861702,-0.18191009845982273,1.1370821784575267,0.004717263079850483,14,9,4,20.0,0.65,0.014308290118587533,2.0,0.0,-0.09862876876290065,1.0,1.0,0.019588785990611746,449.77096036262344,449.77096036262344,0.004497709603626235,0.06729085873046681,,,,,,,0.2052607757594298,completed,-17.231263195376158,0.2054139461088198,completed,-17.246580230315157
2y,us_etfs_alvarez_rotation_roc_hv252,us,etfs,alvarez_rotation_roc_hv252,completed,0,100000.0,167033.58087914417,0.6703358087914417,0.29440139718020064,0.2930970407699669,0.1946340696203008,1.4238587201674955,2.1262904600417776,2.4050188042543743,0.9762989932577516,-0.12241126624848724,132.0,-0.026467318724953795,0.7391304347826086,0.21317633032192512,0.3990746121976083,0.9581673306772909,0.0,0.4784254471888416,23,0.02351888851353218,0.9123505976095617,1.0000000000000002,0.01958878599061161,0.023595759356396125,0.10667565899861699,-0.08623574904373303,3.6430522530489178,0.023595759356396125,17,6,4,20.0,0.75,0.024347039651902318,2.0,0.5,0.01808644308422649,1.0,1.0,0.01958878599061161,576.7444154836311,576.7444154836311,0.0057674441548363105,0.008603813311472234,,,,,,,0.2052607757594298,completed,8.78362650105371,0.2054139461088198,completed,8.76830946611471
2y,us_etfs_alvarez_three_factor,us,etfs,alvarez_three_factor,completed,0,100000.0,137120.93722938982,0.3712093722938983,0.1720938220620345,0.17136687847866505,0.18885626980159215,0.9357513794511588,1.3347469711112607,1.0009550449925841,0.9033736547012157,-0.17192962153790783,315.0,-0.027993061298476715,0.6956521739130435,0.10946089711076235,0.3467547560352689,0.9581673306772909,0.0,0.4784254471888416,23,0.014292291596248277,0.9123505976095617,1.0000000000000002,0.019479953691453323,0.014240489057687433,0.08572998088207616,-0.0355228903009526,3.113640598429216,0.014240489057687433,16,7,6,20.0,0.65,0.011776369170119873,2.0,1.0,0.03620753946690094,1.0,1.0,0.01958878599061165,523.166428675906,523.166428675906,0.00523166428675906,0.014093567342952177,,,,,,,0.2052607757594298,completed,-3.389389728076475,0.2054139461088198,completed,-3.404706763015475
2y,us_etfs_momentum_12_1,us,etfs,momentum_12_1,completed,0,100000.0,145154.01881090482,0.45154018810904817,0.2061436934232812,0.2052607757594298,0.19854041163432848,1.0442072723616054,1.4408182533911615,1.0572017636864888,0.9241463999011625,-0.1949899257682403,327.0,-0.029821130420669244,0.75,0.09872581480547668,0.5387407829468522,0.99800796812749,0.0,0.4784254471888416,8,0.049062170608940484,0.9820717131474104,1.0000000000000002,0.08471457717564668,0.05220669806914292,0.19883729887589527,-0.1384404460913716,3.3802515853011124,0.05220669806914292,6,2,3,7.0,0.7142857142857143,0.0468907245265846,1.0,1.0,0.08941851286705119,,,,188.58442891677288,188.58442891677288,0.0018858442891677288,0.004176470530929335,,,,,,,0.2052607757594298,completed,0.0,0.2054139461088198,completed,-0.015317034938999718
2y,us_etfs_mark_minervini,us,etfs,mark_minervini,completed,0,100000.0,145190.83912848614,0.4519083912848614,0.20629757724277087,0.2054139461088198,0.16088552169975673,1.2467808650924976,1.7986704838614698,1.9133202908143265,0.9580784656105665,-0.10782176838513992,138.0,-0.023824814001986733,0.5,0.14239837199613897,0.3210293655114988,0.9820717131474104,0.0,0.4784254471888416,12,0.03356735757367406,0.9581673306772909,1.0000000000000002,0.02262412419605631,0.03421391719710902,0.22131508670224545,-0.08163069430136083,3.5647872268360623,0.03421391719710902,6,6,4,12.0,0.5,0.03421391719710902,,,,,,,273.7742097335045,273.7742097335045,0.002737742097335045,0.006058179379123996,,,,,,,0.2052607757594298,completed,0.015317034938999718,0.2054139461088198,completed,0.0
2y,us_stocks_chan_return_12m,us,stocks,chan_return_12m,completed,0,100000.0,172013.85723219952,0.7201385723219951,0.3136721624321699,0.31227261679160856,0.340443055601521,0.9732419362011244,1.3559775868079438,0.9633313487339572,0.9110733241762543,-0.3256119120844645,245.0,-0.05310757685777361,0.5708333333333333,0.025410862440666294,1.4581122530807893,0.9980079681274899,0.0,0.4784254471888416,240,0.023272127648139115,0.950199203187251,1.0,0.027193715742813023,0.02924807181853824,0.6624821809045263,-0.43891331907637293,1.4871739324154618,0.02924807181853824,137,103,54,210.0,0.5333333333333333,0.014355976667511254,20.0,0.85,0.15603283070075236,10.0,0.8,0.08841255222567655,626.0871433583692,626.0871433583692,0.006260871433583692,0.008693981511636452,,,,,,,,,,,,
2y,us_stocks_chan_weighted_13612,us,stocks,chan_weighted_13612,completed,0,100000.0,149793.9162450705,0.4979391624507048,0.22538488561830405,0.22441216878458592,0.2733394701100106,0.8817148327812967,1.2092180943045345,0.7663226054044846,0.8877837336146212,-0.29411227599026674,154.0,-0.04234589388223121,0.5381526104417671,0.011547117195516937,1.092856268669392,0.9980079681274899,0.0,0.4784254471888416,249,0.01785815101174956,0.9396692858623754,1.0000000000000002,0.006630933946190955,0.01876462881081478,0.5657759445666477,-0.31045201258170196,1.464265493289906,0.01876462881081478,134,115,111,213.0,0.5070422535211268,0.009986707198003096,27.0,0.7037037037037037,0.057618355374426,9.0,0.7777777777777778,0.1099475939565245,562.6402734936174,562.6402734936174,0.005626402734936174,0.011299377834120806,,,,,,,,,,,,
2y,us_stocks_chan_log_ma_7_10,us,stocks,chan_log_ma_7_10,completed,0,100000.0,129081.68410128416,0.29081684101284155,0.1370098877994177,0.1364396290858907,0.17939483383722402,0.805947761027273,1.1335963264097288,0.5204781160342726,0.86848284144818,-0.26323851777544444,283.0,-0.026496823311404724,0.4472573839662447,-0.02315799238823203,0.7999656247612189,0.9906374501992031,0.0,0.4784254471888416,474,0.005703911057455662,0.8956129315881866,1.0000000000000002,-0.004855682460604985,0.006202410810521882,0.6453052551486507,-0.22574076353184924,1.2637695112186167,0.006202410810521882,212,262,157,402.0,0.44776119402985076,0.005130037426661097,60.0,0.38333333333333336,-0.007857224855895965,12.0,0.75,0.11242509750194751,1022.6187632618604,1022.6187632618604,0.010226187632618605,0.03516367070422527,,,,,,,,,,,,
2y,us_stocks_chan_log_ma_50_200,us,stocks,chan_log_ma_50_200,completed,0,100000.0,108491.71503788944,0.08491715037889436,0.041847766572680856,0.04168090575912764,0.14046297398046026,0.3623315574182753,0.4939569266417346,0.2095634210656862,0.694009621518706,-0.19969022437157086,400.0,-0.02063016805719683,0.4722222222222222,-0.07629563228354078,0.6201422952726959,0.9896414342629483,0.0,0.4784254471888416,36,0.024178715729579414,0.9809123914969614,1.0,-0.01243772849380317,0.03166788981083004,0.8775151047727194,-0.2583646491434449,1.4046169710541452,0.03166788981083004,17,19,34,29.0,0.4827586206896552,0.01729212016026078,4.0,0.75,0.2531944396881548,3.0,0.0,-0.12473507007010015,71.09049850183956,71.09049850183956,0.0007109049850183956,0.008371748013756787,,,,,,,,,,,,
2y,us_stocks_alvarez_ma200_confirm3,us,stocks,alvarez_ma200_confirm3,completed,0,100000.0,176719.20200515896,0.7671920200515896,0.33162592395324,0.3301367052509514,0.2623364125948918,1.2239780487999685,1.7397704792734558,1.3187185460915076,0.9549173203526825,-0.25147589296907336,173.0,-0.03926667033801982,0.5952380952380952,0.06133253601127303,1.2453887313178933,0.9980079681274899,0.0,0.4784254471888416,42,0.15974836706900075,0.9866152914115,1.0,0.029399971887584475,0.19004594324383645,2.1805236274548383,-0.46799014147788676,5.162022093677257,0.19004594324383645,25,17,29,31.0,0.6451612903225806,0.21009384079316462,11.0,0.45454545454545453,0.13354732287754797,,,,103.72274942603184,103.72274942603184,0.0010372274942603184,0.001351978992417792,,,,,,,,,,,,
2y,us_stocks_alvarez_ma200_confirm5,us,stocks,alvarez_ma200_confirm5,completed,0,100000.0,162359.52047233278,0.6235952047233277,0.2760539990743791,0.27483923454542225,0.26739691310162866,1.0460560775775825,1.489660379733712,0.971081760495354,0.9277809519624498,-0.28427472361705414,316.0,-0.04001593972280215,0.6,-0.0037579469091375,1.3497358201921321,0.9980079681274899,0.0,0.4784254471888416,40,0.1335034633889912,0.9900799497702825,1.0,0.02241144522048614,0.16224875904101468,1.9524026678498274,-0.28562515011043976,4.8528206872066,0.16224875904101468,24,16,26,28.0,0.6785714285714286,0.21972525194150272,8.0,0.375,0.052587523097245965,4.0,0.5,-0.020764219374864,99.65665562322508,99.65665562322508,0.0009965665562322507,0.0015980984919125552,,,,,,,,,,,,
2y,us_stocks_unger_close_sma200,us,stocks,unger_close_sma200,completed,0,100000.0,138223.81610088484,0.38223816100884833,0.17682624771443556,0.1760778537356913,0.2598041816994607,0.7574625892990738,1.044788183749786,0.6937577571648184,0.8540216937674655,-0.2548818314292756,320.0,-0.04009741247395729,0.3939393939393939,-0.05904779418907554,1.2267517298473727,0.9980079681274899,0.0,0.4784254471888416,66,0.05277182637313464,0.9823577931569433,1.0,-0.01895595735743607,0.057490251538764185,1.7139482294268662,-0.3855573812086535,2.0167151079220855,0.057490251538764185,26,40,32,45.0,0.4444444444444444,0.09386082724378665,19.0,0.2631578947368421,-0.02524566323425908,2.0,0.5,0.025143488519479163,148.68724597907413,148.68724597907413,0.0014868724597907413,0.003889911085451049,,,,,,,,,,,,
2y,us_stocks_unger_sma50_200,us,stocks,unger_sma50_200,completed,0,100000.0,161443.37417504436,0.6144337417504435,0.27242715228108305,0.27122997699802776,0.2861713047425029,0.9848271958181319,1.4414998905447112,0.9722061417512742,0.9187094690000501,-0.28021541994205984,175.0,-0.04170334787313926,0.6176470588235294,-0.02763464544528476,1.4753129194051258,0.9980079681274899,0.0,0.4784254471888416,34,0.16492481255418381,0.9846616319417445,1.0,0.03305871435705771,0.15025622222124815,1.6733446487551538,-0.48939238347126185,5.117814129052903,0.15025622222124815,21,13,26,24.0,0.5833333333333334,0.1776947119778989,4.0,1.0,0.15060166301046524,6.0,0.5,0.04027196933516706,80.65572301851914,80.65572301851914,0.0008065572301851914,0.0013126838182542062,,,,,,,,,,,,
2y,us_stocks_unger_sma200_slope50,us,stocks,unger_sma200_slope50,completed,0,100000.0,172956.6183513747,0.729566183513747,0.3172887397372228,0.3158712068016245,0.2855687501382303,1.1075028796213986,1.6388265267495439,1.1422621882894906,0.942729859732522,-0.27777225140609346,152.0,-0.041495106142603905,0.75,-0.002661303178062922,1.5185539318650467,0.9980079681274899,0.0,0.4784254471888416,20,0.34976540197734934,0.9858736975004098,1.0,0.13441940422814486,0.3574582656167962,2.303185260107726,-0.6601538659526192,8.077072031501022,0.3574582656167962,15,5,17,15.0,0.7333333333333333,0.36237175578326747,2.0,1.0,0.6279256713573598,3.0,0.6666666666666666,0.15257921095739793,49.01385047308294,49.01385047308294,0.0004901385047308294,0.0006718218522276037,,,,,,,,,,,,
2y,us_stocks_robotwealth_close_sma100,us,stocks,robotwealth_close_sma100,provisional,1,100000.0,104427.73672256882,0.0442773672256882,0.022031467842153818,0.021944452943880144,0.1561704069467631,0.21812828807324056,0.28902834879480177,0.10449875774956602,0.6199103579569043,-0.21082994972009908,379.0,-0.023429067011584776,0.33636363636363636,-0.10090140056420255,0.6685197465877168,0.9936254980079682,0.0,0.4784254471888416,220,0.002148106105288968,0.9518281229977921,1.0000000000000002,-0.012794554567556047,0.0025261518503837434,0.8690227416304708,-0.24158270706634108,1.0894166862464192,0.0025261518503837434,74,146,118,177.0,0.3389830508474576,0.0016289543604443876,35.0,0.2857142857142857,-0.003770372568853445,8.0,0.5,0.04992394064945468,412.68844734306623,412.68844734306623,0.004126884473430663,0.09320528143408673,,,,,,,,,,,,
2y,us_stocks_unger_donchian5,us,stocks,unger_donchian5,provisional,1,100000.0,131335.05230399192,0.31335052303991917,0.14695072109845309,0.14633648858161874,0.19329370653667075,0.8066081138906247,1.1182409963500561,0.5826869986418906,0.8681157030361631,-0.2521949544797832,232.0,-0.029187213187572673,0.42153846153846153,-0.006493589153117858,0.7733726150041782,0.9936254980079682,0.0,0.4784254471888416,325,0.008848615497752132,0.927623966423262,1.0000000000000002,-0.011579820757087,0.00950644027175694,0.50001515137744,-0.2780716396676497,1.3412406820698595,0.00950644027175694,137,188,113,279.0,0.4265232974910394,0.009088282009423625,36.0,0.3055555555555556,-0.017479120766105843,10.0,0.7,0.1183210755271624,711.381399836751,711.381399836751,0.00711381399836751,0.022702416224980242,,,,,,,,,,,,
2y,us_stocks_alvarez_monthly_momentum10,us,stocks,alvarez_monthly_momentum10,completed,0,100000.0,157097.18329469673,0.5709718329469673,0.25508034869567786,0.2539667429314687,0.2738278891209941,0.9672255379066299,1.379154763271877,1.0027757347855561,0.911927291566593,-0.25437427317706973,159.0,-0.04011017648239072,0.6363636363636364,-0.015182613341947667,1.333903112645514,0.898406374501992,0.0,0.4784254471888416,22,0.25476380140969274,0.9021414823284233,1.0,0.10938178504794457,0.2392693436337656,1.9772762025568267,-0.4603577468425606,6.387999013334904,0.2392693436337656,14,8,17,17.0,0.6470588235294118,0.2690260784959747,1.0,1.0,0.375084223098631,4.0,0.5,0.07884950060316072,50.53391308338599,50.53391308338599,0.0005053391308338599,0.000885050893361313,,,,,,,,,,,,
5y,us_etfs_chan_return_12m,us,etfs,chan_return_12m,completed,0,100000.0,252579.06956872385,1.5257906956872387,0.20466014136630228,0.204112870113897,0.27440870310011684,0.8172374946630402,1.1225652774827435,0.516914285460641,0.9627532564624633,-0.3959266499743226,1038.0,-0.04216881412061989,0.6774193548387096,0.17259756387239952,0.4275522252359713,0.998406374501992,0.0,0.9808474394713851,62,0.01641113510733748,0.949003984063745,1.0000000000000002,0.029468989653261196,0.01724048918168351,0.2780145928715281,-0.1738896661248605,1.9524768484150226,0.01724048918168351,42,20,5,47.0,0.723404255319149,0.024730753352413478,5.0,0.6,0.029373022017329713,10.0,0.5,-0.024030018838570456,1874.71729607132,1874.71729607132,0.0187471729607132,0.012286857570768708,,,,,,,0.24922248216822185,completed,-4.510961205432484,0.1460597600728002,completed,5.805311004109681
5y,us_etfs_chan_weighted_13612,us,etfs,chan_weighted_13612,completed,0,100000.0,102345.30916072243,0.02345309160722442,0.004669511102580959,0.004658089077492544,0.2516933798653203,0.14576921234097726,0.19375333342772166,0.00897510083827918,0.6268803968294545,-0.5202739430698426,1302.0,-0.040140404278100485,0.5285714285714286,-0.02126907874541825,0.382822883304562,0.9752988047808765,0.0,0.9808474394713851,70,0.00034293108625683006,0.9195219123505977,1.0000000000000002,0.005772623886413821,0.002173736115260746,0.2420593934779942,-0.13469469164354128,1.0142658002465905,0.002173736115260746,37,33,9,47.0,0.48936170212765956,-0.003922251159296411,10.0,0.9,0.047994565209317316,13.0,0.38461538461538464,-0.01103371688753766,1368.036587004423,1368.036587004423,0.01368036587004423,0.5833075698143871,,,,,,,0.24922248216822185,completed,-24.45643930907293,0.1460597600728002,completed,-14.140167099530764
5y,us_etfs_chan_log_ma_7_10,us,etfs,chan_log_ma_7_10,completed,0,100000.0,57025.43024472099,-0.42974569755279013,-0.1067350634173112,-0.10648897594609463,0.18482718338644116,-0.5175566741442243,-0.6804648164343444,-0.1873230193601072,0.12176331172553462,-0.5697914958979237,1626.0,-0.029638738602713592,0.34408602150537637,-0.1402675126762754,0.36468658071451404,0.8087649402390438,0.0,0.9808474394713851,93,-0.005344481970136104,0.7346613545816733,1.0000000000000002,-0.005880147196603873,-0.005247126207100517,0.16226438600029844,-0.10204557321101797,0.6625995140892931,-0.005247126207100517,32,61,9,68.0,0.35294117647058826,-0.004410566864576175,7.0,0.2857142857142857,0.006460066733275245,18.0,0.3333333333333333,-0.012960258755671932,1603.8867951248164,1603.8867951248164,0.016038867951248165,-0.037321765040539925,,,,,,,0.24922248216822185,completed,-35.57114581143165,0.1460597600728002,completed,-25.254873601889482
5y,us_etfs_chan_log_ma_50_200,us,etfs,chan_log_ma_50_200,completed,0,100000.0,190491.9907414973,0.9049199074149732,0.1382644406105895,0.1379047550869723,0.1351630787472752,1.0260914117349993,1.4922582237890176,0.9512872397971904,0.9878523292400443,-0.14534457609256568,978.0,-0.019982004782755143,0.5,0.13097274172737103,0.10251407971929487,0.6916334661354582,0.0,0.9808474394713851,4,0.2429378005880488,0.6884462151394423,1.0,-0.00640245303848104,0.2534146816992183,1.1105556081922898,-0.08409197531845451,8.02443273138292,0.2534146816992183,2,2,3,3.0,0.3333333333333333,0.32587465309472385,,,,1.0,1.0,0.03603476751270165,83.54817842899921,83.54817842899921,0.0008354817842899921,0.0009232660011609862,,,,,,,0.24922248216822185,completed,-11.131772708124954,0.1460597600728002,completed,-0.8155004985827885
5y,us_etfs_alvarez_ma200_confirm3,us,etfs,alvarez_ma200_confirm3,completed,0,100000.0,265472.48761919956,1.6547248761919957,0.2167732800660105,0.2161908105717416,0.22790817949617373,0.9760246488458608,1.360390122729485,0.7418070197196125,0.9829031767785483,-0.2922232795100082,735.0,-0.03503193869222756,0.5555555555555556,0.1655211656648654,0.4554728231581615,0.9633466135458167,0.0,0.9808474394713851,9,0.13657818619473006,0.9561752988047809,1.0000000000000002,0.04647730853641344,0.12776269484013414,0.4744094645865549,-0.034098028864246475,12.092925289711678,0.12776269484013414,5,4,6,3.0,0.6666666666666666,0.1164577559076523,2.0,1.0,0.41731492129044545,4.0,0.25,-0.008534714185660137,258.8606430072032,258.8606430072032,0.0025886064300720316,0.0015643727046813789,,,,,,,0.24922248216822185,completed,-3.303167159648024,0.1460597600728002,completed,7.013105049894142
5y,us_etfs_alvarez_ma200_confirm5,us,etfs,alvarez_ma200_confirm5,completed,0,100000.0,190291.8742916712,0.902918742916712,0.13802404053754214,0.137665017406847,0.19039552783812796,0.7750582419257743,1.0593175230377523,0.5142456126985653,0.9546721448694517,-0.2684010074743166,890.0,-0.02947737422819683,0.5714285714285714,0.0775379689075705,0.47947821031332694,0.9617529880478087,0.0,0.9808474394713851,7,0.11686727318471349,0.9561752988047809,1.0,0.06189975144985358,0.1127618044335531,0.4327821569420625,-0.15173885446864294,4.663965374650481,0.1127618044335531,4,3,5,3.0,0.6666666666666666,0.16213314879256183,3.0,0.6666666666666666,0.15155734637527637,1.0,0.0,-0.15173885446864294,163.5504668174561,163.5504668174561,0.0016355046681745611,0.0018113531045898612,,,,,,,0.24922248216822185,completed,-11.155746476137484,0.1460597600728002,completed,-0.8394742665953192
5y,us_etfs_unger_close_sma200,us,etfs,unger_close_sma200,completed,0,100000.0,179245.04758395508,0.7924504758395507,0.12442881439089981,0.12410704931914429,0.19115121134171026,0.7098829586320906,0.9629574739594741,0.33393842027465437,0.9396073394759366,-0.3726100587304714,912.0,-0.029813231206525948,0.3157894736842105,0.06884109080205267,0.4546972693510675,0.9713147410358566,0.0,0.9808474394713851,19,0.04064637751124464,0.9561752988047809,1.0000000000000002,-0.006668241268332726,0.04124202771757412,0.474409464586555,-0.16018356973872802,2.7678944895839948,0.04124202771757412,6,13,6,4.0,0.25,0.04011258465492652,6.0,0.5,0.15822442420363736,9.0,0.2222222222222222,-0.03624426191195799,397.8495819527678,397.8495819527678,0.003978495819527678,0.005020497735600089,,,,,,,0.24922248216822185,completed,-12.511543284907756,0.1460597600728002,completed,-2.19527107536559
5y,us_etfs_unger_sma50_200,us,etfs,unger_sma50_200,completed,0,100000.0,153267.55019993318,0.5326755019993317,0.0896010359430468,0.08937288040355518,0.18041716171235733,0.5660493355434736,0.788668134776032,0.269759905003989,0.895560686399828,-0.33215105091960145,995.0,-0.027630235432085926,0.6666666666666666,0.011279458744341636,0.5981057691674138,0.9482071713147411,0.0,0.9808474394713851,6,0.08253850971737803,0.9434262948207172,1.0000000000000002,0.12992585302060256,0.0859927752439515,0.25653839299762443,-0.13718560369437915,2.9696821966543245,0.0859927752439515,4,2,4,2.0,1.0,0.22447778660275222,1.0,0.0,-0.09945288126633758,3.0,0.6666666666666666,0.055484653174847375,134.4004947039296,134.4004947039296,0.0013440049470392961,0.0025231213787657576,,,,,,,0.24922248216822185,completed,-15.984960176466668,0.1460597600728002,completed,-5.668687966924502
5y,us_etfs_unger_sma200_slope50,us,etfs,unger_sma200_slope50,completed,0,100000.0,166143.28804623324,0.6614328804623324,0.10740772455954906,0.10713204165011558,0.17968215895975473,0.6579243431194899,0.9257279914294365,0.414190974756386,0.9274488398865091,-0.25931932636321414,863.0,-0.027575328688947107,0.5,0.012354136994126224,0.6969917919547356,0.9760956175298805,0.0,0.9808474394713851,4,0.15215514163787294,0.9729083665338646,1.0,0.06514536894868232,0.15381227989961,0.5113292928548365,-0.026370911153761185,17.70867728601362,0.15381227989961,2,2,4,2.0,1.0,0.3251171998027241,,,,2.0,0.0,-0.01749264000350407,93.55689446235273,93.55689446235273,0.0009355689446235273,0.0014144578720815596,,,,,,,0.24922248216822185,completed,-14.209044051810626,0.1460597600728002,completed,-3.892771842268461
5y,us_etfs_robotwealth_close_sma100,us,etfs,robotwealth_close_sma100,completed,0,100000.0,131228.7000745477,0.312287000745477,0.05613324021981225,0.055992486623196,0.14385665618860527,0.4518396274187845,0.623912854161373,0.20594975919871308,0.841241161848916,-0.2725579308187072,1303.0,-0.021792392881175997,0.4722222222222222,0.0020059955554541592,0.4144648722361545,0.8326693227091634,0.0,0.9808474394713851,36,0.008293166127757105,0.80398406374502,1.0000000000000002,-0.002566107026245423,0.008773204799159976,0.17018654507953185,-0.08815907210276155,1.6876764939490818,0.008773204799159976,17,19,9,26.0,0.5769230769230769,0.01133489019536989,1.0,1.0,0.17018654507953185,9.0,0.1111111111111111,-0.016562035265487773,756.2420733681013,756.2420733681013,0.007562420733681013,0.02421625208743353,,,,,,,0.24922248216822185,completed,-19.322999554502584,0.1460597600728002,completed,-9.006727344960419
5y,us_etfs_unger_donchian5,us,etfs,unger_donchian5,completed,0,100000.0,91717.1238887585,-0.082828761112415,-0.017224880984159974,-0.017183208441640785,0.20176353253207335,0.015509140651114313,0.021110475268750154,-0.03363340903543596,0.5137888257916521,-0.5121360420530652,1394.0,-0.030858795393076784,0.375,-0.03491091716766208,0.25436241066427034,0.902788844621514,0.0,0.9808474394713851,80,-0.0011140522476010858,0.8390438247011952,1.0000000000000002,-0.008834665840956813,5.068627876100851e-05,0.1985608099844428,-0.08766149635447397,0.9358482176111768,5.068627876100851e-05,30,50,9,56.0,0.375,0.005677522840970799,6.0,0.3333333333333333,-0.0019189562888043351,18.0,0.3888888888888889,-0.016798479947814332,1486.1532701177853,1486.1532701177853,0.014861532701177852,-0.17942478556461597,,,,,,,0.24922248216822185,completed,-26.640569060986262,0.1460597600728002,completed,-16.324296851444096
5y,us_etfs_alvarez_monthly_momentum10,us,etfs,alvarez_monthly_momentum10,completed,0,100000.0,159725.45472216222,0.5972545472216222,0.09867550757663457,0.0984232193812582,0.1825725631584418,0.6068296255722768,0.8508081232097633,0.3216120332430072,0.9116863549839582,-0.3068153469931774,925.0,-0.028924821676584465,0.4,-0.0035679774781016975,0.7524298804625684,0.9250996015936255,0.0,0.9808474394713851,5,0.1158767742224965,0.9211155378486056,1.0000000000000002,-0.023760885611104624,0.1302984652774216,0.698928168415787,-0.10042497312222555,4.213903150429185,0.1302984652774216,2,3,4,3.0,0.6666666666666666,0.258559395040146,,,,2.0,0.0,-0.062092929366665085,109.05757143090489,109.05757143090489,0.0010905757143090489,0.0018259814335149316,,,,,,,0.24922248216822185,completed,-15.079926278696366,0.1460597600728002,completed,-4.7636540691541995
5y,us_etfs_alvarez_monthly_sma10,us,etfs,alvarez_monthly_sma10,completed,0,100000.0,136664.43303341925,0.3666443303341924,0.06478252427841213,0.06461942700122614,0.17560433247430213,0.445967902699533,0.5972688081271152,0.15092733761947597,0.8364628402902397,-0.42922988837015347,1379.0,-0.02815833580834866,0.5714285714285714,0.004533564573123637,0.4854834503124307,0.8717131474103585,0.0,0.9808474394713851,7,0.05486479281931493,0.8661354581673307,1.0000000000000002,0.05337668005826356,0.0618222099925582,0.3309394636472297,-0.21798430444130085,1.947204790302688,0.0618222099925582,4,3,3,3.0,1.0,0.15725852834314202,2.0,0.0,-0.07598763714372375,2.0,0.5,0.05647757960296443,137.32058507763116,137.32058507763116,0.0013732058507763116,0.0037453350213397527,,,,,,,0.24922248216822185,completed,-18.46030551669957,0.1460597600728002,completed,-8.144033307157406
5y,us_etfs_alvarez_monthly_dual10,us,etfs,alvarez_monthly_dual10,completed,0,100000.0,135052.83712042903,0.35052837120429037,0.062247276676479,0.06209074647960566,0.1741000076447141,0.4346362875129003,0.5788691558969248,0.14926775211470417,0.8301439194002829,-0.41701757944773865,1380.0,-0.028650940938788907,0.5714285714285714,0.006981236678043057,0.4520779574290905,0.8247011952191236,0.0,0.9808474394713851,7,0.05251979839307162,0.8191235059760956,1.0000000000000002,0.02345751979919649,0.059831087423403116,0.3309394636472298,-0.21798430444130085,1.937769037364224,0.059831087423403116,4,3,4,4.0,0.75,0.09815438555475947,1.0,0.0,-0.08675508946114503,2.0,0.5,0.056477579602964484,136.98991465527303,136.98991465527303,0.0013698991465527302,0.003908097772075471,,,,,,,0.24922248216822185,completed,-18.71317356886162,0.1460597600728002,completed,-8.396901359319454
5y,us_etfs_alvarez_monthly_either10,us,etfs,alvarez_monthly_either10,completed,0,100000.0,177194.01679077512,0.7719401679077511,0.12183132047246881,0.1215166285272049,0.18142602427626914,0.724499929124156,1.0242273587582522,0.4223877637224156,0.9466174221196868,-0.28843477708443704,788.0,-0.028305797556789653,0.5,0.016949954672816552,0.7542056187003858,0.9394422310756972,0.0,0.9808474394713851,4,0.18318174461066614,0.9362549800796812,1.0000000000000002,0.05111400682243393,0.19843357899934796,0.7919312754747495,-0.10042497312222555,6.628639197308363,0.19843357899934796,2,2,3,2.0,1.0,0.458960087365361,,,,2.0,0.0,-0.062092929366665085,92.0015170440424,92.0015170440424,0.000920015170440424,0.0011918218648137094,,,,,,,0.24922248216822185,completed,-12.770585364101695,0.1460597600728002,completed,-2.4543131545595287
5y,us_etfs_alvarez_rotation_roc_hv63,us,etfs,alvarez_rotation_roc_hv63,completed,0,100000.0,105627.37184760922,0.056273718476092194,0.011062603800990667,0.011035458084475813,0.2761974780552986,0.17926702613643036,0.24076822014697363,0.03139649060275206,0.654691726215363,-0.3523516032718948,1302.0,-0.04308889119529245,0.5087719298245614,-0.0035370393797567986,0.3490691107212327,0.951394422310757,0.0,0.9808474394713851,57,0.0009156137363344939,0.9059760956175299,1.0000000000000002,0.00977550340227267,0.0028258495106787238,0.1534933903119121,-0.17367393453515972,1.0379418697756824,0.0028258495106787238,29,28,6,45.0,0.5111111111111111,0.0015313190899567699,5.0,0.6,0.021779839753348428,7.0,0.42857142857142855,-0.002390733672301358,1229.7649516604588,1229.7649516604588,0.012297649516604588,0.2185327333900862,,,,,,,0.24922248216822185,completed,-23.818702408374605,0.1460597600728002,completed,-13.502430198832439
5y,us_etfs_alvarez_rotation_roc_hv126,us,etfs,alvarez_rotation_roc_hv126,completed,0,100000.0,132455.53871874837,0.3245553871874838,0.05811004711776446,0.05796420198852181,0.2725635042507937,0.3449406242277941,0.46330534970972775,0.12955734415028927,0.7769853909369822,-0.4485276191703619,1302.0,-0.0437772439044967,0.5614035087719298,0.02693775747519372,0.4436723328252193,0.951394422310757,0.0,0.9808474394713851,57,0.004420219495500859,0.9059760956175299,1.0000000000000002,0.018843636501335394,0.007284073366499149,0.15629177494284735,-0.1819100984598227,1.171250511916588,0.007284073366499149,32,25,5,45.0,0.6,0.013254403148182417,5.0,0.4,-0.032904164814329485,7.0,0.42857142857142855,-0.002390733672301386,1471.74938043915,1471.74938043915,0.0147174938043915,0.045346632301899635,,,,,,,0.24922248216822185,completed,-19.125828017970004,0.1460597600728002,completed,-8.809555808427838
5y,us_etfs_alvarez_rotation_roc_hv252,us,etfs,alvarez_rotation_roc_hv252,completed,0,100000.0,247600.2759805441,1.476002759805441,0.19985017785149317,0.19931680129893792,0.25565848565460275,0.8419736550227476,1.1588287809873459,0.6451238489114127,0.9664215083817693,-0.3097857538342785,750.0,-0.039343029546055494,0.6140350877192983,0.16953576917450752,0.3855558361169198,0.951394422310757,0.0,0.9808474394713851,57,0.017538266309136172,0.9059760956175299,1.0000000000000002,0.014317665902769821,0.017889881260248205,0.15629177494284735,-0.17367393453515959,2.1090021506693213,0.017889881260248205,35,22,5,45.0,0.6444444444444445,0.021264224371007882,5.0,0.6,0.02177983975334847,7.0,0.42857142857142855,-0.006580866232564183,1697.941298773639,1697.941298773639,0.01697941298773639,0.011503645826498675,,,,,,,0.24922248216822185,completed,-4.990568086928393,0.1460597600728002,completed,5.3257041226137725
5y,us_etfs_alvarez_three_factor,us,etfs,alvarez_three_factor,completed,0,100000.0,114317.14021438341,0.14317140214383417,0.02725409041020077,0.027186683216594343,0.19474032423693727,0.23631368138497666,0.31802723867094523,0.07263306661056759,0.699492725825714,-0.3752297910857518,1652.0,-0.030637088676477346,0.6037735849056604,-0.006226813992328525,0.34386904690144626,0.8836653386454183,0.0,0.9808474394713851,53,0.002994151494112905,0.8414342629482072,1.0000000000000002,0.013375811171605306,0.003786183333563475,0.08866218833038964,-0.17367393453515967,1.1668825798442939,0.003786183333563475,32,21,8,45.0,0.6,0.004283228604991618,5.0,0.6,-0.008444495733279279,3.0,0.6666666666666666,0.016714969373545926,957.7722685527538,957.7722685527538,0.009577722685527538,0.06689689799856455,,,,,,,0.24922248216822185,completed,-22.20357989516275,0.1460597600728002,completed,-11.887307685620584
5y,us_etfs_momentum_12_1,us,etfs,momentum_12_1,completed,0,100000.0,303441.1463058886,2.034411463058886,0.24990270903162948,0.24922248216822185,0.27487247697728795,0.9504583860549671,1.3200393389166467,0.6317736488907384,0.9807551765319156,-0.3955573479052285,922.0,-0.04168985487314856,0.65,0.2077493946380588,0.4765026937738744,0.9904382470119522,0.0,0.9808474394713851,20,0.06487493740900743,0.9745019920318725,1.0000000000000002,0.06815464033183088,0.06307429191932502,0.38795555982959956,-0.09748614368906855,5.366170707803994,0.06307429191932502,13,7,4,15.0,0.7333333333333333,0.0930551651883518,1.0,0.0,-0.04859515554307697,4.0,0.5,-0.021436620973924944,647.5256316940121,647.5256316940121,0.00647525631694012,0.003182864643912348,,,,,,,0.24922248216822185,completed,0.0,0.1460597600728002,completed,10.316272209542166
5y,us_etfs_mark_minervini,us,etfs,mark_minervini,completed,0,100000.0,197400.11096163595,0.9740011096163594,0.14644205142080624,0.1460597600728002,0.2025037755882798,0.7769453396298472,1.0845193470285517,0.5007375295726026,0.9552110548308119,-0.29245271778570253,1043.0,-0.03189666034650532,0.40540540540540543,0.12138394346492609,0.28122658485368296,0.8191235059760956,0.0,0.9808474394713851,37,0.018957634806077466,0.7896414342629482,1.0000000000000002,-0.007861506799711183,0.021281173617375807,0.3036885885099918,-0.0816306943013607,2.2897714588103706,0.021281173617375807,15,22,6,33.0,0.42424242424242425,0.025553552210960097,,,,4.0,0.25,-0.013965949779694611,1037.296510258521,1037.296510258521,0.01037296510258521,0.01064984936893031,,,,,,,0.24922248216822185,completed,-10.316272209542166,0.1460597600728002,completed,0.0
5y,us_stocks_chan_return_12m,us,stocks,chan_return_12m,completed,0,100000.0,183876.77554973387,0.8387677554973387,0.1302083502547957,0.12987079482521957,0.3166228793161781,0.5460719258976396,0.751153759350386,0.4294724099235732,0.8862438350765076,-0.303182107269631,582.0,-0.04785617630196692,0.5557404326123128,-0.01001958487675748,1.2037900860807296,0.999203187250996,0.0,0.9808474394713851,601,0.01182211512126136,0.9462572438709124,1.0000000000000002,0.01361936660936959,0.013888902229271124,0.6253237490113125,-0.408429328051414,1.2791232790041889,0.013888902229271124,334,267,129,452.0,0.5331858407079646,0.009742830437595653,56.0,0.6964285714285714,0.0541889046503768,93.0,0.5806451612903226,0.009773034640619445,1427.3693929784197,1427.3693929784197,0.014273693929784196,0.017017456663341552,,,,,,,,,,,,
5y,us_stocks_chan_weighted_13612,us,stocks,chan_weighted_13612,provisional,2,100000.0,168984.39715973724,0.6898439715973725,0.11118752328035963,0.11090166176395733,0.2784281658675753,0.5190396294447749,0.710856766949821,0.33522163348425393,0.8738265083314776,-0.33168361517927614,1249.0,-0.04182568415574728,0.5310015898251192,-0.006434011833872004,0.9932631597714449,0.9990438247011951,0.0,0.9808474394713851,629,0.009280949738515428,0.9405702703200661,1.0000000000000002,0.005461346989555268,0.011519837931360546,0.625323749011312,-0.40842932805141413,1.2163429025578263,0.011519837931360546,334,295,208,456.0,0.5109649122807017,0.011765537071862252,64.0,0.671875,0.034232525186368414,109.0,0.5321100917431193,-0.0028439308061557833,1493.4797015137244,1493.4797015137244,0.014934797015137244,0.021649528922540087,,,,,,,,,,,,
5y,us_stocks_chan_log_ma_7_10,us,stocks,chan_log_ma_7_10,provisional,2,100000.0,119332.47860048397,0.1933247860048397,0.036156093844839754,0.03606628576813975,0.18005821841763175,0.28744387636642504,0.40495673077156524,0.09342363016672216,0.7388133571812461,-0.3870122984978878,1435.0,-0.025802280047027202,0.4358565737051793,-0.0684763381166798,0.8071397277852008,0.9891633466135458,0.0,0.9808474394713851,1255,0.001629837976156486,0.8886634351417843,1.0000000000000002,-0.0055411664692602966,0.0021540704053782667,0.6654537884673205,-0.30196906455975736,1.074147219349375,0.0021540704053782667,547,708,287,893.0,0.42889137737961924,0.00293201777357447,122.0,0.39344262295081966,-0.0009191708747582245,240.0,0.48333333333333334,0.0008216888902842709,2374.252539989553,2374.252539989553,0.02374252539989553,0.12281159540143607,,,,,,,,,,,,
5y,us_stocks_chan_log_ma_50_200,us,stocks,chan_log_ma_50_200,completed,0,100000.0,119290.34706898863,0.19290347068988623,0.03608256833531387,0.035992946041932816,0.17391622517662378,0.29085410541646767,0.4083661762089728,0.14488176226245494,0.7414999445425134,-0.24904838105123192,731.0,-0.02542501717356185,0.3888888888888889,-0.06349102690154579,0.764319265651688,0.9845418326693227,0.0,0.9808474394713851,90,0.021056552794964302,0.9713073640264953,1.0,-0.03338947355549182,0.029311133207645397,1.416946154607119,-0.4823618826036189,1.2897835360165295,0.029311133207645397,35,55,78,61.0,0.4098360655737705,0.042117474854996985,13.0,0.46153846153846156,0.05625785945730728,16.0,0.25,-0.0414072594007328,185.15339969362316,185.15339969362316,0.0018515339969362315,0.009598240976766956,,,,,,,,,,,,
5y,us_stocks_alvarez_ma200_confirm3,us,stocks,alvarez_ma200_confirm3,provisional,1,100000.0,269144.81112879206,1.6914481112879205,0.220137210937549,0.21954491438125223,0.23663907382292984,0.9597255300831709,1.3590846354996375,0.6888609924107365,0.982921680420128,-0.31956695670509266,784.0,-0.03462841508243771,0.46078431372549017,0.06755270081191828,1.0640638795751673,0.9991235059760957,0.0,0.9808474394713851,102,0.1392104221047867,0.986609260940765,1.0000000000000002,-0.013010388384353918,0.154452624558854,4.322994342258163,-0.3197396266856854,3.997233664783906,0.154452624558854,47,55,57,50.0,0.56,0.2176482441210106,27.0,0.4444444444444444,0.1955133474922426,25.0,0.28,-0.016284195333519033,259.9221348741664,259.9221348741664,0.0025992213487416637,0.001536684058704311,,,,,,,,,,,,
5y,us_stocks_alvarez_ma200_confirm5,us,stocks,alvarez_ma200_confirm5,provisional,2,100000.0,236538.22186622565,1.3653822186622566,0.18888012234608298,0.18837825951403864,0.23827127823797262,0.8457432779520219,1.2000639749638462,0.6737767571135361,0.9693610157072431,-0.28033042154087745,571.0,-0.034576046611048586,0.4787234042553192,0.03846915126247285,1.0774499252679732,0.9990438247011951,0.0,0.9808474394713851,94,0.11332328262920083,0.987069535689396,1.0,-0.012829072193360212,0.13048602425721798,4.765139751498099,-0.3579053571174585,3.1607547656711183,0.13048602425721798,45,49,52,58.0,0.5689655172413793,0.19660806198526426,18.0,0.2777777777777778,0.05375964317007052,18.0,0.3888888888888889,-0.005847494001561345,254.62636337874085,254.62636337874085,0.0025462636337874084,0.0018648724137349097,,,,,,,,,,,,
5y,us_stocks_unger_close_sma200,us,stocks,unger_close_sma200,provisional,1,100000.0,203465.93876488376,1.0346593876488375,0.1534361290732933,0.15303439094159654,0.24502802073066735,0.7056607666525517,0.986782271403031,0.4348252125521558,0.9406342500307538,-0.3528685196810872,783.0,-0.035945483526302155,0.4267515923566879,0.00982066512210808,1.0732910081653082,0.9991235059760957,0.0,0.9808474394713851,157,0.05503941755299604,0.9794573418624407,1.0000000000000002,-0.015751969351397277,0.0706251629238014,4.759102092540358,-0.38555738120865357,2.0907115386564454,0.0706251629238014,67,90,61,80.0,0.475,0.10146116182955231,42.0,0.3333333333333333,0.023110720270031363,35.0,0.42857142857142855,0.057160210895180565,386.31795826690836,386.31795826690836,0.0038631795826690836,0.0037337694209181086,,,,,,,,,,,,
5y,us_stocks_unger_sma50_200,us,stocks,unger_sma50_200,provisional,1,100000.0,254376.20599758168,1.5437620599758168,0.20637773405866588,0.20582548980650528,0.24221076855723095,0.8961254173313132,1.2815064431561076,0.7000126865943758,0.9765989998200759,-0.29481999113860635,754.0,-0.03513624678721466,0.625,0.04831863837351532,1.1175395403615145,0.9991235059760957,0.0,0.9808474394713851,72,0.16142186290459543,0.9893834992384158,1.0,0.034182481835712944,0.18278432172281622,4.654867779503745,-0.3211882762050313,5.388117457889624,0.18278432172281622,45,27,44,42.0,0.6666666666666666,0.2923518469909756,9.0,0.7777777777777778,0.09670186531301225,21.0,0.47619047619047616,0.0005417525049847205,206.70967120412237,206.70967120412237,0.0020670967120412238,0.00133899955545844,,,,,,,,,,,,
5y,us_stocks_unger_sma200_slope50,us,stocks,unger_sma200_slope50,completed,0,100000.0,224156.36455701067,1.241563645570107,0.17610384680339441,0.1756383757716562,0.24880515970755368,0.776466863182953,1.1150682404782324,0.46507339169833617,0.9582922983389826,-0.3786581858839645,825.0,-0.03675723759627985,0.5283018867924528,0.010972410829901424,1.1992326138736038,0.999203187250996,0.0,0.9808474394713851,53,0.22751886518582903,0.9685378787877453,1.0,0.006982134217417743,0.2295691630226244,3.0920034860689145,-0.6601538659526193,4.951543702157401,0.2295691630226244,28,25,39,29.0,0.6206896551724138,0.3314167905772637,5.0,0.8,0.2569317486244815,19.0,0.3157894736842105,0.06691684054400192,121.5562813285374,121.5562813285374,0.001215562813285374,0.0009790579948297426,,,,,,,,,,,,
5y,us_stocks_robotwealth_close_sma100,us,stocks,robotwealth_close_sma100,completed,0,100000.0,123103.36823728567,0.2310336823728567,0.04265437501192815,0.04254809710092311,0.17172868063878977,0.329349014049463,0.4535488661387325,0.1335111965748582,0.7677395833098792,-0.31948163229899845,876.0,-0.02493060871215227,0.32592592592592595,-0.06042742486559598,0.782144262271546,0.9943426294820717,0.0,0.9808474394713851,540,0.0047060949511057324,0.9520520536657742,1.0000000000000004,-0.015569416490735972,0.004836162056151019,1.7201573527839564,-0.3236977484821133,1.1879914647588772,0.004836162056151019,176,364,211,352.0,0.3153409090909091,0.0006960963336838154,81.0,0.32098765432098764,0.019692419575797017,107.0,0.3644859813084112,0.007209491731077466,984.1593706927531,984.1593706927531,0.009841593706927531,0.04259809048554459,,,,,,,,,,,,
5y,us_stocks_unger_donchian5,us,stocks,unger_donchian5,provisional,2,100000.0,179398.70122004586,0.7939870122004586,0.12462244854417359,0.12430015561008312,0.18852462860505237,0.7175283894431075,1.026005943352194,0.4727785784103615,0.9441613497752235,-0.26359580199931143,829.0,-0.026852904758887824,0.4078282828282828,0.016764825752354082,0.7805928791317405,0.9904382470119522,0.0,0.9808474394713851,792,0.007587524075792985,0.926174583712192,1.0,-0.011059267044993673,0.008538985234001525,0.5000151513774406,-0.2780716396676495,1.2953223367732059,0.008538985234001525,323,469,210,567.0,0.4091710758377425,0.010155946728401963,89.0,0.4044943820224719,4.3405229417647906e-05,136.0,0.40441176470588236,0.0073572900360818,2100.815789747346,2100.815789747346,0.02100815789747346,0.02645906995285902,,,,,,,,,,,,
5y,us_stocks_alvarez_monthly_momentum10,us,stocks,alvarez_monthly_momentum10,completed,0,100000.0,244228.0367142514,1.442280367142514,0.19654820568258535,0.19602434049577733,0.24883945429700643,0.8460169314662754,1.204163441372738,0.514123828939151,0.9695151641030626,-0.38229740505929316,791.0,-0.03627752374066615,0.5294117647058824,0.044629776786547275,1.0977811381706428,0.9155378486055777,0.0,0.9808474394713851,51,0.25469847911359916,0.9211892289959199,1.0,0.03934109758467075,0.26976401189678595,5.0867424881748216,-0.5474524610116861,5.172069111714292,0.26976401189678595,27,24,29,31.0,0.6129032258064516,0.38966549560061814,4.0,0.75,0.10094061274633705,16.0,0.3125,0.07966073700822353,127.6781914344393,127.6781914344393,0.001276781914344393,0.0008852522321121164,,,,,,,,,,,,
