market,strategy,regime,sizing,sl,tp,trail,cagr,sharpe,sortino,calmar,max_drawdown,total_return,trades,exposure,benchmark_return
india,golden_cross_50_200,none,equal_slot,none,none,none,12.157793988716525,0.6718843546570783,0.9487674525120562,0.4072098724033526,-29.856334074027302,40.063379447285016,49.0,97.85425101214574,25.79863906199593
india,golden_cross_50_200,none,equal_slot,none,none,0.15,11.713069782560614,0.8704895939729743,1.2168712486592388,0.8388654675544605,-13.962989580090426,38.43877150743309,123.0,92.90148448043185,25.79863906199593
india,golden_cross_50_200,none,equal_slot,none,none,0.25,18.977934278830723,1.10362530185067,1.5781050495267674,0.9291445629935694,-20.425168520264016,66.57420683989076,59.0,97.13900134952766,25.79863906199593
india,golden_cross_50_200,none,equal_slot,none,0.25,none,18.479193540714057,1.313829479889207,1.8422688862307393,1.4348974685095417,-12.87840695677635,64.53207692695146,96.0,96.43724696356276,25.79863906199593
india,golden_cross_50_200,none,equal_slot,none,0.25,0.15,11.110231764759781,0.8782348770517646,1.2099380380409124,0.7533456640330334,-14.747853867348482,36.256472425038,153.0,92.83400809716599,25.79863906199593
india,golden_cross_50_200,none,equal_slot,none,0.25,0.25,14.736458817697361,1.0557477740489047,1.461687653771599,0.8497512198963346,-17.34208609844083,49.731700823240764,112.0,95.53306342780029,25.79863906199593
india,golden_cross_50_200,none,equal_slot,0.08,none,none,10.230735824854097,0.5767987800383346,0.7823106370705741,0.4209485601361283,-24.304004797036566,33.1135400473126,94.0,95.81646423751687,25.79863906199593
india,golden_cross_50_200,none,equal_slot,0.08,none,0.15,12.899068125092006,0.8864161478531917,1.277487634942317,0.7894253291234102,-16.339820435474657,42.799159829983545,153.0,90.08097165991902,25.79863906199593
india,golden_cross_50_200,none,equal_slot,0.08,none,0.25,12.832254081238737,0.7389166364642707,0.990959282874962,0.586665032633397,-21.87322128888075,42.55114060346765,99.0,96.0458839406208,25.79863906199593
india,golden_cross_50_200,none,equal_slot,0.08,0.25,none,22.663499911254604,1.6597849146971015,2.468239803876838,1.969770461402791,-11.50565528082626,82.18530142678296,178.0,92.13225371120109,25.79863906199593
india,golden_cross_50_200,none,equal_slot,0.08,0.25,0.15,18.458228206407725,1.4031888675284239,2.0420909203209923,1.3350539197123157,-13.825829754041093,64.44659642793586,198.0,88.47503373819163,25.79863906199593
india,golden_cross_50_200,none,equal_slot,0.08,0.25,0.25,21.77887827730722,1.585669124180911,2.3506182419145443,1.8514504158446639,-11.763144230557922,78.35396444033194,178.0,91.72739541160594,25.79863906199593
india,golden_cross_50_200,none,equal_slot,0.15,none,none,14.025261995162852,0.7820612353241585,1.1204393115554243,0.5610476887587139,-24.998341987992045,47.022607297565756,58.0,97.69230769230771,25.79863906199593
india,golden_cross_50_200,none,equal_slot,0.15,none,0.15,11.525704960124482,0.8546514008156489,1.1917818485914369,0.8081862485499283,-14.261199050100451,37.75805307832627,123.0,92.90148448043185,25.79863906199593
india,golden_cross_50_200,none,equal_slot,0.15,none,0.25,15.015029619777742,0.9190632148238597,1.3024401462152182,0.6139854491065131,-24.455025182808463,50.801739858295925,71.0,96.95006747638327,25.79863906199593
india,golden_cross_50_200,none,equal_slot,0.15,0.25,none,10.557881225857834,0.784259984406426,1.0659556529410352,0.5972674822387665,-17.67697311476463,34.27696635528235,112.0,94.97975708502024,25.79863906199593
india,golden_cross_50_200,none,equal_slot,0.15,0.25,0.15,10.683478533162916,0.8409606759709533,1.153599269695479,0.6969469912414076,-15.328968583583979,34.72540283837225,153.0,92.83400809716599,25.79863906199593
india,golden_cross_50_200,none,equal_slot,0.15,0.25,0.25,14.290688351223357,1.0620668215765656,1.482735821436176,1.046278970977962,-13.65858317678485,48.029856018138894,118.0,94.80431848852902,25.79863906199593
india,golden_cross_50_200,none,equal_slot,0.25,none,none,13.77138705531853,0.7684159381589544,1.090648664000678,0.4822652853520796,-28.55562586318996,46.06343319521385,54.0,97.3549257759784,25.79863906199593
india,golden_cross_50_200,none,equal_slot,0.25,none,0.15,11.713069782560614,0.8704895939729743,1.2168712486592388,0.8388654675544605,-13.962989580090426,38.43877150743309,123.0,92.90148448043185,25.79863906199593
india,golden_cross_50_200,none,equal_slot,0.25,none,0.25,18.934600311290637,1.1001045091381008,1.5723172114250226,0.9260896755499731,-20.445752513163505,66.39611345179071,59.0,97.13900134952766,25.79863906199593
india,golden_cross_50_200,none,equal_slot,0.25,0.25,none,19.515946145407483,1.4167816790033592,1.978321252275464,1.7723929745122178,-11.011071712681826,68.79579932041466,100.0,96.58569500674764,25.79863906199593
india,golden_cross_50_200,none,equal_slot,0.25,0.25,0.15,11.110231764759781,0.8782348770517646,1.2099380380409124,0.7533456640330334,-14.747853867348482,36.256472425038,153.0,92.83400809716599,25.79863906199593
india,golden_cross_50_200,none,equal_slot,0.25,0.25,0.25,14.68996719504958,1.0510393679929961,1.4541036903357571,0.8460154688494461,-17.363709927228,49.5536074351407,112.0,95.53306342780029,25.79863906199593
india,golden_cross_50_200,bull,equal_slot,none,none,none,2.4497961963519055,0.22308286275073716,0.30836620000126563,0.06626254542840745,-36.97105477179046,7.3657902555589905,42.0,83.84615384615385,25.79863906199593
india,golden_cross_50_200,bull,equal_slot,none,none,0.15,8.858769913605835,0.7562461687211323,1.0665383713053378,0.6297512240893255,-14.06709439337157,28.30681748372328,88.0,74.3859649122807,25.79863906199593
india,golden_cross_50_200,bull,equal_slot,none,none,0.25,12.096831898984494,0.7971310872092605,1.125536691090609,0.49342345183729763,-24.51612677496595,39.83994116520271,45.0,79.70310391363023,25.79863906199593
india,golden_cross_50_200,bull,equal_slot,none,0.25,none,2.6545508546720553,0.2713323093589346,0.36235378907615884,0.09625645290672448,-27.577900229134748,7.997125343975386,71.0,79.2982456140351,25.79863906199593
india,golden_cross_50_200,bull,equal_slot,none,0.25,0.15,9.454059716177898,0.8671704275926149,1.208993838579457,0.6145838149523398,-15.382864771521925,30.378118879994066,111.0,72.86099865047233,25.79863906199593
india,golden_cross_50_200,bull,equal_slot,none,0.25,0.25,0.5585372427498569,0.1075115160765845,0.1413189941962053,0.019288016516306423,-28.957733537694757,1.649034533250271,89.0,78.08367071524967,25.79863906199593
india,golden_cross_50_200,bull,equal_slot,0.08,none,none,8.18849714716061,0.5227165077744342,0.7047287071305515,0.32395948325903706,-25.276300186628937,26.00072274762326,59.0,79.527665317139,25.79863906199593
india,golden_cross_50_200,bull,equal_slot,0.08,none,0.15,6.1834711209771465,0.5615480956414814,0.7842555903691218,0.3756652011350998,-16.46005832398992,19.26591578385448,105.0,68.42105263157895,25.79863906199593
india,golden_cross_50_200,bull,equal_slot,0.08,none,0.25,8.974891274904673,0.5953621863918397,0.790891348599878,0.39631140701551376,-22.646058417776878,28.70914347247322,69.0,77.01754385964912,25.79863906199593
india,golden_cross_50_200,bull,equal_slot,0.08,0.25,none,9.459323806579544,0.8682131575094278,1.2193388940562702,0.523160994957967,-18.08109529904757,30.396532856208825,125.0,70.13495276653171,25.79863906199593
india,golden_cross_50_200,bull,equal_slot,0.08,0.25,0.15,10.928826277061088,1.0311329218501575,1.442241106201695,0.8325438251655719,-13.127028207659365,35.60424666404298,136.0,67.67881241565452,25.79863906199593
india,golden_cross_50_200,bull,equal_slot,0.08,0.25,0.25,8.353305693857704,0.7705707865081489,1.0762216302057246,0.4427572479681432,-18.86655889246726,26.56519586975785,125.0,69.73009446693658,25.79863906199593
india,golden_cross_50_200,bull,equal_slot,0.15,none,none,13.29099547761392,0.7920995543546425,1.1379532058678032,0.48567503342491813,-27.366025763950685,44.25975870293921,45.0,82.24021592442645,25.79863906199593
india,golden_cross_50_200,bull,equal_slot,0.15,none,0.15,8.776377868612407,0.7486828187498247,1.054808699281511,0.622679262668001,-14.094540150587573,28.021857117445204,88.0,74.3859649122807,25.79863906199593
india,golden_cross_50_200,bull,equal_slot,0.15,none,0.25,16.62583038323109,1.0818391306358865,1.563549110224268,0.7863385203989618,-21.14334978120581,57.088108529332146,50.0,81.5519568151147,25.79863906199593
india,golden_cross_50_200,bull,equal_slot,0.15,0.25,none,1.6511699785593192,0.19475738826353595,0.256683785233602,0.057628997374621245,-28.651721421175797,4.926591468776498,90.0,76.28879892037787,25.79863906199593
india,golden_cross_50_200,bull,equal_slot,0.15,0.25,0.15,9.189594118559864,0.8396646559055737,1.16557180026034,0.5902982771504588,-15.567712924592467,29.455214433013133,111.0,72.86099865047233,25.79863906199593
india,golden_cross_50_200,bull,equal_slot,0.15,0.25,0.25,2.8744572287541903,0.3003698595153835,0.4068328890870001,0.1084949150392975,-26.49393501725906,8.677900131660277,92.0,76.01889338731444,25.79863906199593
india,golden_cross_50_200,bull,equal_slot,0.25,none,none,3.9182188444507826,0.30398286068561103,0.42184469294699556,0.11082256482144849,-35.355785626903796,11.947730310833759,43.0,80.6072874493927,25.79863906199593
india,golden_cross_50_200,bull,equal_slot,0.25,none,0.15,8.858769913605835,0.7562461687211323,1.0665383713053378,0.6297512240893255,-14.06709439337157,28.30681748372328,88.0,74.3859649122807,25.79863906199593
india,golden_cross_50_200,bull,equal_slot,0.25,none,0.25,11.950855519374382,0.7873080748144072,1.1102758655154847,0.48301363148412174,-24.74227380012824,39.305864086620446,45.0,79.70310391363023,25.79863906199593
india,golden_cross_50_200,bull,equal_slot,0.25,0.25,none,4.163624438433278,0.3899337257516384,0.5194774519460329,0.1624747098135742,-25.626292505527044,12.72582396175439,78.0,78.46153846153847,25.79863906199593
india,golden_cross_50_200,bull,equal_slot,0.25,0.25,0.15,9.454059716177898,0.8671704275926149,1.208993838579457,0.6145838149523398,-15.382864771521925,30.378118879994066,111.0,72.86099865047233,25.79863906199593
india,golden_cross_50_200,bull,equal_slot,0.25,0.25,0.25,0.4985051657502737,0.10283154228853962,0.1350645245392133,0.017193484898539738,-28.99384090497048,1.4709411451501841,89.0,78.08367071524967,25.79863906199593
india,golden_cross_50_200,bull,atr_risk,0.15,none,0.25,16.644638460079065,1.0832067651878214,1.5657909686531635,0.7887437349558699,-21.10272034174741,57.16251178574765,50.0,81.5519568151147,25.79863906199593
india,golden_cross_50_200,"bull,pullback",equal_slot,none,none,none,8.394927545977371,0.5219687145769342,0.7298627220566346,0.27350953746320683,-30.693363104775372,26.708014949400336,42.0,89.93252361673414,25.79863906199593
india,golden_cross_50_200,"bull,pullback",equal_slot,none,none,0.15,9.883929330477926,0.8249975790199428,1.1714913328914747,0.8359985512419399,-11.822902462922443,31.887473009491462,100.0,78.94736842105263,25.79863906199593
india,golden_cross_50_200,"bull,pullback",equal_slot,none,none,0.25,13.210368308851983,0.8675562746440626,1.2156576260541965,0.6489798131012959,-20.35559202638872,43.95848370439144,51.0,85.39811066126856,25.79863906199593
india,golden_cross_50_200,"bull,pullback",equal_slot,none,0.25,none,16.7097742856005,1.268125194516726,1.74992624721264,1.285461800252604,-12.999043831809617,57.42036353052138,85.0,85.9919028340081,25.79863906199593
india,golden_cross_50_200,"bull,pullback",equal_slot,none,0.25,0.15,12.658229975119184,1.10766850895636,1.5436678285023435,1.1868406977300017,-10.665483581183063,41.906482729501214,124.0,77.71929824561403,25.79863906199593
india,golden_cross_50_200,"bull,pullback",equal_slot,none,0.25,0.25,10.192459008998611,0.8304789117992145,1.120151151599994,0.5510812749770657,-18.49538257205852,32.97785234704818,94.0,81.33603238866397,25.79863906199593
india,golden_cross_50_200,"bull,pullback",equal_slot,0.08,none,none,4.0977435185964195,0.3108675658006624,0.41470232640568916,0.13945251603392464,-29.384507609741227,12.516589999611028,75.0,83.22537112010797,25.79863906199593
india,golden_cross_50_200,"bull,pullback",equal_slot,0.08,none,0.15,9.568543271522545,0.7944999566611386,1.1287185360255736,0.7306619351227626,-13.095718842825555,30.77897348234304,122.0,76.84210526315789,25.79863906199593
india,golden_cross_50_200,"bull,pullback",equal_slot,0.08,none,0.25,11.64969984163966,0.7214146546457666,0.9613721479021046,0.5559271149813617,-20.95544456763947,38.20829340312273,72.0,85.91093117408907,25.79863906199593
india,golden_cross_50_200,"bull,pullback",equal_slot,0.08,0.25,none,16.445354767481255,1.3931936373058549,1.9839620340783977,1.7523406903140077,-9.3847930704242,56.375341873441464,136.0,77.28744939271255,25.79863906199593
india,golden_cross_50_200,"bull,pullback",equal_slot,0.08,0.25,0.15,14.484397432721385,1.3005961138538875,1.835466022458323,1.3221988833729645,-10.954779658996006,48.76781484403732,159.0,74.17004048582996,25.79863906199593
india,golden_cross_50_200,"bull,pullback",equal_slot,0.08,0.25,0.25,15.465829944263954,1.3074160456571131,1.8534790591352996,1.6281864628846185,-9.49880759778798,52.54400488699047,136.0,76.8825910931174,25.79863906199593
india,golden_cross_50_200,"bull,pullback",equal_slot,0.15,none,none,13.275706513568286,0.7748322888675068,1.1118431324504259,0.5229267437014441,-25.387316050425255,44.20259737668082,47.0,90.08097165991902,25.79863906199593
india,golden_cross_50_200,"bull,pullback",equal_slot,0.15,none,0.15,9.690462037823732,0.8071940942653935,1.1425265641826383,0.7997452197291426,-12.116936492731641,31.206754580384644,100.0,78.94736842105263,25.79863906199593
india,golden_cross_50_200,"bull,pullback",equal_slot,0.15,none,0.25,14.157443695023053,0.9345225394713056,1.3267881326288813,0.6882436959323855,-20.570393566545516,47.52364790051358,55.0,84.37246963562754,25.79863906199593
india,golden_cross_50_200,"bull,pullback",equal_slot,0.15,0.25,none,11.472016465182433,0.9338525663479397,1.2548789493824473,0.7013572715716593,-16.356879624952047,37.563404167222544,92.0,81.33603238866397,25.79863906199593
india,golden_cross_50_200,"bull,pullback",equal_slot,0.15,0.25,0.15,12.26813382727585,1.0671241514695016,1.478628020937063,1.1065562678549237,-11.086769090430273,40.46839554661206,124.0,77.71929824561403,25.79863906199593
india,golden_cross_50_200,"bull,pullback",equal_slot,0.15,0.25,0.25,12.879041241634791,1.081617812053201,1.4949446129975485,0.932737874719028,-13.807782004686356,42.72478855113479,95.0,80.17543859649123,25.79863906199593
india,golden_cross_50_200,"bull,pullback",equal_slot,0.25,none,none,9.985414300856466,0.6226582598189838,0.8741957521248312,0.3582688419884768,-27.871288626259137,32.24547923494403,43.0,87.88124156545209,25.79863906199593
india,golden_cross_50_200,"bull,pullback",equal_slot,0.25,none,0.15,9.883929330477926,0.8249975790199428,1.1714913328914747,0.8359985512419399,-11.822902462922443,31.887473009491462,100.0,78.94736842105263,25.79863906199593
india,golden_cross_50_200,"bull,pullback",equal_slot,0.25,none,0.25,13.162654641679294,0.8637712658382745,1.2097093489881807,0.6459847973470575,-20.376105901773435,43.780390316291374,51.0,85.39811066126856,25.79863906199593
india,golden_cross_50_200,"bull,pullback",equal_slot,0.25,0.25,none,16.7114743503338,1.3100832381933947,1.796256856243754,1.5176973492132129,-11.011071712681826,57.42709727208491,87.0,84.17004048582996,25.79863906199593
india,golden_cross_50_200,"bull,pullback",equal_slot,0.25,0.25,0.15,12.658229975119184,1.10766850895636,1.5436678285023435,1.1868406977300017,-10.665483581183063,41.906482729501214,124.0,77.71929824561403,25.79863906199593
india,golden_cross_50_200,"bull,pullback",equal_slot,0.25,0.25,0.25,10.14218065395578,0.8253958370853819,1.1123944685205491,0.5476799460170527,-18.51844444499706,32.79975895894811,94.0,81.33603238866397,25.79863906199593
india,fifty_two_week_high,none,equal_slot,none,none,none,13.931838480671498,0.7858364099348858,1.0710814504974004,0.6719083590863065,-20.7347301045885,46.66915904286439,189.0,97.86774628879891,25.79863906199593
india,fifty_two_week_high,none,equal_slot,none,none,0.15,7.96885600140067,0.5225144042129787,0.6866809316590978,0.3308537929261407,-24.085732646201294,25.251030831576116,236.0,97.98920377867746,25.79863906199593
india,fifty_two_week_high,none,equal_slot,none,none,0.25,11.974088050516762,0.7036667322626143,0.9492462980825622,0.6566442974579958,-18.235273034230104,39.39077371713042,195.0,98.01619433198381,25.79863906199593
india,fifty_two_week_high,none,equal_slot,none,0.25,none,13.157188817230182,0.8283823781041234,1.08588700148944,0.7403825809233582,-17.770797363737774,43.75999816341274,244.0,97.90823211875843,25.79863906199593
india,fifty_two_week_high,none,equal_slot,none,0.25,0.15,10.303996880954958,0.7078669750517349,0.9332731401883905,0.4664776971419345,-22.088937893679784,33.37349812960755,278.0,97.85425101214574,25.79863906199593
india,fifty_two_week_high,none,equal_slot,none,0.25,0.25,15.043042634854121,0.9872752742144529,1.3242976591240176,0.9924403894265776,-15.157628402795902,50.909620918252884,246.0,97.86774628879891,25.79863906199593
india,fifty_two_week_high,none,equal_slot,0.08,none,none,9.510888821851493,0.5679759169988381,0.7503898334332788,0.4031546938076781,-23.591164800845878,30.576999812129202,238.0,98.00269905533064,25.79863906199593
india,fifty_two_week_high,none,equal_slot,0.08,none,0.15,7.821266309240182,0.5135865461803112,0.6698494491394914,0.33868539753185833,-23.093013062378862,24.7489252365513,271.0,97.86774628879891,25.79863906199593
india,fifty_two_week_high,none,equal_slot,0.08,none,0.25,7.3990056309995555,0.4614325834142016,0.6028973795463862,0.2843103739695915,-26.02439554946003,23.31971452865538,243.0,98.00269905533064,25.79863906199593
india,fifty_two_week_high,none,equal_slot,0.08,0.25,none,8.275304570598617,0.5724382785788203,0.750045486493656,0.3939866357259575,-21.004023538388783,26.29783280275806,306.0,97.88124156545209,25.79863906199593
india,fifty_two_week_high,none,equal_slot,0.08,0.25,0.15,2.186605935664665,0.21231485537281752,0.27180266265962183,0.07509977689505769,-29.116011073110997,6.557857767247022,327.0,97.61133603238866,25.79863906199593
india,fifty_two_week_high,none,equal_slot,0.08,0.25,0.25,8.275304570598617,0.5724382785788203,0.750045486493656,0.3939866357259575,-21.004023538388783,26.29783280275806,306.0,97.88124156545209,25.79863906199593
india,fifty_two_week_high,none,equal_slot,0.15,none,none,16.670213831263435,0.9429250022734441,1.2974615104226106,1.0270580568005134,-16.231033602126068,57.263723201702234,191.0,97.97570850202429,25.79863906199593
india,fifty_two_week_high,none,equal_slot,0.15,none,0.15,7.589071400115932,0.4995098232428596,0.6546658671043726,0.3108312857218105,-24.415403946525643,23.961679436962324,236.0,97.98920377867746,25.79863906199593
india,fifty_two_week_high,none,equal_slot,0.15,none,0.25,17.06379933058999,0.9691260564747831,1.3190293647398716,1.1321792011162164,-15.071641762864726,58.82671457662252,193.0,97.97570850202429,25.79863906199593
india,fifty_two_week_high,none,equal_slot,0.15,0.25,none,13.660160711279712,0.9215581059006188,1.2330735670667925,0.8715470722379021,-15.673462910275216,45.64450834494276,254.0,97.97570850202429,25.79863906199593
india,fifty_two_week_high,none,equal_slot,0.15,0.25,0.15,9.116240097707529,0.6210923471049183,0.80636661406607,0.3904565484308974,-23.347642994700372,29.199996686936956,278.0,97.85425101214574,25.79863906199593
india,fifty_two_week_high,none,equal_slot,0.15,0.25,0.25,12.603957412541188,0.8528644040713427,1.135865435495501,0.8176354736018523,-15.41513036001015,41.70582854313176,252.0,97.94871794871796,25.79863906199593
india,fifty_two_week_high,none,equal_slot,0.25,none,none,13.926031626052593,0.7970638474253909,1.0915854962509335,0.7713313187005001,-18.054539324961503,46.647208543943734,190.0,98.01619433198381,25.79863906199593
india,fifty_two_week_high,none,equal_slot,0.25,none,0.15,7.675477244498485,0.5043900209605917,0.6616495478963114,0.3164860729748509,-24.252180111282197,24.25425042396636,236.0,97.98920377867746,25.79863906199593
india,fifty_two_week_high,none,equal_slot,0.25,none,0.25,11.974088050516762,0.7036667322626143,0.9492462980825622,0.6566442974579958,-18.235273034230104,39.39077371713042,195.0,98.01619433198381,25.79863906199593
india,fifty_two_week_high,none,equal_slot,0.25,0.25,none,15.480521158488214,0.9987735995231231,1.3213998096678927,0.9247627979017977,-16.73999126436758,52.601006091759196,242.0,97.93522267206478,25.79863906199593
india,fifty_two_week_high,none,equal_slot,0.25,0.25,0.15,9.820361438408277,0.6735724482722429,0.8849284603211501,0.43007882714749424,-22.83386397684816,31.663551884351616,278.0,97.85425101214574,25.79863906199593
india,fifty_two_week_high,none,equal_slot,0.25,0.25,0.25,14.864694317457383,0.9713057407441719,1.2988399648961686,0.9765673913454376,-15.221370741222456,50.22365160427691,246.0,97.86774628879891,25.79863906199593
india,fifty_two_week_high,none,atr_risk,0.25,0.25,none,15.764441565355902,1.030794041737001,1.3686043613211962,0.9461086349888633,-16.662401105282658,53.70536406671267,242.0,97.93522267206478,25.79863906199593
india,fifty_two_week_high,bull,equal_slot,none,none,none,9.956465577768503,0.6516562628995615,0.8890205119887584,0.49033450894286434,-20.305455553667077,32.14329223574768,136.0,72.07827260458839,25.79863906199593
india,fifty_two_week_high,bull,equal_slot,none,none,0.15,8.359928706535236,0.6106709354921672,0.8109717735337211,0.41106492424888647,-20.337246535473238,26.587914628428088,169.0,72.6855600539811,25.79863906199593
india,fifty_two_week_high,bull,equal_slot,none,none,0.25,9.827889904768572,0.6524951395792704,0.8786277000167401,0.5555096661267496,-17.69166317715552,31.690058190988847,142.0,72.69905533063428,25.79863906199593
india,fifty_two_week_high,bull,equal_slot,none,0.25,none,12.402724572827694,0.8768034594712732,1.1516389398155034,0.7622263867155789,-16.27170718435875,40.963472272565646,182.0,72.22672064777328,25.79863906199593
india,fifty_two_week_high,bull,equal_slot,none,0.25,0.15,11.526666995938717,0.8829867606178976,1.1873156756324392,0.6404278398564813,-17.998385264640934,37.76154261739912,205.0,72.09176788124157,25.79863906199593
india,fifty_two_week_high,bull,equal_slot,none,0.25,0.25,14.065877543239868,1.0327939698764106,1.3890361163615113,1.0060103447561326,-13.981841853375359,47.17644270749168,184.0,72.61808367071525,25.79863906199593
india,fifty_two_week_high,bull,equal_slot,0.08,none,none,12.51320499976556,0.8034774919836841,1.075575376350976,0.8433948978469007,-14.836709389291384,41.37072079695096,158.0,73.83265856950068,25.79863906199593
india,fifty_two_week_high,bull,equal_slot,0.08,none,0.15,10.268020745442419,0.7155077250660556,0.9491092393079681,0.6202014548953758,-16.555944305507268,33.245799327321635,190.0,72.88798920377869,25.79863906199593
india,fifty_two_week_high,bull,equal_slot,0.08,none,0.25,10.24161782168871,0.673608813780089,0.8880149315866791,0.6190151839128393,-16.545018745664215,33.1521323607052,163.0,74.07557354925775,25.79863906199593
india,fifty_two_week_high,bull,equal_slot,0.08,0.25,none,13.304343793686858,0.9773079580712889,1.326463061489563,0.9298239110949508,-14.308455219246625,44.30967668420456,214.0,73.63022941970311,25.79863906199593
india,fifty_two_week_high,bull,equal_slot,0.08,0.25,0.15,8.483240985588015,0.6456857246949954,0.8491132739341763,0.5196935642867562,-16.323544428014387,27.011401037268424,230.0,72.53711201079622,25.79863906199593
india,fifty_two_week_high,bull,equal_slot,0.08,0.25,0.25,13.304343793686858,0.9773079580712889,1.326463061489563,0.9298239110949508,-14.308455219246625,44.30967668420456,214.0,73.63022941970311,25.79863906199593
india,fifty_two_week_high,bull,equal_slot,0.15,none,none,11.819351347084538,0.7753910712686225,1.061920215272794,0.7151179223649852,-16.527835448448073,38.825889061676634,140.0,72.42914979757084,25.79863906199593
india,fifty_two_week_high,bull,equal_slot,0.15,none,0.15,8.14973636810048,0.5943864491974689,0.7872743434973635,0.39854171694316526,-20.44889160063183,25.868207772359742,169.0,72.6855600539811,25.79863906199593
india,fifty_two_week_high,bull,equal_slot,0.15,none,0.25,11.743161023143234,0.776149663548864,1.0497293283609639,0.7242983427263796,-16.213154622085728,38.548302818470304,143.0,72.60458839406208,25.79863906199593
india,fifty_two_week_high,bull,equal_slot,0.15,0.25,none,13.271353061553492,1.004757675239915,1.3554962716721222,0.8407920269132013,-15.78434694519713,44.18632372249598,187.0,73.03643724696356,25.79863906199593
india,fifty_two_week_high,bull,equal_slot,0.15,0.25,0.15,10.631784955667278,0.7978170300044176,1.051094189376798,0.5588968518858569,-19.02280343822477,34.54071510568988,205.0,72.09176788124157,25.79863906199593
india,fifty_two_week_high,bull,equal_slot,0.15,0.25,0.25,12.250863365388675,0.9335181819725992,1.2521973213157112,0.7734265336843511,-15.839724695026389,40.40495125385204,185.0,73.00944669365722,25.79863906199593
india,fifty_two_week_high,bull,equal_slot,0.25,none,none,11.426486668298041,0.7357065626171019,1.0072081854689459,0.672134869682533,-17.00028845950973,37.398477005874796,136.0,72.45614035087719,25.79863906199593
india,fifty_two_week_high,bull,equal_slot,0.25,none,0.15,8.068604999018403,0.5890284564457383,0.7801735152814699,0.39401737927679853,-20.477789618894402,25.59113422081831,169.0,72.6855600539811,25.79863906199593
india,fifty_two_week_high,bull,equal_slot,0.25,none,0.25,9.827889904768572,0.6524951395792704,0.8786277000167401,0.5555096661267496,-17.69166317715552,31.690058190988847,142.0,72.69905533063428,25.79863906199593
india,fifty_two_week_high,bull,equal_slot,0.25,0.25,none,15.13359624496946,1.0884300374869114,1.4445395015195348,1.0315067143239167,-14.671350205304787,51.25870051470018,179.0,72.41565452091768,25.79863906199593
india,fifty_two_week_high,bull,equal_slot,0.25,0.25,0.15,11.329718398804012,0.8653556838026609,1.1608719757716803,0.6266014226522583,-18.081220356710883,37.04837677975301,205.0,72.09176788124157,25.79863906199593
india,fifty_two_week_high,bull,equal_slot,0.25,0.25,0.25,13.884551744302875,1.014182361485525,1.3585682818973446,0.988859957123306,-14.040968738075355,46.49047339351571,184.0,72.61808367071525,25.79863906199593
india,fifty_two_week_high,bull,atr_risk,0.25,0.25,none,15.401699907277756,1.125866487031863,1.5017059159090735,1.0570048121871651,-14.571078324050768,52.29534784744176,179.0,72.41565452091768,25.79863906199593
india,fifty_two_week_high,"bull,pullback",equal_slot,none,none,none,10.175453184475414,0.633036388040673,0.8654994220734255,0.5014633596762569,-20.291518788221442,32.91759757963979,151.0,79.63562753036437,25.79863906199593
india,fifty_two_week_high,"bull,pullback",equal_slot,none,none,0.15,6.186879809561119,0.4557270907198647,0.6065277519389645,0.2719684371467861,-22.748521388979974,19.277159022606426,185.0,78.582995951417,25.79863906199593
india,fifty_two_week_high,"bull,pullback",equal_slot,none,none,0.25,7.5197183423654,0.5036178719773309,0.6764995531461367,0.3490666922194255,-21.54235425486674,23.72717827909778,157.0,79.77058029689609,25.79863906199593
india,fifty_two_week_high,"bull,pullback",equal_slot,none,0.25,none,10.487239312306196,0.7158296275532643,0.9382076041677714,0.5521165836344833,-18.994610238422112,34.0251773678468,200.0,80.21592442645074,25.79863906199593
india,fifty_two_week_high,"bull,pullback",equal_slot,none,0.25,0.15,9.23882419548978,0.7057543954137596,0.9476899801593778,0.4279895149070668,-21.586566665063952,29.626684994008514,224.0,79.98650472334683,25.79863906199593
india,fifty_two_week_high,"bull,pullback",equal_slot,none,0.25,0.25,12.425990656382302,0.8828436747844435,1.182417639247503,0.7382043704681723,-16.832724315221387,41.049170383752994,200.0,80.17543859649123,25.79863906199593
india,fifty_two_week_high,"bull,pullback",equal_slot,0.08,none,none,10.197431010260583,0.6405243130591063,0.8502639052251241,0.5772585986376387,-17.665273474188286,32.99547246545978,187.0,81.10661268556007,25.79863906199593
india,fifty_two_week_high,"bull,pullback",equal_slot,0.08,none,0.15,10.444410749470624,0.7121006376683852,0.9423411173534807,0.6510307913374698,-16.042882899614856,33.872675228865326,208.0,79.2982456140351,25.79863906199593
india,fifty_two_week_high,"bull,pullback",equal_slot,0.08,none,0.25,8.118576076405049,0.5276931591081044,0.6914308825444757,0.4103292907110841,-19.78551436661001,25.761743935578863,191.0,81.06612685560053,25.79863906199593
india,fifty_two_week_high,"bull,pullback",equal_slot,0.08,0.25,none,8.393574173157692,0.6256555302521866,0.8294099196091662,0.47417384749762354,-17.701470077806768,26.70336938476927,242.0,78.92037786774628,25.79863906199593
india,fifty_two_week_high,"bull,pullback",equal_slot,0.08,0.25,0.15,6.695649641101431,0.5103066457047686,0.6666110500420654,0.32411874444994426,-20.6580142486498,20.963137633365104,257.0,78.92037786774628,25.79863906199593
india,fifty_two_week_high,"bull,pullback",equal_slot,0.08,0.25,0.25,8.393574173157692,0.6256555302521866,0.8294099196091662,0.47417384749762354,-17.701470077806768,26.70336938476927,242.0,78.92037786774628,25.79863906199593
india,fifty_two_week_high,"bull,pullback",equal_slot,0.15,none,none,10.401025652836694,0.6682516858474574,0.9155484307991697,0.5473631131234776,-19.00205805518057,33.71830812664254,154.0,78.71794871794872,25.79863906199593
india,fifty_two_week_high,"bull,pullback",equal_slot,0.15,none,0.15,5.880261470573167,0.4352518461890109,0.577674661128238,0.25486892454094373,-23.07170825617277,18.268600973789972,185.0,78.582995951417,25.79863906199593
india,fifty_two_week_high,"bull,pullback",equal_slot,0.15,none,0.25,10.838790985846503,0.6966889001550313,0.9429405392680293,0.6073056224750818,-17.847341741498905,35.28129950156289,156.0,78.71794871794872,25.79863906199593
india,fifty_two_week_high,"bull,pullback",equal_slot,0.15,0.25,none,11.214739558797904,0.8265544041312799,1.1058440356682626,0.69790016524142,-16.069260500774437,36.633157491572256,203.0,78.89338731443995,25.79863906199593
india,fifty_two_week_high,"bull,pullback",equal_slot,0.15,0.25,0.15,8.225698203947985,0.6204033371309807,0.8169868063835671,0.36016480126596684,-22.838706544989794,26.127991852346753,224.0,79.98650472334683,25.79863906199593
india,fifty_two_week_high,"bull,pullback",equal_slot,0.15,0.25,0.25,10.112437304208921,0.7513848388759553,0.9997558988410726,0.6390601355148859,-15.82392132167876,32.69447768976133,201.0,78.8663967611336,25.79863906199593
india,fifty_two_week_high,"bull,pullback",equal_slot,0.25,none,none,9.319861754389258,0.5982354668862683,0.8164951403944165,0.45101142680591444,-20.66435837422787,29.909268517367792,151.0,79.77058029689609,25.79863906199593
india,fifty_two_week_high,"bull,pullback",equal_slot,0.25,none,0.15,5.883851999473455,0.4355650876408079,0.5783512206907839,0.2568725180048857,-22.905727888576795,18.280378614996696,185.0,78.582995951417,25.79863906199593
india,fifty_two_week_high,"bull,pullback",equal_slot,0.25,none,0.25,7.5197183423654,0.5036178719773309,0.6764995531461367,0.3490666922194255,-21.54235425486674,23.72717827909778,157.0,79.77058029689609,25.79863906199593
india,fifty_two_week_high,"bull,pullback",equal_slot,0.25,0.25,none,12.873709292158253,0.8966332526677576,1.1835082989410466,0.7186860085355545,-17.912842519907453,42.70499227798745,196.0,80.24291497975709,25.79863906199593
india,fifty_two_week_high,"bull,pullback",equal_slot,0.25,0.25,0.15,8.745953923958428,0.6677344381299952,0.8932850496973673,0.3916827070178861,-22.329180653765867,27.91673874875258,224.0,79.98650472334683,25.79863906199593
india,fifty_two_week_high,"bull,pullback",equal_slot,0.25,0.25,0.25,12.239495548516688,0.8659006228751959,1.1556590893135639,0.7240800801003197,-16.903510930477378,40.36320106977702,200.0,80.17543859649123,25.79863906199593
india,fifty_two_week_high,"bull,pullback",atr_risk,0.25,0.25,none,13.167344690772786,0.9300977496687739,1.23283728727783,0.7425015689104044,-17.73376009170649,43.79788969085136,196.0,80.24291497975709,25.79863906199593
india,bll_trading_range_break,none,equal_slot,none,none,none,23.594666995718928,1.0865679975844602,1.485566578576366,0.6828025074517295,-34.55562441294482,86.27644556877043,36.0,99.77058029689609,25.79863906199593
india,bll_trading_range_break,none,equal_slot,none,none,0.15,17.359509969695374,1.228510229318705,1.7967300282650753,0.9093773511704788,-19.089446143948475,60.00774431460947,127.0,99.40620782726046,25.79863906199593
india,bll_trading_range_break,none,equal_slot,none,none,0.25,14.76204503430749,0.8815804399194254,1.189114775907027,0.5415943641933068,-27.256644474680314,49.8297724403957,53.0,99.73009446693656,25.79863906199593
india,bll_trading_range_break,none,equal_slot,none,0.25,none,10.633666026359489,0.7527182606610496,1.0423150387022324,0.43820445093864363,-24.26644915080607,34.54743275391714,68.0,99.74358974358975,25.79863906199593
india,bll_trading_range_break,none,equal_slot,none,0.25,0.15,14.670249381580124,1.0525505545526481,1.5614947334654803,0.7814907272807528,-18.772134933227168,49.478117491584015,154.0,99.35222672064776,25.79863906199593
india,bll_trading_range_break,none,equal_slot,none,0.25,0.25,5.590112359490251,0.4774405689412767,0.6546260387923697,0.22459671546618526,-24.889555254123408,17.319409132205156,83.0,99.59514170040485,25.79863906199593
india,bll_trading_range_break,none,equal_slot,0.08,none,none,28.333186660723065,1.2593820328200889,1.794645950360099,0.9281715130542172,-30.52580935983546,108.03589230998996,67.0,99.3927125506073,25.79863906199593
india,bll_trading_range_break,none,equal_slot,0.08,none,0.15,16.550982549919468,1.097486766713431,1.527744846368568,0.6426071946442095,-25.755986997754054,56.79224660921993,154.0,98.83940620782725,25.79863906199593
india,bll_trading_range_break,none,equal_slot,0.08,none,0.25,12.885623427789582,0.7757202376679659,1.0416024803890003,0.4156605830098782,-31.000349695134204,42.749229156361366,96.0,99.20377867746289,25.79863906199593
india,bll_trading_range_break,none,equal_slot,0.08,0.25,none,7.4890988239903145,0.5695862827625002,0.7744760850119704,0.2780019904437307,-26.939011523034956,23.623738694802164,188.0,99.05533063427801,25.79863906199593
india,bll_trading_range_break,none,equal_slot,0.08,0.25,0.15,5.309608498833485,0.41927471189986487,0.5608814019301668,0.19109982065152797,-27.784476619240777,16.406559943439003,232.0,98.65047233468285,25.79863906199593
india,bll_trading_range_break,none,equal_slot,0.08,0.25,0.25,7.4890988239903145,0.5695862827625002,0.7744760850119704,0.2780019904437307,-26.939011523034956,23.623738694802164,188.0,99.05533063427801,25.79863906199593
india,bll_trading_range_break,none,equal_slot,0.15,none,none,19.480565304216203,0.9444543230129397,1.2873854691814184,0.47175536335376467,-41.29378660525778,68.64910590415928,53.0,99.55465587044534,25.79863906199593
india,bll_trading_range_break,none,equal_slot,0.15,none,0.15,17.2225601868899,1.2188137078748573,1.7809725858450574,0.8883880041193903,-19.386304302883588,59.46006739008425,127.0,99.40620782726046,25.79863906199593
india,bll_trading_range_break,none,equal_slot,0.15,none,0.25,10.67465397702636,0.6336383706732639,0.8431617689051443,0.3090886548498447,-34.535897094676955,34.69386316337686,73.0,99.68960863697707,25.79863906199593
india,bll_trading_range_break,none,equal_slot,0.15,0.25,none,4.519942063332771,0.37337581897522487,0.5098072778568717,0.1469563170304163,-30.757045050314208,13.861915756696286,111.0,99.66261808367072,25.79863906199593
india,bll_trading_range_break,none,equal_slot,0.15,0.25,0.15,14.19183588989046,1.0122193769346166,1.4917226065816118,0.7509808655300706,-18.897733006650345,47.65419738437928,154.0,99.35222672064776,25.79863906199593
india,bll_trading_range_break,none,equal_slot,0.15,0.25,0.25,3.8044525185655154,0.3276830268658815,0.4458813184055255,0.1303198383553688,-29.19319549945392,11.588222719330886,114.0,99.6761133603239,25.79863906199593
india,bll_trading_range_break,none,equal_slot,0.25,none,none,20.4220732753005,0.9675380825431007,1.31095068485318,0.511428624982516,-39.93142401053258,72.58144596372806,41.0,99.7165991902834,25.79863906199593
india,bll_trading_range_break,none,equal_slot,0.25,none,0.15,17.359509969695374,1.228510229318705,1.7967300282650753,0.9093773511704788,-19.089446143948475,60.00774431460947,127.0,99.40620782726046,25.79863906199593
india,bll_trading_range_break,none,equal_slot,0.25,none,0.25,14.669166618887752,0.8753425456102795,1.1800033722818104,0.5371057315581688,-27.311506388754808,49.47397284642705,53.0,99.73009446693656,25.79863906199593
india,bll_trading_range_break,none,equal_slot,0.25,0.25,none,8.752854872694439,0.6512357700666965,0.894478581655692,0.32158292983974296,-27.21803323657857,27.940577359170994,83.0,99.74358974358975,25.79863906199593
india,bll_trading_range_break,none,equal_slot,0.25,0.25,0.15,14.483647091027386,1.0365026681551246,1.5353656409683178,0.7680288542625151,-18.85820696793355,48.764951653937906,154.0,99.35222672064776,25.79863906199593
india,bll_trading_range_break,none,equal_slot,0.25,0.25,0.25,5.452751201329398,0.4664654185492265,0.6387273266566411,0.21745035253973105,-25.075844383067203,16.87180449050496,83.0,99.59514170040485,25.79863906199593
india,bll_trading_range_break,none,atr_risk,0.08,none,none,28.37664996595852,1.261025007703887,1.7969363241091156,0.9296388366101226,-30.524380919188392,108.24285669990176,67.0,99.3927125506073,25.79863906199593
india,bll_trading_range_break,bull,equal_slot,none,none,none,15.369977731453188,0.7735125746666779,1.0461247157372593,0.39314676400924736,-39.094758340912264,52.172447536593644,30.0,88.51551956815115,25.79863906199593
india,bll_trading_range_break,bull,equal_slot,none,none,0.15,15.135636291160859,1.1895619204116972,1.7767566822465368,0.7839997753216126,-19.30566406725297,51.266570916881804,88.0,77.0715249662618,25.79863906199593
india,bll_trading_range_break,bull,equal_slot,none,none,0.25,10.96846290021778,0.6925789184491641,0.915863127533504,0.3964660819899201,-27.665576952170767,35.74658010341951,51.0,86.45074224021592,25.79863906199593
india,bll_trading_range_break,bull,equal_slot,none,0.25,none,11.864045123366317,0.8366628384548229,1.1738882889768352,0.5935725250754845,-19.987524055055562,38.98889363457656,61.0,89.87854251012146,25.79863906199593
india,bll_trading_range_break,bull,equal_slot,none,0.25,0.15,8.845615505596038,0.7803084333434595,1.1352603989703813,0.4780186455639378,-18.504749945811234,28.261293738650515,120.0,76.77462887989203,25.79863906199593
india,bll_trading_range_break,bull,equal_slot,none,0.25,0.25,5.092407687936618,0.44711729640326997,0.6198030911014505,0.20150605810178387,-25.271734933965917,15.702945938593714,73.0,84.66936572199731,25.79863906199593
india,bll_trading_range_break,bull,equal_slot,0.08,none,none,24.40458910433785,1.1337348997563224,1.614169879922678,0.7798353429423119,-31.294540988947162,89.88376951900877,57.0,83.48178137651821,25.79863906199593
india,bll_trading_range_break,bull,equal_slot,0.08,none,0.15,11.044228491213026,0.8544138877641685,1.2064845082381863,0.4587406346400843,-24.075104007034465,36.01892522209966,111.0,75.77597840755736,25.79863906199593
india,bll_trading_range_break,bull,equal_slot,0.08,none,0.25,10.914387081037624,0.703404456999438,0.9489916130900099,0.39699662442022765,-27.492392654413507,35.55242058814372,72.0,81.48448043184885,25.79863906199593
india,bll_trading_range_break,bull,equal_slot,0.08,0.25,none,3.5130854129980182,0.3283029324219541,0.4473612160622744,0.11607561414180365,-30.2654906370451,10.670961163728364,148.0,78.1646423751687,25.79863906199593
india,bll_trading_range_break,bull,equal_slot,0.08,0.25,0.15,4.372492551337559,0.39470748138146,0.5411957101630986,0.201372183785571,-21.71348827399896,13.390872839237833,169.0,74.4399460188934,25.79863906199593
india,bll_trading_range_break,bull,equal_slot,0.08,0.25,0.25,3.5420444404384632,0.33047890509277345,0.4504158706833361,0.11726326269205273,-30.205917515192233,10.761904569802926,148.0,78.15114709851552,25.79863906199593
india,bll_trading_range_break,bull,equal_slot,0.15,none,none,21.359567571346627,1.0471953418228455,1.4381357350351267,0.5907108006799987,-36.15909434321921,76.55662885146847,37.0,87.09851551956815,25.79863906199593
india,bll_trading_range_break,bull,equal_slot,0.15,none,0.15,15.014218222787346,1.1803701737269883,1.761891335379794,0.7676251289786126,-19.559310470678547,50.7986158414905,88.0,77.0715249662618,25.79863906199593
india,bll_trading_range_break,bull,equal_slot,0.15,none,0.25,9.843597068537013,0.6301246089115936,0.8343005596865026,0.3379826608628585,-29.124562317506573,31.74537147433625,57.0,88.46153846153847,25.79863906199593
india,bll_trading_range_break,bull,equal_slot,0.15,0.25,none,6.434737029769422,0.5684611696648166,0.7908987826214589,0.2592837452201612,-24.817356075698473,20.096567245847453,84.0,82.13225371120109,25.79863906199593
india,bll_trading_range_break,bull,equal_slot,0.15,0.25,0.15,8.408569720339543,0.7385272327101811,1.0644139710175833,0.44419167577730895,-18.93004794748809,26.754849119075974,120.0,76.77462887989203,25.79863906199593
india,bll_trading_range_break,bull,equal_slot,0.15,0.25,0.25,3.9220430555853225,0.36579594058059783,0.5063839275956894,0.14532220989940706,-26.988600423157514,11.959828269985584,89.0,82.7800269905533,25.79863906199593
india,bll_trading_range_break,bull,equal_slot,0.25,none,none,15.160031517515172,0.7789718665953521,1.0440485978386387,0.3685803396791928,-41.13087401978698,51.360707476557785,34.0,86.03238866396762,25.79863906199593
india,bll_trading_range_break,bull,equal_slot,0.25,none,0.15,15.135636291160859,1.1895619204116972,1.7767566822465368,0.7839997753216126,-19.30566406725297,51.266570916881804,88.0,77.0715249662618,25.79863906199593
india,bll_trading_range_break,bull,equal_slot,0.25,none,0.25,10.744058597967165,0.6790912042840906,0.8970987442187464,0.38405775741191783,-27.975111531059945,34.9420523613732,51.0,86.45074224021592,25.79863906199593
india,bll_trading_range_break,bull,equal_slot,0.25,0.25,none,4.040889802416747,0.3488407530060806,0.4598762726081748,0.13255806100859333,-30.483923585415063,12.336231922039854,68.0,85.8974358974359,25.79863906199593
india,bll_trading_range_break,bull,equal_slot,0.25,0.25,0.15,8.639138055620222,0.7611354658428653,1.1050456680075602,0.4647297368943175,-18.589595994768064,27.548127901004406,120.0,76.77462887989203,25.79863906199593
india,bll_trading_range_break,bull,equal_slot,0.25,0.25,0.25,4.81445061554735,0.4250486123284482,0.5877700649424111,0.187686763388349,-25.65151920482324,14.806613148815838,73.0,84.66936572199731,25.79863906199593
india,bll_trading_range_break,bull,atr_risk,none,none,0.15,15.211111775093356,1.198424879071411,1.7910707659820375,0.7912519198961774,-19.22410725662347,51.557941637558045,88.0,77.0715249662618,25.79863906199593
india,bll_trading_range_break,"bull,pullback",equal_slot,none,none,none,16.945017651112938,0.8556828713411796,1.1586978014634528,0.48127609360296997,-35.20851726554233,58.3539392263136,31.0,92.14574898785426,25.79863906199593
india,bll_trading_range_break,"bull,pullback",equal_slot,none,none,0.15,14.98135151330593,1.1410373448700173,1.692643137911109,0.7615784062494679,-19.671449965453107,50.672109278306124,93.0,84.37246963562754,25.79863906199593
india,bll_trading_range_break,"bull,pullback",equal_slot,none,none,0.25,15.027150240636722,0.9257935593142407,1.2496813385514263,0.6903114607676711,-21.76865240499637,50.84841139658754,47.0,92.6450742240216,25.79863906199593
india,bll_trading_range_break,"bull,pullback",equal_slot,none,0.25,none,9.159521573361506,0.6767888209800675,0.9321289382221774,0.3518316191068214,-26.033821509886913,29.35054404305617,61.0,94.02159244264506,25.79863906199593
india,bll_trading_range_break,"bull,pullback",equal_slot,none,0.25,0.15,10.752180147883795,0.9043134055861525,1.3109667775055274,0.6126677625977545,-17.549772983474426,34.971114516081414,120.0,83.52226720647774,25.79863906199593
india,bll_trading_range_break,"bull,pullback",equal_slot,none,0.25,0.25,4.111786662250516,0.37423538370709036,0.506787355617441,0.1562360879587655,-26.31777789607556,12.561168708911886,72.0,89.54116059379217,25.79863906199593
india,bll_trading_range_break,"bull,pullback",equal_slot,0.08,none,none,24.977893892226575,1.153991996773036,1.6440098809288852,0.8550245613458175,-29.21307178931926,92.46486765621252,54.0,87.35492577597842,25.79863906199593
india,bll_trading_range_break,"bull,pullback",equal_slot,0.08,none,0.15,14.175104702464392,1.0411064514310646,1.4712708870267865,0.750338175076789,-18.891621369276223,47.59067788426252,118.0,82.65856950067476,25.79863906199593
india,bll_trading_range_break,"bull,pullback",equal_slot,0.08,none,0.25,9.85403676815617,0.6481623764542016,0.8701811900403603,0.3327597950128303,-29.613062983694366,31.782143687317156,79.0,86.09986504723346,25.79863906199593
india,bll_trading_range_break,"bull,pullback",equal_slot,0.08,0.25,none,8.870036655824665,0.7063128710590818,0.9817024316553975,0.434340005368229,-20.421873523496274,28.345817013286712,170.0,83.06342780026992,25.79863906199593
india,bll_trading_range_break,"bull,pullback",equal_slot,0.08,0.25,0.15,5.199411389297004,0.4501989190802555,0.6256475956124073,0.2220476518092346,-23.415745885770132,16.049228909190717,182.0,82.01079622132254,25.79863906199593
india,bll_trading_range_break,"bull,pullback",equal_slot,0.08,0.25,0.25,9.392731733657156,0.7458732741046381,1.0416828675153709,0.4766692044805068,-19.704926698366705,30.16371775640989,168.0,83.03643724696356,25.79863906199593
india,bll_trading_range_break,"bull,pullback",equal_slot,0.15,none,none,14.698636805622044,0.7712718894001034,1.043048208738229,0.3914404161461891,-37.550125636829044,49.58680712449879,36.0,84.83130904183535,25.79863906199593
india,bll_trading_range_break,"bull,pullback",equal_slot,0.15,none,0.15,14.949287077375285,1.138407377820955,1.6881075736893312,0.7573742113666919,-19.738310141824204,50.548758194072896,93.0,84.37246963562754,25.79863906199593
india,bll_trading_range_break,"bull,pullback",equal_slot,0.15,none,0.25,11.074309182597087,0.7128073944367961,0.9499029498047433,0.37731014754220704,-29.350679420458153,36.12715237814681,52.0,87.57085020242916,25.79863906199593
india,bll_trading_range_break,"bull,pullback",equal_slot,0.15,0.25,none,7.443178951664642,0.6373783421596176,0.8943704599476124,0.31105042972077346,-23.929171094045106,23.468718011579636,79.0,88.34008097165992,25.79863906199593
india,bll_trading_range_break,"bull,pullback",equal_slot,0.15,0.25,0.15,10.454172076000079,0.8737644107096278,1.2564142828050913,0.5911846474406022,-17.683429570201138,33.90742287453132,120.0,83.52226720647774,25.79863906199593
india,bll_trading_range_break,"bull,pullback",equal_slot,0.15,0.25,0.25,5.601179687011859,0.49053564646523423,0.6852178144244607,0.2275055804997596,-24.61996613317262,17.35552222058212,82.0,88.28609986504723,25.79863906199593
india,bll_trading_range_break,"bull,pullback",equal_slot,0.25,none,none,16.15580067833775,0.8249539741240182,1.1124637816952396,0.4395630613604606,-36.75422731913613,55.23624436826984,33.0,91.03913630229418,25.79863906199593
india,bll_trading_range_break,"bull,pullback",equal_slot,0.25,none,0.15,14.98135151330593,1.1410373448700173,1.692643137911109,0.7615784062494679,-19.671449965453107,50.672109278306124,93.0,84.37246963562754,25.79863906199593
india,bll_trading_range_break,"bull,pullback",equal_slot,0.25,none,0.25,14.934686393829555,0.9192944892796351,1.240110491382576,0.6846857630833495,-21.812468140967457,50.4926118026189,47.0,92.6450742240216,25.79863906199593
india,bll_trading_range_break,"bull,pullback",equal_slot,0.25,0.25,none,8.5930170092972,0.6835915999439327,0.9522425489413893,0.34640200666397786,-24.806487387449604,27.38918557116783,71.0,91.68690958164643,25.79863906199593
india,bll_trading_range_break,"bull,pullback",equal_slot,0.25,0.25,0.15,10.552548678104422,0.8858204408126314,1.2816588792871704,0.5985482021588784,-17.63024037169083,34.2579486784353,120.0,83.52226720647774,25.79863906199593
india,bll_trading_range_break,"bull,pullback",equal_slot,0.25,0.25,0.25,3.970615812065792,0.36305460426928776,0.4909789063163929,0.1497990614966053,-26.50627962816558,12.11356406721169,72.0,89.54116059379217,25.79863906199593
india,bll_trading_range_break,"bull,pullback",atr_risk,0.08,none,none,25.01082374608805,1.1552765066829542,1.6458427752012634,0.8578101790191215,-29.156594731350854,92.61382092508919,54.0,87.35492577597842,25.79863906199593
india,keltner_breakout,none,equal_slot,none,none,none,21.285927973055617,1.2469426261610683,1.7278317170932505,1.3424456190270044,-15.856082117116607,76.24221808336067,107.0,99.527665317139,25.79863906199593
india,keltner_breakout,none,equal_slot,none,none,0.15,15.735988725554574,1.071930362918132,1.5491552774226645,0.5873137432231912,-26.793155970086975,53.594454940738466,173.0,98.93387314439947,25.79863906199593
india,keltner_breakout,none,equal_slot,none,none,0.25,21.964790378493703,1.3280824043454103,1.842616329779169,1.1742231537134564,-18.7058058845378,79.15470426673991,118.0,99.50067476383266,25.79863906199593
india,keltner_breakout,none,equal_slot,none,0.25,none,22.984934489022656,1.5317130971069708,2.1835768472391903,1.8081236352247894,-12.712036965417536,83.59077660891097,159.0,99.59514170040485,25.79863906199593
india,keltner_breakout,none,equal_slot,none,0.25,0.15,11.315572304574474,0.8448046468144172,1.1718873408441457,0.44852784349444386,-25.22824941349409,36.997246628406245,211.0,99.06882591093117,25.79863906199593
india,keltner_breakout,none,equal_slot,none,0.25,0.25,22.15973448545354,1.278824423211267,1.9381640950763839,1.0063060523151186,-22.020869728918573,79.99688823882845,170.0,99.47368421052632,25.79863906199593
india,keltner_breakout,none,equal_slot,0.08,none,none,18.905130991554596,1.1039455215360643,1.533061501994439,0.7753702997741232,-24.382067506405573,66.27507257699907,168.0,98.9203778677463,25.79863906199593
india,keltner_breakout,none,equal_slot,0.08,none,0.15,14.247202850248296,0.9394700352956629,1.333547339334267,0.4571803448698368,-31.163200715255158,47.864525084125084,222.0,98.67746288798921,25.79863906199593
india,keltner_breakout,none,equal_slot,0.08,none,0.25,22.317410802593727,1.3669758427402101,1.9448996306898028,1.430761459925081,-15.59827506379878,80.67997710739327,164.0,99.04183535762483,25.79863906199593
india,keltner_breakout,none,equal_slot,0.08,0.25,none,5.539759208910522,0.4255375713367648,0.5655762156489889,0.17310183647075084,-32.0028910256338,17.15519750750074,248.0,98.56950067476383,25.79863906199593
india,keltner_breakout,none,equal_slot,0.08,0.25,0.15,-0.5227485911723173,0.054350272827869646,0.07032380839763701,-0.012346343811934803,-42.34035590900955,-1.5272983319558397,279.0,98.3940620782726,25.79863906199593
india,keltner_breakout,none,equal_slot,0.08,0.25,0.25,5.539759208910522,0.4255375713367648,0.5655762156489889,0.17310183647075084,-32.0028910256338,17.15519750750074,248.0,98.56950067476383,25.79863906199593
india,keltner_breakout,none,equal_slot,0.15,none,none,7.903423198437287,0.527680643416752,0.7088438659421442,0.22894528866048286,-34.521012616939075,25.028261888481683,130.0,99.3387314439946,25.79863906199593
india,keltner_breakout,none,equal_slot,0.15,none,0.15,15.205227306031667,1.0337771050335873,1.4913314722280886,0.5589294370723626,-27.20419841487629,51.53521153916143,173.0,98.93387314439947,25.79863906199593
india,keltner_breakout,none,equal_slot,0.15,none,0.25,16.143246752804142,1.0424694262521388,1.4287359834791524,0.7681394852586504,-21.016035580267474,55.1869817485775,131.0,99.37921727395411,25.79863906199593
india,keltner_breakout,none,equal_slot,0.15,0.25,none,14.582535222436132,0.996269764023148,1.399431696806603,0.5175013209975672,-28.178740093505354,49.142607044912445,174.0,99.23076923076923,25.79863906199593
india,keltner_breakout,none,equal_slot,0.15,0.25,0.15,10.564518388481382,0.7861504928885569,1.0837463634429974,0.4080921008711827,-25.887583626168126,34.30063921343351,211.0,99.06882591093117,25.79863906199593
india,keltner_breakout,none,equal_slot,0.15,0.25,0.25,16.20298763988699,1.1027834356292538,1.5569055896989001,0.7080236489172881,-22.884811354344798,55.4215020525465,173.0,99.23076923076923,25.79863906199593
india,keltner_breakout,none,equal_slot,0.25,none,none,20.530791989704955,1.1912335326438819,1.6456695829374282,1.0793474009216402,-19.02148647615586,73.03938015547267,109.0,99.50067476383266,25.79863906199593
india,keltner_breakout,none,equal_slot,0.25,none,0.15,15.735988725554574,1.071930362918132,1.5491552774226645,0.5873137432231912,-26.793155970086975,53.594454940738466,173.0,98.93387314439947,25.79863906199593
india,keltner_breakout,none,equal_slot,0.25,none,0.25,21.958913821592407,1.327734539164107,1.8421111093783313,1.1730311516693999,-18.71980449141659,79.12935720596653,118.0,99.50067476383266,25.79863906199593
india,keltner_breakout,none,equal_slot,0.25,0.25,none,23.676910011534336,1.5485801438126685,2.2008352117341934,1.5977007133716992,-14.819364987055614,86.64066926813818,161.0,99.51417004048582,25.79863906199593
india,keltner_breakout,none,equal_slot,0.25,0.25,0.15,10.957203290724959,0.8146934068781436,1.1259748021063274,0.43098571795549206,-25.42358791540399,35.70613730805414,211.0,99.06882591093117,25.79863906199593
india,keltner_breakout,none,equal_slot,0.25,0.25,0.25,22.093269706073947,1.2735784260696659,1.9295029133924433,1.0009417464725352,-22.0724830230469,79.70945906136451,170.0,99.47368421052632,25.79863906199593
india,keltner_breakout,bull,equal_slot,none,none,none,17.447188432583218,1.178593739141989,1.6433769670069245,1.4045334646985022,-12.422052497217244,60.359030393556544,81.0,78.24561403508771,25.79863906199593
india,keltner_breakout,bull,equal_slot,none,none,0.15,10.849985736680035,0.9229506462382392,1.3148590488108962,0.4985620728227825,-21.76255741887679,35.32142625910457,133.0,74.56140350877193,25.79863906199593
india,keltner_breakout,bull,equal_slot,none,none,0.25,18.47512809965586,1.2915653698756229,1.8067336817690451,1.3549975133264287,-13.634805907724987,64.51549889740782,90.0,78.75843454790822,25.79863906199593
india,keltner_breakout,bull,equal_slot,none,0.25,none,18.52924388421524,1.448077502879262,2.006716340540204,1.8840929793911825,-9.834569783388663,64.73626217317272,121.0,77.00404858299595,25.79863906199593
india,keltner_breakout,bull,equal_slot,none,0.25,0.15,12.40625142253089,1.0836566159178782,1.541982303126148,0.7703217229533501,-16.105285691498278,40.97646083469857,159.0,73.45479082321187,25.79863906199593
india,keltner_breakout,bull,equal_slot,none,0.25,0.25,11.287724154484845,0.9170906327922806,1.2318881020840822,0.558395818974381,-20.21455707748185,36.89662803517035,123.0,75.49257759784076,25.79863906199593
india,keltner_breakout,bull,equal_slot,0.08,none,none,15.513596528593677,1.0384521114019563,1.4177063734778625,1.0378144942181327,-14.948332881283651,52.72938834300385,113.0,77.5033738191633,25.79863906199593
india,keltner_breakout,bull,equal_slot,0.08,none,0.15,15.003713285529606,1.2221108095910491,1.769637936004097,0.9327778973974362,-16.08497942263833,50.75817389435046,150.0,75.66801619433198,25.79863906199593
india,keltner_breakout,bull,equal_slot,0.08,none,0.25,18.315305953485073,1.2911744644024112,1.8164791153647388,1.882818898528145,-9.727598319627386,63.86464969655539,111.0,76.24831309041835,25.79863906199593
india,keltner_breakout,bull,equal_slot,0.08,0.25,none,8.321457950165922,0.7038503462024919,0.9519909519135091,0.48627784034934035,-17.112558417607136,26.455986883798577,176.0,75.76248313090417,25.79863906199593
india,keltner_breakout,bull,equal_slot,0.08,0.25,0.15,8.573395439033016,0.7059047750801003,0.9564832398706103,0.41094104976635637,-20.862835299387793,27.321605348665344,190.0,74.27800269905534,25.79863906199593
india,keltner_breakout,bull,equal_slot,0.08,0.25,0.25,8.321457950165922,0.7038503462024919,0.9519909519135091,0.48627784034934035,-17.112558417607136,26.455986883798577,176.0,75.76248313090417,25.79863906199593
india,keltner_breakout,bull,equal_slot,0.15,none,none,14.500589679419228,0.9805901835016674,1.3554684385995395,1.0342582427499096,-14.020279539532337,48.82961085559827,85.0,74.72334682860999,25.79863906199593
india,keltner_breakout,bull,equal_slot,0.15,none,0.15,10.41277443329285,0.8851675396008701,1.256548383214285,0.4668024652363074,-22.306596920009053,33.760099484434214,133.0,74.56140350877193,25.79863906199593
india,keltner_breakout,bull,equal_slot,0.15,none,0.25,17.09551838430854,1.1989576536569002,1.671958313982167,1.1617579187865248,-14.715215715650201,58.95312016427514,92.0,75.77597840755736,25.79863906199593
india,keltner_breakout,bull,equal_slot,0.15,0.25,none,18.6225689501353,1.4994843306872205,2.1122175598636246,2.1860763243982424,-8.518718556298122,65.11743701036367,126.0,75.1821862348178,25.79863906199593
india,keltner_breakout,bull,equal_slot,0.15,0.25,0.15,11.902713772867823,1.0319923116674017,1.4544201620635937,0.7141018744783626,-16.668089243656617,39.1300255098115,159.0,73.45479082321187,25.79863906199593
india,keltner_breakout,bull,equal_slot,0.15,0.25,0.25,15.944670515721281,1.2942672133932933,1.8045099054208955,1.4875068113901726,-10.719057145573634,54.4091232431327,126.0,75.62753036437246,25.79863906199593
india,keltner_breakout,bull,equal_slot,0.25,none,none,17.469575270965,1.1802988967541581,1.645856747511474,1.4070589686214487,-12.415666763476608,60.448805285482024,81.0,78.24561403508771,25.79863906199593
india,keltner_breakout,bull,equal_slot,0.25,none,0.15,10.849985736680035,0.9229506462382392,1.3148590488108962,0.4985620728227825,-21.76255741887679,35.32142625910457,133.0,74.56140350877193,25.79863906199593
india,keltner_breakout,bull,equal_slot,0.25,none,0.25,18.47512809965586,1.2915653698756229,1.8067336817690451,1.3549975133264287,-13.634805907724987,64.51549889740782,90.0,78.75843454790822,25.79863906199593
india,keltner_breakout,bull,equal_slot,0.25,0.25,none,17.67602134339885,1.378088653823031,1.9044192987441764,1.6127482679230714,-10.96018622060737,61.27825046487252,123.0,76.43724696356276,25.79863906199593
india,keltner_breakout,bull,equal_slot,0.25,0.25,0.15,12.054616614979906,1.0466816539420059,1.4808502207303325,0.7427373175049659,-16.229986471494765,39.68535151434642,159.0,73.45479082321187,25.79863906199593
india,keltner_breakout,bull,equal_slot,0.25,0.25,0.25,11.215124413353749,0.9105749978450518,1.2224777292444156,0.5538903972932525,-20.24791270648442,36.63454591847979,123.0,75.49257759784076,25.79863906199593
india,keltner_breakout,"bull,pullback",equal_slot,none,none,none,16.358723917612483,1.04461662556482,1.4375688106816904,0.8561594120192061,-19.107100486148145,56.033962736228474,97.0,90.22941970310391,25.79863906199593
india,keltner_breakout,"bull,pullback",equal_slot,none,none,0.15,10.63910040868874,0.8478262806934588,1.1923239548470104,0.40204450381784934,-26.462494344926803,34.56684117185327,150.0,82.5910931174089,25.79863906199593
india,keltner_breakout,"bull,pullback",equal_slot,none,none,0.25,17.48626056795304,1.1529983300490063,1.5977825026440207,0.8505023397630468,-20.559920590958956,60.515737614378516,104.0,89.08232118758434,25.79863906199593
india,keltner_breakout,"bull,pullback",equal_slot,none,0.25,none,20.701639198045818,1.5247108637691678,2.1090347358624713,1.7612871429074126,-11.753699152015024,73.76062365512605,132.0,85.69500674763833,25.79863906199593
india,keltner_breakout,"bull,pullback",equal_slot,none,0.25,0.15,10.752702419416526,0.8837775926864597,1.2295941834936746,0.4382650114787765,-24.53470420359404,34.97298355380276,169.0,82.99595141700405,25.79863906199593
india,keltner_breakout,"bull,pullback",equal_slot,none,0.25,0.25,14.837134446730271,1.083785486644034,1.4740236070260389,0.6718762029807815,-22.083137311464913,50.117833686733015,135.0,84.8178137651822,25.79863906199593
india,keltner_breakout,"bull,pullback",equal_slot,0.08,none,none,10.06273788319383,0.6819516263761487,0.9031933958791835,0.4618555552803204,-21.78762985125579,32.51868161631093,144.0,81.94331983805668,25.79863906199593
india,keltner_breakout,"bull,pullback",equal_slot,0.08,none,0.15,7.413031128914049,0.6274547108393941,0.8832742682702224,0.24534228970625702,-30.215056433155123,23.367011859324794,182.0,80.24291497975709,25.79863906199593
india,keltner_breakout,"bull,pullback",equal_slot,0.08,none,0.25,13.955575043477042,0.9596698880241008,1.3045084502559092,0.961260467830943,-14.517995393035774,46.75890818611281,140.0,82.10526315789475,25.79863906199593
india,keltner_breakout,"bull,pullback",equal_slot,0.08,0.25,none,5.745882603833241,0.4886210114514038,0.6519697896634354,0.2093269519396421,-27.44932055137374,17.828367764819486,191.0,81.63292847503374,25.79863906199593
india,keltner_breakout,"bull,pullback",equal_slot,0.08,0.25,0.15,2.789475999839075,0.27036505582288917,0.35636838743632226,0.08305694687522289,-33.585101605404866,8.414485162625262,212.0,80.83670715249663,25.79863906199593
india,keltner_breakout,"bull,pullback",equal_slot,0.08,0.25,0.25,5.745882603833241,0.4886210114514038,0.6519697896634354,0.2093269519396421,-27.44932055137374,17.828367764819486,191.0,81.63292847503374,25.79863906199593
india,keltner_breakout,"bull,pullback",equal_slot,0.15,none,none,13.454939803031007,0.8557450293559686,1.1670374831003592,0.5760999527595949,-23.355217681549995,44.87364189792835,109.0,86.69365721997299,25.79863906199593
india,keltner_breakout,"bull,pullback",equal_slot,0.15,none,0.15,10.32200495821547,0.8219769375909798,1.1536365519394618,0.3854738488324085,-26.777445446638175,33.43744885371444,150.0,82.5910931174089,25.79863906199593
india,keltner_breakout,"bull,pullback",equal_slot,0.15,none,0.25,16.48255301672792,1.091500501171761,1.5081751215959387,1.072233361692365,-15.372169534729451,56.522077004993946,111.0,84.72334682860998,25.79863906199593
india,keltner_breakout,"bull,pullback",equal_slot,0.15,0.25,none,17.3620544375471,1.3404085178576064,1.8571469216764256,1.1251189307680711,-15.431305938204028,60.0179316353409,140.0,82.41565452091768,25.79863906199593
india,keltner_breakout,"bull,pullback",equal_slot,0.15,0.25,0.15,10.228166625630863,0.8362676695564393,1.1552050341552136,0.40643886582488653,-25.16532616749711,33.104429621272224,169.0,82.99595141700405,25.79863906199593
india,keltner_breakout,"bull,pullback",equal_slot,0.15,0.25,0.25,17.00527254325863,1.3142037245313227,1.8189220113641837,1.3187191128774371,-12.895295425083534,58.59364985090308,137.0,82.3076923076923,25.79863906199593
india,keltner_breakout,"bull,pullback",equal_slot,0.25,none,none,16.791809470275567,1.0648654470218961,1.4730548554927316,0.8364555459607409,-20.074957421662777,57.74551113549939,98.0,89.87854251012146,25.79863906199593
india,keltner_breakout,"bull,pullback",equal_slot,0.25,none,0.15,10.63910040868874,0.8478262806934588,1.1923239548470104,0.40204450381784934,-26.462494344926803,34.56684117185327,150.0,82.5910931174089,25.79863906199593
india,keltner_breakout,"bull,pullback",equal_slot,0.25,none,0.25,17.47994243874067,1.1525919584305886,1.597222651518561,0.8496165592298899,-20.573919197837732,60.490390553605124,104.0,89.08232118758434,25.79863906199593
india,keltner_breakout,"bull,pullback",equal_slot,0.25,0.25,none,19.53291581770682,1.4276631821186152,1.9676138009666042,1.3481230131763362,-14.48897142678766,68.86618756270263,135.0,86.30229419703103,25.79863906199593
india,keltner_breakout,"bull,pullback",equal_slot,0.25,0.25,0.15,10.390781037448926,0.8501026228860477,1.1773262145719021,0.4202595992914915,-24.72467269032419,33.681874233450685,169.0,82.99595141700405,25.79863906199593
india,keltner_breakout,"bull,pullback",equal_slot,0.25,0.25,0.25,14.762209900944612,1.0773275748263222,1.4645822062592784,0.6669216478706294,-22.13484889578545,49.83040450926906,135.0,84.8178137651822,25.79863906199593
india,adx_trend,none,equal_slot,none,none,none,17.205348755440262,1.0001671704137833,1.433079845588027,0.7393879566847877,-23.26971733835687,59.39132459793755,325.0,99.86504723346827,25.79863906199593
india,adx_trend,none,equal_slot,none,none,0.15,11.96568576420487,0.7360612151210836,1.0296969197727135,0.36550141747772674,-32.73772738496711,39.360061328441276,381.0,99.86504723346827,25.79863906199593
india,adx_trend,none,equal_slot,none,none,0.25,17.08779774477316,0.9875084433208602,1.40335527912038,0.7304113617400037,-23.3947589534563,58.922346053496,328.0,99.86504723346827,25.79863906199593
india,adx_trend,none,equal_slot,none,0.25,none,13.962771135478015,0.9107669935733168,1.274072916408662,0.5407895540576675,-25.819232325610127,46.786124125885806,399.0,99.86504723346827,25.79863906199593
india,adx_trend,none,equal_slot,none,0.25,0.15,9.875577091310284,0.6695404158797618,0.9153569262623175,0.2830433572552466,-34.890686667500745,31.858037503607317,471.0,99.86504723346827,25.79863906199593
india,adx_trend,none,equal_slot,none,0.25,0.25,13.119615359948211,0.8445615731966969,1.1674447256772598,0.46290860982392523,-28.341696571464652,43.61986897397592,409.0,99.86504723346827,25.79863906199593
india,adx_trend,none,equal_slot,0.08,none,none,7.589768245640016,0.48421971269351693,0.6710626121751756,0.1994642069205075,-38.050777945663036,23.96403714329347,405.0,99.86504723346827,25.79863906199593
india,adx_trend,none,equal_slot,0.08,none,0.15,8.118401906753592,0.5312837496017389,0.7258572324761383,0.2255610917908482,-35.99203143723648,25.761149025648944,452.0,99.86504723346827,25.79863906199593
india,adx_trend,none,equal_slot,0.08,none,0.25,8.801807679167784,0.5491989205841805,0.7617260665665601,0.2661845441930333,-33.06656179400422,28.10976384961932,410.0,99.86504723346827,25.79863906199593
india,adx_trend,none,equal_slot,0.08,0.25,none,2.4680613479700186,0.22827074776564577,0.31132054252771935,0.05748053745328559,-42.937339442516716,7.422009402861551,534.0,99.86504723346827,25.79863906199593
india,adx_trend,none,equal_slot,0.08,0.25,0.15,5.211286441258145,0.3801686421252258,0.5143774465582134,0.12298599975510834,-42.373005477330274,16.08770076296251,543.0,99.86504723346827,25.79863906199593
india,adx_trend,none,equal_slot,0.08,0.25,0.25,2.4680613479700186,0.22827074776564577,0.31132054252771935,0.05748053745328559,-42.937339442516716,7.422009402861551,534.0,99.86504723346827,25.79863906199593
india,adx_trend,none,equal_slot,0.15,none,none,13.529894057352365,0.788599304154852,1.1102683881065618,0.4184212444308333,-32.335581038091654,45.15487809227488,335.0,99.86504723346827,25.79863906199593
india,adx_trend,none,equal_slot,0.15,none,0.15,11.4429454186181,0.7024721595790192,0.9764594074765948,0.34606938915115537,-33.06546541630146,37.45808213441934,381.0,99.86504723346827,25.79863906199593
india,adx_trend,none,equal_slot,0.15,none,0.25,16.424934778894485,0.9456099315557365,1.3392789334537065,0.6251638704768928,-26.27300705391864,56.29483016638488,337.0,99.86504723346827,25.79863906199593
india,adx_trend,none,equal_slot,0.15,0.25,none,13.470426843522443,0.8518823490911807,1.165688555976723,0.4412356275644614,-30.528873921348314,44.93172141283077,428.0,99.86504723346827,25.79863906199593
india,adx_trend,none,equal_slot,0.15,0.25,0.15,9.123384444588357,0.6199060372826676,0.8415345257778909,0.25772941131171856,-35.39908153343743,29.224839132896108,471.0,99.86504723346827,25.79863906199593
india,adx_trend,none,equal_slot,0.15,0.25,0.25,14.569520397711866,0.912705942084965,1.2511210570110418,0.5181708507807089,-28.117213416695492,49.092867129570635,426.0,99.86504723346827,25.79863906199593
india,adx_trend,none,equal_slot,0.25,none,none,16.74755208437084,0.9718148486093526,1.3871330679193632,0.6938536940530969,-24.137007884963772,57.570041408078666,325.0,99.86504723346827,25.79863906199593
india,adx_trend,none,equal_slot,0.25,none,0.15,11.380021738751257,0.6995961590546275,0.9737602554516316,0.34050723877573147,-33.42079240273211,37.23029691645154,381.0,99.86504723346827,25.79863906199593
india,adx_trend,none,equal_slot,0.25,none,0.25,17.01526627560026,0.9824636910999458,1.3948073888709407,0.7258130667720939,-23.443042092466314,58.63343080273968,328.0,99.86504723346827,25.79863906199593
india,adx_trend,none,equal_slot,0.25,0.25,none,13.308472620046153,0.8641263110953766,1.2014051711337428,0.48984229416543884,-27.168892475322604,44.32511934082515,408.0,99.86504723346827,25.79863906199593
india,adx_trend,none,equal_slot,0.25,0.25,0.15,9.352330171958911,0.6343568817969296,0.8637540897862171,0.2631636825258164,-35.53807304334802,30.022602004359843,471.0,99.86504723346827,25.79863906199593
india,adx_trend,none,equal_slot,0.25,0.25,0.25,13.111779232309662,0.8440215300300566,1.1666182032662744,0.462353175206059,-28.358795690039496,43.59065570505105,409.0,99.86504723346827,25.79863906199593
india,adx_trend,bull,equal_slot,none,none,none,11.053388224214311,0.7350410188970072,1.062517531899745,0.4002008843320552,-27.619599698443142,36.051874964774825,237.0,73.0634278002699,25.79863906199593
india,adx_trend,bull,equal_slot,none,none,0.15,10.45965268828024,0.727033129303829,1.0491130217121805,0.3698696712288764,-28.279292685795205,33.926934958242704,270.0,72.61808367071525,25.79863906199593
india,adx_trend,bull,equal_slot,none,none,0.25,13.021875971473108,0.8511756063615271,1.2302257265735033,0.5534352406548056,-23.529177426551424,43.25577456036653,239.0,72.90148448043186,25.79863906199593
india,adx_trend,bull,equal_slot,none,0.25,none,9.288171216390385,0.7152248680031832,1.0002394208785306,0.3788456994883407,-24.517029568858113,29.798713120370792,290.0,72.86099865047233,25.79863906199593
india,adx_trend,bull,equal_slot,none,0.25,0.15,11.443842249997815,0.8706544179637113,1.236484989842397,0.4452039061249361,-25.704721123417922,37.46133048621321,332.0,72.46963562753037,25.79863906199593
india,adx_trend,bull,equal_slot,none,0.25,0.25,9.463255634756207,0.7244783916289859,1.0092996348989505,0.3943408192289675,-23.997656781408477,30.410287650425726,294.0,72.86099865047233,25.79863906199593
india,adx_trend,bull,equal_slot,0.08,none,none,10.01541939413746,0.6772926840935881,0.9855559091971547,0.3408023201875863,-29.38776763205343,32.35145013256195,280.0,72.45614035087719,25.79863906199593
india,adx_trend,bull,equal_slot,0.08,none,0.15,12.51987035284814,0.855548450243679,1.228907258425582,0.5358080810527823,-23.366333572738352,41.39531513999473,309.0,72.19973009446694,25.79863906199593
india,adx_trend,bull,equal_slot,0.08,none,0.25,11.234637909439327,0.7458716269280261,1.0780426629512654,0.4698015896486346,-23.91358002394528,36.70495630188895,277.0,72.5506072874494,25.79863906199593
india,adx_trend,bull,equal_slot,0.08,0.25,none,6.7146543712177875,0.5395547719106816,0.7645533107537822,0.24310937585704867,-27.61989062555155,21.026418747346852,370.0,72.34817813765181,25.79863906199593
india,adx_trend,bull,equal_slot,0.08,0.25,0.15,10.302993095536216,0.7865504568971574,1.1197881694900202,0.4304114710791174,-23.937542997413143,33.369934057126294,374.0,72.05128205128204,25.79863906199593
india,adx_trend,bull,equal_slot,0.08,0.25,0.25,6.7146543712177875,0.5395547719106816,0.7645533107537822,0.24310937585704867,-27.61989062555155,21.026418747346852,370.0,72.34817813765181,25.79863906199593
india,adx_trend,bull,equal_slot,0.15,none,none,9.856390130970905,0.6644859204715324,0.9579993989923855,0.32940176079199757,-29.92209303093183,31.79043397538839,245.0,73.09041835357625,25.79863906199593
india,adx_trend,bull,equal_slot,0.15,none,0.15,9.973767190155991,0.691197409514202,0.9886613010242046,0.3491727077820783,-28.56399417213531,32.20435947309961,270.0,72.61808367071525,25.79863906199593
india,adx_trend,bull,equal_slot,0.15,none,0.25,11.731089114449755,0.7741487038998703,1.1165464935372853,0.4473583836812699,-26.22302284337611,38.50435453176458,245.0,72.9284750337382,25.79863906199593
india,adx_trend,bull,equal_slot,0.15,0.25,none,10.048241614944487,0.7642306902738577,1.0659045456885814,0.4266312539263472,-23.552521111543307,32.467434574104374,306.0,72.73954116059379,25.79863906199593
india,adx_trend,bull,equal_slot,0.15,0.25,0.15,10.882466945613034,0.8242608866939045,1.159131501839632,0.4177836059671124,-26.04809473177292,35.437897177403556,332.0,72.46963562753037,25.79863906199593
india,adx_trend,bull,equal_slot,0.15,0.25,0.25,10.070900089669577,0.7619556033919299,1.0605467841824836,0.4284378495958823,-23.506093355591258,32.547542307943765,307.0,72.73954116059379,25.79863906199593
india,adx_trend,bull,equal_slot,0.25,none,none,10.980866653995136,0.7298247755265604,1.0535164220114357,0.3970213818663767,-27.658124110028176,35.791141689941085,237.0,73.0634278002699,25.79863906199593
india,adx_trend,bull,equal_slot,0.25,none,0.15,10.095860574209192,0.7008970573087226,1.006608867322525,0.35452660206858316,-28.477018410754262,32.63582563789056,270.0,72.61808367071525,25.79863906199593
india,adx_trend,bull,equal_slot,0.25,none,0.25,12.952060087256644,0.8460479230675748,1.221362408930073,0.5497019092073967,-23.561970352134924,42.99607257853506,239.0,72.90148448043186,25.79863906199593
india,adx_trend,bull,equal_slot,0.25,0.25,none,9.2839892124849,0.71266116195795,0.993289371834388,0.37995395031140683,-24.434511616146708,29.784128445574588,291.0,72.86099865047233,25.79863906199593
india,adx_trend,bull,equal_slot,0.25,0.25,0.15,11.16798450878862,0.8473562431380208,1.1989456215874499,0.4321218097533273,-25.844528687787733,36.46455007860339,332.0,72.46963562753037,25.79863906199593
india,adx_trend,bull,equal_slot,0.25,0.25,0.25,9.463255634756207,0.7244783916289859,1.0092996348989505,0.3943408192289675,-23.997656781408477,30.410287650425726,294.0,72.86099865047233,25.79863906199593
india,adx_trend,"bull,pullback",equal_slot,none,none,none,14.221533553418508,0.879389036585022,1.2642480200469945,0.5006697213088468,-28.40502021220834,47.766988153732036,263.0,84.35897435897436,25.79863906199593
india,adx_trend,"bull,pullback",equal_slot,none,none,0.15,11.512152062868575,0.7698197401629022,1.1053876845978174,0.37665177378698644,-30.564444041034083,37.70889960159079,303.0,83.49527665317137,25.79863906199593
india,adx_trend,"bull,pullback",equal_slot,none,none,0.25,13.807275633969018,0.8628707196799831,1.2355251015037427,0.5179585135959569,-26.657107222953456,46.198773929621794,264.0,83.73819163292848,25.79863906199593
india,adx_trend,"bull,pullback",equal_slot,none,0.25,none,9.87097831821968,0.7109186772651914,0.9848328574337797,0.3252136005302861,-30.3522924690858,31.841832057205632,318.0,82.24021592442645,25.79863906199593
india,adx_trend,"bull,pullback",equal_slot,none,0.25,0.15,12.63178931668345,0.925241090147807,1.3091345340223384,0.47151620605896377,-26.78972462529491,41.80870407406525,366.0,81.68690958164643,25.79863906199593
india,adx_trend,"bull,pullback",equal_slot,none,0.25,0.25,8.765870983401314,0.6391460765050612,0.8767665834547891,0.2893602902043032,-30.29396665731901,27.985548134998496,322.0,81.9838056680162,25.79863906199593
india,adx_trend,"bull,pullback",equal_slot,0.08,none,none,7.76105474154829,0.5282554708794479,0.7549910141664105,0.2156765472121319,-35.98469486770293,24.544465099196056,317.0,81.70040485829959,25.79863906199593
india,adx_trend,"bull,pullback",equal_slot,0.08,none,0.15,12.503261526328192,0.8307105841134541,1.184875962055742,0.44315854376905084,-28.21396924899226,41.334035831884194,350.0,82.99595141700405,25.79863906199593
india,adx_trend,"bull,pullback",equal_slot,0.08,none,0.25,9.15295218001464,0.6067863321466475,0.8629041605506986,0.2995429722150447,-30.556390999030512,29.32768606695426,319.0,82.361673414305,25.79863906199593
india,adx_trend,"bull,pullback",equal_slot,0.08,0.25,none,4.65395680466314,0.38347453063759696,0.5292124304670665,0.13774199806832887,-33.787493066235896,14.291157678329803,420.0,81.20107962213226,25.79863906199593
india,adx_trend,"bull,pullback",equal_slot,0.08,0.25,0.15,8.871686307280434,0.6651553741882189,0.9325750111127941,0.29194400778262486,-30.388314439685637,28.351527894081197,434.0,81.39001349527666,25.79863906199593
india,adx_trend,"bull,pullback",equal_slot,0.08,0.25,0.25,4.65395680466314,0.38347453063759696,0.5292124304670665,0.13774199806832887,-33.787493066235896,14.291157678329803,420.0,81.20107962213226,25.79863906199593
india,adx_trend,"bull,pullback",equal_slot,0.15,none,none,12.00112087737535,0.7619320944772237,1.0895256268716216,0.3843670776999986,-31.22307183328098,39.48961551838852,270.0,83.27935222672063,25.79863906199593
india,adx_trend,"bull,pullback",equal_slot,0.15,none,0.15,11.033818611273126,0.7351169631866447,1.0469202958380088,0.35739976984023836,-30.872483818904996,35.9814847922489,303.0,83.49527665317137,25.79863906199593
india,adx_trend,"bull,pullback",equal_slot,0.15,none,0.25,13.225839585830057,0.8328091715014017,1.192076957930342,0.460897181672628,-28.695856932412916,44.01626215153422,271.0,83.21187584345479,25.79863906199593
india,adx_trend,"bull,pullback",equal_slot,0.15,0.25,none,10.172585980560612,0.7398619847373533,1.0189462650905283,0.3905013329963932,-26.05006723665798,32.90744032233863,334.0,81.889338731444,25.79863906199593
india,adx_trend,"bull,pullback",equal_slot,0.15,0.25,0.15,12.068787296861805,0.8795452659598503,1.2329832348879974,0.4441851016209967,-27.17062605841193,39.73723106618243,366.0,81.68690958164643,25.79863906199593
india,adx_trend,"bull,pullback",equal_slot,0.15,0.25,0.25,10.95638710308846,0.7852272514969821,1.080001394722916,0.44848570838040924,-24.429735214204783,35.70320599579031,337.0,81.889338731444,25.79863906199593
india,adx_trend,"bull,pullback",equal_slot,0.25,none,none,13.740150981155441,0.8497735677244085,1.217494769536502,0.46927588841599643,-29.279473589692053,45.94570496387318,263.0,84.35897435897436,25.79863906199593
india,adx_trend,"bull,pullback",equal_slot,0.25,none,0.15,10.92183045617261,0.7300594343797221,1.042497546581774,0.34969648939237385,-31.232313699088543,35.579135189601054,303.0,83.49527665317137,25.79863906199593
india,adx_trend,"bull,pullback",equal_slot,0.25,none,0.25,13.730636817194974,0.8575212680857599,1.2265072864680735,0.5140647372284664,-26.709937139867762,45.909858678865476,264.0,83.73819163292848,25.79863906199593
india,adx_trend,"bull,pullback",equal_slot,0.25,0.25,none,9.584482070269097,0.6893366437246652,0.9508294224036228,0.31060819188355926,-30.857145177491407,30.8348462225823,320.0,82.1727395411606,25.79863906199593
india,adx_trend,"bull,pullback",equal_slot,0.25,0.25,0.15,12.133216187618823,0.8863848483386597,1.2484812193436956,0.4429304582022234,-27.393049999012053,39.973268574817844,366.0,81.68690958164643,25.79863906199593
india,adx_trend,"bull,pullback",equal_slot,0.25,0.25,0.25,8.75741598799873,0.6385631495754648,0.8759198075550783,0.28891811501274994,-30.31106577589385,27.95633486607365,322.0,81.9838056680162,25.79863906199593
india,adx_trend,"bull,pullback",atr_risk,none,0.25,0.15,12.325768433198325,0.9268827612856608,1.3094716701144176,0.4846241231124935,-25.433666723059932,40.68025725996114,366.0,81.68690958164643,25.79863906199593
india,long_term_reversal,none,equal_slot,none,none,none,2.4798330558285064,0.2456062718904787,0.3648898871272492,0.09333225148245479,-26.569947863035125,7.458252367427454,10.0,31.17408906882591,25.79863906199593
india,long_term_reversal,none,equal_slot,none,none,0.15,-2.991197741442553,-0.16275364246988797,-0.23151749977840244,-0.10249157106093104,-29.184816960843456,-8.531656238782636,67.0,31.17408906882591,25.79863906199593
india,long_term_reversal,none,equal_slot,none,none,0.25,2.456721028112274,0.24311604893854705,0.3626205027626067,0.09080420537518724,-27.05514593692581,7.387102228427289,23.0,31.17408906882591,25.79863906199593
india,long_term_reversal,none,equal_slot,none,0.25,none,-0.07093462291172248,0.05559533617104252,0.08098233176154224,-0.002757613105813176,-25.723196180852568,-0.20815704864988183,16.0,31.17408906882591,25.79863906199593
india,long_term_reversal,none,equal_slot,none,0.25,0.15,-2.2337492889321076,-0.10628008729362431,-0.15124741509003867,-0.0784564373184207,-28.471204725576392,-6.418542543774541,76.0,31.17408906882591,25.79863906199593
india,long_term_reversal,none,equal_slot,none,0.25,0.25,5.064334805368209,0.4195969128280718,0.656947797593308,0.1868503792869993,-27.10369026112315,15.612210084980639,36.0,31.16059379217274,25.79863906199593
india,long_term_reversal,none,equal_slot,0.08,none,none,3.6137113129833587,0.31893978547442003,0.4862862345941297,0.1425157735248778,-25.35657088057374,10.987180261216078,43.0,31.17408906882591,25.79863906199593
india,long_term_reversal,none,equal_slot,0.08,none,0.15,-1.1613477524127114,-0.02090294322232065,-0.03082609877513676,-0.04238620692143167,-27.399190367881232,-3.372097739908253,80.0,31.17408906882591,25.79863906199593
india,long_term_reversal,none,equal_slot,0.08,none,0.25,3.109806321235564,0.2840401092740381,0.42974125776566596,0.12055352914074237,-25.796062076332625,9.409610177815008,46.0,31.17408906882591,25.79863906199593
india,long_term_reversal,none,equal_slot,0.08,0.25,none,5.36622215962026,0.4430161983988642,0.7105253674135594,0.21569151911753537,-24.87915232631877,16.590420222507053,79.0,31.16059379217274,25.79863906199593
india,long_term_reversal,none,equal_slot,0.08,0.25,0.15,-1.0864414861799454,-0.02039502154942422,-0.030035339921005544,-0.04210569249231041,-25.802722194353123,-3.156897024261507,93.0,31.17408906882591,25.79863906199593
india,long_term_reversal,none,equal_slot,0.08,0.25,0.25,5.12133519962934,0.4244228950768558,0.6763241073574319,0.2020010974916176,-25.35300680651925,15.796493199139562,80.0,31.16059379217274,25.79863906199593
india,long_term_reversal,none,equal_slot,0.15,none,none,3.140841864757715,0.2912597592863222,0.43901047297181334,0.1200839062681193,-26.15539386056404,9.506342719271332,25.0,31.17408906882591,25.79863906199593
india,long_term_reversal,none,equal_slot,0.15,none,0.15,-3.203912350114335,-0.17776110382730054,-0.2515853174048082,-0.10843257310873558,-29.547508264896283,-9.119369864857408,67.0,31.17408906882591,25.79863906199593
india,long_term_reversal,none,equal_slot,0.15,none,0.25,1.848211148753598,0.20151148721064965,0.3016778328566404,0.06927482996264547,-26.67940361239709,5.524970246706351,27.0,31.17408906882591,25.79863906199593
india,long_term_reversal,none,equal_slot,0.15,0.25,none,1.4599759199091178,0.17541820775777275,0.2580275916323109,0.05457680460510881,-26.750850117972146,4.348112501130563,51.0,31.17408906882591,25.79863906199593
india,long_term_reversal,none,equal_slot,0.15,0.25,0.15,-2.4247461605978016,-0.12011217777546446,-0.1701470976979761,-0.0841663896821785,-28.80896008197463,-6.954384227518984,76.0,31.17408906882591,25.79863906199593
india,long_term_reversal,none,equal_slot,0.15,0.25,0.25,6.879997940604077,0.5450979956161186,0.8711473144945219,0.26142101409573293,-26.317692800643055,21.577893923532287,46.0,31.16059379217274,25.79863906199593
india,long_term_reversal,none,equal_slot,0.25,none,none,2.832678240489983,0.26851588483006417,0.4031933359352615,0.10648392761454754,-26.601932366204252,8.5483457838325,16.0,31.17408906882591,25.79863906199593
india,long_term_reversal,none,equal_slot,0.25,none,0.15,-2.991197741442553,-0.16275364246988797,-0.23151749977840244,-0.10249157106093104,-29.184816960843456,-8.531656238782636,67.0,31.17408906882591,25.79863906199593
india,long_term_reversal,none,equal_slot,0.25,none,0.25,2.456721028112274,0.24311604893854705,0.3626205027626067,0.09080420537518724,-27.05514593692581,7.387102228427289,23.0,31.17408906882591,25.79863906199593
india,long_term_reversal,none,equal_slot,0.25,0.25,none,5.716593843461371,0.4634491931555617,0.7310131328753177,0.21435273982949327,-26.669096219664052,17.732559695127037,29.0,31.16059379217274,25.79863906199593
india,long_term_reversal,none,equal_slot,0.25,0.25,0.15,-2.2337492889321076,-0.10628008729362431,-0.15124741509003867,-0.0784564373184207,-28.471204725576392,-6.418542543774541,76.0,31.17408906882591,25.79863906199593
india,long_term_reversal,none,equal_slot,0.25,0.25,0.25,5.064334805368209,0.4195969128280718,0.656947797593308,0.1868503792869993,-27.10369026112315,15.612210084980639,36.0,31.16059379217274,25.79863906199593
india,long_term_reversal,bull,equal_slot,none,none,none,2.4798330558285064,0.2456062718904787,0.3648898871272492,0.09333225148245479,-26.569947863035125,7.458252367427454,10.0,31.17408906882591,25.79863906199593
india,long_term_reversal,bull,equal_slot,none,none,0.15,-5.810168980978736,-0.618449879236347,-0.8403494466285945,-0.22491132757552726,-25.83315408614815,-16.119194594532516,33.0,16.882591093117412,25.79863906199593
india,long_term_reversal,bull,equal_slot,none,none,0.25,-0.08323661868723242,0.049649466323560355,0.07171030967941726,-0.0031823238087069594,-26.155923686802034,-0.24422805023711636,17.0,24.07557354925776,25.79863906199593
india,long_term_reversal,bull,equal_slot,none,0.25,none,-0.47242176238962985,0.017841149107314765,0.026257028254784386,-0.01836559341491489,-25.723196180852568,-1.3809339032078705,12.0,27.57085020242915,25.79863906199593
india,long_term_reversal,bull,equal_slot,none,0.25,0.15,-5.784057561308287,-0.6359174183985972,-0.8759583006629298,-0.2319929558580466,-24.93203959540683,-16.0508920621375,37.0,16.747638326585694,25.79863906199593
india,long_term_reversal,bull,equal_slot,none,0.25,0.25,-3.4716230495070333,-0.3079914605466019,-0.4331848460445033,-0.1332511004374968,-26.053241122278344,-9.855486911609946,19.0,20.79622132253711,25.79863906199593
india,long_term_reversal,bull,equal_slot,0.08,none,none,-0.41410033652691247,0.014583021617952992,0.021419937664623443,-0.01673071754202169,-24.750901178436475,-1.211139587847665,32.0,20.95816464237517,25.79863906199593
india,long_term_reversal,bull,equal_slot,0.08,none,0.15,-4.870553373662445,-0.5213336936235408,-0.745056508733085,-0.20322692993164326,-23.966082523121756,-13.638189455663607,41.0,16.842105263157894,25.79863906199593
india,long_term_reversal,bull,equal_slot,0.08,none,0.25,-0.6185247282124107,-0.003388147940349703,-0.004930109849756443,-0.02444920145618988,-25.298361147734617,-1.805446140487288,34.0,20.95816464237517,25.79863906199593
india,long_term_reversal,bull,equal_slot,0.08,0.25,none,-4.552363066232756,-0.48566000943774057,-0.7038900895026418,-0.19804476455115536,-22.986535779171643,-12.78718741142335,40.0,17.246963562753038,25.79863906199593
india,long_term_reversal,bull,equal_slot,0.08,0.25,0.15,-5.240588304655169,-0.5929931814102948,-0.8512256594922356,-0.22330369030046826,-23.468435732538275,-14.62094133862969,45.0,16.666666666666668,25.79863906199593
india,long_term_reversal,bull,equal_slot,0.08,0.25,0.25,-4.779528295423841,-0.5051920853778802,-0.7229898186930738,-0.20295232443865224,-23.550005197740813,-13.395304113573603,41.0,17.246963562753038,25.79863906199593
india,long_term_reversal,bull,equal_slot,0.15,none,none,0.163296073651642,0.0703215923527179,0.10312776039809492,0.00626402282904498,-26.06888226755366,0.48027878210461505,19.0,22.64507422402159,25.79863906199593
india,long_term_reversal,bull,equal_slot,0.15,none,0.15,-5.881649885230811,-0.6236967352264015,-0.8443798531181995,-0.22617186863013297,-26.005223022891876,-16.30598760652868,33.0,16.882591093117412,25.79863906199593
india,long_term_reversal,bull,equal_slot,0.15,none,0.25,-1.460374578878143,-0.08992253524250249,-0.12965676341091376,-0.05574811978757496,-26.195943189524908,-4.228039471156675,20.0,22.631578947368418,25.79863906199593
india,long_term_reversal,bull,equal_slot,0.15,0.25,none,-5.019614125752591,-0.5108657453297262,-0.7177844013598401,-0.19494688925399314,-25.74862386858924,-14.034962513060256,25.0,18.93387314439946,25.79863906199593
india,long_term_reversal,bull,equal_slot,0.15,0.25,0.15,-5.853580421549253,-0.6411098906894478,-0.8797196954360434,-0.2334329795079343,-25.076064375686443,-16.23266957756673,37.0,16.747638326585694,25.79863906199593
india,long_term_reversal,bull,equal_slot,0.15,0.25,0.25,-4.65964396244355,-0.4586862955252171,-0.6453830174424471,-0.17560416637521217,-26.534928291435417,-13.074725877771387,24.0,19.271255060728745,25.79863906199593
india,long_term_reversal,bull,equal_slot,0.25,none,none,2.643848442137098,0.25996715131142356,0.3895520072260711,0.10229709735197147,-25.844804110525878,7.964065331490455,14.0,28.542510121457486,25.79863906199593
india,long_term_reversal,bull,equal_slot,0.25,none,0.15,-5.810168980978736,-0.618449879236347,-0.8403494466285945,-0.22491132757552726,-25.83315408614815,-16.119194594532516,33.0,16.882591093117412,25.79863906199593
india,long_term_reversal,bull,equal_slot,0.25,none,0.25,-0.08323661868723242,0.049649466323560355,0.07171030967941726,-0.0031823238087069594,-26.155923686802034,-0.24422805023711636,17.0,24.07557354925776,25.79863906199593
india,long_term_reversal,bull,equal_slot,0.25,0.25,none,0.5450430294619002,0.10480395036344492,0.15414582570433222,0.02103802072517905,-25.907524124147923,1.6089841543005967,17.0,23.562753036437243,25.79863906199593
india,long_term_reversal,bull,equal_slot,0.25,0.25,0.15,-5.784057561308287,-0.6359174183985972,-0.8759583006629298,-0.2319929558580466,-24.93203959540683,-16.0508920621375,37.0,16.747638326585694,25.79863906199593
india,long_term_reversal,bull,equal_slot,0.25,0.25,0.25,-3.4716230495070333,-0.3079914605466019,-0.4331848460445033,-0.1332511004374968,-26.053241122278344,-9.855486911609946,19.0,20.79622132253711,25.79863906199593
india,long_term_reversal,"bull,pullback",equal_slot,none,none,none,2.4798330558285064,0.2456062718904787,0.3648898871272492,0.09333225148245479,-26.569947863035125,7.458252367427454,10.0,31.17408906882591,25.79863906199593
india,long_term_reversal,"bull,pullback",equal_slot,none,none,0.15,-5.582226950350099,-0.4695761710837675,-0.6306732734325369,-0.19230064991861998,-29.02864318301811,-15.521703575093081,43.0,20.728744939271255,25.79863906199593
india,long_term_reversal,"bull,pullback",equal_slot,none,none,0.25,2.1749649855353104,0.22934570658694464,0.33846472846426834,0.08292179885344385,-26.229110024245227,6.522215673396303,20.0,28.394062078272608,25.79863906199593
india,long_term_reversal,"bull,pullback",equal_slot,none,0.25,none,-0.47242176238962985,0.017841149107314765,0.026257028254784386,-0.01836559341491489,-25.723196180852568,-1.3809339032078705,12.0,27.57085020242915,25.79863906199593
india,long_term_reversal,"bull,pullback",equal_slot,none,0.25,0.15,-6.778942458151249,-0.620599300047157,-0.8293951329416064,-0.23838421982440966,-28.437043622872853,-18.62749347716549,47.0,20.242914979757085,25.79863906199593
india,long_term_reversal,"bull,pullback",equal_slot,none,0.25,0.25,-1.8838925615919155,-0.10940920183712335,-0.15606485362403963,-0.07172184446883605,-26.266649659442155,-5.431749423536147,23.0,24.291497975708502,25.79863906199593
india,long_term_reversal,"bull,pullback",equal_slot,0.08,none,none,2.440565792089089,0.24986073727196903,0.37174309624965607,0.09715740983770851,-25.119708277174162,7.3373869529768765,39.0,25.964912280701757,25.79863906199593
india,long_term_reversal,"bull,pullback",equal_slot,0.08,none,0.15,-5.379104846555505,-0.4698579018058767,-0.6493794326479364,-0.196045056821924,-27.4381049629911,-14.986912602825619,55.0,20.68825910931174,25.79863906199593
india,long_term_reversal,"bull,pullback",equal_slot,0.08,none,0.25,2.1279921936556923,0.22572991029464812,0.33385490270392537,0.08318936351040497,-25.58009947256697,6.37847492171062,41.0,25.829959514170042,25.79863906199593
india,long_term_reversal,"bull,pullback",equal_slot,0.08,0.25,none,-4.492706664834046,-0.4079930673413154,-0.573255088810843,-0.18468163538488272,-24.32676457229271,-12.627022956859523,52.0,20.08097165991903,25.79863906199593
india,long_term_reversal,"bull,pullback",equal_slot,0.08,0.25,0.15,-6.491949488268367,-0.6329647568543412,-0.8740275296062665,-0.25707626090543734,-25.253010392337856,-17.889657196745013,60.0,19.40620782726046,25.79863906199593
india,long_term_reversal,"bull,pullback",equal_slot,0.08,0.25,0.25,-4.683441434127921,-0.42255973621691983,-0.5890307778061464,-0.18873548172831334,-24.814843458368806,-13.138423956279087,53.0,20.08097165991903,25.79863906199593
india,long_term_reversal,"bull,pullback",equal_slot,0.15,none,none,2.620341896184164,0.259968472563242,0.3877765910249393,0.1014413002534159,-25.831115035376605,7.891476468182512,23.0,28.542510121457486,25.79863906199593
india,long_term_reversal,"bull,pullback",equal_slot,0.15,none,0.15,-5.734868490320411,-0.47991546177052485,-0.641231723610895,-0.19508014625273895,-29.397499440514657,-15.922123154799284,43.0,20.728744939271255,25.79863906199593
india,long_term_reversal,"bull,pullback",equal_slot,0.15,none,0.25,1.2263621903063182,0.15919725973756138,0.23505476233649691,0.047263546776294164,-25.947316144319093,3.6441479760398687,24.0,28.380566801619434,25.79863906199593
india,long_term_reversal,"bull,pullback",equal_slot,0.15,0.25,none,-3.809296269801976,-0.2979571203802982,-0.4156329749407761,-0.1417733790044606,-26.86891076837581,-10.778356209982508,32.0,22.982456140350877,25.79863906199593
india,long_term_reversal,"bull,pullback",equal_slot,0.15,0.25,0.15,-6.9243072733177975,-0.6305639850107994,-0.8385921964048819,-0.2405795719658681,-28.781775679192638,-18.999540857743845,47.0,20.242914979757085,25.79863906199593
india,long_term_reversal,"bull,pullback",equal_slot,0.15,0.25,0.25,-2.2085284640515956,-0.14275393792058663,-0.20715899532754903,-0.08517222937916018,-25.930147421877574,-6.347633801292951,30.0,24.331983805668017,25.79863906199593
india,long_term_reversal,"bull,pullback",equal_slot,0.25,none,none,2.7348643734612876,0.26229558556348975,0.3934702708848526,0.10280698168136562,-26.601932366204252,8.24542880227257,15.0,29.91902834008097,25.79863906199593
india,long_term_reversal,"bull,pullback",equal_slot,0.25,none,0.15,-5.582226950350099,-0.4695761710837675,-0.6306732734325369,-0.19230064991861998,-29.02864318301811,-15.521703575093081,43.0,20.728744939271255,25.79863906199593
india,long_term_reversal,"bull,pullback",equal_slot,0.25,none,0.25,2.1749649855353104,0.22934570658694464,0.33846472846426834,0.08292179885344385,-26.229110024245227,6.522215673396303,20.0,28.394062078272608,25.79863906199593
india,long_term_reversal,"bull,pullback",equal_slot,0.25,0.25,none,0.6397689822745134,0.11309021694513184,0.16637664922285117,0.02398915122600928,-26.669096219664052,1.8903476250827111,18.0,24.93927125506073,25.79863906199593
india,long_term_reversal,"bull,pullback",equal_slot,0.25,0.25,0.15,-6.778942458151249,-0.620599300047157,-0.8293951329416064,-0.23838421982440966,-28.437043622872853,-18.62749347716549,47.0,20.242914979757085,25.79863906199593
india,long_term_reversal,"bull,pullback",equal_slot,0.25,0.25,0.25,-1.8838925615919155,-0.10940920183712335,-0.15606485362403963,-0.07172184446883605,-26.266649659442155,-5.431749423536147,23.0,24.291497975708502,25.79863906199593
india,macd_signal_cross,none,equal_slot,none,none,none,-3.751190947253802,-0.13291864839833673,-0.17265965985302628,-0.09084066893923161,-41.29418014043008,-10.619998869138858,863.0,98.70445344129554,25.79863906199593
india,macd_signal_cross,none,equal_slot,none,none,0.15,-8.824758532512577,-0.4631421337927674,-0.5970629331763547,-0.18255770560492346,-48.339556543345275,-23.76081175592223,910.0,98.59649122807016,25.79863906199593
india,macd_signal_cross,none,equal_slot,none,none,0.25,-7.299164608324549,-0.34734992648573204,-0.4462821786948373,-0.16189985217421396,-45.084442698997705,-19.95377214478745,869.0,98.71345029239767,25.79863906199593
india,macd_signal_cross,none,equal_slot,none,0.25,none,-0.6058222575898831,0.040181322512296974,0.05310344431749812,-0.015032145334756265,-40.30178288584954,-1.768586161259822,901.0,98.71345029239767,25.79863906199593
india,macd_signal_cross,none,equal_slot,none,0.25,0.15,-2.1880797425744225,-0.06705120787974839,-0.0891517920041883,-0.05218860638214457,-41.92638765926189,-6.290115898950388,944.0,98.5515069725596,25.79863906199593
india,macd_signal_cross,none,equal_slot,none,0.25,0.25,-0.6741911390179101,0.034820190338526846,0.045863824074829744,-0.016878553182582676,-39.94365700216662,-1.9668711424096208,909.0,98.73144399460189,25.79863906199593
india,macd_signal_cross,none,equal_slot,0.08,none,none,-11.389125846496839,-0.5939557943769488,-0.7644201332195677,-0.23762467166566484,-47.929054532356,-29.8875375881556,971.0,98.53351327035537,25.79863906199593
india,macd_signal_cross,none,equal_slot,0.08,none,0.15,-11.69927652102084,-0.6498363748770687,-0.8333041504488391,-0.24046061262276114,-48.65360856156044,-30.60572764255608,977.0,98.4885290148448,25.79863906199593
india,macd_signal_cross,none,equal_slot,0.08,none,0.25,-11.888312261997635,-0.6242557074018091,-0.8024464790795773,-0.2439677085515875,-48.72904013640734,-31.04107298881299,972.0,98.53351327035537,25.79863906199593
india,macd_signal_cross,none,equal_slot,0.08,0.25,none,-6.0529326080394075,-0.31611366088438025,-0.4136825099660597,-0.13298615759261576,-45.515508663553604,-16.752464835772905,1018.0,98.4885290148448,25.79863906199593
india,macd_signal_cross,none,equal_slot,0.08,0.25,0.15,-5.70941093795736,-0.30582350940099134,-0.40136811313724025,-0.12977233137075544,-43.99559503670897,-15.855428344517176,1015.0,98.47953216374269,25.79863906199593
india,macd_signal_cross,none,equal_slot,0.08,0.25,0.25,-6.0529326080394075,-0.31611366088438025,-0.4136825099660597,-0.13298615759261576,-45.515508663553604,-16.752464835772905,1018.0,98.4885290148448,25.79863906199593
india,macd_signal_cross,none,equal_slot,0.15,none,none,-8.582461392260644,-0.4098690966132635,-0.5294621841064889,-0.1796228565463624,-47.7804526510546,-23.164329139418715,894.0,98.6684660368871,25.79863906199593
india,macd_signal_cross,none,equal_slot,0.15,none,0.15,-9.633094225460948,-0.5088688765966096,-0.653204400419638,-0.19513667961501305,-49.365881619315076,-25.728654925254336,910.0,98.59649122807016,25.79863906199593
india,macd_signal_cross,none,equal_slot,0.15,none,0.25,-8.350259183723896,-0.3975968272640844,-0.5131459792914336,-0.17694224290293192,-47.192004841403154,-22.589817914360534,892.0,98.65047233468286,25.79863906199593
india,macd_signal_cross,none,equal_slot,0.15,0.25,none,-0.05042466509102006,0.07588366671301795,0.10086179551994236,-0.0012739316909517104,-39.58192220914885,-0.14800014590732324,932.0,98.63247863247864,25.79863906199593
india,macd_signal_cross,none,equal_slot,0.15,0.25,0.15,-2.9642876363330517,-0.11542118217708296,-0.1526025525735974,-0.06909883205491711,-42.899243709027516,-8.457127651616469,944.0,98.5515069725596,25.79863906199593
india,macd_signal_cross,none,equal_slot,0.15,0.25,0.25,-0.25532718103280505,0.06330843694455912,0.08407464761732691,-0.006426169197399495,-39.73240871655378,-0.747918177193807,935.0,98.58749437696805,25.79863906199593
india,macd_signal_cross,none,equal_slot,0.25,none,none,-5.241820653289164,-0.22513693883615765,-0.2914217190947712,-0.12110134597483095,-43.28457797965842,-14.624201869412001,868.0,98.67746288798921,25.79863906199593
india,macd_signal_cross,none,equal_slot,0.25,none,0.15,-8.824758532512577,-0.4631421337927674,-0.5970629331763547,-0.18255770560492346,-48.339556543345275,-23.76081175592223,910.0,98.59649122807016,25.79863906199593
india,macd_signal_cross,none,equal_slot,0.25,none,0.25,-7.299164608324549,-0.34734992648573204,-0.4462821786948373,-0.16189985217421396,-45.084442698997705,-19.95377214478745,869.0,98.71345029239767,25.79863906199593
india,macd_signal_cross,none,equal_slot,0.25,0.25,none,-0.4395240188605043,0.05018086548756264,0.06633712989933073,-0.010999772476348688,-39.957555468129264,-1.2851806088872597,905.0,98.69545659019343,25.79863906199593
india,macd_signal_cross,none,equal_slot,0.25,0.25,0.15,-2.1880797425744225,-0.06705120787974839,-0.0891517920041883,-0.05218860638214457,-41.92638765926189,-6.290115898950388,944.0,98.5515069725596,25.79863906199593
india,macd_signal_cross,none,equal_slot,0.25,0.25,0.25,-0.7388312690916998,0.030750851514434123,0.04050206827157311,-0.018430704496582996,-40.08697927030826,-2.154098997517573,909.0,98.73144399460189,25.79863906199593
india,macd_signal_cross,bull,equal_slot,none,none,none,-2.8663677883354666,-0.14198243093952972,-0.18219308795345088,-0.0816565424428065,-35.10273277053231,-8.185596843919763,636.0,72.22672064777328,25.79863906199593
india,macd_signal_cross,bull,equal_slot,none,none,0.15,-1.6313995521582525,-0.0654610245826445,-0.08513291804587264,-0.04870082326671455,-33.49839782427789,-4.71533018172553,657.0,70.85919928025191,25.79863906199593
india,macd_signal_cross,bull,equal_slot,none,none,0.25,-3.73210241860088,-0.20631734790304665,-0.26320781180674996,-0.10658866070960057,-35.0140661657148,-10.567935529983806,637.0,71.53396311291048,25.79863906199593
india,macd_signal_cross,bull,equal_slot,none,0.25,none,-0.5917978026050319,0.013128157608992335,0.017223909165194073,-0.016770833100985472,-35.287322880236474,-1.7278794559467903,671.0,72.31668915879442,25.79863906199593
india,macd_signal_cross,bull,equal_slot,none,0.25,0.15,0.08642542744476955,0.06604176160650856,0.08651449778469673,0.002475276093251624,-34.915469704730015,0.25400138597519994,685.0,70.84120557804768,25.79863906199593
india,macd_signal_cross,bull,equal_slot,none,0.25,0.25,-0.40114589276613044,0.02837264905408975,0.03716818177572313,-0.011641551804694141,-34.4581117273712,-1.173398468807585,672.0,71.47098515519569,25.79863906199593
india,macd_signal_cross,bull,equal_slot,0.08,none,none,-8.796702969686477,-0.5876197320399018,-0.7442122939039505,-0.20926138923126011,-42.0369137469742,-23.691901971152195,704.0,70.85919928025191,25.79863906199593
india,macd_signal_cross,bull,equal_slot,0.08,none,0.15,-7.564285180813435,-0.515142766398884,-0.6591740677661292,-0.18695985832557274,-40.45940796361192,-20.624163808927033,707.0,70.86819613135404,25.79863906199593
india,macd_signal_cross,bull,equal_slot,0.08,none,0.25,-9.315908154105468,-0.6298711321634917,-0.794770071738436,-0.21664623555029608,-43.00055401582414,-24.960529314060608,705.0,70.85919928025191,25.79863906199593
india,macd_signal_cross,bull,equal_slot,0.08,0.25,none,-4.91505670685497,-0.3530251222980752,-0.46170368590928246,-0.12266770681560243,-40.068057310661416,-13.756775545681531,742.0,70.90418353576247,25.79863906199593
india,macd_signal_cross,bull,equal_slot,0.08,0.25,0.15,-3.948063732133711,-0.27452891550181396,-0.3563398151514181,-0.10228760594168448,-38.597674623302396,-11.155797282034275,737.0,70.9131803868646,25.79863906199593
india,macd_signal_cross,bull,equal_slot,0.08,0.25,0.25,-4.91505670685497,-0.3530251222980752,-0.46170368590928246,-0.12266770681560243,-40.068057310661416,-13.756775545681531,742.0,70.90418353576247,25.79863906199593
india,macd_signal_cross,bull,equal_slot,0.15,none,none,-4.698144721389729,-0.28066326446797013,-0.3589290287115789,-0.1278885640362722,-36.736237964617594,-13.177764477043752,654.0,71.03013945119208,25.79863906199593
india,macd_signal_cross,bull,equal_slot,0.15,none,0.15,-1.9417429164720446,-0.08861781707377707,-0.1148147559553015,-0.05740291817069625,-33.82655409082128,-5.595391239533464,657.0,70.85919928025191,25.79863906199593
india,macd_signal_cross,bull,equal_slot,0.15,none,0.25,-4.446809913413363,-0.25916453695905894,-0.3319483628571882,-0.12099223162688322,-36.75285473803368,-12.503668233504362,653.0,70.86819613135404,25.79863906199593
india,macd_signal_cross,bull,equal_slot,0.15,0.25,none,-1.5647711349080273,-0.06684744987478031,-0.08684425563228206,-0.04444852174964492,-35.20412093166018,-4.5256849151308565,682.0,70.74224021592443,25.79863906199593
india,macd_signal_cross,bull,equal_slot,0.15,0.25,0.15,-0.24279887271715372,0.03859039819898412,0.05032766601283399,-0.006893099597381786,-35.22346794602769,-0.711305933655737,685.0,70.84120557804768,25.79863906199593
india,macd_signal_cross,bull,equal_slot,0.15,0.25,0.25,-1.445044592338418,-0.05663289040874176,-0.07350145624180214,-0.041275864992059576,-35.00943208861663,-4.184280627143844,682.0,70.67026540710751,25.79863906199593
india,macd_signal_cross,bull,equal_slot,0.25,none,none,-2.811602974312355,-0.13828884349378523,-0.1774627369701396,-0.08034492984111237,-34.994155572386376,-8.033503206889359,636.0,71.9208277103014,25.79863906199593
india,macd_signal_cross,bull,equal_slot,0.25,none,0.15,-1.6313995521582525,-0.0654610245826445,-0.08513291804587264,-0.04870082326671455,-33.49839782427789,-4.71533018172553,657.0,70.85919928025191,25.79863906199593
india,macd_signal_cross,bull,equal_slot,0.25,none,0.25,-3.73210241860088,-0.20631734790304665,-0.26320781180674996,-0.10658866070960057,-35.0140661657148,-10.567935529983806,637.0,71.53396311291048,25.79863906199593
india,macd_signal_cross,bull,equal_slot,0.25,0.25,none,-0.5806396690684834,0.01369752606795752,0.017963349375522828,-0.016464671945596056,-35.26579035325341,-1.69548445174732,671.0,71.8668466036887,25.79863906199593
india,macd_signal_cross,bull,equal_slot,0.25,0.25,0.15,0.08642542744476955,0.06604176160650856,0.08651449778469673,0.002475276093251624,-34.915469704730015,0.25400138597519994,685.0,70.84120557804768,25.79863906199593
india,macd_signal_cross,bull,equal_slot,0.25,0.25,0.25,-0.4714539910014026,0.02264215887277058,0.029659033242511713,-0.013628180217005667,-34.59405316735595,-1.3781179496050067,672.0,71.47098515519569,25.79863906199593
india,macd_signal_cross,"bull,pullback",equal_slot,none,none,none,-3.882560973556748,-0.18897605298113684,-0.24335534661477062,-0.1006163396874363,-38.58777794558902,-10.977764297867044,709.0,81.33153396311292,25.79863906199593
india,macd_signal_cross,"bull,pullback",equal_slot,none,none,0.15,-4.001809388786503,-0.22405600868290335,-0.2908055848942442,-0.1031012253854712,-38.81437270822612,-11.301699604838532,738.0,79.70310391363023,25.79863906199593
india,macd_signal_cross,"bull,pullback",equal_slot,none,none,0.25,-5.183606493592318,-0.2797959864527057,-0.35777268347249813,-0.13280073702646927,-39.032964798675366,-14.47008996404282,712.0,80.76473234367971,25.79863906199593
india,macd_signal_cross,"bull,pullback",equal_slot,none,0.25,none,-0.47333174179591264,0.031759111864357,0.041747561883062625,-0.012740722190134095,-37.15109196576327,-1.3835816493688369,741.0,81.19658119658119,25.79863906199593
india,macd_signal_cross,"bull,pullback",equal_slot,none,0.25,0.15,-2.1883147911574863,-0.10885556365206635,-0.1423527898942628,-0.05545932606899759,-39.45801267824601,-6.29077717291101,767.0,79.61313540260909,25.79863906199593
india,macd_signal_cross,"bull,pullback",equal_slot,none,0.25,0.25,-0.4186366900560734,0.03473392564718246,0.0455597224568714,-0.01144362520335581,-36.58252368605269,-1.224353427763536,743.0,80.4408457040036,25.79863906199593
india,macd_signal_cross,"bull,pullback",equal_slot,0.08,none,none,-6.60019890525172,-0.3754854043043354,-0.48392415654570325,-0.16702899536105892,-39.5152882946124,-18.168473850704427,777.0,79.43319838056681,25.79863906199593
india,macd_signal_cross,"bull,pullback",equal_slot,0.08,none,0.15,-5.938420120508203,-0.3473025367919548,-0.4507138597541645,-0.15826492861504912,-37.52202191903387,-16.45414328067408,782.0,79.40620782726046,25.79863906199593
india,macd_signal_cross,"bull,pullback",equal_slot,0.08,none,0.25,-7.229893783313235,-0.41928123442883714,-0.5389209768835742,-0.17747211781476951,-40.73819522940043,-19.777998828627275,778.0,79.43319838056681,25.79863906199593
india,macd_signal_cross,"bull,pullback",equal_slot,0.08,0.25,none,-3.1203735236757235,-0.17346514447851974,-0.22882047285747406,-0.08141201980105156,-38.32816740453133,-8.888856593079609,823.0,79.31623931623932,25.79863906199593
india,macd_signal_cross,"bull,pullback",equal_slot,0.08,0.25,0.15,-3.0531468569885423,-0.1737883636625304,-0.22845388838669073,-0.08173485542335664,-37.354282223591866,-8.703074623966621,820.0,79.45119208277104,25.79863906199593
india,macd_signal_cross,"bull,pullback",equal_slot,0.08,0.25,0.25,-3.1203735236757235,-0.17346514447851974,-0.22882047285747406,-0.08141201980105156,-38.32816740453133,-8.888856593079609,823.0,79.31623931623932,25.79863906199593
india,macd_signal_cross,"bull,pullback",equal_slot,0.15,none,none,-4.781515980275852,-0.24754742652908843,-0.3191290995537359,-0.11923775810390956,-40.10068669782442,-13.400612726270655,725.0,80.29689608636977,25.79863906199593
india,macd_signal_cross,"bull,pullback",equal_slot,0.15,none,0.15,-4.410470986583115,-0.251330617990968,-0.32499875014525476,-0.11216083973744558,-39.322735073199105,-12.405920242490042,738.0,79.70310391363023,25.79863906199593
india,macd_signal_cross,"bull,pullback",equal_slot,0.15,none,0.25,-4.607768993799044,-0.23829915219062803,-0.3068403185198991,-0.11771831690497554,-39.14232818600798,-12.935766742283716,723.0,79.9370220422852,25.79863906199593
india,macd_signal_cross,"bull,pullback",equal_slot,0.15,0.25,none,-1.4393291147293374,-0.04192466320016267,-0.0548362197233892,-0.03804654754616883,-37.830741750818156,-4.167962647327816,758.0,79.85605038236618,25.79863906199593
india,macd_signal_cross,"bull,pullback",equal_slot,0.15,0.25,0.15,-2.5914619617402823,-0.1383953182476192,-0.1802783385657332,-0.0649472092489022,-39.90105181900615,-7.420448146657,767.0,79.61313540260909,25.79863906199593
india,macd_signal_cross,"bull,pullback",equal_slot,0.15,0.25,0.25,-1.9221434202546073,-0.07872402359276563,-0.10270100494896411,-0.05078754549818823,-37.84674768980865,-5.539970902713309,759.0,79.46918578497527,25.79863906199593
india,macd_signal_cross,"bull,pullback",equal_slot,0.25,none,none,-3.8237137152422274,-0.18589539072732297,-0.23944589856285828,-0.0993887555532455,-38.472296930951615,-10.817620123532922,709.0,81.02564102564102,25.79863906199593
india,macd_signal_cross,"bull,pullback",equal_slot,0.25,none,0.15,-4.001809388786503,-0.22405600868290335,-0.2908055848942442,-0.1031012253854712,-38.81437270822612,-11.301699604838532,738.0,79.70310391363023,25.79863906199593
india,macd_signal_cross,"bull,pullback",equal_slot,0.25,none,0.25,-5.183606493592318,-0.2797959864527057,-0.35777268347249813,-0.13280073702646927,-39.032964798675366,-14.47008996404282,712.0,80.76473234367971,25.79863906199593
india,macd_signal_cross,"bull,pullback",equal_slot,0.25,0.25,none,-0.46252026597282114,0.03197259494572633,0.04203161212102275,-0.012456720171924326,-37.13018030342176,-1.3521207163393,741.0,80.74673864147549,25.79863906199593
india,macd_signal_cross,"bull,pullback",equal_slot,0.25,0.25,0.15,-2.1883147911574863,-0.10885556365206635,-0.1423527898942628,-0.05545932606899759,-39.45801267824601,-6.29077717291101,767.0,79.61313540260909,25.79863906199593
india,macd_signal_cross,"bull,pullback",equal_slot,0.25,0.25,0.25,-0.4902550080166268,0.02937151848658814,0.03852247610377897,-0.013350825989250838,-36.72094958104811,-1.4328143456084352,743.0,80.4408457040036,25.79863906199593
india,macd_signal_cross,"bull,pullback",atr_risk,none,0.25,0.25,-0.35734527654920356,0.03932712658703449,0.051593925046085974,-0.009799972856513942,-36.46390472517276,-1.045720539316941,743.0,80.4408457040036,25.79863906199593
india,stochastic_cross,none,equal_slot,none,none,none,3.3986789386485805,0.2989957036184485,0.419043035999945,0.11607818528195817,-29.279221848558922,10.312158746184053,650.0,98.09266756635178,25.79863906199593
india,stochastic_cross,none,equal_slot,none,none,0.15,-6.270032050817498,-0.3196856833286261,-0.42573815595228404,-0.14608525803429584,-42.920361268386905,-17.316110174030197,710.0,98.38956365272155,25.79863906199593
india,stochastic_cross,none,equal_slot,none,none,0.25,3.288776337998156,0.2874671301169127,0.40271260197418346,0.11810196249648876,-27.846923696089583,9.968204637037669,658.0,98.13765182186235,25.79863906199593
india,stochastic_cross,none,equal_slot,none,0.25,none,1.378605417694856,0.1659128378865178,0.23117147217344747,0.04170701796779957,-33.054518996280805,4.10255640151842,649.0,98.18263607737292,25.79863906199593
india,stochastic_cross,none,equal_slot,none,0.25,0.15,-7.9831378877045385,-0.407438636807148,-0.5424021579045936,-0.171713395403003,-46.491060694295285,-21.675723888530907,715.0,98.38056680161942,25.79863906199593
india,stochastic_cross,none,equal_slot,none,0.25,0.25,4.010152647113929,0.3350765744457204,0.4712361615772343,0.1367378410550673,-29.327307029068518,12.238803334456527,663.0,98.09266756635178,25.79863906199593
india,stochastic_cross,none,equal_slot,0.08,none,none,-2.226938847403892,-0.058116023766320954,-0.08075045974919881,-0.053266411601927424,-41.807562785462935,-6.3993983719248915,830.0,98.51551956815115,25.79863906199593
india,stochastic_cross,none,equal_slot,0.08,none,0.15,-1.6924587022251525,-0.025126990108854573,-0.034925758384283315,-0.04163849944230891,-40.64648642226151,-4.888905284184419,841.0,98.46153846153847,25.79863906199593
india,stochastic_cross,none,equal_slot,0.08,none,0.25,-2.05261157652048,-0.04761605346554429,-0.06618984157194213,-0.04950874378224328,-41.459577030445,-5.908484319954088,829.0,98.51551956815115,25.79863906199593
india,stochastic_cross,none,equal_slot,0.08,0.25,none,-0.8759252274629814,0.0245038192427732,0.03409071666766227,-0.022182223840752087,-39.48771023822123,-2.5504060750617064,835.0,98.40755735492579,25.79863906199593
india,stochastic_cross,none,equal_slot,0.08,0.25,0.15,-1.040271712552432,0.013710284331262665,0.019013461698483825,-0.02618764508501158,-39.72375939781727,-3.024097029419881,843.0,98.38056680161942,25.79863906199593
india,stochastic_cross,none,equal_slot,0.08,0.25,0.25,-0.8759252274629814,0.0245038192427732,0.03409071666766227,-0.022182223840752087,-39.48771023822123,-2.5504060750617064,835.0,98.40755735492579,25.79863906199593
india,stochastic_cross,none,equal_slot,0.15,none,none,-5.6365832297099905,-0.267688533033372,-0.36046670308120765,-0.12712836161955912,-44.33773202063184,-15.664438478516418,691.0,98.110661268556,25.79863906199593
india,stochastic_cross,none,equal_slot,0.15,none,0.15,-7.024913885811824,-0.3649769479475446,-0.4838290422156263,-0.15857356760885546,-44.300661148898314,-19.25637590870124,710.0,98.38956365272155,25.79863906199593
india,stochastic_cross,none,equal_slot,0.15,none,0.25,-5.540361537727723,-0.25298621141937055,-0.34183175711647196,-0.12741917480675627,-43.481379832589774,-15.41166007617586,693.0,98.14664867296446,25.79863906199593
india,stochastic_cross,none,equal_slot,0.15,0.25,none,-3.272944097479724,-0.12700089922645938,-0.1719237166841642,-0.07600196699084419,-43.06393935664862,-9.309562476672017,696.0,98.29059829059828,25.79863906199593
india,stochastic_cross,none,equal_slot,0.15,0.25,0.15,-8.752869952991539,-0.451977612519093,-0.5987405515901417,-0.18411713401380697,-47.53968173508044,-23.5841575697462,715.0,98.38056680161942,25.79863906199593
india,stochastic_cross,none,equal_slot,0.15,0.25,0.25,-3.6623693810583835,-0.1491901469301773,-0.20101388385693517,-0.08346371077562442,-43.87978136874281,-10.377570972402905,697.0,98.28160143949617,25.79863906199593
india,stochastic_cross,none,equal_slot,0.25,none,none,2.4757020175337985,0.2352132838627978,0.3309383131123176,0.08524974366535742,-29.040580195196984,7.445532727634352,659.0,98.24561403508771,25.79863906199593
india,stochastic_cross,none,equal_slot,0.25,none,0.15,-6.741130440902088,-0.3463791560406771,-0.45995988979675134,-0.1555455770793135,-43.33861860607422,-18.53053288760015,710.0,98.38956365272155,25.79863906199593
india,stochastic_cross,none,equal_slot,0.25,none,0.25,3.1690238362330314,0.2794217472806097,0.39093378589115557,0.11347437904855015,-27.927219014586196,9.59423000371833,658.0,98.13765182186235,25.79863906199593
india,stochastic_cross,none,equal_slot,0.25,0.25,none,4.411041282232575,0.3626233709967493,0.5135158464301592,0.1574602831011466,-28.013675546354044,13.513896488787381,663.0,98.24561403508771,25.79863906199593
india,stochastic_cross,none,equal_slot,0.25,0.25,0.15,-8.587896857221022,-0.4416419475872017,-0.5860457064576023,-0.18285137506132554,-46.966542386354895,-23.177743693491493,715.0,98.38056680161942,25.79863906199593
india,stochastic_cross,none,equal_slot,0.25,0.25,0.25,3.8928523081723787,0.3269609637711253,0.45923957680234895,0.13236608688282434,-29.40974081690943,11.867504651199479,663.0,98.09266756635178,25.79863906199593
india,stochastic_cross,bull,equal_slot,none,none,none,-0.6664754349186008,-0.0034502959476764307,-0.004732804283982427,-0.02367358910030788,-28.152699284196547,-1.9445071075124165,470.0,72.36167341430499,25.79863906199593
india,stochastic_cross,bull,equal_slot,none,none,0.15,-6.579836986791721,-0.5165266755143856,-0.6874151936778085,-0.18689943609417634,-35.20522653410373,-18.11607566581688,503.0,71.71390013495277,25.79863906199593
india,stochastic_cross,bull,equal_slot,none,none,0.25,-0.4572910708880218,0.015883758445592228,0.021853488714898187,-0.01877124502252076,-24.361254159720776,-1.3369016073440099,473.0,72.07377417903733,25.79863906199593
india,stochastic_cross,bull,equal_slot,none,0.25,none,-3.4246381908668133,-0.24112130571320414,-0.3284084888454376,-0.10592982337495281,-32.329310875416525,-9.726579448908446,469.0,72.53261358524516,25.79863906199593
india,stochastic_cross,bull,equal_slot,none,0.25,0.15,-8.072133979727402,-0.6282116851167224,-0.8237358861772655,-0.21476569145340502,-37.585770451043906,-21.8979649565612,505.0,71.83985605038237,25.79863906199593
india,stochastic_cross,bull,equal_slot,none,0.25,0.25,-0.11850073915559145,0.04519573429019352,0.06252384898732734,-0.004628313094622886,-25.603440547975044,-0.34757924247925676,477.0,72.09176788124157,25.79863906199593
india,stochastic_cross,bull,equal_slot,0.08,none,none,-4.906386132475449,-0.3821025481602516,-0.5015945685747054,-0.15108813720709235,-32.47366883443934,-13.733679872506244,582.0,71.02114260008997,25.79863906199593
india,stochastic_cross,bull,equal_slot,0.08,none,0.15,-5.611026775986039,-0.4429338792753185,-0.5816163071098854,-0.16593307356595863,-33.81499935728996,-15.59734926004358,593.0,71.21907332433648,25.79863906199593
india,stochastic_cross,bull,equal_slot,0.08,none,0.25,-4.703922643075664,-0.36445677278120353,-0.47882392727234385,-0.1467654366451459,-32.05061593928928,-13.193220827065144,582.0,71.12910481331534,25.79863906199593
india,stochastic_cross,bull,equal_slot,0.08,0.25,none,-4.316328329334862,-0.33597367424844365,-0.4408769357020841,-0.13664981513409558,-31.586784988323725,-12.152351255106986,585.0,70.99415204678363,25.79863906199593
india,stochastic_cross,bull,equal_slot,0.08,0.25,0.15,-5.7055886039812265,-0.45573291684996065,-0.5960057582396839,-0.16609832307108546,-34.35066952204806,-15.845411415156486,593.0,71.1650922177238,25.79863906199593
india,stochastic_cross,bull,equal_slot,0.08,0.25,0.25,-4.316328329334862,-0.33597367424844365,-0.4408769357020841,-0.13664981513409558,-31.586784988323725,-12.152351255106986,585.0,70.99415204678363,25.79863906199593
india,stochastic_cross,bull,equal_slot,0.15,none,none,-6.5347262417040035,-0.5079614231839185,-0.6718634391369367,-0.1817408843960535,-35.95628063228411,-17.99991148219895,491.0,71.77687809266756,25.79863906199593
india,stochastic_cross,bull,equal_slot,0.15,none,0.15,-6.985811058393232,-0.5505886293514519,-0.7306468287792043,-0.19407696621219653,-35.995054924525185,-19.15661558939581,503.0,71.71390013495277,25.79863906199593
india,stochastic_cross,bull,equal_slot,0.15,none,0.25,-6.532595321082047,-0.5038668731849493,-0.6677300137483372,-0.18456880108602763,-35.39382215544219,-17.99442148557705,490.0,71.88484030589294,25.79863906199593
india,stochastic_cross,bull,equal_slot,0.15,0.25,none,-4.577078494416109,-0.35443172421765196,-0.4718465008664779,-0.13092643151672612,-34.959163259798906,-12.853486191555309,494.0,71.97480881691408,25.79863906199593
india,stochastic_cross,bull,equal_slot,0.15,0.25,0.15,-8.520178116362887,-0.6619819466704767,-0.86400706333531,-0.22254699301801278,-38.28484941907649,-23.01050572399489,505.0,71.83985605038237,25.79863906199593
india,stochastic_cross,bull,equal_slot,0.15,0.25,0.25,-4.577078494416109,-0.35443172421765196,-0.4718465008664779,-0.13092643151672612,-34.959163259798906,-12.853486191555309,494.0,71.97480881691408,25.79863906199593
india,stochastic_cross,bull,equal_slot,0.25,none,none,-1.598285618587414,-0.08193959266438734,-0.1126251037050156,-0.061200290993084945,-26.11565390707056,-4.621108675892671,474.0,72.02878992352677,25.79863906199593
india,stochastic_cross,bull,equal_slot,0.25,none,0.15,-6.972861762036365,-0.5446458706326578,-0.7219335066009792,-0.19678080388872327,-35.4346644806849,-19.123561045179493,503.0,71.71390013495277,25.79863906199593
india,stochastic_cross,bull,equal_slot,0.25,none,0.25,-0.5750454155523776,0.005914392966174266,0.008119335153808324,-0.02353525327616802,-24.433364230444592,-1.6792402084076063,473.0,72.07377417903733,25.79863906199593
india,stochastic_cross,bull,equal_slot,0.25,0.25,none,-0.5472306442445007,0.0079142928714732,0.010993643340936004,-0.021151005534416824,-25.872559266936477,-1.5984471346370377,477.0,72.10976158344579,25.79863906199593
india,stochastic_cross,bull,equal_slot,0.25,0.25,0.15,-8.589096566398524,-0.6633857663907223,-0.8656900783860114,-0.2256695098436569,-38.06050969113649,-23.180704329375924,505.0,71.83985605038237,25.79863906199593
india,stochastic_cross,bull,equal_slot,0.25,0.25,0.25,-0.2354815124321341,0.03504601145046612,0.04837686782022281,-0.009171014610788373,-25.676713256472645,-0.6899178435428754,477.0,72.09176788124157,25.79863906199593
india,stochastic_cross,"bull,pullback",equal_slot,none,none,none,0.5994651531471273,0.10993302615552424,0.1480519141782833,0.02147866760405632,-27.909792366911823,1.7705708858332558,512.0,78.38956365272155,25.79863906199593
india,stochastic_cross,"bull,pullback",equal_slot,none,none,0.15,-6.364146271939541,-0.4489817044012072,-0.5837794248348439,-0.17237668146919982,-36.91999531315193,-17.559670506553417,554.0,78.19163292847503,25.79863906199593
india,stochastic_cross,"bull,pullback",equal_slot,none,none,0.25,0.8625626982500245,0.13158939914059353,0.17874690105381993,0.03558070960692638,-24.242425397893477,2.554133616541421,516.0,78.38056680161944,25.79863906199593
india,stochastic_cross,"bull,pullback",equal_slot,none,0.25,none,-2.027670479995203,-0.10363141836857429,-0.13803099975036862,-0.06346236550486233,-31.95075481136687,-5.838110455851686,510.0,78.44354475933423,25.79863906199593
india,stochastic_cross,"bull,pullback",equal_slot,none,0.25,0.15,-7.44867326891161,-0.5223458177522153,-0.6732681036382339,-0.19369820129675358,-38.45504614418147,-20.332281281130548,557.0,78.34457939721098,25.79863906199593
india,stochastic_cross,"bull,pullback",equal_slot,none,0.25,0.25,1.7490973390778652,0.2056421555308308,0.28016218912649,0.07217868623726903,-24.232878572050392,5.223698853866887,520.0,78.40755735492577,25.79863906199593
india,stochastic_cross,"bull,pullback",equal_slot,0.08,none,none,-5.358750202365192,-0.3763916026260943,-0.48962799603954293,-0.14895669381944834,-35.97522249561056,-14.933199049215629,653.0,78.56050382366172,25.79863906199593
india,stochastic_cross,"bull,pullback",equal_slot,0.08,none,0.15,-4.1309336681290105,-0.2822355524622206,-0.368253683674161,-0.12366913949757291,-33.40310836568959,-11.651584825193861,660.0,78.55150697255961,25.79863906199593
india,stochastic_cross,"bull,pullback",equal_slot,0.08,none,0.25,-4.739761246358687,-0.32748050762845426,-0.4271025621999797,-0.13635777630968957,-34.75974289573304,-13.289051098902826,651.0,78.52451641925326,25.79863906199593
india,stochastic_cross,"bull,pullback",equal_slot,0.08,0.25,none,-3.913673808449525,-0.2653291646086367,-0.34621271286474037,-0.1171455436358873,-33.408644383554496,-11.06235661967263,655.0,78.48852901484481,25.79863906199593
india,stochastic_cross,"bull,pullback",equal_slot,0.08,0.25,0.15,-3.741296971098218,-0.2535867471336742,-0.3301426797968296,-0.11363119180339151,-32.92491182853679,-10.593015867771305,661.0,78.41655420602788,25.79863906199593
india,stochastic_cross,"bull,pullback",equal_slot,0.08,0.25,0.25,-3.913673808449525,-0.2653291646086367,-0.34621271286474037,-0.1171455436358873,-33.408644383554496,-11.06235661967263,655.0,78.48852901484481,25.79863906199593
india,stochastic_cross,"bull,pullback",equal_slot,0.15,none,none,-5.348934786460402,-0.35682754192320015,-0.4668648438949679,-0.14344889744462194,-37.28808573468014,-14.907289304714899,539.0,78.21862348178138,25.79863906199593
india,stochastic_cross,"bull,pullback",equal_slot,0.15,none,0.15,-6.944363531740516,-0.4920046986439648,-0.6371845509627229,-0.18261825326793016,-38.02666714565507,-19.05078469975362,554.0,78.19163292847503,25.79863906199593
india,stochastic_cross,"bull,pullback",equal_slot,0.15,none,0.25,-6.356619351416393,-0.42754254672141156,-0.5578550509223837,-0.1637491339217107,-38.81925479041327,-17.540208847691652,537.0,78.12865497076022,25.79863906199593
india,stochastic_cross,"bull,pullback",equal_slot,0.15,0.25,none,-4.184035041809741,-0.27611783406871676,-0.3616049250895981,-0.11069938363527944,-37.79637161842613,-11.795207913653972,541.0,78.48852901484481,25.79863906199593
india,stochastic_cross,"bull,pullback",equal_slot,0.15,0.25,0.15,-8.081183776974276,-0.565953068153492,-0.7259452444539716,-0.20450670156894538,-39.51549614255485,-21.920540790522715,557.0,78.34457939721098,25.79863906199593
india,stochastic_cross,"bull,pullback",equal_slot,0.15,0.25,0.25,-4.184035041809741,-0.27611783406871676,-0.3616049250895981,-0.11069938363527944,-37.79637161842613,-11.795207913653972,541.0,78.48852901484481,25.79863906199593
india,stochastic_cross,"bull,pullback",equal_slot,0.25,none,none,0.004987322886340628,0.062396501422617205,0.08462463670040266,0.00019620853648273336,-25.418480641791646,0.014646020470165944,517.0,78.4345479082321,25.79863906199593
india,stochastic_cross,"bull,pullback",equal_slot,0.25,none,0.15,-6.754849902973648,-0.47442557249800676,-0.6151448231382897,-0.18185764690296607,-37.14361214944037,-18.565722228136927,554.0,78.19163292847503,25.79863906199593
india,stochastic_cross,"bull,pullback",equal_slot,0.25,none,0.25,0.7477790138697538,0.12221980565512756,0.16571925933995202,0.030754782373243656,-24.314235255987825,2.211795015477813,516.0,78.38056680161944,25.79863906199593
india,stochastic_cross,"bull,pullback",equal_slot,0.25,0.25,none,1.254865495587243,0.1639651644947974,0.22407819911703297,0.05086052509746764,-24.672680692589292,3.7298706994038255,520.0,78.4345479082321,25.79863906199593
india,stochastic_cross,"bull,pullback",equal_slot,0.25,0.25,0.15,-8.000278705956577,-0.5573182800506363,-0.7160006204556741,-0.20506729565140774,-39.01294294901214,-21.71856032798113,557.0,78.34457939721098,25.79863906199593
india,stochastic_cross,"bull,pullback",equal_slot,0.25,0.25,0.25,1.6362456211492127,0.19595662511804787,0.2664812407590583,0.06732750946970834,-24.30277956271922,4.881360252803257,520.0,78.40755735492577,25.79863906199593
india,connors_rsi2,none,equal_slot,none,none,none,-3.014137351860091,-0.023858779262952465,-0.044845394177712855,-0.06581299524160084,-45.798513512341025,-8.59515678318543,2615.0,88.28609986504723,25.79863906199593
india,connors_rsi2,none,equal_slot,none,none,0.15,-7.341383789383704,-0.24479878595925816,-0.41693455657565565,-0.14411477440812287,-50.94122944392518,-20.060777787057226,2733.0,88.23886639676113,25.79863906199593
india,connors_rsi2,none,equal_slot,none,none,0.25,-3.0906021398198313,-0.02620851419993058,-0.049325917800386435,-0.0672074500407457,-45.986005092383344,-8.80661368494059,2632.0,88.32658569500674,25.79863906199593
india,connors_rsi2,none,equal_slot,none,0.25,none,-2.969795200288039,-0.022051237522833465,-0.041409220253889004,-0.06505495478827451,-45.65056128243308,-8.472384323183801,2615.0,88.28609986504723,25.79863906199593
india,connors_rsi2,none,equal_slot,none,0.25,0.15,-7.272439575398105,-0.24177100724439637,-0.4113151121406022,-0.14321114501557516,-50.7812403469519,-19.88598803851963,2733.0,88.23886639676113,25.79863906199593
india,connors_rsi2,none,equal_slot,none,0.25,0.25,-3.02985569015517,-0.023753155493712947,-0.04465080672874587,-0.06608824499267331,-45.84560674127549,-8.638650891605447,2632.0,88.32658569500674,25.79863906199593
india,connors_rsi2,none,equal_slot,0.08,none,none,-8.459699348118976,-0.22999638746314235,-0.47904296207546027,-0.15513939574812532,-54.52966544908824,-22.860944763557146,3046.0,88.23886639676113,25.79863906199593
india,connors_rsi2,none,equal_slot,0.08,none,0.15,-8.431523212512138,-0.22950552447088196,-0.4786364078095311,-0.1548028519189865,-54.46620077080128,-22.791201219219193,3047.0,88.23211875843455,25.79863906199593
india,connors_rsi2,none,equal_slot,0.08,none,0.25,-8.459699348118976,-0.22999638746314235,-0.47904296207546027,-0.15513939574812532,-54.52966544908824,-22.860944763557146,3046.0,88.23886639676113,25.79863906199593
india,connors_rsi2,none,equal_slot,0.08,0.25,none,-8.396631983336745,-0.22798408660210728,-0.4739705134343016,-0.15447483195256526,-54.35598716763845,-22.70477839119436,3046.0,88.23886639676113,25.79863906199593
india,connors_rsi2,none,equal_slot,0.08,0.25,0.15,-8.382109282869067,-0.22795111463399684,-0.47465505934886676,-0.1543264302590579,-54.31415259718349,-22.668788011467544,3047.0,88.23211875843455,25.79863906199593
india,connors_rsi2,none,equal_slot,0.08,0.25,0.25,-8.396631983336745,-0.22798408660210728,-0.4739705134343016,-0.15447483195256526,-54.35598716763845,-22.70477839119436,3046.0,88.23886639676113,25.79863906199593
india,connors_rsi2,none,equal_slot,0.15,none,none,-6.68884348851776,-0.20968437888732416,-0.3637357630223911,-0.13238735404302457,-50.524791713443804,-18.396329036726822,2710.0,88.21862348178138,25.79863906199593
india,connors_rsi2,none,equal_slot,0.15,none,0.15,-7.642746595293781,-0.2567503291953065,-0.4375459779951157,-0.14835009350969686,-51.518313298496274,-20.821851138021806,2733.0,88.23886639676113,25.79863906199593
india,connors_rsi2,none,equal_slot,0.15,none,0.25,-6.68884348851776,-0.20968437888732416,-0.3637357630223911,-0.13238735404302457,-50.524791713443804,-18.396329036726822,2710.0,88.21862348178138,25.79863906199593
india,connors_rsi2,none,equal_slot,0.15,0.25,none,-6.5801539493780865,-0.20328988171450937,-0.35353193576290715,-0.13058551465082008,-50.38961608393648,-18.116891488510266,2710.0,88.21862348178138,25.79863906199593
india,connors_rsi2,none,equal_slot,0.15,0.25,0.15,-7.57084661091052,-0.253680963700819,-0.4318188532750501,-0.14747880928171753,-51.33514874295268,-20.640708106968685,2733.0,88.23886639676113,25.79863906199593
india,connors_rsi2,none,equal_slot,0.15,0.25,0.25,-6.5801539493780865,-0.20328988171450937,-0.35353193576290715,-0.13058551465082008,-50.38961608393648,-18.116891488510266,2710.0,88.21862348178138,25.79863906199593
india,connors_rsi2,none,equal_slot,0.25,none,none,-3.004162264936283,-0.022779183677454073,-0.042830241744768634,-0.06576966866294501,-45.6770168682459,-8.567547705950595,2628.0,88.29959514170041,25.79863906199593
india,connors_rsi2,none,equal_slot,0.25,none,0.15,-7.745084539060809,-0.26122708178641385,-0.44627666186358755,-0.14974555629598157,-51.72163188436897,-21.07920824256673,2733.0,88.23886639676113,25.79863906199593
india,connors_rsi2,none,equal_slot,0.25,none,0.25,-3.154377430569255,-0.028687592427836698,-0.054030421592973894,-0.0684619823617663,-46.07487720558422,-8.98273191410367,2632.0,88.32658569500674,25.79863906199593
india,connors_rsi2,none,equal_slot,0.25,0.25,none,-2.959749151723956,-0.020979469304159448,-0.03941086850134934,-0.06500025466607559,-45.534423933090906,-8.444554196084153,2628.0,88.29959514170041,25.79863906199593
india,connors_rsi2,none,equal_slot,0.25,0.25,0.15,-7.675306514736802,-0.25826198884550156,-0.44071457720644136,-0.14891223243191767,-51.54248505572525,-20.903792009704237,2733.0,88.23886639676113,25.79863906199593
india,connors_rsi2,none,equal_slot,0.25,0.25,0.25,-3.088921347633644,-0.026052855825099443,-0.04900428275226553,-0.06724633526770214,-45.93441910755288,-8.801969067589033,2632.0,88.32658569500674,25.79863906199593
india,connors_rsi2,bull,equal_slot,none,none,none,-8.349922308223546,-0.6413794118214011,-0.8445971706975591,-0.24444648916022846,-34.158487352012585,-22.588982370985512,1913.0,64.5748987854251,25.79863906199593
india,connors_rsi2,bull,equal_slot,none,none,0.15,-8.984391682482595,-0.6949639662526654,-0.9128217608055145,-0.2549486020457202,-35.24001155680554,-24.15212012955539,1982.0,64.44669365721997,25.79863906199593
india,connors_rsi2,bull,equal_slot,none,none,0.25,-8.198815246370161,-0.6286578907584323,-0.8315064502971398,-0.2428083244134146,-33.76661515282544,-22.213595577450217,1921.0,64.54116059379217,25.79863906199593
india,connors_rsi2,bull,equal_slot,none,0.25,none,-8.281070729220286,-0.6353349250788757,-0.836439604216403,-0.24360722428958828,-33.99353509884484,-22.418086769271007,1913.0,64.5748987854251,25.79863906199593
india,connors_rsi2,bull,equal_slot,none,0.25,0.15,-8.885600434692698,-0.6860631973498439,-0.901277058753121,-0.25377042693083546,-35.01432590927724,-23.910109987637775,1982.0,64.44669365721997,25.79863906199593
india,connors_rsi2,bull,equal_slot,none,0.25,0.25,-8.127073017307984,-0.6225052355705595,-0.8231913344385208,-0.24190591063859973,-33.59600844747275,-22.034950918281957,1921.0,64.54116059379217,25.79863906199593
india,connors_rsi2,bull,equal_slot,0.08,none,none,-12.11526969482849,-1.0063769737070434,-1.3256531163391352,-0.3140210236567441,-38.58107827860491,-31.561367141516616,2154.0,63.68421052631579,25.79863906199593
india,connors_rsi2,bull,equal_slot,0.08,none,0.15,-12.469507077765662,-1.042012549250458,-1.3692677687186712,-0.3172481901727451,-39.305211074571865,-32.36826275568539,2158.0,63.73144399460189,25.79863906199593
india,connors_rsi2,bull,equal_slot,0.08,none,0.25,-12.11526969482849,-1.0063769737070434,-1.3256531163391352,-0.3140210236567441,-38.58107827860491,-31.561367141516616,2154.0,63.68421052631579,25.79863906199593
india,connors_rsi2,bull,equal_slot,0.08,0.25,none,-12.08028640126858,-1.0040124156649393,-1.3213616472101588,-0.31384957864653745,-38.49068860746695,-31.481338185839736,2154.0,63.68421052631579,25.79863906199593
india,connors_rsi2,bull,equal_slot,0.08,0.25,0.15,-12.435710347593943,-1.0397809848637614,-1.3651149771280486,-0.31709175717039056,-39.21801833817952,-32.2915514481545,2158.0,63.73144399460189,25.79863906199593
india,connors_rsi2,bull,equal_slot,0.08,0.25,0.25,-12.08028640126858,-1.0040124156649393,-1.3213616472101588,-0.31384957864653745,-38.49068860746695,-31.481338185839736,2154.0,63.68421052631579,25.79863906199593
india,connors_rsi2,bull,equal_slot,0.15,none,none,-9.139806173011088,-0.7102877510131798,-0.9333797994523222,-0.2543582091632116,-35.93281381827325,-24.531812618307537,1966.0,64.4804318488529,25.79863906199593
india,connors_rsi2,bull,equal_slot,0.15,none,0.15,-9.315184790847585,-0.7195592325309785,-0.9413696087244892,-0.2604994486842937,-35.75894243882608,-24.958771594309937,1982.0,64.44669365721997,25.79863906199593
india,connors_rsi2,bull,equal_slot,0.15,none,0.25,-9.139806173011088,-0.7102877510131798,-0.9333797994523222,-0.2543582091632116,-35.93281381827325,-24.531812618307537,1966.0,64.4804318488529,25.79863906199593
india,connors_rsi2,bull,equal_slot,0.15,0.25,none,-9.078730624856279,-0.7049504627780944,-0.9260583908926442,-0.25368407638366586,-35.78754628306201,-24.38274907450586,1966.0,64.4804318488529,25.79863906199593
india,connors_rsi2,bull,equal_slot,0.15,0.25,0.15,-9.227923018027685,-0.7119414906824884,-0.9314710952820684,-0.2595149949302762,-35.55834228579719,-24.74653261865751,1982.0,64.44669365721997,25.79863906199593
india,connors_rsi2,bull,equal_slot,0.15,0.25,0.25,-9.078730624856279,-0.7049504627780944,-0.9260583908926442,-0.25368407638366586,-35.78754628306201,-24.38274907450586,1966.0,64.4804318488529,25.79863906199593
india,connors_rsi2,bull,equal_slot,0.25,none,none,-8.285081109541414,-0.6372731601253672,-0.8404878685150731,-0.24506105855538227,-33.80823194995315,-22.428047698674447,1920.0,64.54790823211876,25.79863906199593
india,connors_rsi2,bull,equal_slot,0.25,none,0.15,-9.300158565552174,-0.7191624485476543,-0.9425838569478666,-0.26066424124498594,-35.67868964738971,-24.92225282675924,1982.0,64.44669365721997,25.79863906199593
india,connors_rsi2,bull,equal_slot,0.25,none,0.25,-8.251967121130333,-0.6328345079881164,-0.8369165515800084,-0.24386296365747687,-33.83854193095437,-22.345774340756265,1921.0,64.54116059379217,25.79863906199593
india,connors_rsi2,bull,equal_slot,0.25,0.25,none,-8.211962120118788,-0.6309653167916184,-0.832023616026152,-0.24415251059595558,-33.63455939926271,-22.24630319116655,1920.0,64.54790823211876,25.79863906199593
india,connors_rsi2,bull,equal_slot,0.25,0.25,0.15,-9.213404286343962,-0.7115714508994093,-0.9326823490611716,-0.25968674664677915,-35.478916060648466,-24.71118164679754,1982.0,64.44669365721997,25.79863906199593
india,connors_rsi2,bull,equal_slot,0.25,0.25,0.25,-8.18014447745714,-0.6266770107603113,-0.8285964756385614,-0.24296603236852818,-33.667852241376636,-22.167129681587994,1921.0,64.54116059379217,25.79863906199593
india,connors_rsi2,"bull,pullback",equal_slot,none,none,none,-11.635333727594244,-0.8466396624862866,-1.1082481690055015,-0.28217123438297914,-41.23501019881458,-30.458059565318685,2064.0,70.71524966261808,25.79863906199593
india,connors_rsi2,"bull,pullback",equal_slot,none,none,0.15,-13.505284619558221,-0.997187913558413,-1.3008919878542284,-0.3043032055003264,-44.38101332962703,-34.691548916574,2140.0,70.44534412955466,25.79863906199593
india,connors_rsi2,"bull,pullback",equal_slot,none,none,0.25,-11.808800705324952,-0.8551159374081624,-1.1227172579662212,-0.2849831090743629,-41.4368442525609,-30.858179680732732,2075.0,70.72199730094468,25.79863906199593
india,connors_rsi2,"bull,pullback",equal_slot,none,0.25,none,-11.578060687121472,-0.8416527793416027,-1.101536286432628,-0.2816707106281629,-41.1049507465681,-30.32561867234471,2064.0,70.71524966261808,25.79863906199593
india,connors_rsi2,"bull,pullback",equal_slot,none,0.25,0.15,-13.439918566920284,-0.9916669160629834,-1.293472812774408,-0.3037892991539776,-44.240921600428635,-34.54651118658324,2140.0,70.44534412955466,25.79863906199593
india,connors_rsi2,"bull,pullback",equal_slot,none,0.25,0.25,-11.747437599972343,-0.8500035069197794,-1.1157822371083421,-0.28440160474728327,-41.30580631009804,-30.716813143043332,2075.0,70.72199730094468,25.79863906199593
india,connors_rsi2,"bull,pullback",equal_slot,0.08,none,none,-16.420095412284,-1.3045849804778518,-1.6928669123470323,-0.34934243333202913,-47.00286551412916,-40.94569998993143,2374.0,70.35762483130904,25.79863906199593
india,connors_rsi2,"bull,pullback",equal_slot,0.08,none,0.15,-16.81680104338027,-1.3471396846246937,-1.7411451600613521,-0.35227177339354593,-47.73814512976354,-41.76501641966286,2375.0,70.35087719298245,25.79863906199593
india,connors_rsi2,"bull,pullback",equal_slot,0.08,none,0.25,-16.420095412284,-1.3045849804778518,-1.6928669123470323,-0.34934243333202913,-47.00286551412916,-40.94569998993143,2374.0,70.35762483130904,25.79863906199593
india,connors_rsi2,"bull,pullback",equal_slot,0.08,0.25,none,-16.33599324435443,-1.2971458217626815,-1.6830798248209127,-0.3488356078698945,-46.83006228666679,-40.77103289922209,2374.0,70.35762483130904,25.79863906199593
india,connors_rsi2,"bull,pullback",equal_slot,0.08,0.25,0.15,-16.728822146438727,-1.3394051891232521,-1.7311112328794593,-0.3517426637037068,-47.55983243627899,-41.583964680627425,2375.0,70.35087719298245,25.79863906199593
india,connors_rsi2,"bull,pullback",equal_slot,0.08,0.25,0.25,-16.33599324435443,-1.2971458217626815,-1.6830798248209127,-0.3488356078698945,-46.83006228666679,-40.77103289922209,2374.0,70.35762483130904,25.79863906199593
india,connors_rsi2,"bull,pullback",equal_slot,0.15,none,none,-13.621815029959262,-1.0147106128228653,-1.3231131103075362,-0.3048111238432016,-44.689363229953784,-34.94958687847534,2122.0,70.50607287449392,25.79863906199593
india,connors_rsi2,"bull,pullback",equal_slot,0.15,none,0.15,-13.7877461340018,-1.014852785607636,-1.3200989232539797,-0.3079824262436393,-44.767963880817554,-35.31585313687102,2140.0,70.44534412955466,25.79863906199593
india,connors_rsi2,"bull,pullback",equal_slot,0.15,none,0.25,-13.621815029959262,-1.0147106128228653,-1.3231131103075362,-0.3048111238432016,-44.689363229953784,-34.94958687847534,2122.0,70.50607287449392,25.79863906199593
india,connors_rsi2,"bull,pullback",equal_slot,0.15,0.25,none,-13.56330447216635,-1.0096633572993048,-1.3162864642698147,-0.3043605552176113,-44.56327943832562,-34.820108810375636,2122.0,70.50607287449392,25.79863906199593
india,connors_rsi2,"bull,pullback",equal_slot,0.15,0.25,0.15,-13.722701038942553,-1.0093814449576484,-1.3127626395277043,-0.3074839282140946,-44.62900262347281,-35.17243905111196,2140.0,70.44534412955466,25.79863906199593
india,connors_rsi2,"bull,pullback",equal_slot,0.15,0.25,0.25,-13.56330447216635,-1.0096633572993048,-1.3162864642698147,-0.3043605552176113,-44.56327943832562,-34.820108810375636,2122.0,70.50607287449392,25.79863906199593
india,connors_rsi2,"bull,pullback",equal_slot,0.25,none,none,-11.897261145553895,-0.8640166948242992,-1.131175109172859,-0.28614768650908945,-41.57734521881581,-31.061637306411782,2073.0,70.70850202429149,25.79863906199593
india,connors_rsi2,"bull,pullback",equal_slot,0.25,none,0.15,-13.802318278951697,-1.0169532788073452,-1.3246520372649702,-0.3084078408919209,-44.75346099838172,-35.34795368424428,2140.0,70.44534412955466,25.79863906199593
india,connors_rsi2,"bull,pullback",equal_slot,0.25,none,0.25,-11.861892705322907,-0.8590225553741568,-1.127721741636798,-0.2858289579697561,-41.49996833623145,-30.98033788765482,2075.0,70.72199730094468,25.79863906199593
india,connors_rsi2,"bull,pullback",equal_slot,0.25,0.25,none,-11.835778793644746,-0.8588590194289024,-1.1242342238830485,-0.28567806638603077,-41.430477822022596,-30.92027076872227,2073.0,70.70850202429149,25.79863906199593
india,connors_rsi2,"bull,pullback",equal_slot,0.25,0.25,0.15,-13.737447774354706,-1.011486312875868,-1.3172993012489576,-0.3079126188421067,-44.6147605967363,-35.204971618087164,2140.0,70.44534412955466,25.79863906199593
india,connors_rsi2,"bull,pullback",equal_slot,0.25,0.25,0.25,-11.800458072921538,-0.8539074228016373,-1.1207817275140775,-0.28524971505908975,-41.36886892411816,-30.838971349965362,2075.0,70.72199730094468,25.79863906199593
india,connors_rsi2_bull,none,equal_slot,none,none,none,7.3684274953320195,0.3548866004117584,1.0083729828320878,0.22997521965263432,-32.040093304233594,23.216639206290623,2241.0,72.84075573549258,25.79863906199593
india,connors_rsi2_bull,none,equal_slot,none,none,0.15,2.218348631391409,0.19993920938310097,0.5845602961661297,0.05521929362044263,-40.17343370307364,6.655087055940356,2312.0,72.16599190283401,25.79863906199593
india,connors_rsi2_bull,none,equal_slot,none,none,0.25,6.8300311632182975,0.33683690704265945,0.962486474980043,0.2043053808768691,-33.43050062560332,21.41106394494292,2250.0,72.66531713900135,25.79863906199593
india,connors_rsi2_bull,none,equal_slot,none,0.25,none,7.306660520382469,0.35278244273846093,1.0034625455661068,0.22770940050566363,-32.087654282857486,23.008603278543283,2241.0,72.84075573549258,25.79863906199593
india,connors_rsi2_bull,none,equal_slot,none,0.25,0.15,2.115970658178834,0.19692327740937232,0.5744388404452906,0.05264883289716685,-40.19026712922062,6.341708565699289,2312.0,72.16599190283401,25.79863906199593
india,connors_rsi2_bull,none,equal_slot,none,0.25,0.25,6.786015971260473,0.33537653684917895,0.9588980231564633,0.20302681635798847,-33.42423475377254,21.26423035300413,2250.0,72.66531713900135,25.79863906199593
india,connors_rsi2_bull,none,equal_slot,0.08,none,none,-0.09620815219487655,0.1338364383011359,0.4120006049545334,-0.002211268476346638,-43.50812812826215,-0.282252906772662,2553.0,71.72064777327935,25.79863906199593
india,connors_rsi2_bull,none,equal_slot,0.08,none,0.15,-0.21544586481535566,0.13019680384323215,0.3991223040288622,-0.004965170104350841,-43.39143680627707,-0.6313396140071981,2555.0,71.72739541160593,25.79863906199593
india,connors_rsi2_bull,none,equal_slot,0.08,none,0.25,-0.09620815219487655,0.1338364383011359,0.4120006049545334,-0.002211268476346638,-43.50812812826215,-0.282252906772662,2553.0,71.72064777327935,25.79863906199593
india,connors_rsi2_bull,none,equal_slot,0.08,0.25,none,-0.24450643792958138,0.12932114024933244,0.39676726480555785,-0.005613402065986989,-43.55762068267071,-0.7162965803112264,2553.0,71.72064777327935,25.79863906199593
india,connors_rsi2_bull,none,equal_slot,0.08,0.25,0.15,-0.36648044983149664,0.12556929363948674,0.38367382852488985,-0.008437111692874326,-43.436719006696634,-1.072358361001824,2555.0,71.72739541160593,25.79863906199593
india,connors_rsi2_bull,none,equal_slot,0.08,0.25,0.25,-0.24450643792958138,0.12932114024933244,0.39676726480555785,-0.005613402065986989,-43.55762068267071,-0.7162965803112264,2553.0,71.72064777327935,25.79863906199593
india,connors_rsi2_bull,none,equal_slot,0.15,none,none,4.397546375194117,0.2614714923850577,0.7919642185426046,0.11466930510095352,-38.34981271860476,13.470819103970989,2299.0,72.24696356275302,25.79863906199593
india,connors_rsi2_bull,none,equal_slot,0.15,none,0.15,1.6056049739107792,0.18197145150467028,0.5205614864544293,0.039348547148616485,-40.80468251715955,4.788538015392341,2312.0,72.16599190283401,25.79863906199593
india,connors_rsi2_bull,none,equal_slot,0.15,none,0.25,4.397546375194117,0.2614714923850577,0.7919642185426046,0.11466930510095352,-38.34981271860476,13.470819103970989,2299.0,72.24696356275302,25.79863906199593
india,connors_rsi2_bull,none,equal_slot,0.15,0.25,none,4.26193807918549,0.2577908620752267,0.778676961493792,0.11106641743052129,-38.37287793901868,13.03853925454941,2299.0,72.24696356275302,25.79863906199593
india,connors_rsi2_bull,none,equal_slot,0.15,0.25,0.15,1.5347947530558237,0.17983971479036026,0.5135833855834957,0.03763767652254207,-40.77814825090491,4.574234077642059,2312.0,72.16599190283401,25.79863906199593
india,connors_rsi2_bull,none,equal_slot,0.15,0.25,0.25,4.26193807918549,0.2577908620752267,0.778676961493792,0.11106641743052129,-38.37287793901868,13.03853925454941,2299.0,72.24696356275302,25.79863906199593
india,connors_rsi2_bull,none,equal_slot,0.25,none,none,6.963803596757767,0.34129404634011756,0.980198640129473,0.2102011997169482,-33.12922859686365,21.85804504691582,2247.0,72.69905533063428,25.79863906199593
india,connors_rsi2_bull,none,equal_slot,0.25,none,0.15,1.7820026508773568,0.18706015222718841,0.541500722769341,0.043948077261777255,-40.54790930358196,5.323656534746113,2312.0,72.16599190283401,25.79863906199593
india,connors_rsi2_bull,none,equal_slot,0.25,none,0.25,6.788155216157565,0.33544606379322145,0.9593459551537502,0.20257982776049296,-33.50854471148577,21.2713641120857,2250.0,72.66531713900135,25.79863906199593
india,connors_rsi2_bull,none,equal_slot,0.25,0.25,none,6.909370068404663,0.33947321392315316,0.975911052676842,0.2083867368477379,-33.15647710081059,21.67603262858806,2247.0,72.69905533063428,25.79863906199593
india,connors_rsi2_bull,none,equal_slot,0.25,0.25,0.15,1.70766620244307,0.1848345786389534,0.534114350947974,0.04213683007413658,-40.526688871435276,5.09793096005664,2312.0,72.16599190283401,25.79863906199593
india,connors_rsi2_bull,none,equal_slot,0.25,0.25,0.25,6.744084988603816,0.3339873608348733,0.9557585035803252,0.20130100097823578,-33.50249107471141,21.124458597162477,2250.0,72.66531713900135,25.79863906199593
india,connors_rsi2_bull,bull,equal_slot,none,none,none,-2.6451961070436014,-0.18261821489978994,-0.24661359194064905,-0.13101467333740124,-20.190075200442966,-7.570336394850774,1708.0,55.465587044534416,25.79863906199593
india,connors_rsi2_bull,bull,equal_slot,none,none,0.15,-4.9588511005304925,-0.386733670537187,-0.5124005924752946,-0.2163142875923946,-22.924288338616616,-13.87336767590952,1741.0,55.08771929824562,25.79863906199593
india,connors_rsi2_bull,bull,equal_slot,none,none,0.25,-2.9349757577115776,-0.20968281415740217,-0.2816703984363829,-0.1437294265708998,-20.420145183448525,-8.375901704012156,1709.0,55.39136302294197,25.79863906199593
india,connors_rsi2_bull,bull,equal_slot,none,0.25,none,-2.731340821598549,-0.1903614991869429,-0.2567715558985597,-0.13493856089298784,-20.241366170820672,-7.810297944254008,1708.0,55.465587044534416,25.79863906199593
india,connors_rsi2_bull,bull,equal_slot,none,0.25,0.15,-5.048927397524383,-0.3949009652503113,-0.5226039793084223,-0.21968774257879967,-22.9822899459827,-14.11284747552588,1741.0,55.08771929824562,25.79863906199593
india,connors_rsi2_bull,bull,equal_slot,none,0.25,0.25,-3.0181309978061788,-0.21723131442858243,-0.29147559750156843,-0.14748747449717745,-20.463642815064535,-8.606208867732324,1709.0,55.39136302294197,25.79863906199593
india,connors_rsi2_bull,bull,equal_slot,0.08,none,none,-5.622139149606975,-0.4591494625197756,-0.6201104116799493,-0.2266414083457446,-24.80631933344821,-15.626525097520483,1899.0,54.43319838056679,25.79863906199593
india,connors_rsi2_bull,bull,equal_slot,0.08,none,0.15,-5.767397630182924,-0.47342256810456923,-0.6370062545707569,-0.23241334040905381,-24.815260690423997,-16.007293674914237,1901.0,54.43994601889338,25.79863906199593
india,connors_rsi2_bull,bull,equal_slot,0.08,none,0.25,-5.622139149606975,-0.4591494625197756,-0.6201104116799493,-0.2266414083457446,-24.80631933344821,-15.626525097520483,1899.0,54.43319838056679,25.79863906199593
india,connors_rsi2_bull,bull,equal_slot,0.08,0.25,none,-5.702322017300521,-0.4668419850995693,-0.6298478710634406,-0.22954436237114506,-24.841917084770593,-15.83685027158218,1899.0,54.43319838056679,25.79863906199593
india,connors_rsi2_bull,bull,equal_slot,0.08,0.25,0.15,-5.847986171041586,-0.48116883646704617,-0.6467573715621341,-0.2353190785742138,-24.851304902578377,-16.21805221758834,1901.0,54.43994601889338,25.79863906199593
india,connors_rsi2_bull,bull,equal_slot,0.08,0.25,0.25,-5.702322017300521,-0.4668419850995693,-0.6298478710634406,-0.22954436237114506,-24.841917084770593,-15.83685027158218,1899.0,54.43319838056679,25.79863906199593
india,connors_rsi2_bull,bull,equal_slot,0.15,none,none,-4.004361548765978,-0.30248223053442447,-0.40316517971493604,-0.18283323019816938,-21.90171635881359,-11.30862397289707,1733.0,55.17543859649122,25.79863906199593
india,connors_rsi2_bull,bull,equal_slot,0.15,none,0.15,-5.169342569127955,-0.4033954946414696,-0.5329167743224964,-0.2230542123050417,-23.17527436809187,-14.432300733354275,1741.0,55.08771929824562,25.79863906199593
india,connors_rsi2_bull,bull,equal_slot,0.15,none,0.25,-4.004361548765978,-0.30248223053442447,-0.40316517971493604,-0.18283323019816938,-21.90171635881359,-11.30862397289707,1733.0,55.17543859649122,25.79863906199593
india,connors_rsi2_bull,bull,equal_slot,0.15,0.25,none,-4.084739794678693,-0.30974815517705145,-0.4123746229130159,-0.18619703444012262,-21.93772745608506,-11.526519065164875,1733.0,55.17543859649122,25.79863906199593
india,connors_rsi2_bull,bull,equal_slot,0.15,0.25,0.15,-5.265175680528078,-0.4120540777058041,-0.5437063192947911,-0.22649082203886967,-23.24675072098279,-14.68597875062474,1741.0,55.08771929824562,25.79863906199593
india,connors_rsi2_bull,bull,equal_slot,0.15,0.25,0.25,-4.084739794678693,-0.30974815517705145,-0.4123746229130159,-0.18619703444012262,-21.93772745608506,-11.526519065164875,1733.0,55.17543859649122,25.79863906199593
india,connors_rsi2_bull,bull,equal_slot,0.25,none,none,-2.786977333829288,-0.1953657428773082,-0.2634913001107313,-0.1367622242392037,-20.37826855575799,-7.965058403256231,1709.0,55.44534412955466,25.79863906199593
india,connors_rsi2_bull,bull,equal_slot,0.25,none,0.15,-5.316300677253016,-0.4171321647952266,-0.5517568875826484,-0.22623864032710414,-23.498641388431764,-14.821107661681697,1741.0,55.08771929824562,25.79863906199593
india,connors_rsi2_bull,bull,equal_slot,0.25,none,0.25,-2.9951805793398956,-0.2149792217058175,-0.28871067465451283,-0.1459905499676447,-20.516263415705367,-8.54268346332293,1709.0,55.39136302294197,25.79863906199593
india,connors_rsi2_bull,bull,equal_slot,0.25,0.25,none,-2.8730030056718037,-0.2030886386454247,-0.27359395155877936,-0.14063360652433754,-20.428993301644528,-8.20401299176342,1709.0,55.44534412955466,25.79863906199593
india,connors_rsi2_bull,bull,equal_slot,0.25,0.25,0.15,-5.412931385931163,-0.4258846139997587,-0.5626580570359133,-0.2296338553181332,-23.57200935564194,-15.07612745209741,1741.0,55.08771929824562,25.79863906199593
india,connors_rsi2_bull,bull,equal_slot,0.25,0.25,0.25,-3.0818871030439343,-0.22283964587320879,-0.2989156018321305,-0.14983666974999227,-20.568310201943028,-8.782529294102105,1709.0,55.39136302294197,25.79863906199593
india,connors_rsi2_bull,"bull,pullback",equal_slot,none,none,none,-6.1051200554772755,-0.43845090344060356,-0.5780726545126891,-0.20849445333160482,-29.281930324387318,-16.888187312583646,1855.0,60.93792172739542,25.79863906199593
india,connors_rsi2_bull,"bull,pullback",equal_slot,none,none,0.15,-8.951511344105544,-0.6695625197950575,-0.8674761961879,-0.2682430194470635,-33.37090136607295,-24.071629202375753,1903.0,60.431848852901496,25.79863906199593
india,connors_rsi2_bull,"bull,pullback",equal_slot,none,none,0.25,-6.621763359362609,-0.48447719990868376,-0.6347124364978223,-0.22006311137756498,-30.09029236163788,-18.22394245715876,1859.0,60.83670715249663,25.79863906199593
india,connors_rsi2_bull,"bull,pullback",equal_slot,none,0.25,none,-6.195917446703724,-0.44587314721409926,-0.5872791553896906,-0.21109627879037865,-29.35114480561901,-17.123973679196336,1855.0,60.93792172739542,25.79863906199593
india,connors_rsi2_bull,"bull,pullback",equal_slot,none,0.25,0.15,-9.008076623014482,-0.6743706997058941,-0.8730835210181976,-0.2700017141499694,-33.363034939885786,-24.210065882963093,1903.0,60.431848852901496,25.79863906199593
india,connors_rsi2_bull,"bull,pullback",equal_slot,none,0.25,0.25,-6.709644672418957,-0.4918162602538392,-0.643658010327738,-0.22254755519441632,-30.14926255450188,-18.449736458388422,1859.0,60.83670715249663,25.79863906199593
india,connors_rsi2_bull,"bull,pullback",equal_slot,0.08,none,none,-9.265536178028055,-0.7100509520648115,-0.9330279262349882,-0.2704703293020643,-34.257126103027,-24.83806420413661,2103.0,60.10796221322538,25.79863906199593
india,connors_rsi2_bull,"bull,pullback",equal_slot,0.08,none,0.15,-9.524931590025254,-0.7334421897493453,-0.9603510659753134,-0.2760530766543427,-34.50398635459444,-25.467304308150375,2105.0,60.114709851551964,25.79863906199593
india,connors_rsi2_bull,"bull,pullback",equal_slot,0.08,none,0.25,-9.265536178028055,-0.7100509520648115,-0.9330279262349882,-0.2704703293020643,-34.257126103027,-24.83806420413661,2103.0,60.10796221322538,25.79863906199593
india,connors_rsi2_bull,"bull,pullback",equal_slot,0.08,0.25,none,-9.36196867679856,-0.7184668880747483,-0.9432897420148886,-0.2727570950287925,-34.32346526425024,-25.07239711239676,2103.0,60.10796221322538,25.79863906199593
india,connors_rsi2_bull,"bull,pullback",equal_slot,0.08,0.25,0.15,-9.623349926995505,-0.7420965735612562,-0.9708378772969837,-0.27834055337204316,-34.57401305850133,-25.705134835397747,2105.0,60.114709851551964,25.79863906199593
india,connors_rsi2_bull,"bull,pullback",equal_slot,0.08,0.25,0.25,-9.36196867679856,-0.7184668880747483,-0.9432897420148886,-0.2727570950287925,-34.32346526425024,-25.07239711239676,2103.0,60.10796221322538,25.79863906199593
india,connors_rsi2_bull,"bull,pullback",equal_slot,0.15,none,none,-7.7715073111538135,-0.5747722031558529,-0.7480248278637288,-0.24465145858004586,-31.765628360687277,-21.145565897920427,1890.0,60.51282051282051,25.79863906199593
india,connors_rsi2_bull,"bull,pullback",equal_slot,0.15,none,0.15,-9.134260752331558,-0.6817201378926122,-0.8814785739151938,-0.2721253461891768,-33.56637255679072,-24.518286237776366,1903.0,60.431848852901496,25.79863906199593
india,connors_rsi2_bull,"bull,pullback",equal_slot,0.15,none,0.25,-7.7715073111538135,-0.5747722031558529,-0.7480248278637288,-0.24465145858004586,-31.765628360687277,-21.145565897920427,1890.0,60.51282051282051,25.79863906199593
india,connors_rsi2_bull,"bull,pullback",equal_slot,0.15,0.25,none,-7.852389706135677,-0.5815643796153638,-0.7561910389872147,-0.24686532764968222,-31.808394402306355,-21.348463707451394,1890.0,60.51282051282051,25.79863906199593
india,connors_rsi2_bull,"bull,pullback",equal_slot,0.15,0.25,0.15,-9.191046746347286,-0.6865123321364902,-0.8870443384087413,-0.2738782384279368,-33.55887930017356,-24.656722918363638,1903.0,60.431848852901496,25.79863906199593
india,connors_rsi2_bull,"bull,pullback",equal_slot,0.15,0.25,0.25,-7.852389706135677,-0.5815643796153638,-0.7561910389872147,-0.24686532764968222,-31.808394402306355,-21.348463707451394,1890.0,60.51282051282051,25.79863906199593
india,connors_rsi2_bull,"bull,pullback",equal_slot,0.25,none,none,-6.5590974764084375,-0.4772593100428791,-0.6273395996094867,-0.21732786415780467,-30.180655857574664,-18.062683067506292,1858.0,60.87044534412955,25.79863906199593
india,connors_rsi2_bull,"bull,pullback",equal_slot,0.25,none,0.15,-9.244169545535897,-0.6916994452812579,-0.8953089264477724,-0.2735664086838296,-33.79131813006951,-24.78607753911505,1903.0,60.431848852901496,25.79863906199593
india,connors_rsi2_bull,"bull,pullback",equal_slot,0.25,none,0.25,-6.687704903107672,-0.48972826765730454,-0.6414016544941519,-0.22148432105857935,-30.19493601688795,-18.39340503214848,1859.0,60.83670715249663,25.79863906199593
india,connors_rsi2_bull,"bull,pullback",equal_slot,0.25,0.25,none,-6.648882589498073,-0.484787697640969,-0.6366184125910584,-0.21990639575843993,-30.23505781433322,-18.29366398653126,1858.0,60.87044534412955,25.79863906199593
india,connors_rsi2_bull,"bull,pullback",equal_slot,0.25,0.25,0.15,-9.301088911482713,-0.6965161492086542,-0.9008998120762062,-0.27530817613106096,-33.78428146302097,-24.92451421970231,1903.0,60.431848852901496,25.79863906199593
india,connors_rsi2_bull,"bull,pullback",equal_slot,0.25,0.25,0.25,-6.775706686804894,-0.4970746514443671,-0.6503481685293452,-0.22395957802266528,-30.254150086490945,-18.619199033378088,1859.0,60.83670715249663,25.79863906199593
india,bollinger_mean_reversion,none,equal_slot,none,none,none,4.029705697543706,0.32292506011141286,0.4805315448343218,0.13062921138933478,-30.84842704541284,12.300774839363182,1026.0,91.05263157894737,25.79863906199593
india,bollinger_mean_reversion,none,equal_slot,none,none,0.15,1.3889352281963196,0.16546128029311438,0.2443634010949115,0.041114026369462695,-33.78251538088098,4.133708080686294,1101.0,90.7557354925776,25.79863906199593
india,bollinger_mean_reversion,none,equal_slot,none,none,0.25,2.477983425711572,0.23044829987471724,0.339306434925951,0.07472884573683956,-33.15966413341755,7.452557156128692,1034.0,91.16059379217273,25.79863906199593
india,bollinger_mean_reversion,none,equal_slot,none,0.25,none,3.9520949704361152,0.3175000321254991,0.471611643947932,0.12916301889741696,-30.597728391397567,12.054928041013824,1027.0,90.91093117408906,25.79863906199593
india,bollinger_mean_reversion,none,equal_slot,none,0.25,0.15,0.41196056822483396,0.10671343857322274,0.1572395716260401,0.011930687248557026,-34.52949185929411,1.214557065912314,1102.0,90.70850202429149,25.79863906199593
india,bollinger_mean_reversion,none,equal_slot,none,0.25,0.25,2.3126000261289636,0.2201475116041957,0.32467924863119874,0.07083040020042598,-32.64982295151645,6.944127988596582,1034.0,90.96491228070175,25.79863906199593
india,bollinger_mean_reversion,none,equal_slot,0.08,none,none,-2.133067683503387,-0.042264615372677714,-0.06325136130041514,-0.0579863902485891,-36.785660813837055,-6.135263058128304,1322.0,90.80971659919028,25.79863906199593
india,bollinger_mean_reversion,none,equal_slot,0.08,none,0.15,-1.288999761716092,0.007911370289879656,0.011823409728428647,-0.03644303134967764,-35.370267345432936,-3.738106396195451,1329.0,90.76923076923077,25.79863906199593
india,bollinger_mean_reversion,none,equal_slot,0.08,none,0.25,-2.380855033860474,-0.05628148316243327,-0.08420989161413032,-0.06382795782787686,-37.30113127355354,-6.831427224042996,1322.0,90.80296896086371,25.79863906199593
india,bollinger_mean_reversion,none,equal_slot,0.08,0.25,none,-3.234999755125234,-0.10535698587997715,-0.15722308771511867,-0.08541999225830955,-37.871693377618364,-9.205052756846632,1322.0,90.7557354925776,25.79863906199593
india,bollinger_mean_reversion,none,equal_slot,0.08,0.25,0.15,-2.543817658795655,-0.06417391568756992,-0.09573907349206798,-0.06914469779014536,-36.78977188556322,-7.2874131613902104,1329.0,90.76923076923077,25.79863906199593
india,bollinger_mean_reversion,none,equal_slot,0.08,0.25,0.25,-3.234999755125234,-0.10535698587997715,-0.15722308771511867,-0.08541999225830955,-37.871693377618364,-9.205052756846632,1322.0,90.7557354925776,25.79863906199593
india,bollinger_mean_reversion,none,equal_slot,0.15,none,none,2.8964515848344474,0.25868056364257724,0.3793847843099432,0.09102919806302895,-31.818928942216253,8.746144373397048,1078.0,91.09311740890688,25.79863906199593
india,bollinger_mean_reversion,none,equal_slot,0.15,none,0.15,0.5025952884954998,0.11210243130079305,0.16514418811365214,0.01439426494551938,-34.91635664605067,1.48306851774187,1101.0,90.7557354925776,25.79863906199593
india,bollinger_mean_reversion,none,equal_slot,0.15,none,0.25,2.849557348991394,0.2557567596093646,0.37520523119967714,0.08931333384970959,-31.905172790732856,8.600674703287293,1077.0,91.09311740890688,25.79863906199593
india,bollinger_mean_reversion,none,equal_slot,0.15,0.25,none,2.4567921765743073,0.23140592136640942,0.3392336329821713,0.07556732026583093,-32.51130472712009,7.3873212105484365,1078.0,90.97165991902834,25.79863906199593
india,bollinger_mean_reversion,none,equal_slot,0.15,0.25,0.15,-0.5433227174326483,0.05059629067135915,0.07425042664186468,-0.01503615665908743,-36.13441451504692,-1.5870923423246475,1102.0,90.70850202429149,25.79863906199593
india,bollinger_mean_reversion,none,equal_slot,0.15,0.25,0.25,2.4567921765743073,0.23140592136640942,0.3392336329821713,0.07556732026583093,-32.51130472712009,7.3873212105484365,1078.0,90.97165991902834,25.79863906199593
india,bollinger_mean_reversion,none,equal_slot,0.25,none,none,2.8306513739449812,0.2513720197572225,0.3713225242692617,0.0879249822869058,-32.19393738071341,8.542063173743442,1033.0,91.15384615384615,25.79863906199593
india,bollinger_mean_reversion,none,equal_slot,0.25,none,0.15,0.763843239212747,0.1276767019949568,0.18852924028162646,0.02205336616341388,-34.63612917650406,2.259660620087156,1101.0,90.7557354925776,25.79863906199593
india,bollinger_mean_reversion,none,equal_slot,0.25,none,0.25,2.3455309011974013,0.22246944246444855,0.32753434314180335,0.07023396398868788,-33.395963547994825,7.045238803777165,1034.0,91.16059379217273,25.79863906199593
india,bollinger_mean_reversion,none,equal_slot,0.25,0.25,none,2.114568255862026,0.20816193979034509,0.3078992523856445,0.06529691468040671,-32.38389235098933,6.337420040282504,1033.0,90.95816464237517,25.79863906199593
india,bollinger_mean_reversion,none,equal_slot,0.25,0.25,0.15,-0.3563538901344532,0.061305814386600516,0.09021051479029468,-0.009944705524588288,-35.83352863022118,-1.0428294093367874,1102.0,90.70850202429149,25.79863906199593
india,bollinger_mean_reversion,none,equal_slot,0.25,0.25,0.25,2.1760225000589495,0.21200724310070362,0.31263472723656494,0.06613724099822198,-32.90162194878146,6.525453231456191,1034.0,90.96491228070175,25.79863906199593
india,bollinger_mean_reversion,bull,equal_slot,none,none,none,-2.520878752603861,-0.17967329401303875,-0.24203450122785036,-0.09415274723342984,-26.774351537018127,-7.223316979214866,756.0,67.48313090418353,25.79863906199593
india,bollinger_mean_reversion,bull,equal_slot,none,none,0.15,-5.740642744391833,-0.4742447191612972,-0.6181598259580265,-0.18686597230140536,-30.720642574414065,-15.937245946422074,794.0,67.09176788124157,25.79863906199593
india,bollinger_mean_reversion,bull,equal_slot,none,none,0.25,-4.183266781711959,-0.3310638377132587,-0.43909164916212484,-0.14009626568826314,-29.85994495399616,-11.793131101911358,758.0,67.41565452091768,25.79863906199593
india,bollinger_mean_reversion,bull,equal_slot,none,0.25,none,-3.1953481623006486,-0.23908619138900503,-0.3201131645453914,-0.11759468049123464,-27.17255703193841,-9.095755944629435,757.0,67.47638326585694,25.79863906199593
india,bollinger_mean_reversion,bull,equal_slot,none,0.25,0.15,-6.576158121438991,-0.5460034785410859,-0.7056661844669746,-0.20931062652456112,-31.418176088958987,-18.106606326942533,795.0,67.04453441295547,25.79863906199593
india,bollinger_mean_reversion,bull,equal_slot,none,0.25,0.25,-5.023513272948332,-0.40424522920117567,-0.535164568103389,-0.16674242925213975,-30.12738446644568,-14.045325178420798,757.0,67.29419703103913,25.79863906199593
india,bollinger_mean_reversion,bull,equal_slot,0.08,none,none,-8.532126665477435,-0.7419676992042623,-0.959636620799033,-0.2697789234779812,-31.626364860091854,-23.04003124590317,928.0,66.03238866396761,25.79863906199593
india,bollinger_mean_reversion,bull,equal_slot,0.08,none,0.15,-8.481024068656629,-0.7371576466396759,-0.9555378849312589,-0.26929353803053707,-31.493604082304067,-22.913701575726698,932.0,65.92442645074225,25.79863906199593
india,bollinger_mean_reversion,bull,equal_slot,0.08,none,0.25,-8.631625893728568,-0.7512361339303006,-0.9716513604968233,-0.2710903628368068,-31.840401124567837,-23.285609369412807,929.0,66.12685560053981,25.79863906199593
india,bollinger_mean_reversion,bull,equal_slot,0.08,0.25,none,-9.778039511994796,-0.8668865729222691,-1.1066382160947696,-0.3008712430322864,-32.49908304113171,-26.077933936108366,932.0,66.05263157894737,25.79863906199593
india,bollinger_mean_reversion,bull,equal_slot,0.08,0.25,0.15,-9.866578694566918,-0.8732849668391135,-1.1161893945246784,-0.30193858065961154,-32.67743616272059,-26.290755578202297,935.0,65.91767881241566,25.79863906199593
india,bollinger_mean_reversion,bull,equal_slot,0.08,0.25,0.25,-9.778039511994796,-0.8668865729222691,-1.1066382160947696,-0.3008712430322864,-32.49908304113171,-26.077933936108366,932.0,66.05263157894737,25.79863906199593
india,bollinger_mean_reversion,bull,equal_slot,0.15,none,none,-5.340348085332048,-0.4453802818372084,-0.592276586516835,-0.16963480009811036,-31.48144179285967,-14.884618730190113,781.0,67.30094466936572,25.79863906199593
india,bollinger_mean_reversion,bull,equal_slot,0.15,none,0.15,-6.209368692506068,-0.512459754612866,-0.6655087719234462,-0.19805165400431948,-31.352268799384237,-17.15886686043351,794.0,67.09176788124157,25.79863906199593
india,bollinger_mean_reversion,bull,equal_slot,0.15,none,0.25,-5.281041128886843,-0.4401375763859049,-0.5856951953021767,-0.1684173195591323,-31.356876731627587,-14.727927967932164,782.0,67.34143049932524,25.79863906199593
india,bollinger_mean_reversion,bull,equal_slot,0.15,0.25,none,-5.394578448075404,-0.45175835165650496,-0.599006261663687,-0.17134955143047553,-31.48288631653778,-15.02773068120048,784.0,67.27395411605939,25.79863906199593
india,bollinger_mean_reversion,bull,equal_slot,0.15,0.25,0.15,-7.118053990824558,-0.5903654687879439,-0.759914913449719,-0.2209739212101239,-32.212190252333016,-19.49367071070759,795.0,67.04453441295547,25.79863906199593
india,bollinger_mean_reversion,bull,equal_slot,0.15,0.25,0.25,-5.394578448075404,-0.45175835165650496,-0.599006261663687,-0.17134955143047553,-31.48288631653778,-15.02773068120048,784.0,67.27395411605939,25.79863906199593
india,bollinger_mean_reversion,bull,equal_slot,0.25,none,none,-3.641693646730515,-0.27679753831772275,-0.37166198794589445,-0.127043519028809,-28.664930525930306,-10.321076869527579,757.0,67.38191632928475,25.79863906199593
india,bollinger_mean_reversion,bull,equal_slot,0.25,none,0.15,-6.091938518633356,-0.5023880898376244,-0.653401932621275,-0.1949551245345509,-31.247901450026834,-16.85392023228284,794.0,67.09176788124157,25.79863906199593
india,bollinger_mean_reversion,bull,equal_slot,0.25,none,0.25,-4.233251532754057,-0.33536014367608113,-0.44461955456412194,-0.14132891725436963,-29.953187323545933,-11.928186010278196,758.0,67.41565452091768,25.79863906199593
india,bollinger_mean_reversion,bull,equal_slot,0.25,0.25,none,-4.869185742588589,-0.3836290941321565,-0.5127060392691163,-0.16568603886572217,-29.388026751817932,-13.634543486826445,757.0,67.3144399460189,25.79863906199593
india,bollinger_mean_reversion,bull,equal_slot,0.25,0.25,0.15,-7.003174907319143,-0.580712027346599,-0.7485979593032508,-0.2181154058036887,-32.10765824410514,-19.200924794385855,795.0,67.04453441295547,25.79863906199593
india,bollinger_mean_reversion,bull,equal_slot,0.25,0.25,0.25,-5.07744154043186,-0.4087958647029463,-0.5409585314764064,-0.16796317756447798,-30.229492047343072,-14.1885645009048,757.0,67.29419703103913,25.79863906199593
india,bollinger_mean_reversion,"bull,pullback",equal_slot,none,none,none,-4.130123657791895,-0.27035402910386447,-0.3573999792991641,-0.12515311185312203,-33.00056703854837,-11.649392799912528,821.0,73.82591093117409,25.79863906199593
india,bollinger_mean_reversion,"bull,pullback",equal_slot,none,none,0.15,-6.442684520050712,-0.47610506241090683,-0.6208499210454519,-0.18678939133922642,-34.49170466191099,-17.762558887360502,861.0,72.83400809716599,25.79863906199593
india,bollinger_mean_reversion,"bull,pullback",equal_slot,none,none,0.25,-5.885021793683476,-0.4120728605744814,-0.5391876174709211,-0.16519920034970656,-35.623791042726616,-16.314792254004807,822.0,73.71120107962213,25.79863906199593
india,bollinger_mean_reversion,"bull,pullback",equal_slot,none,0.25,none,-4.591839766721928,-0.3053668534960507,-0.4025856151821452,-0.13960329100629548,-32.8920595898764,-12.893067234079691,821.0,73.72469635627532,25.79863906199593
india,bollinger_mean_reversion,"bull,pullback",equal_slot,none,0.25,0.15,-7.318980810805886,-0.5429286391841479,-0.7034039351614388,-0.20744364622380318,-35.2817786615152,-20.00400859454734,862.0,72.7867746288799,25.79863906199593
india,bollinger_mean_reversion,"bull,pullback",equal_slot,none,0.25,0.25,-6.360484920100151,-0.4486132076540514,-0.5877492018584757,-0.1811885908237491,-35.104224229478675,-17.550204067776352,821.0,73.54925775978407,25.79863906199593
india,bollinger_mean_reversion,"bull,pullback",equal_slot,0.08,none,none,-8.134620926560142,-0.6115672473343284,-0.8059023786408003,-0.24736682831986884,-32.88484952412983,-22.053758618990727,1029.0,72.73954116059379,25.79863906199593
india,bollinger_mean_reversion,"bull,pullback",equal_slot,0.08,none,0.15,-7.805036270322418,-0.5846038688557961,-0.7716434862826055,-0.243735239920569,-32.022600723908475,-21.229716916586327,1033.0,72.60458839406208,25.79863906199593
india,bollinger_mean_reversion,"bull,pullback",equal_slot,0.08,none,0.25,-8.325078619285907,-0.6287871890882548,-0.8286040235423654,-0.249960885599708,-33.305525379750186,-22.527346834127716,1030.0,72.75978407557355,25.79863906199593
india,bollinger_mean_reversion,"bull,pullback",equal_slot,0.08,0.25,none,-9.363158344319189,-0.7152487304990589,-0.9327589853521285,-0.2772270829365456,-33.77432769244381,-25.07528501564531,1033.0,72.69905533063428,25.79863906199593
india,bollinger_mean_reversion,"bull,pullback",equal_slot,0.08,0.25,0.15,-9.234840745035877,-0.705728160656349,-0.9206746893521118,-0.2772219835384396,-33.31207946485014,-24.7633724134077,1036.0,72.59784075573549,25.79863906199593
india,bollinger_mean_reversion,"bull,pullback",equal_slot,0.08,0.25,0.25,-9.363158344319189,-0.7152487304990589,-0.9327589853521285,-0.2772270829365456,-33.77432769244381,-25.07528501564531,1033.0,72.69905533063428,25.79863906199593
india,bollinger_mean_reversion,"bull,pullback",equal_slot,0.15,none,none,-5.881467380261773,-0.4389607444358682,-0.5760324701497328,-0.17330390064951992,-33.9373052667529,-16.305511036450536,847.0,73.13090418353576,25.79863906199593
india,bollinger_mean_reversion,"bull,pullback",equal_slot,0.15,none,0.15,-7.123449603069131,-0.5265564193609442,-0.6834192259468154,-0.2003511331241064,-35.55482563034246,-19.50740310301716,861.0,72.83400809716599,25.79863906199593
india,bollinger_mean_reversion,"bull,pullback",equal_slot,0.15,none,0.25,-5.926992576614431,-0.44284365174063833,-0.5812710612314641,-0.1741669569682891,-34.0305226650631,-16.424334252925764,846.0,73.13090418353576,25.79863906199593
india,bollinger_mean_reversion,"bull,pullback",equal_slot,0.15,0.25,none,-6.0680560359114395,-0.4566426077194638,-0.5973789418854033,-0.17736509283356774,-34.21223386726642,-16.79181095282354,848.0,73.07692307692307,25.79863906199593
india,bollinger_mean_reversion,"bull,pullback",equal_slot,0.15,0.25,0.15,-7.913383713133526,-0.5860991985262476,-0.7564347151695796,-0.21854062613119482,-36.21012647956333,-21.501242511117002,862.0,72.7867746288799,25.79863906199593
india,bollinger_mean_reversion,"bull,pullback",equal_slot,0.15,0.25,0.25,-6.0680560359114395,-0.4566426077194638,-0.5973789418854033,-0.17736509283356774,-34.21223386726642,-16.79181095282354,848.0,73.07692307692307,25.79863906199593
india,bollinger_mean_reversion,"bull,pullback",equal_slot,0.25,none,none,-5.252709086557983,-0.3539368963258957,-0.46729331113235856,-0.15194747798064,-34.56924166406528,-14.653006766058708,822.0,73.73819163292848,25.79863906199593
india,bollinger_mean_reversion,"bull,pullback",equal_slot,0.25,none,0.15,-6.889514668964935,-0.5090433420063898,-0.6622678194764118,-0.19569774444998606,-35.204875193263504,-18.910594841690475,861.0,72.83400809716599,25.79863906199593
india,bollinger_mean_reversion,"bull,pullback",equal_slot,0.25,none,0.25,-5.970933842319537,-0.4186759023992059,-0.5476409999329871,-0.16689543064310441,-35.77649681187504,-16.538917763577178,822.0,73.71120107962213,25.79863906199593
india,bollinger_mean_reversion,"bull,pullback",equal_slot,0.25,0.25,none,-6.231481544103302,-0.4275336671826417,-0.563938282428259,-0.1790843559225116,-34.7963478551952,-17.21620760865108,821.0,73.57624831309042,25.79863906199593
india,bollinger_mean_reversion,"bull,pullback",equal_slot,0.25,0.25,0.15,-7.710192282391349,-0.5712948899186827,-0.7389424762560287,-0.2147227874015272,-35.9076573832541,-20.991524074068423,862.0,72.7867746288799,25.79863906199593
india,bollinger_mean_reversion,"bull,pullback",equal_slot,0.25,0.25,0.25,-6.4344057580941305,-0.45429221465268566,-0.5950527727124088,-0.1826186665706279,-35.234107656818416,-17.741187849165875,821.0,73.54925775978407,25.79863906199593
india,williams_percent_r,none,equal_slot,none,none,none,7.392603010742893,0.462064894365605,0.7680240654732018,0.23647850213261132,-31.2612053276509,23.298127339119333,991.0,98.65047233468285,25.79863906199593
india,williams_percent_r,none,equal_slot,none,none,0.15,4.0309016041710555,0.3067528356194997,0.4697496361783245,0.11051028061103514,-36.475353984112,12.304565881997354,1092.0,98.81241565452092,25.79863906199593
india,williams_percent_r,none,equal_slot,none,none,0.25,6.442295111387075,0.41380092911977645,0.6963552428585393,0.18653664579498727,-34.53635120290233,20.121612175685954,1003.0,98.62348178137651,25.79863906199593
india,williams_percent_r,none,equal_slot,none,0.25,none,8.201183992749407,0.5072351880553235,0.8433906606835334,0.2832763531017446,-28.951177544296396,26.044116388610504,995.0,98.63022941970311,25.79863906199593
india,williams_percent_r,none,equal_slot,none,0.25,0.15,4.604894806525706,0.33834305454158936,0.5190872968763249,0.12970510738994237,-35.502802466225624,14.133891172105372,1096.0,98.81241565452092,25.79863906199593
india,williams_percent_r,none,equal_slot,none,0.25,0.25,6.193773066994335,0.39906375031687064,0.6662859936498122,0.18197185499492372,-34.036983725681736,19.29989791994624,1007.0,98.58299595141699,25.79863906199593
india,williams_percent_r,none,equal_slot,0.08,none,none,-0.5355545817886775,0.047009039843689523,0.06534200606390365,-0.015873775659216476,-33.73832371618085,-1.5645188402851895,1253.0,99.11605937921728,25.79863906199593
india,williams_percent_r,none,equal_slot,0.08,none,0.15,-0.8334197431981938,0.028972917595082217,0.04026934402721806,-0.023588145090250482,-35.33214417706228,-2.427645945147039,1261.0,99.03508771929825,25.79863906199593
india,williams_percent_r,none,equal_slot,0.08,none,0.25,-0.20915566774187822,0.06705530912227876,0.0931810356740314,-0.00632656626133998,-33.05990312943923,-0.6129442641229499,1254.0,99.11605937921728,25.79863906199593
india,williams_percent_r,none,equal_slot,0.08,0.25,none,-0.42049494403912924,0.05441535931862104,0.07527855526499155,-0.012882732265432703,-32.64019894036087,-1.2297659565341568,1254.0,99.0958164642375,25.79863906199593
india,williams_percent_r,none,equal_slot,0.08,0.25,0.15,-1.7276219627769263,-0.024905873718769712,-0.034305633754880244,-0.048338788387286384,-35.73986896269227,-4.988770499947426,1268.0,99.17004048582996,25.79863906199593
india,williams_percent_r,none,equal_slot,0.08,0.25,0.25,-0.42049494403912924,0.05441535931862104,0.07527855526499155,-0.012882732265432703,-32.64019894036087,-1.2297659565341568,1254.0,99.0958164642375,25.79863906199593
india,williams_percent_r,none,equal_slot,0.15,none,none,5.64140449423185,0.3717383724671883,0.6199085072942933,0.16052185692540216,-35.144151720432234,17.48683895582861,1056.0,98.75168690958164,25.79863906199593
india,williams_percent_r,none,equal_slot,0.15,none,0.15,3.497423174162839,0.27767060912343566,0.4233320544476343,0.09352999496392257,-37.393599513310186,10.621795735985806,1092.0,98.81241565452092,25.79863906199593
india,williams_percent_r,none,equal_slot,0.15,none,0.25,6.461529471994165,0.41409670845654356,0.6882454164953922,0.19118770511841374,-33.796783469900234,20.18536388583041,1056.0,98.75843454790824,25.79863906199593
india,williams_percent_r,none,equal_slot,0.15,0.25,none,5.758215634960084,0.3771272601993135,0.6240170844687144,0.17026384857656457,-33.81936731196769,17.868726397486956,1061.0,98.73819163292848,25.79863906199593
india,williams_percent_r,none,equal_slot,0.15,0.25,0.15,4.125938757142533,0.3115866106421099,0.47658732630205364,0.11356390941971621,-36.33142587486703,12.60610505586206,1096.0,98.81241565452092,25.79863906199593
india,williams_percent_r,none,equal_slot,0.15,0.25,0.25,6.686950664331337,0.42483851088335195,0.6997322871486341,0.2008246128075462,-33.297465738124245,20.93417944447793,1062.0,98.77867746288797,25.79863906199593
india,williams_percent_r,none,equal_slot,0.25,none,none,6.4692612341302524,0.41326691819356504,0.6944400599920744,0.19513356034209609,-33.15299132957316,20.21099686497476,998.0,98.50877192982456,25.79863906199593
india,williams_percent_r,none,equal_slot,0.25,none,0.15,3.2163581633676497,0.26286209390589754,0.39986776786535533,0.08580172614689184,-37.48593772881995,9.741949789887517,1092.0,98.81241565452092,25.79863906199593
india,williams_percent_r,none,equal_slot,0.25,none,0.25,6.241007864153558,0.4030920402130944,0.6776869374867132,0.17916353757369377,-34.83414063303198,19.455789005306844,1003.0,98.62348178137651,25.79863906199593
india,williams_percent_r,none,equal_slot,0.25,0.25,none,8.096041791254095,0.49855407011848546,0.8291926030777136,0.27588373390552884,-29.345846805257576,25.684789164224764,1002.0,98.69770580296895,25.79863906199593
india,williams_percent_r,none,equal_slot,0.25,0.25,0.15,4.147121509463814,0.3126671582895258,0.4788392694725215,0.11534432804477449,-35.95427343296828,12.673387555344085,1096.0,98.81241565452092,25.79863906199593
india,williams_percent_r,none,equal_slot,0.25,0.25,0.25,5.984716904974152,0.38815255110070884,0.647661230845423,0.17445422518756076,-34.305370927759476,18.611551482226417,1007.0,98.58299595141699,25.79863906199593
india,williams_percent_r,none,atr_risk,none,0.25,none,8.216126659374655,0.5084819882516194,0.8455899445984214,0.28642458240308843,-28.68513097039978,26.095238398768327,995.0,98.63022941970311,25.79863906199593
india,williams_percent_r,bull,equal_slot,none,none,none,-3.7381606407458468,-0.2578433374628257,-0.3387767455401758,-0.12974390450392756,-28.811840178840054,-10.584461299024328,718.0,72.54385964912281,25.79863906199593
india,williams_percent_r,bull,equal_slot,none,none,0.15,-4.779187986735756,-0.3661193114569305,-0.4755960200991046,-0.14772829460446002,-32.35120258804821,-13.394395212050881,776.0,72.75978407557355,25.79863906199593
india,williams_percent_r,bull,equal_slot,none,none,0.25,-3.507365403256113,-0.24503974601459208,-0.3257543989823834,-0.119776393676718,-29.28260983314169,-9.95346814598962,727.0,72.48987854251013,25.79863906199593
india,williams_percent_r,bull,equal_slot,none,0.25,none,-2.8361289491734887,-0.18233693836095233,-0.24100324222046018,-0.1052072688069567,-26.9575380231328,-8.101637626435366,720.0,72.48313090418354,25.79863906199593
india,williams_percent_r,bull,equal_slot,none,0.25,0.15,-4.533941153566834,-0.3413309207828056,-0.4455935245424171,-0.14073899427433606,-32.21524480080503,-12.737749266370347,779.0,72.71929824561403,25.79863906199593
india,williams_percent_r,bull,equal_slot,none,0.25,0.25,-3.4887121222320405,-0.23875105128682927,-0.31627432115912896,-0.12342353586915514,-28.266181953582382,-9.902342297903887,728.0,72.39541160593792,25.79863906199593
india,williams_percent_r,bull,equal_slot,0.08,none,none,-3.5477155819846895,-0.2561453691602628,-0.339697075172438,-0.13717098800572067,-25.863454317590346,-10.063996477046643,877.0,71.63292847503374,25.79863906199593
india,williams_percent_r,bull,equal_slot,0.08,none,0.15,-3.629540273562182,-0.2613910030660606,-0.3461736334063851,-0.1414005060943673,-25.668509779872455,-10.287858196891865,884.0,71.47098515519568,25.79863906199593
india,williams_percent_r,bull,equal_slot,0.08,none,0.25,-3.3635351659213497,-0.2396281226176239,-0.31792979810536404,-0.13218691179780054,-25.445296513669785,-9.558755680139186,877.0,71.53846153846153,25.79863906199593
india,williams_percent_r,bull,equal_slot,0.08,0.25,none,-4.017917383859482,-0.2958112378496702,-0.38710003964433165,-0.15306199307166782,-26.250261761443173,-11.345396880028446,880.0,71.62618083670715,25.79863906199593
india,williams_percent_r,bull,equal_slot,0.08,0.25,0.15,-4.740508425708601,-0.3554114347338773,-0.46028740221934555,-0.17804940510920908,-26.62467994656283,-13.291048268814066,892.0,71.66666666666667,25.79863906199593
india,williams_percent_r,bull,equal_slot,0.08,0.25,0.25,-4.017917383859482,-0.2958112378496702,-0.38710003964433165,-0.15306199307166782,-26.250261761443173,-11.345396880028446,880.0,71.62618083670715,25.79863906199593
india,williams_percent_r,bull,equal_slot,0.15,none,none,-3.3114269599781143,-0.2333432777859905,-0.3060360568419685,-0.11569063087303137,-28.623121293308124,-9.415474378220988,762.0,72.75303643724696,25.79863906199593
india,williams_percent_r,bull,equal_slot,0.15,none,0.15,-5.074782260188238,-0.38978032830044174,-0.5050544034415317,-0.154513796854725,-32.84355419056581,-14.181504856949667,776.0,72.75978407557355,25.79863906199593
india,williams_percent_r,bull,equal_slot,0.15,none,0.25,-3.131141507484969,-0.21995167624840564,-0.288739866140121,-0.1099716616085072,-28.47225786795559,-8.918590903737854,762.0,72.69905533063428,25.79863906199593
india,williams_percent_r,bull,equal_slot,0.15,0.25,none,-3.4838283902660305,-0.2473112929967067,-0.32274661234812857,-0.1245692383080574,-27.967004033938043,-9.888953559144298,765.0,72.7327935222672,25.79863906199593
india,williams_percent_r,bull,equal_slot,0.15,0.25,0.15,-4.809654043659006,-0.363248908875617,-0.4728824444068383,-0.1472589095019208,-32.66120915825654,-13.475739487819027,779.0,72.71929824561403,25.79863906199593
india,williams_percent_r,bull,equal_slot,0.15,0.25,0.25,-2.640461017759421,-0.1720865033061382,-0.22561365543308595,-0.09570238485858513,-27.59033666361716,-7.557134575377578,766.0,72.77327935222672,25.79863906199593
india,williams_percent_r,bull,equal_slot,0.25,none,none,-4.41822662840613,-0.31835768369608175,-0.420317591788582,-0.1500793940710631,-29.43926217022228,-12.426788166051661,724.0,72.52361673414305,25.79863906199593
india,williams_percent_r,bull,equal_slot,0.25,none,0.15,-5.091502738183539,-0.3889876544876934,-0.5038310541501363,-0.156558266337626,-32.52145579591084,-14.225886674974664,776.0,72.75978407557355,25.79863906199593
india,williams_percent_r,bull,equal_slot,0.25,none,0.25,-3.699668944779566,-0.259919431257651,-0.34476427715097097,-0.12535374031890098,-29.513829705979074,-10.479428436517146,727.0,72.48987854251013,25.79863906199593
india,williams_percent_r,bull,equal_slot,0.25,0.25,none,-3.079405672448121,-0.2038746945048443,-0.27053012132885773,-0.11395990940684751,-27.021833278704666,-8.775670983423723,725.0,72.48987854251013,25.79863906199593
india,williams_percent_r,bull,equal_slot,0.25,0.25,0.15,-4.809387269481203,-0.36101468988898816,-0.4698661956817405,-0.1488574122672954,-32.30868517884242,-13.475027420361174,779.0,72.71929824561403,25.79863906199593
india,williams_percent_r,bull,equal_slot,0.25,0.25,0.25,-3.6814799454175096,-0.25348228211778384,-0.3350778891211709,-0.12917891498147055,-28.499077778641986,-10.429767549220514,728.0,72.39541160593792,25.79863906199593
india,williams_percent_r,"bull,pullback",equal_slot,none,none,none,-3.420273448972999,-0.19380990079612764,-0.2551314049637702,-0.10624287470035136,-32.19296784485151,-9.714598194071211,778.0,79.055330634278,25.79863906199593
india,williams_percent_r,"bull,pullback",equal_slot,none,none,0.15,-5.08940692668336,-0.3539207256411043,-0.4594862816734177,-0.14759658663746442,-34.4818741586773,-14.220324510535832,845.0,78.3468286099865,25.79863906199593
india,williams_percent_r,"bull,pullback",equal_slot,none,none,0.25,-2.8957208612255925,-0.1601844701591511,-0.21297027636132151,-0.09147338441513568,-31.65643077207987,-8.26704830094782,786.0,78.73144399460189,25.79863906199593
india,williams_percent_r,"bull,pullback",equal_slot,none,0.25,none,-3.036613307897773,-0.1658551910391672,-0.21852174156658843,-0.09638325425189113,-31.505610922430456,-8.657345654355975,781.0,79.1497975708502,25.79863906199593
india,williams_percent_r,"bull,pullback",equal_slot,none,0.25,0.15,-4.425033843314729,-0.2973460201142293,-0.38857971612235326,-0.1321433325245531,-33.48662213050007,-12.445101477722087,849.0,78.37381916329285,25.79863906199593
india,williams_percent_r,"bull,pullback",equal_slot,none,0.25,0.25,-4.014740125351879,-0.24016806629122098,-0.3165255528551006,-0.12157699901493228,-33.022201221291716,-11.336778834760741,790.0,79.04183535762483,25.79863906199593
india,williams_percent_r,"bull,pullback",equal_slot,0.08,none,none,-5.9616538849969425,-0.419520235435087,-0.545307362861242,-0.17618346955775277,-33.83775958074613,-16.514727502976832,970.0,78.92712550607287,25.79863906199593
india,williams_percent_r,"bull,pullback",equal_slot,0.08,none,0.15,-5.0261283940990715,-0.3401974217498012,-0.44480240338360716,-0.16021639331218085,-31.370874666399995,-14.052274858532288,980.0,78.81241565452092,25.79863906199593
india,williams_percent_r,"bull,pullback",equal_slot,0.08,none,0.25,-5.948294777967311,-0.4190819047968523,-0.5450674277997433,-0.17593856137519998,-33.80893154674717,-16.479895918502386,970.0,78.87989203778677,25.79863906199593
india,williams_percent_r,"bull,pullback",equal_slot,0.08,0.25,none,-5.782293686682327,-0.4022335274806395,-0.5202702726050049,-0.1760935547593433,-32.83648680148826,-16.04627677789524,971.0,78.92712550607287,25.79863906199593
india,williams_percent_r,"bull,pullback",equal_slot,0.08,0.25,0.15,-6.037076031406485,-0.41676356913865675,-0.5368021286999543,-0.1880305370891775,-32.10689138511194,-16.711198136093287,987.0,78.96761133603239,25.79863906199593
india,williams_percent_r,"bull,pullback",equal_slot,0.08,0.25,0.25,-5.782293686682327,-0.4022335274806395,-0.5202702726050049,-0.1760935547593433,-32.83648680148826,-16.04627677789524,971.0,78.92712550607287,25.79863906199593
india,williams_percent_r,"bull,pullback",equal_slot,0.15,none,none,-4.615811503918243,-0.31726660483133867,-0.41374871514359257,-0.14480789297035826,-31.875413758441233,-12.957320059219635,817.0,78.28609986504723,25.79863906199593
india,williams_percent_r,"bull,pullback",equal_slot,0.15,none,0.15,-5.463336913819871,-0.3819904124611777,-0.49438781578979124,-0.1557582431533846,-35.07574818008054,-15.20895350300121,845.0,78.3468286099865,25.79863906199593
india,williams_percent_r,"bull,pullback",equal_slot,0.15,none,0.25,-4.352162105218027,-0.2953802926958858,-0.38545144221579286,-0.13784303364880157,-31.57331923139857,-12.2489248884047,817.0,78.22537112010795,25.79863906199593
india,williams_percent_r,"bull,pullback",equal_slot,0.15,0.25,none,-4.646981477035705,-0.3175664765762844,-0.4124574245736106,-0.15018849536171736,-30.940994953333878,-13.04081997720008,820.0,78.2523616734143,25.79863906199593
india,williams_percent_r,"bull,pullback",equal_slot,0.15,0.25,0.15,-4.776696049257012,-0.32333287891065443,-0.42133854205622434,-0.1401452723110118,-34.08389002703224,-13.38773951656539,849.0,78.37381916329285,25.79863906199593
india,williams_percent_r,"bull,pullback",equal_slot,0.15,0.25,0.25,-3.6804505832302437,-0.23771463930659015,-0.31011041331820716,-0.12111276803141921,-30.388625766322647,-10.426956569036816,821.0,78.29284750337382,25.79863906199593
india,williams_percent_r,"bull,pullback",equal_slot,0.25,none,none,-4.318215678087367,-0.26988728644359705,-0.3551438692548035,-0.13259708480521742,-32.566445064993275,-12.157439492353728,784.0,78.83265856950067,25.79863906199593
india,williams_percent_r,"bull,pullback",equal_slot,0.25,none,0.15,-5.40515457214158,-0.37574806282609025,-0.4864440878321885,-0.15616969377202092,-34.61077781219263,-15.055622182871787,845.0,78.3468286099865,25.79863906199593
india,williams_percent_r,"bull,pullback",equal_slot,0.25,none,0.25,-3.110364536651833,-0.17566559786214128,-0.2331219412944381,-0.09746330179710443,-31.913186597421838,-8.861212408140739,786.0,78.73144399460189,25.79863906199593
india,williams_percent_r,"bull,pullback",equal_slot,0.25,0.25,none,-3.8644741372034774,-0.2313853658165394,-0.30444652654257137,-0.12032063298441378,-32.11813336873051,-10.928563831394744,788.0,79.14304993252361,25.79863906199593
india,williams_percent_r,"bull,pullback",equal_slot,0.25,0.25,0.15,-4.703190467272799,-0.31609946793600224,-0.41206583365868654,-0.1400373233892496,-33.585263938526936,-13.191262305308681,849.0,78.37381916329285,25.79863906199593
india,williams_percent_r,"bull,pullback",equal_slot,0.25,0.25,0.25,-4.199096202483876,-0.2528283167215728,-0.33272246704356007,-0.12640586222590391,-33.21915715411631,-11.835915731525981,790.0,79.04183535762483,25.79863906199593
india,cci_reversion,none,equal_slot,none,none,none,9.055082300677974,0.6776159555433674,0.9698178434432495,0.4324524998407099,-20.938906131918152,28.98746660383027,800.0,98.37381916329285,25.79863906199593
india,cci_reversion,none,equal_slot,none,none,0.15,7.022408257083268,0.532164943077968,0.7636002911133584,0.26695895483504717,-26.305198345649742,22.05420532647244,863.0,98.4480431848853,25.79863906199593
india,cci_reversion,none,equal_slot,none,none,0.25,7.883239518236818,0.593094679079953,0.8437804408771744,0.35337301132191645,-22.308550075023494,24.959598402781012,813.0,98.56275303643726,25.79863906199593
india,cci_reversion,none,equal_slot,none,0.25,none,10.65270015660671,0.7605161911322292,1.1260570346750483,0.5070627183845854,-21.008644040217312,34.615419565187096,810.0,98.46828609986504,25.79863906199593
india,cci_reversion,none,equal_slot,none,0.25,0.15,4.606697103805812,0.3776248608268907,0.5324847931324673,0.17488441364692645,-26.34138176033376,14.139665846057547,870.0,98.5357624831309,25.79863906199593
india,cci_reversion,none,equal_slot,none,0.25,0.25,11.434066667397058,0.8135999416945164,1.2129317601553853,0.5519209984470248,-20.716853860552177,37.4259257462878,817.0,98.55600539811066,25.79863906199593
india,cci_reversion,none,equal_slot,0.08,none,none,6.5222107929526985,0.49845189877017354,0.7190116590416742,0.2774395381610699,-23.508584379080723,20.386636526998192,985.0,98.88663967611336,25.79863906199593
india,cci_reversion,none,equal_slot,0.08,none,0.15,6.814637095691323,0.5038927912026163,0.7285652339334886,0.2931097363695368,-23.249439544716452,21.35969639166888,998.0,98.83940620782725,25.79863906199593
india,cci_reversion,none,equal_slot,0.08,none,0.25,6.194330658827729,0.4746219291622456,0.682469303286657,0.26131862047121834,-23.704130412359852,19.301737381909213,985.0,98.88663967611336,25.79863906199593
india,cci_reversion,none,equal_slot,0.08,0.25,none,6.858029853702208,0.5115266094055724,0.7430053507018468,0.28572681783890735,-24.00205169949697,21.504527869396206,992.0,98.61673414304994,25.79863906199593
india,cci_reversion,none,equal_slot,0.08,0.25,0.15,5.521832189699527,0.42824558741648916,0.6177637151252933,0.22532779132797895,-24.505775151641853,17.096770546889694,1001.0,98.58974358974359,25.79863906199593
india,cci_reversion,none,equal_slot,0.08,0.25,0.25,6.858029853702208,0.5115266094055724,0.7430053507018468,0.28572681783890735,-24.00205169949697,21.504527869396206,992.0,98.61673414304994,25.79863906199593
india,cci_reversion,none,equal_slot,0.15,none,none,7.353132248131522,0.5414779102552778,0.7752280773980744,0.28723468444528505,-25.599736544115757,23.165102039407447,837.0,98.63697705802969,25.79863906199593
india,cci_reversion,none,equal_slot,0.15,none,0.15,6.449880498956495,0.4911771068900646,0.7013751549171942,0.2408573970777308,-26.7788350169497,20.146751050938192,863.0,98.4480431848853,25.79863906199593
india,cci_reversion,none,equal_slot,0.15,none,0.25,6.804572281008725,0.505589830601885,0.7184286383348419,0.26230542517427524,-25.941408861398042,21.32611945665921,839.0,98.69770580296895,25.79863906199593
india,cci_reversion,none,equal_slot,0.15,0.25,none,8.253326209398558,0.6035543719804516,0.863475216590597,0.3339095045448937,-24.71725451675159,26.22256528222917,843.0,98.60998650472335,25.79863906199593
india,cci_reversion,none,equal_slot,0.15,0.25,0.15,3.963428394183155,0.3333430508340077,0.46775990706567994,0.14491311887712358,-27.350376728444243,12.09080667220761,870.0,98.5357624831309,25.79863906199593
india,cci_reversion,none,equal_slot,0.15,0.25,0.25,7.184165704107692,0.5302715282873478,0.7544347541843144,0.2838759530473617,-25.30741201213718,22.59671675996735,844.0,98.67071524966262,25.79863906199593
india,cci_reversion,none,equal_slot,0.25,none,none,7.897589141504491,0.5915252928654262,0.8473965622028845,0.35861755833319464,-22.02231585706903,25.008412273970436,811.0,98.64372469635627,25.79863906199593
india,cci_reversion,none,equal_slot,0.25,none,0.15,6.334952988999443,0.4832786144745265,0.6908678953897309,0.23723889549075464,-26.702843038848663,19.766239409110863,863.0,98.4480431848853,25.79863906199593
india,cci_reversion,none,equal_slot,0.25,none,0.25,7.790058734244765,0.5857851430416027,0.8325462892854288,0.34797836516058533,-22.386618003247996,24.642926211809566,813.0,98.56275303643726,25.79863906199593
india,cci_reversion,none,equal_slot,0.25,0.25,none,10.466017607393674,0.7439368440263229,1.1086704879697993,0.4869445481298432,-21.493243219560437,33.94959770545341,816.0,98.65047233468285,25.79863906199593
india,cci_reversion,none,equal_slot,0.25,0.25,0.15,3.864009875513985,0.3267416117195855,0.45915015672850246,0.14061114740363204,-27.48011055213234,11.776331996250056,870.0,98.5357624831309,25.79863906199593
india,cci_reversion,none,equal_slot,0.25,0.25,0.25,11.346556537346885,0.8061916055821137,1.2005185031453214,0.5458083610332118,-20.788535587596947,37.1092535553164,817.0,98.55600539811066,25.79863906199593
india,cci_reversion,bull,equal_slot,none,none,none,0.7300101779277979,0.12105464474830786,0.16506008169791594,0.03514420337775613,-20.77185162176259,2.1588674980258293,598.0,72.9284750337382,25.79863906199593
india,cci_reversion,bull,equal_slot,none,none,0.15,-0.8464566472822455,-0.022943004695003655,-0.031490213065884246,-0.035888626342728366,-23.58565187752726,-2.4653086764816257,634.0,72.5033738191633,25.79863906199593
india,cci_reversion,bull,equal_slot,none,none,0.25,-1.2990050287164157,-0.05878640596617289,-0.07926800184872478,-0.054994256783780185,-23.620739776949577,-3.7667551731734417,601.0,72.70580296896087,25.79863906199593
india,cci_reversion,bull,equal_slot,none,0.25,none,0.3808631355261438,0.09034149210086553,0.12312690854713754,0.018569031721351322,-20.51066211967391,1.1225369003867058,602.0,73.11066126855602,25.79863906199593
india,cci_reversion,bull,equal_slot,none,0.25,0.15,-1.0465888715099125,-0.04118743835285817,-0.05573315220839184,-0.04247292183859575,-24.641320309611057,-3.0422744174585126,640.0,72.67881241565452,25.79863906199593
india,cci_reversion,bull,equal_slot,none,0.25,0.25,-0.4188972873689245,0.018139157418347943,0.024524460288655667,-0.018777596127358576,-22.308355368161298,-1.2251124802814428,605.0,72.82051282051282,25.79863906199593
india,cci_reversion,bull,equal_slot,0.08,none,none,-0.8474918456278902,-0.015505529309701071,-0.021528253571847015,-0.04018450561458635,-21.09001548398455,-2.4682988833386377,712.0,72.22672064777328,25.79863906199593
india,cci_reversion,bull,equal_slot,0.08,none,0.15,-1.9243074799287996,-0.1080667593956318,-0.14970841310854172,-0.084575611940687,-22.752510277765644,-5.546091139737341,722.0,72.19298245614036,25.79863906199593
india,cci_reversion,bull,equal_slot,0.08,none,0.25,-0.6059274718299146,0.005323258444521824,0.0073982488707704,-0.029495256404903605,-20.543217645301727,-1.7688915089970503,712.0,72.33468286099864,25.79863906199593
india,cci_reversion,bull,equal_slot,0.08,0.25,none,-0.9337827353413375,-0.025412784441466305,-0.035286091028409655,-0.04163724807554261,-22.426619877643503,-2.717340659210632,721.0,72.19973009446694,25.79863906199593
india,cci_reversion,bull,equal_slot,0.08,0.25,0.15,-1.9527269484059473,-0.11311476690587774,-0.15768069081133926,-0.08071358140077263,-24.193288347718575,-5.626440759384755,726.0,72.2672064777328,25.79863906199593
india,cci_reversion,bull,equal_slot,0.08,0.25,0.25,-0.9337827353413375,-0.025412784441466305,-0.035286091028409655,-0.04163724807554261,-22.426619877643503,-2.717340659210632,721.0,72.19973009446694,25.79863906199593
india,cci_reversion,bull,equal_slot,0.15,none,none,-4.465355736813692,-0.3385777789787384,-0.443984180258377,-0.14646140911534564,-30.488275128481128,-12.553526862875408,617.0,72.8744939271255,25.79863906199593
india,cci_reversion,bull,equal_slot,0.15,none,0.15,-1.3902239282965745,-0.07052679095294527,-0.09615893638007908,-0.056890421206132295,-24.436871775994522,-4.027689318997907,634.0,72.5033738191633,25.79863906199593
india,cci_reversion,bull,equal_slot,0.15,none,0.25,-4.343552845893739,-0.3286442949272683,-0.42781700040603504,-0.14389261501783018,-30.18607206044254,-12.225728941465775,618.0,72.84075573549258,25.79863906199593
india,cci_reversion,bull,equal_slot,0.15,0.25,none,-2.9600119335607356,-0.2082239559329483,-0.2742422708694147,-0.10046702354966666,-29.462522417591387,-8.445282240131435,621.0,72.90823211875843,25.79863906199593
india,cci_reversion,bull,equal_slot,0.15,0.25,0.15,-1.592505245507636,-0.08863231920480268,-0.11912332949615874,-0.06247309134362878,-25.491058810395256,-4.6046550599748155,640.0,72.67881241565452,25.79863906199593
india,cci_reversion,bull,equal_slot,0.15,0.25,0.25,-3.660875736221836,-0.2712586129423725,-0.3547173683893418,-0.1210437037824949,-30.24424750584395,-10.373490543736041,621.0,72.95546558704453,25.79863906199593
india,cci_reversion,bull,equal_slot,0.25,none,none,-1.3929487417848496,-0.0646671798687387,-0.08779595293715844,-0.05985928508185748,-23.270387206930295,-4.035476536740723,602.0,72.94197031039135,25.79863906199593
india,cci_reversion,bull,equal_slot,0.25,none,0.15,-1.3354041742874245,-0.06571577050482076,-0.08980418248119133,-0.055117255590025886,-24.22842284130492,-3.8709319416977195,634.0,72.5033738191633,25.79863906199593
india,cci_reversion,bull,equal_slot,0.25,none,0.25,-1.4097303568161523,-0.06803679098904744,-0.09160576350086619,-0.059355220962106575,-23.750738923474806,-4.083427364144887,601.0,72.70580296896087,25.79863906199593
india,cci_reversion,bull,equal_slot,0.25,0.25,none,-0.0038763422405940773,0.056026630535682874,0.0763914400145066,-0.00018591781875813086,-20.849761827493207,-0.011382482526389737,606.0,72.99595141700405,25.79863906199593
india,cci_reversion,bull,equal_slot,0.25,0.25,0.15,-1.5374672458432825,-0.08394567765169492,-0.11312406470942046,-0.06080446160656602,-25.28543473982932,-4.447897682674606,640.0,72.67881241565452,25.79863906199593
india,cci_reversion,bull,equal_slot,0.25,0.25,0.25,-0.5277323436567949,0.008703927901578685,0.011749919854675104,-0.023522648851368004,-22.435072979721145,-1.5417846712528882,605.0,72.82051282051282,25.79863906199593
india,cci_reversion,"bull,pullback",equal_slot,none,none,none,0.596031252328566,0.11021140598756823,0.14968169129136774,0.024214582571905542,-24.614558213367623,1.7603701591492493,635.0,78.8663967611336,25.79863906199593
india,cci_reversion,"bull,pullback",equal_slot,none,none,0.15,-1.1648875816737236,-0.037011748671997684,-0.050534123427530823,-0.04364293092991625,-26.691323356452656,-3.382259622437489,683.0,78.66396761133603,25.79863906199593
india,cci_reversion,"bull,pullback",equal_slot,none,none,0.25,-0.7989324742140647,0.00022533327014873311,0.0003065429405178658,-0.03100609638889025,-25.766948028334486,-2.327968324886376,640.0,78.84615384615385,25.79863906199593
india,cci_reversion,"bull,pullback",equal_slot,none,0.25,none,0.741285887238452,0.12170473935636161,0.165866431201589,0.030108919142827945,-24.620142746473483,2.1924520309522633,640.0,78.96086369770579,25.79863906199593
india,cci_reversion,"bull,pullback",equal_slot,none,0.25,0.15,-1.8004514315722364,-0.08995881385684255,-0.1211768067065741,-0.06307596713464296,-28.544174800030643,-5.195389434184106,689.0,78.75168690958165,25.79863906199593
india,cci_reversion,"bull,pullback",equal_slot,none,0.25,0.25,0.1696635466374108,0.07574055605360773,0.10301698477600851,0.006717164596110341,-25.25820890791579,0.49903724487756485,644.0,78.79217273954116,25.79863906199593
india,cci_reversion,"bull,pullback",equal_slot,0.08,none,none,-0.8788529350414742,-0.005242167248227514,-0.007242657461727747,-0.03574622045849528,-24.585898138850933,-2.558857838696338,785.0,79.33198380566802,25.79863906199593
india,cci_reversion,"bull,pullback",equal_slot,0.08,none,0.15,-3.267720846799682,-0.1953970224745953,-0.26480205236590343,-0.11812282019922805,-27.663755752599588,-9.29518084097517,801.0,79.23076923076924,25.79863906199593
india,cci_reversion,"bull,pullback",equal_slot,0.08,none,0.25,-1.0748415181629056,-0.02062606285465662,-0.02847360406513078,-0.04297804877890715,-25.00908134969632,-3.1235428530075326,785.0,79.36572199730094,25.79863906199593
india,cci_reversion,"bull,pullback",equal_slot,0.08,0.25,none,-0.6245499785141884,0.012718578473488736,0.017654379425788378,-0.02602860817467633,-23.994751249197545,-1.82292699826474,789.0,79.21052631578948,25.79863906199593
india,cci_reversion,"bull,pullback",equal_slot,0.08,0.25,0.15,-2.4103019166633377,-0.1306239453977845,-0.1787237894890972,-0.08881641220998943,-27.13802389320388,-6.913931811528373,801.0,79.15654520917678,25.79863906199593
india,cci_reversion,"bull,pullback",equal_slot,0.08,0.25,0.25,-0.6245499785141884,0.012718578473488736,0.017654379425788378,-0.02602860817467633,-23.994751249197545,-1.82292699826474,789.0,79.21052631578948,25.79863906199593
india,cci_reversion,"bull,pullback",equal_slot,0.15,none,none,-2.881724494526572,-0.17061122352351574,-0.22760360892504708,-0.09976173443978767,-28.886070502972956,-8.228215912790127,662.0,78.60323886639677,25.79863906199593
india,cci_reversion,"bull,pullback",equal_slot,0.15,none,0.15,-1.8818306919621608,-0.0946892588677491,-0.12847404738703022,-0.0677497501858263,-27.776201193371374,-5.4259135447553675,683.0,78.66396761133603,25.79863906199593
india,cci_reversion,"bull,pullback",equal_slot,0.15,none,0.25,-3.782159185912437,-0.2435766826679936,-0.3204588875007547,-0.12178674127127817,-31.05559066965864,-10.704421205911508,664.0,78.73144399460189,25.79863906199593
india,cci_reversion,"bull,pullback",equal_slot,0.15,0.25,none,-1.8256319218285855,-0.08905569720586021,-0.11887505964397468,-0.06425242679625777,-28.41343141197766,-5.26675808647602,666.0,78.52226720647774,25.79863906199593
india,cci_reversion,"bull,pullback",equal_slot,0.15,0.25,0.15,-2.4305114907743564,-0.13965942391229824,-0.18707706533421561,-0.08237719949956,-29.50466276517859,-6.970527320243159,689.0,78.75168690958165,25.79863906199593
india,cci_reversion,"bull,pullback",equal_slot,0.15,0.25,0.25,-2.9891963262104637,-0.1830803337038071,-0.24145867701078627,-0.09678700836926034,-30.884272347856097,-8.526114618961177,666.0,78.70445344129554,25.79863906199593
india,cci_reversion,"bull,pullback",equal_slot,0.25,none,none,-1.2330206475086758,-0.03291539392529324,-0.04473092715655267,-0.046962707507102276,-26.255314332594715,-3.577713733986776,639.0,78.90013495276654,25.79863906199593
india,cci_reversion,"bull,pullback",equal_slot,0.25,none,0.15,-1.7016454757635247,-0.0798678113992312,-0.1086331959425893,-0.062267458666039985,-27.32800586723775,-4.915002804176572,683.0,78.66396761133603,25.79863906199593
india,cci_reversion,"bull,pullback",equal_slot,0.25,none,0.25,-0.908577703461122,-0.008020223615902782,-0.010897288296721052,-0.03507967370073737,-25.900403498964806,-2.644640515857788,640.0,78.84615384615385,25.79863906199593
india,cci_reversion,"bull,pullback",equal_slot,0.25,0.25,none,-0.1980561454589691,0.04656450323054034,0.06340429692010617,-0.007686856204526742,-25.76555879142569,-0.5804788187147691,644.0,78.89338731443995,25.79863906199593
india,cci_reversion,"bull,pullback",equal_slot,0.25,0.25,0.15,-2.2805265050797607,-0.12759399796738208,-0.171353275013499,-0.07831836571131962,-29.11866819956061,-6.5499636694577585,689.0,78.75168690958165,25.79863906199593
india,cci_reversion,"bull,pullback",equal_slot,0.25,0.25,0.25,0.06206538857473909,0.06726620255431241,0.09137446192339137,0.0024488535893948484,-25.344671009946516,0.18236505390614166,644.0,78.79217273954116,25.79863906199593
india,short_term_reversal,none,equal_slot,none,none,none,17.926978906554925,1.1263616029361303,1.6667320166452229,0.8955601882098903,-20.0176148321071,62.290332569773234,718.0,99.86504723346827,25.79863906199593
india,short_term_reversal,none,equal_slot,none,none,0.15,14.252659701101456,0.8612299003372818,1.2499705613278467,0.5178422341731692,-27.523169723416746,47.88526522797867,821.0,99.8582995951417,25.79863906199593
india,short_term_reversal,none,equal_slot,none,none,0.25,15.674922055238172,0.9533786836328081,1.3839724642285036,0.7330404469059109,-21.383434053878503,53.35659536779585,723.0,99.86504723346827,25.79863906199593
india,short_term_reversal,none,equal_slot,none,0.25,none,17.794155046330328,1.0998334038033761,1.615025284214464,0.9310330292077241,-19.112270443802107,61.75414957575762,735.0,99.85155195681511,25.79863906199593
india,short_term_reversal,none,equal_slot,none,0.25,0.15,17.56523631829936,1.0322797077295254,1.5496241524921242,0.8863496938531871,-19.817501421971297,60.83279517598428,855.0,99.8582995951417,25.79863906199593
india,short_term_reversal,none,equal_slot,none,0.25,0.25,16.91704907352012,1.0140964245605217,1.4799989665498487,0.7839256296718895,-21.579915789461708,58.24275373135315,746.0,99.8582995951417,25.79863906199593
india,short_term_reversal,none,equal_slot,0.08,none,none,16.51025688654755,0.9453458952585406,1.4047246123776906,0.7547697473834019,-21.874561008551925,56.63141883705434,961.0,99.85155195681511,25.79863906199593
india,short_term_reversal,none,equal_slot,0.08,none,0.15,12.494229973627702,0.7614386910464678,1.0942779261795945,0.5612811374222756,-22.260199284459052,41.30072070368052,994.0,99.8582995951417,25.79863906199593
india,short_term_reversal,none,equal_slot,0.08,none,0.25,15.577667253977179,0.9383314979194534,1.3668869800058912,0.7534722792504824,-20.674506127117358,52.97828183600295,957.0,99.8582995951417,25.79863906199593
india,short_term_reversal,none,equal_slot,0.08,0.25,none,17.54041413951244,0.9951858284386488,1.547968464132504,0.8670702172502256,-20.229519813446085,60.73309911954874,1024.0,99.8582995951417,25.79863906199593
india,short_term_reversal,none,equal_slot,0.08,0.25,0.15,15.623807196887851,0.9070592120619863,1.3478138921155407,0.7412372011439534,-21.078012777523288,53.15768576328459,1058.0,99.85155195681511,25.79863906199593
india,short_term_reversal,none,equal_slot,0.08,0.25,0.25,17.54041413951244,0.9951858284386488,1.547968464132504,0.8670702172502256,-20.229519813446085,60.73309911954874,1024.0,99.8582995951417,25.79863906199593
india,short_term_reversal,none,equal_slot,0.15,none,none,16.103944636403476,0.9488756000238403,1.3987210173522302,0.7292098291889685,-22.08410253371705,55.032823724397126,767.0,99.8582995951417,25.79863906199593
india,short_term_reversal,none,equal_slot,0.15,none,0.15,13.209513890090774,0.7947947677038296,1.1495604491872724,0.44600522591493413,-29.617397112315906,43.95529326982768,821.0,99.8582995951417,25.79863906199593
india,short_term_reversal,none,equal_slot,0.15,none,0.25,15.437202119115124,0.8977467529084374,1.3169054531702362,0.6126791682535491,-25.19622490694288,52.43297064415968,771.0,99.8582995951417,25.79863906199593
india,short_term_reversal,none,equal_slot,0.15,0.25,none,15.853975847433222,0.9649516024970738,1.4218993533115007,0.8403534726577823,-18.865842009662817,54.05471311301484,795.0,99.86504723346827,25.79863906199593
india,short_term_reversal,none,equal_slot,0.15,0.25,0.15,16.703284060137925,0.9739693710136392,1.4559517921165765,0.7692091544615342,-21.714879448920037,57.39465831437278,855.0,99.8582995951417,25.79863906199593
india,short_term_reversal,none,equal_slot,0.15,0.25,0.25,18.840068190585214,1.094411778336025,1.6440945020284792,0.9407257245198768,-20.027163815681472,66.00804238423433,790.0,99.8582995951417,25.79863906199593
india,short_term_reversal,none,equal_slot,0.25,none,none,16.853310644647657,1.024601326888605,1.5035701594564164,0.7888488579796923,-21.364435625615773,57.989562153973836,722.0,99.86504723346827,25.79863906199593
india,short_term_reversal,none,equal_slot,0.25,none,0.15,14.030901910091576,0.8456409833172619,1.2255928320509415,0.5039221173599278,-27.843393704567177,47.0439626907871,821.0,99.8582995951417,25.79863906199593
india,short_term_reversal,none,equal_slot,0.25,none,0.25,15.629423495269323,0.9501329774000481,1.3787448448921527,0.7288229846678332,-21.44474560224326,53.179532838671115,723.0,99.86504723346827,25.79863906199593
india,short_term_reversal,none,equal_slot,0.25,0.25,none,18.98196007102775,1.1545656632263528,1.7070405766172358,1.0280716756315964,-18.46365435500027,66.5907583678039,743.0,99.8582995951417,25.79863906199593
india,short_term_reversal,none,equal_slot,0.25,0.25,0.15,17.21049821804257,1.006192183620579,1.5070834048121706,0.8402083147377888,-20.483608548212953,59.41188960252428,855.0,99.8582995951417,25.79863906199593
india,short_term_reversal,none,equal_slot,0.25,0.25,0.25,16.81215711814894,1.0056223707417147,1.4658400162420016,0.7746170559103539,-21.703830286038272,57.82622781246965,746.0,99.8582995951417,25.79863906199593
india,short_term_reversal,bull,equal_slot,none,none,none,6.7974883632923255,0.558505622003389,0.7831763099844086,0.3007979655779027,-22.5981859625705,21.302490678871756,518.0,73.6774628879892,25.79863906199593
india,short_term_reversal,bull,equal_slot,none,none,0.15,3.699249228555068,0.34661005790209864,0.47707480892238896,0.12992176576427744,-28.472898338426006,11.256453087618624,580.0,72.66531713900135,25.79863906199593
india,short_term_reversal,bull,equal_slot,none,none,0.25,3.871474804938768,0.34905199673397685,0.4815744145468735,0.14083447965718707,-27.489538175328494,11.799924382838324,522.0,73.36707152496626,25.79863906199593
india,short_term_reversal,bull,equal_slot,none,0.25,none,8.050555056224184,0.6850959805367083,0.9607541359209184,0.4180091619266469,-19.25927895723231,25.5295462054413,530.0,73.17813765182186,25.79863906199593
india,short_term_reversal,bull,equal_slot,none,0.25,0.15,4.464889109464432,0.40780020994336585,0.5611136728129601,0.18387766858847954,-24.281845336297515,13.685892674716516,600.0,72.88798920377869,25.79863906199593
india,short_term_reversal,bull,equal_slot,none,0.25,0.25,5.003543868796578,0.4430990922629068,0.615405135202045,0.21381032372796702,-23.40178800328948,15.415885327842126,536.0,72.88124156545209,25.79863906199593
india,short_term_reversal,bull,equal_slot,0.08,none,none,2.8710857427573844,0.2783108852957552,0.3796552979041984,0.1043055045163638,-27.52573563657859,8.66744155848389,684.0,71.96356275303644,25.79863906199593
india,short_term_reversal,bull,equal_slot,0.08,none,0.15,3.973540384434804,0.360233659319496,0.49106379574265907,0.16044669727729832,-24.765485683805483,12.12282496140633,694.0,71.80161943319838,25.79863906199593
india,short_term_reversal,bull,equal_slot,0.08,none,0.25,4.8643008313086655,0.43076467431894006,0.5892779460419899,0.20155793914417686,-24.13351144570481,14.967027767405327,681.0,71.97705802968962,25.79863906199593
india,short_term_reversal,bull,equal_slot,0.08,0.25,none,5.434322753536258,0.4773273293809349,0.664624363433815,0.25550651064972146,-21.26882301244476,16.811839429167243,714.0,72.09176788124157,25.79863906199593
india,short_term_reversal,bull,equal_slot,0.08,0.25,0.15,3.3735662186431314,0.31828870994420305,0.4386349431829612,0.1359341435421055,-24.817651627004008,10.233502866436295,734.0,72.14574898785425,25.79863906199593
india,short_term_reversal,bull,equal_slot,0.08,0.25,0.25,5.434322753536258,0.4773273293809349,0.664624363433815,0.25550651064972146,-21.26882301244476,16.811839429167243,714.0,72.09176788124157,25.79863906199593
india,short_term_reversal,bull,equal_slot,0.15,none,none,1.0580094055085754,0.1459839619770471,0.20095204640489533,0.0325678924152644,-32.486271816984136,3.1387853968443125,544.0,72.61133603238866,25.79863906199593
india,short_term_reversal,bull,equal_slot,0.15,none,0.15,2.9709614520426975,0.28997916467946583,0.397209057133172,0.1002170828112049,-29.645259757157145,8.97754413107965,580.0,72.66531713900135,25.79863906199593
india,short_term_reversal,bull,equal_slot,0.15,none,0.25,0.6176682232232888,0.1128173964615629,0.1550421546554649,0.018283221457927462,-33.78333652221189,1.8246560865357253,544.0,72.57759784075574,25.79863906199593
india,short_term_reversal,bull,equal_slot,0.15,0.25,none,3.526547429155591,0.33624485053206066,0.4686866610320008,0.13447658693967304,-26.2242484688998,10.71323137327036,559.0,72.78002699055331,25.79863906199593
india,short_term_reversal,bull,equal_slot,0.15,0.25,0.15,3.9802146108673053,0.3689250101371327,0.5056524475069015,0.1584710619887406,-25.116349703961095,12.143961326761099,600.0,72.88798920377869,25.79863906199593
india,short_term_reversal,bull,equal_slot,0.15,0.25,0.25,3.841115728753053,0.3613620305371592,0.5033166908729503,0.1502546798043857,-25.564033903993828,11.703997124394228,559.0,72.71255060728745,25.79863906199593
india,short_term_reversal,bull,equal_slot,0.25,none,none,2.3076686628796583,0.2347716023583163,0.3216677057134688,0.07373873915663574,-31.29520099303178,6.928992176507509,523.0,73.64372469635627,25.79863906199593
india,short_term_reversal,bull,equal_slot,0.25,none,0.15,3.5465041304263645,0.33412364114946247,0.45899851818005527,0.12416963489103923,-28.561766598882866,10.775914231228523,580.0,72.66531713900135,25.79863906199593
india,short_term_reversal,bull,equal_slot,0.25,none,0.25,3.8316036906117956,0.3459739496026219,0.47712065487245103,0.13921967739150432,-27.52199805661677,11.673952580860124,522.0,73.36707152496626,25.79863906199593
india,short_term_reversal,bull,equal_slot,0.25,0.25,none,4.814948577574807,0.4313041746548727,0.6000118642159817,0.19731507068847576,-24.402335618736014,14.808214826579169,536.0,73.11066126855602,25.79863906199593
india,short_term_reversal,bull,equal_slot,0.25,0.25,0.15,4.117104087848222,0.37934960910921317,0.5202990972615537,0.16615327082142964,-24.778952996194754,12.578051442680538,600.0,72.88798920377869,25.79863906199593
india,short_term_reversal,bull,equal_slot,0.25,0.25,0.25,4.867787818649449,0.43178387606124347,0.5985578070818879,0.20675841456792024,-23.543360152098565,14.978254184424312,536.0,72.88124156545209,25.79863906199593
india,short_term_reversal,"bull,pullback",equal_slot,none,none,none,12.044161989082136,0.9222734358296684,1.3205400037121504,1.0138112290258319,-11.88008343590289,39.647084766635324,558.0,79.35897435897436,25.79863906199593
india,short_term_reversal,"bull,pullback",equal_slot,none,none,0.15,8.70648390116271,0.6983780352615051,0.9746633668520668,0.4112034004222983,-21.173180698946826,27.78044994108413,636.0,80.1484480431849,25.79863906199593
india,short_term_reversal,"bull,pullback",equal_slot,none,none,0.25,11.718658197980169,0.8874786274090783,1.2575458252105656,0.8791808055995006,-13.32906510622623,38.459108870768134,566.0,79.73684210526316,25.79863906199593
india,short_term_reversal,"bull,pullback",equal_slot,none,0.25,none,12.620119625375569,0.9752723807317648,1.3810964645666628,0.8559912978250679,-14.743280285022994,41.76556320571567,586.0,80.62078272604589,25.79863906199593
india,short_term_reversal,"bull,pullback",equal_slot,none,0.25,0.15,10.779225009579685,0.8535521736617522,1.2066390942418967,0.6201998515507673,-17.380244420612115,35.06792160803849,659.0,79.93252361673414,25.79863906199593
india,short_term_reversal,"bull,pullback",equal_slot,none,0.25,0.25,10.336182150367158,0.8014347915627738,1.1265307030677165,0.6406300787920169,-16.134400323283664,33.48780946882195,592.0,80.36437246963561,25.79863906199593
india,short_term_reversal,"bull,pullback",equal_slot,0.08,none,none,5.3951415085904175,0.4397920085654393,0.608277737229993,0.20931925987647323,-25.77470182043584,16.68441344918168,764.0,80.12145748987854,25.79863906199593
india,short_term_reversal,"bull,pullback",equal_slot,0.08,none,0.15,5.020385273046912,0.41839262055480547,0.5729400337240929,0.19886623467106124,-25.24503609851609,15.470252726405409,781.0,80.16869095816463,25.79863906199593
india,short_term_reversal,"bull,pullback",equal_slot,0.08,none,0.25,6.154917343802735,0.5004782119359514,0.6902921621428915,0.26441880892984654,-23.277154029673085,19.17176128194058,762.0,80.13495276653173,25.79863906199593
india,short_term_reversal,"bull,pullback",equal_slot,0.08,0.25,none,7.0547232323664,0.5724190727964713,0.8017822630593903,0.3671559139817283,-19.2145161325591,22.162458340982205,794.0,79.85155195681511,25.79863906199593
india,short_term_reversal,"bull,pullback",equal_slot,0.08,0.25,0.15,7.476852885312368,0.5946001663832129,0.8321183485435033,0.4145278128671966,-18.037035521444608,23.582385144291518,809.0,79.84480431848853,25.79863906199593
india,short_term_reversal,"bull,pullback",equal_slot,0.08,0.25,0.25,7.0547232323664,0.5724190727964713,0.8017822630593903,0.3671559139817283,-19.2145161325591,22.162458340982205,794.0,79.85155195681511,25.79863906199593
india,short_term_reversal,"bull,pullback",equal_slot,0.15,none,none,9.290794134699286,0.7257509333463245,1.0298120522666119,0.5179721114050317,-17.93686171538739,29.80786105944948,596.0,80.08097165991902,25.79863906199593
india,short_term_reversal,"bull,pullback",equal_slot,0.15,none,0.15,7.903518957005318,0.6356690225233331,0.8828142412201897,0.35571994314118693,-22.218374621375595,25.028587711802874,636.0,80.1484480431849,25.79863906199593
india,short_term_reversal,"bull,pullback",equal_slot,0.15,none,0.25,8.242215093455663,0.6435410246709058,0.9107120060643438,0.39275682817600754,-20.985542458251164,26.18452519977521,597.0,80.05398110661268,25.79863906199593
india,short_term_reversal,"bull,pullback",equal_slot,0.15,0.25,none,11.298628463195048,0.8687643432983113,1.2412981212215268,0.688957110294285,-16.39961079488517,36.93602075877757,620.0,80.64102564102565,25.79863906199593
india,short_term_reversal,"bull,pullback",equal_slot,0.15,0.25,0.15,10.142696233795201,0.8015211552817817,1.1279225537062754,0.5671602398453521,-17.88329914762857,32.80158442050083,659.0,79.93252361673414,25.79863906199593
india,short_term_reversal,"bull,pullback",equal_slot,0.15,0.25,0.25,11.126007144913096,0.8541081282737005,1.217684177593305,0.6756879887139057,-16.466190506198238,36.31328883678195,621.0,80.70175438596492,25.79863906199593
india,short_term_reversal,"bull,pullback",equal_slot,0.25,none,none,11.451078529875346,0.871999890135736,1.2392990491292957,0.7826644458567462,-14.630891425431223,37.48754237430059,564.0,79.60863697705804,25.79863906199593
india,short_term_reversal,"bull,pullback",equal_slot,0.25,none,0.15,8.567095164753757,0.6859305322925835,0.9554695647489031,0.4033678006611307,-21.238916816642423,27.299911084694006,636.0,80.1484480431849,25.79863906199593
india,short_term_reversal,"bull,pullback",equal_slot,0.25,none,0.25,11.645723890819216,0.881732061668715,1.2487050403763515,0.8721087533444329,-13.353522535072896,38.19384121012715,566.0,79.73684210526316,25.79863906199593
india,short_term_reversal,"bull,pullback",equal_slot,0.25,0.25,none,11.60398012812398,0.8954814620942658,1.263390584627262,0.784093839132318,-14.799223701291927,38.04216686419313,590.0,80.47908232118758,25.79863906199593
india,short_term_reversal,"bull,pullback",equal_slot,0.25,0.25,0.15,10.468961465246007,0.8261303315969758,1.1641815448200457,0.5980878825399596,-17.50405211486048,33.96008037600251,659.0,79.93252361673414,25.79863906199593
india,short_term_reversal,"bull,pullback",equal_slot,0.25,0.25,0.25,10.173700042728818,0.7876432042907054,1.1050395493967393,0.6247948625093489,-16.28326456121682,32.91138689959017,592.0,80.36437246963561,25.79863906199593
india,turn_of_month,none,equal_slot,none,none,none,-0.8477344619539751,-0.028908458617375985,-0.03567450767266534,-0.04583494498194208,-18.495374267122237,-2.468999680391093,720.0,21.052631578947366,25.79863906199593
india,turn_of_month,none,equal_slot,none,none,0.15,-0.9074285373644408,-0.045295373146146505,-0.057160933174315524,-0.049762793254532076,-18.235080428926647,-2.64132506448177,727.0,21.052631578947366,25.79863906199593
india,turn_of_month,none,equal_slot,none,none,0.25,-1.122762763023255,-0.05037897292388023,-0.06122343477697458,-0.05797985702431506,-19.364703892808862,-3.261285062350394,721.0,21.052631578947366,25.79863906199593
india,turn_of_month,none,equal_slot,none,0.25,none,-0.2551042456915287,0.028203670995617224,0.03490653455593083,-0.013507807690820415,-18.885688301950836,-0.7472667573936831,725.0,21.07962213225371,25.79863906199593
india,turn_of_month,none,equal_slot,none,0.25,0.15,-0.22456714090500762,0.02553736608115416,0.03228357582283985,-0.0119397586109709,-18.808348495309033,-0.6580103165211182,731.0,21.07962213225371,25.79863906199593
india,turn_of_month,none,equal_slot,none,0.25,0.25,-0.4895880260811336,0.00882808879065818,0.010768005531873789,-0.024864665604563314,-19.690111014052064,-1.4308742871682045,726.0,21.07962213225371,25.79863906199593
india,turn_of_month,none,equal_slot,0.08,none,none,-1.7684114319744926,-0.1397409702555694,-0.17387733160804136,-0.09031495966046427,-19.580492961772553,-5.104527737701325,750.0,21.1336032388664,25.79863906199593
india,turn_of_month,none,equal_slot,0.08,none,0.15,-1.8013616968335588,-0.14326795995800282,-0.1782411151472401,-0.09183040144360666,-19.61618013768328,-5.197970001647645,751.0,21.1336032388664,25.79863906199593
india,turn_of_month,none,equal_slot,0.08,none,0.25,-1.7684114319744926,-0.1397409702555694,-0.17387733160804136,-0.09031495966046427,-19.580492961772553,-5.104527737701325,750.0,21.1336032388664,25.79863906199593
india,turn_of_month,none,equal_slot,0.08,0.25,none,-1.4454758741246243,-0.10439677256814653,-0.129821082459042,-0.07169037349451148,-20.162761102580784,-4.1855118842643595,755.0,21.160593792172737,25.79863906199593
india,turn_of_month,none,equal_slot,0.08,0.25,0.15,-1.4765228427987886,-0.10781421499510192,-0.13399057997811445,-0.07291605150468568,-20.249626965935004,-4.2741198006223,755.0,21.160593792172737,25.79863906199593
india,turn_of_month,none,equal_slot,0.08,0.25,0.25,-1.4454758741246243,-0.10439677256814653,-0.129821082459042,-0.07169037349451148,-20.162761102580784,-4.1855118842643595,755.0,21.160593792172737,25.79863906199593
india,turn_of_month,none,equal_slot,0.15,none,none,-1.3713623368390326,-0.07570331427301931,-0.09190961676070485,-0.06998495795779218,-19.595101245414753,-3.973773535423808,723.0,21.052631578947366,25.79863906199593
india,turn_of_month,none,equal_slot,0.15,none,0.15,-1.8222920649010876,-0.11874409767515696,-0.14335507224797545,-0.08876567939922209,-20.52924145046377,-5.257294023259307,727.0,21.052631578947366,25.79863906199593
india,turn_of_month,none,equal_slot,0.15,none,0.25,-1.3713623368390326,-0.07570331427301931,-0.09190961676070485,-0.06998495795779218,-19.595101245414753,-3.973773535423808,723.0,21.052631578947366,25.79863906199593
india,turn_of_month,none,equal_slot,0.15,0.25,none,-0.7522807927297981,-0.017265559262975287,-0.02103512531476946,-0.037355495519417616,-20.13842360460077,-2.1930254077586753,728.0,21.07962213225371,25.79863906199593
india,turn_of_month,none,equal_slot,0.15,0.25,0.15,-1.1701552108780655,-0.05717009739620889,-0.0692237396511043,-0.055207660423739764,-21.195522539746836,-3.3973802417497367,731.0,21.07962213225371,25.79863906199593
india,turn_of_month,none,equal_slot,0.15,0.25,0.25,-0.7522807927297981,-0.017265559262975287,-0.02103512531476946,-0.037355495519417616,-20.13842360460077,-2.1930254077586753,728.0,21.07962213225371,25.79863906199593
india,turn_of_month,none,equal_slot,0.25,none,none,-0.7639807552085376,-0.020910971214649972,-0.025821925616767844,-0.04130658532099054,-18.495374267122237,-2.2268798267637058,721.0,21.052631578947366,25.79863906199593
india,turn_of_month,none,equal_slot,0.25,none,0.15,-0.9074285373644408,-0.045295373146146505,-0.057160933174315524,-0.049762793254532076,-18.235080428926647,-2.64132506448177,727.0,21.052631578947366,25.79863906199593
india,turn_of_month,none,equal_slot,0.25,none,0.25,-1.122762763023255,-0.05037897292388023,-0.06122343477697458,-0.05797985702431506,-19.364703892808862,-3.261285062350394,721.0,21.052631578947366,25.79863906199593
india,turn_of_month,none,equal_slot,0.25,0.25,none,-0.14010790512881677,0.039308576597226724,0.04868489374306927,-0.00742194348495307,-18.877522499715273,-0.4108700761651152,726.0,21.07962213225371,25.79863906199593
india,turn_of_month,none,equal_slot,0.25,0.25,0.15,-0.22456714090500762,0.02553736608115416,0.03228357582283985,-0.0119397586109709,-18.808348495309033,-0.6580103165211182,731.0,21.07962213225371,25.79863906199593
india,turn_of_month,none,equal_slot,0.25,0.25,0.25,-0.4895880260811336,0.00882808879065818,0.010768005531873789,-0.024864665604563314,-19.690111014052064,-1.4308742871682045,726.0,21.07962213225371,25.79863906199593
india,turn_of_month,bull,equal_slot,none,none,none,-2.5212452253093653,-0.22197893247792552,-0.26537507205310157,-0.10718936711323124,-23.521411621415833,-7.224341211516904,500.0,14.5748987854251,25.79863906199593
india,turn_of_month,bull,equal_slot,none,none,0.15,-2.5011415576246754,-0.2443676291715309,-0.29957294133439194,-0.11041982973934299,-22.651199187037957,-7.168143675970596,505.0,14.5748987854251,25.79863906199593
india,turn_of_month,bull,equal_slot,none,none,0.25,-2.8229789748972167,-0.24115115587511993,-0.2840418452596219,-0.11666817854754385,-24.196649078110145,-8.065110462400582,500.0,14.5748987854251,25.79863906199593
india,turn_of_month,bull,equal_slot,none,0.25,none,-1.9195286290571323,-0.1597923943812043,-0.19204161457316793,-0.08091055335193899,-23.724082329627667,-5.532575590511346,504.0,14.601889338731445,25.79863906199593
india,turn_of_month,bull,equal_slot,none,0.25,0.15,-1.882767250491324,-0.1749292538217362,-0.21570566141782174,-0.0824212861609978,-22.843216093638922,-5.42856439263838,509.0,14.601889338731445,25.79863906199593
india,turn_of_month,bull,equal_slot,none,0.25,0.25,-2.2500777152209883,-0.18474141161310176,-0.2186442077349228,-0.09200551106172244,-24.455901491721622,-6.464431282403227,504.0,14.601889338731445,25.79863906199593
india,turn_of_month,bull,equal_slot,0.08,none,none,-2.8638688248606936,-0.29945320358357896,-0.3631505251541908,-0.12763883690497738,-22.437283935709498,-8.178660300770801,520.0,14.6221322537112,25.79863906199593
india,turn_of_month,bull,equal_slot,0.08,none,0.15,-2.840418278688528,-0.29656992717115177,-0.3597075627609847,-0.1268930259147939,-22.3843529477799,-8.113550183379804,520.0,14.6221322537112,25.79863906199593
india,turn_of_month,bull,equal_slot,0.08,none,0.25,-2.8638688248606936,-0.29945320358357896,-0.3631505251541908,-0.12763883690497738,-22.437283935709498,-8.178660300770801,520.0,14.6221322537112,25.79863906199593
india,turn_of_month,bull,equal_slot,0.08,0.25,none,-2.5340273823104,-0.2612159209437378,-0.31757018347807764,-0.1129025116982362,-22.444384488834956,-7.260060620085929,524.0,14.649122807017543,25.79863906199593
india,turn_of_month,bull,equal_slot,0.08,0.25,0.15,-2.5340273823104,-0.2612159209437378,-0.31757018347807764,-0.1129025116982362,-22.444384488834956,-7.260060620085929,524.0,14.649122807017543,25.79863906199593
india,turn_of_month,bull,equal_slot,0.08,0.25,0.25,-2.5340273823104,-0.2612159209437378,-0.31757018347807764,-0.1129025116982362,-22.444384488834956,-7.260060620085929,524.0,14.649122807017543,25.79863906199593
india,turn_of_month,bull,equal_slot,0.15,none,none,-3.1778864099893167,-0.28238069088584483,-0.3322090502289,-0.1301254397230777,-24.42171505243121,-9.047596354270382,502.0,14.5748987854251,25.79863906199593
india,turn_of_month,bull,equal_slot,0.15,none,0.15,-3.3946812341209553,-0.3037640987169967,-0.3562774188406711,-0.13779150621265546,-24.63636059600001,-9.644326238585988,505.0,14.5748987854251,25.79863906199593
india,turn_of_month,bull,equal_slot,0.15,none,0.25,-3.1778864099893167,-0.28238069088584483,-0.3322090502289,-0.1301254397230777,-24.42171505243121,-9.047596354270382,502.0,14.5748987854251,25.79863906199593
india,turn_of_month,bull,equal_slot,0.15,0.25,none,-2.5953913947427965,-0.22454081216592484,-0.265420471242486,-0.10522885248174742,-24.664256366313438,-7.4314144979283565,506.0,14.601889338731445,25.79863906199593
india,turn_of_month,bull,equal_slot,0.15,0.25,0.15,-2.833530932342976,-0.24861543565069982,-0.29292153461989506,-0.11367424563199098,-24.926762580120823,-8.094421778935668,509.0,14.601889338731445,25.79863906199593
india,turn_of_month,bull,equal_slot,0.15,0.25,0.25,-2.5953913947427965,-0.22454081216592484,-0.265420471242486,-0.10522885248174742,-24.664256366313438,-7.4314144979283565,506.0,14.601889338731445,25.79863906199593
india,turn_of_month,bull,equal_slot,0.25,none,none,-2.5212452253093653,-0.22197893247792552,-0.26537507205310157,-0.10718936711323124,-23.521411621415833,-7.224341211516904,500.0,14.5748987854251,25.79863906199593
india,turn_of_month,bull,equal_slot,0.25,none,0.15,-2.5011415576246754,-0.2443676291715309,-0.29957294133439194,-0.11041982973934299,-22.651199187037957,-7.168143675970596,505.0,14.5748987854251,25.79863906199593
india,turn_of_month,bull,equal_slot,0.25,none,0.25,-2.8229789748972167,-0.24115115587511993,-0.2840418452596219,-0.11666817854754385,-24.196649078110145,-8.065110462400582,500.0,14.5748987854251,25.79863906199593
india,turn_of_month,bull,equal_slot,0.25,0.25,none,-1.9195286290571323,-0.1597923943812043,-0.19204161457316793,-0.08091055335193899,-23.724082329627667,-5.532575590511346,504.0,14.601889338731445,25.79863906199593
india,turn_of_month,bull,equal_slot,0.25,0.25,0.15,-1.882767250491324,-0.1749292538217362,-0.21570566141782174,-0.0824212861609978,-22.843216093638922,-5.42856439263838,509.0,14.601889338731445,25.79863906199593
india,turn_of_month,bull,equal_slot,0.25,0.25,0.25,-2.2500777152209883,-0.18474141161310176,-0.2186442077349228,-0.09200551106172244,-24.455901491721622,-6.464431282403227,504.0,14.601889338731445,25.79863906199593
india,turn_of_month,"bull,pullback",equal_slot,none,none,none,-0.17615921636888743,0.03125197003994504,0.038166245360137394,-0.00952450130636349,-18.495374267122237,-0.5164110918554399,560.0,16.464237516869098,25.79863906199593
india,turn_of_month,"bull,pullback",equal_slot,none,none,0.15,-0.25254462368864417,0.01681042293451426,0.02102580129703264,-0.014282362763584047,-17.682272035027776,-0.7397873084985518,565.0,16.464237516869098,25.79863906199593
india,turn_of_month,"bull,pullback",equal_slot,none,none,0.25,-0.5125353371815744,0.0001344917698362622,0.00016145145541823793,-0.026467501905459337,-19.364703892808862,-1.4976069398756398,560.0,16.464237516869098,25.79863906199593
india,turn_of_month,"bull,pullback",equal_slot,none,0.25,none,0.14327288998317034,0.06432337403983629,0.07879344603590122,0.007461719301113197,-19.20105597670979,0.4213058842008177,564.0,16.49122807017544,25.79863906199593
india,turn_of_month,"bull,pullback",equal_slot,none,0.25,0.15,0.05561340966322437,0.05142063478819065,0.06442047289018699,0.002996546917258156,-18.559165332245392,0.1633971727113659,569.0,16.49122807017544,25.79863906199593
india,turn_of_month,"bull,pullback",equal_slot,none,0.25,0.25,-0.17551359715258785,0.03374161542838577,0.04065185701644686,-0.00877510534021362,-20.00130942568436,-0.5145216761738958,564.0,16.49122807017544,25.79863906199593
india,turn_of_month,"bull,pullback",equal_slot,0.08,none,none,-0.9483905482993049,-0.0662978336810296,-0.08190930290538853,-0.05224291863027509,-18.153475593718206,-2.7594583182702803,584.0,16.524966261808366,25.79863906199593
india,turn_of_month,"bull,pullback",equal_slot,0.08,none,0.15,-0.9658494759230973,-0.06844130071668315,-0.0845022944326776,-0.05307052566461474,-18.199357625113677,-2.8097806150980786,584.0,16.524966261808366,25.79863906199593
india,turn_of_month,"bull,pullback",equal_slot,0.08,none,0.25,-0.9483905482993049,-0.0662978336810296,-0.08190930290538853,-0.05224291863027509,-18.153475593718206,-2.7594583182702803,584.0,16.524966261808366,25.79863906199593
india,turn_of_month,"bull,pullback",equal_slot,0.08,0.25,none,-0.9130890726570806,-0.061557091734237665,-0.07595367264547227,-0.048441096183340984,-18.8494717213087,-2.65765551688526,588.0,16.55195681511471,25.79863906199593
india,turn_of_month,"bull,pullback",equal_slot,0.08,0.25,0.15,-0.9494212107174715,-0.06591478279921513,-0.08126881612072137,-0.05011703667936787,-18.944081167279556,-2.762429499047081,588.0,16.55195681511471,25.79863906199593
india,turn_of_month,"bull,pullback",equal_slot,0.08,0.25,0.25,-0.9130890726570806,-0.061557091734237665,-0.07595367264547227,-0.048441096183340984,-18.8494717213087,-2.65765551688526,588.0,16.55195681511471,25.79863906199593
india,turn_of_month,"bull,pullback",equal_slot,0.15,none,none,-0.7604698932683784,-0.02639911044130623,-0.03165482674933177,-0.03928736300077881,-19.356603120787295,-2.2167217860808996,562.0,16.464237516869098,25.79863906199593
india,turn_of_month,"bull,pullback",equal_slot,0.15,none,0.15,-1.1290459723709567,-0.064118668668477,-0.07640957697852827,-0.056871723966176395,-19.85250127185242,-3.2793355931806545,565.0,16.464237516869098,25.79863906199593
india,turn_of_month,"bull,pullback",equal_slot,0.15,none,0.25,-0.7604698932683784,-0.02639911044130623,-0.03165482674933177,-0.03928736300077881,-19.356603120787295,-2.2167217860808996,562.0,16.464237516869098,25.79863906199593
india,turn_of_month,"bull,pullback",equal_slot,0.15,0.25,none,-0.42520370080295633,0.007388003092642703,0.00888924349308559,-0.021078332065137897,-20.172549682249947,-1.2434802573441317,566.0,16.49122807017544,25.79863906199593
india,turn_of_month,"bull,pullback",equal_slot,0.15,0.25,0.15,-0.8371415978392638,-0.03486168454982896,-0.04166885165340646,-0.04029099196957817,-20.777388615086714,-2.4383991086729173,569.0,16.49122807017544,25.79863906199593
india,turn_of_month,"bull,pullback",equal_slot,0.15,0.25,0.25,-0.42520370080295633,0.007388003092642703,0.00888924349308559,-0.021078332065137897,-20.172549682249947,-1.2434802573441317,566.0,16.49122807017544,25.79863906199593
india,turn_of_month,"bull,pullback",equal_slot,0.25,none,none,-0.17615921636888743,0.03125197003994504,0.038166245360137394,-0.00952450130636349,-18.495374267122237,-0.5164110918554399,560.0,16.464237516869098,25.79863906199593
india,turn_of_month,"bull,pullback",equal_slot,0.25,none,0.15,-0.25254462368864417,0.01681042293451426,0.02102580129703264,-0.014282362763584047,-17.682272035027776,-0.7397873084985518,565.0,16.464237516869098,25.79863906199593
india,turn_of_month,"bull,pullback",equal_slot,0.25,none,0.25,-0.5125353371815744,0.0001344917698362622,0.00016145145541823793,-0.026467501905459337,-19.364703892808862,-1.4976069398756398,560.0,16.464237516869098,25.79863906199593
india,turn_of_month,"bull,pullback",equal_slot,0.25,0.25,none,0.14327288998317034,0.06432337403983629,0.07879344603590122,0.007461719301113197,-19.20105597670979,0.4213058842008177,564.0,16.49122807017544,25.79863906199593
india,turn_of_month,"bull,pullback",equal_slot,0.25,0.25,0.15,0.05561340966322437,0.05142063478819065,0.06442047289018699,0.002996546917258156,-18.559165332245392,0.1633971727113659,569.0,16.49122807017544,25.79863906199593
india,turn_of_month,"bull,pullback",equal_slot,0.25,0.25,0.25,-0.17551359715258785,0.03374161542838577,0.04065185701644686,-0.00877510534021362,-20.00130942568436,-0.5145216761738958,564.0,16.49122807017544,25.79863906199593
us,golden_cross_50_200,none,equal_slot,none,none,none,13.105445948394113,0.7324850325777489,1.0690349076795567,0.5304512575362436,-24.70622090569494,44.19987900719748,49.0,99.13333333333334,79.0629387654347
us,golden_cross_50_200,none,equal_slot,none,none,0.15,1.3452285913473805,0.16756872135398465,0.23685287598897847,0.05631519611515749,-23.887488353881555,4.051589005343681,96.0,98.08,79.0629387654347
us,golden_cross_50_200,none,equal_slot,none,none,0.25,10.708118336180128,0.7361912184744261,1.0581231254686376,0.5665548116868553,-18.90041019031834,35.30417588033183,57.0,99.12,79.0629387654347
us,golden_cross_50_200,none,equal_slot,none,0.25,none,13.17987528073048,1.0310218905942214,1.473163777763265,0.7473029368630534,-17.636589702237117,44.482099514170635,78.0,98.98666666666666,79.0629387654347
us,golden_cross_50_200,none,equal_slot,none,0.25,0.15,-4.0973046432074,-0.2803107936655601,-0.3752903701895452,-0.1659099444326471,-24.695955732001014,-11.692591630275928,115.0,97.52000000000001,79.0629387654347
us,golden_cross_50_200,none,equal_slot,none,0.25,0.25,7.305804033686658,0.6067341812826185,0.8748840146917993,0.39352266036174277,-18.565141908145396,23.315876546106384,90.0,98.57333333333334,79.0629387654347
us,golden_cross_50_200,none,equal_slot,0.08,none,none,16.191874353688696,1.0345280673079464,1.5006552253008478,0.8233753773890059,-19.665239935926333,56.21287849030183,67.0,98.62666666666667,79.0629387654347
us,golden_cross_50_200,none,equal_slot,0.08,none,0.15,11.07925761590045,0.9262602671204017,1.3172589305509845,1.0002054322604255,-11.076982046439959,36.656823984750716,101.0,98.09333333333333,79.0629387654347
us,golden_cross_50_200,none,equal_slot,0.08,none,0.25,11.909009700212847,0.8991635319287109,1.321587395493814,0.7132154884817425,-16.697631911449584,39.71331433608187,69.0,98.84,79.0629387654347
us,golden_cross_50_200,none,equal_slot,0.08,0.25,none,8.408967653514821,0.7556568623013136,1.07763247761355,0.5204859665295424,-16.155993041625138,27.12225635483083,128.0,97.38666666666667,79.0629387654347
us,golden_cross_50_200,none,equal_slot,0.08,0.25,0.15,6.346809224877914,0.53814824095916,0.7998726434927694,0.3997287511779331,-15.877790141877309,20.069042140380855,143.0,97.37333333333333,79.0629387654347
us,golden_cross_50_200,none,equal_slot,0.08,0.25,0.25,8.408967653514821,0.7556568623013136,1.07763247761355,0.5204859665295424,-16.155993041625138,27.12225635483083,128.0,97.38666666666667,79.0629387654347
us,golden_cross_50_200,none,equal_slot,0.15,none,none,16.854893361801327,0.9501701730581441,1.3911369287875304,0.6988803096757413,-24.11699561205476,58.877219121985625,58.0,98.97333333333333,79.0629387654347
us,golden_cross_50_200,none,equal_slot,0.15,none,0.15,0.9459640831528171,0.13744313158819843,0.1933523576534128,0.038229242658479407,-24.744515385867793,2.837923339164017,96.0,98.08,79.0629387654347
us,golden_cross_50_200,none,equal_slot,0.15,none,0.25,15.275846693231344,0.9900208657933051,1.4858469050681729,0.7254394989642029,-21.05736827818516,52.58084262336313,63.0,98.86666666666667,79.0629387654347
us,golden_cross_50_200,none,equal_slot,0.15,0.25,none,8.874762617340126,0.7744089281540131,1.1152646354786724,0.6028397018823644,-14.721596121869077,28.752570161527103,92.0,98.42666666666666,79.0629387654347
us,golden_cross_50_200,none,equal_slot,0.15,0.25,0.15,-4.645438642140864,-0.3246016031603577,-0.43272458872824543,-0.1853161944724824,-25.067634565691804,-13.18430105965307,115.0,97.52000000000001,79.0629387654347
us,golden_cross_50_200,none,equal_slot,0.15,0.25,0.25,8.080822075131033,0.7133498938755793,1.0280309910233376,0.5489093715271058,-14.721596121869077,25.981987567132858,94.0,98.44,79.0629387654347
us,golden_cross_50_200,none,equal_slot,0.25,none,none,12.380494777785733,0.7563088496482278,1.0859373206004017,0.5145551424263315,-24.060579240170046,41.47012518606643,49.0,99.26666666666665,79.0629387654347
us,golden_cross_50_200,none,equal_slot,0.25,none,0.15,1.3452285913473805,0.16756872135398465,0.23685287598897847,0.05631519611515749,-23.887488353881555,4.051589005343681,96.0,98.08,79.0629387654347
us,golden_cross_50_200,none,equal_slot,0.25,none,0.25,10.61264364170662,0.7292211659339024,1.0462962963510232,0.5553418497947086,-19.11010964801187,34.957653014282776,57.0,99.12,79.0629387654347
us,golden_cross_50_200,none,equal_slot,0.25,0.25,none,9.944781850112028,0.8130904434527764,1.1671293094374828,0.5215077496255545,-19.069288725340012,32.55012028919193,85.0,98.66666666666667,79.0629387654347
us,golden_cross_50_200,none,equal_slot,0.25,0.25,0.15,-4.0973046432074,-0.2803107936655601,-0.3752903701895452,-0.1659099444326471,-24.695955732001014,-11.692591630275928,115.0,97.52000000000001,79.0629387654347
us,golden_cross_50_200,none,equal_slot,0.25,0.25,0.25,7.151679198596228,0.5925032395014986,0.8504132746009876,0.3770329983635248,-18.96831107525707,22.79018085878539,90.0,98.57333333333334,79.0629387654347
us,golden_cross_50_200,bull,equal_slot,none,none,none,27.742999193557093,1.0965347092023712,1.6499861032101275,1.1183047100912993,-24.80808579558977,107.04155309185764,42.0,95.45333333333333,79.0629387654347
us,golden_cross_50_200,bull,equal_slot,none,none,0.15,7.259189208411421,0.6406618689305253,0.911256682341379,0.3940683272814729,-18.42114350698976,23.15672346041453,84.0,92.26666666666667,79.0629387654347
us,golden_cross_50_200,bull,equal_slot,none,none,0.25,8.800022106163752,0.6749379983444876,0.9520173279462627,0.5067204893548714,-17.366619844734235,28.490044356837174,55.0,96.38666666666667,79.0629387654347
us,golden_cross_50_200,bull,equal_slot,none,0.25,none,11.724040613691411,0.9177160362864657,1.3170438958840323,0.6661353044015638,-17.600088955237016,39.02807052987172,76.0,96.01333333333332,79.0629387654347
us,golden_cross_50_200,bull,equal_slot,none,0.25,0.15,6.678058209957816,0.5824676194646546,0.90812217498351,0.35859652263128666,-18.62276343606454,21.184044188797756,102.0,93.48,79.0629387654347
us,golden_cross_50_200,bull,equal_slot,none,0.25,0.25,4.986921735118077,0.45097183339425423,0.6275321711436411,0.2461908520422446,-20.256324285608944,15.562922855655724,86.0,95.50666666666666,79.0629387654347
us,golden_cross_50_200,bull,equal_slot,0.08,none,none,21.672022132457226,1.2604886637124546,1.863857499247191,1.1003239105530809,-19.696038525204564,79.14544435995403,57.0,95.18666666666667,79.0629387654347
us,golden_cross_50_200,bull,equal_slot,0.08,none,0.15,9.299622584617051,0.8194100922504207,1.147846256323338,0.8728740111299872,-10.654026200846715,30.25165383273376,96.0,93.49333333333334,79.0629387654347
us,golden_cross_50_200,bull,equal_slot,0.08,none,0.25,15.95565196928126,1.1672313507893173,1.7563847017403806,0.9962485533355304,-16.015734141706194,55.27083179489729,63.0,94.45333333333335,79.0629387654347
us,golden_cross_50_200,bull,equal_slot,0.08,0.25,none,15.582392761329555,1.2618837876517561,2.0292494016126557,1.203162813665971,-12.95119212822981,53.78998392559977,113.0,92.8,79.0629387654347
us,golden_cross_50_200,bull,equal_slot,0.08,0.25,0.15,9.057481784636611,0.7468539179889523,1.1615743430578653,0.7100870601738738,-12.755452524960493,29.3958687502754,139.0,92.21333333333334,79.0629387654347
us,golden_cross_50_200,bull,equal_slot,0.08,0.25,0.25,14.50432020133887,1.1862931904183316,1.9038509576699942,1.1199216302045043,-12.95119212822981,49.5655861448546,115.0,92.63999999999999,79.0629387654347
us,golden_cross_50_200,bull,equal_slot,0.15,none,none,20.071324345599393,1.1508407901784719,1.687817410883505,0.8751236556087896,-22.93541514614475,72.2309730006638,48.0,94.89333333333333,79.0629387654347
us,golden_cross_50_200,bull,equal_slot,0.15,none,0.15,6.997604521443557,0.6187587378754017,0.8793684260693935,0.37539336177332544,-18.640725260530672,22.266144708619116,84.0,92.26666666666667,79.0629387654347
us,golden_cross_50_200,bull,equal_slot,0.15,none,0.25,14.485260780992192,1.0493566043416735,1.5393395891769133,0.7762276670329543,-18.661098278499303,49.491603563081846,53.0,95.45333333333333,79.0629387654347
us,golden_cross_50_200,bull,equal_slot,0.15,0.25,none,10.569558180918982,0.9440302925955955,1.3537712657204568,0.7339438924956888,-14.401043852246604,34.80146851217532,84.0,95.77333333333333,79.0629387654347
us,golden_cross_50_200,bull,equal_slot,0.15,0.25,0.15,6.3537149349051525,0.5554177378840622,0.8648462712800292,0.3364742101744542,-18.883215244374586,20.092217367894882,102.0,93.48,79.0629387654347
us,golden_cross_50_200,bull,equal_slot,0.15,0.25,0.25,9.799690358272905,0.8850256774444457,1.267188262752777,0.680484724497532,-14.401043852246604,32.03088591778109,86.0,95.78666666666666,79.0629387654347
us,golden_cross_50_200,bull,equal_slot,0.25,none,none,26.579208991771573,1.0781093238297856,1.6127674760549042,1.1309092922221209,-23.502511805828522,101.48547003251397,45.0,95.29333333333334,79.0629387654347
us,golden_cross_50_200,bull,equal_slot,0.25,none,0.15,7.259189208411421,0.6406618689305253,0.911256682341379,0.3940683272814729,-18.42114350698976,23.15672346041453,84.0,92.26666666666667,79.0629387654347
us,golden_cross_50_200,bull,equal_slot,0.25,none,0.25,8.713280719592763,0.6678835601202471,0.9401324915641608,0.49598027824259794,-17.567796748827284,28.185811124341352,55.0,96.38666666666667,79.0629387654347
us,golden_cross_50_200,bull,equal_slot,0.25,0.25,none,9.195011356844752,0.7602384614373431,1.093313113059243,0.498714870760716,-18.437411627247283,29.88147276688671,81.0,94.04,79.0629387654347
us,golden_cross_50_200,bull,equal_slot,0.25,0.25,0.15,6.678058209957816,0.5824676194646546,0.90812217498351,0.35859652263128666,-18.62276343606454,21.184044188797756,102.0,93.48,79.0629387654347
us,golden_cross_50_200,bull,equal_slot,0.25,0.25,0.25,4.7858290203148135,0.4331657620665829,0.5992830901016665,0.2313048483792534,-20.69056941023495,14.906263151384413,86.0,95.50666666666666,79.0629387654347
us,golden_cross_50_200,"bull,pullback",equal_slot,none,none,none,12.811526540097852,0.7091129893752014,1.0250827773876943,0.5185546826040365,-24.70622090569494,43.08897243626111,51.0,98.53333333333335,79.0629387654347
us,golden_cross_50_200,"bull,pullback",equal_slot,none,none,0.15,0.4765745095278717,0.10268617433500364,0.14605335871629918,0.02093091701591526,-22.76892642426982,1.4231524782772231,103.0,96.97333333333333,79.0629387654347
us,golden_cross_50_200,"bull,pullback",equal_slot,none,none,0.25,4.992165555247152,0.40793917829577264,0.5638496517423999,0.26413001119967067,-18.90041019031834,15.580079556120708,60.0,98.77333333333333,79.0629387654347
us,golden_cross_50_200,"bull,pullback",equal_slot,none,0.25,none,11.949352563110649,0.9411809482818044,1.3380383770542177,0.6775319245304512,-17.636589702237117,39.86306719143806,78.0,98.42666666666666,79.0629387654347
us,golden_cross_50_200,"bull,pullback",equal_slot,none,0.25,0.15,-2.8509641430832344,-0.17250531156697085,-0.23009843530942095,-0.12148355874708695,-23.467901109306265,-8.237673640514387,116.0,96.17333333333333,79.0629387654347
us,golden_cross_50_200,"bull,pullback",equal_slot,none,0.25,0.25,9.597739814739903,0.7878348950482911,1.140795214113792,0.529954830350762,-18.110486526535542,31.31042107537969,90.0,98.38666666666667,79.0629387654347
us,golden_cross_50_200,"bull,pullback",equal_slot,0.08,none,none,16.620060464486762,1.0693469878534467,1.5572456242269963,0.8451491321051036,-19.665239935926333,57.9301231143899,66.0,97.98666666666668,79.0629387654347
us,golden_cross_50_200,"bull,pullback",equal_slot,0.08,none,0.15,10.338492043708204,0.8872923570278413,1.2601046253458845,0.9481130534554281,-10.904281937717492,33.965901397350095,100.0,96.88000000000001,79.0629387654347
us,golden_cross_50_200,"bull,pullback",equal_slot,0.08,none,0.25,13.656553930951464,1.0118271193966795,1.5014792898513993,0.8255052338363309,-16.54326753022027,46.29826005986302,71.0,98.2,79.0629387654347
us,golden_cross_50_200,"bull,pullback",equal_slot,0.08,0.25,none,6.816572372732099,0.6232880157695385,0.8903759750091379,0.4674535952250604,-14.582350937851253,21.6523200226322,130.0,96.21333333333334,79.0629387654347
us,golden_cross_50_200,"bull,pullback",equal_slot,0.08,0.25,0.15,5.05508341419223,0.475351284033191,0.6604608976179563,0.35770791829547166,-14.131874514493306,15.786065660180038,140.0,95.92,79.0629387654347
us,golden_cross_50_200,"bull,pullback",equal_slot,0.08,0.25,0.25,6.816572372732099,0.6232880157695385,0.8903759750091379,0.4674535952250604,-14.582350937851253,21.6523200226322,130.0,96.21333333333334,79.0629387654347
us,golden_cross_50_200,"bull,pullback",equal_slot,0.15,none,none,16.760784491798297,0.9392859733412311,1.3710245167565593,0.6949781291754477,-24.11699561205476,58.49722085637576,60.0,98.37333333333333,79.0629387654347
us,golden_cross_50_200,"bull,pullback",equal_slot,0.15,none,0.15,0.07393553734096336,0.07344275650128651,0.10403485840556195,0.0031943366333207004,-23.145818937718857,0.21991310433082667,103.0,96.97333333333333,79.0629387654347
us,golden_cross_50_200,"bull,pullback",equal_slot,0.15,none,0.25,10.620906420026444,0.7683411563114831,1.108365614805698,0.5043795729701609,-21.05736827818516,34.98761924466363,63.0,98.41333333333333,79.0629387654347
us,golden_cross_50_200,"bull,pullback",equal_slot,0.15,0.25,none,9.536569024757636,0.8436475109971951,1.2129958369862737,0.6477945017518153,-14.721596121869077,31.092708302380334,89.0,98.36,79.0629387654347
us,golden_cross_50_200,"bull,pullback",equal_slot,0.15,0.25,0.15,-3.259443028594855,-0.20499125936813825,-0.2725116430733726,-0.136605729277466,-23.860222011438882,-9.379696588373887,116.0,96.17333333333333,79.0629387654347
us,golden_cross_50_200,"bull,pullback",equal_slot,0.15,0.25,0.25,8.752162892599745,0.7821614572139189,1.1234133741353953,0.5945118192448114,-14.721596121869077,28.32212570798611,91.0,98.37333333333333,79.0629387654347
us,golden_cross_50_200,"bull,pullback",equal_slot,0.25,none,none,15.069782760893236,0.858295025852261,1.2511065227470701,0.6263266819334783,-24.060579240170046,51.77159922234959,51.0,98.85333333333334,79.0629387654347
us,golden_cross_50_200,"bull,pullback",equal_slot,0.25,none,0.15,0.23459011433735188,0.08483380139101923,0.12052781397401091,0.01030308192692379,-22.76892642426982,0.6988681481216341,103.0,96.97333333333333,79.0629387654347
us,golden_cross_50_200,"bull,pullback",equal_slot,0.25,none,0.25,4.908449013531824,0.4017309297821703,0.5542930307558003,0.25685090791943604,-19.11010964801187,15.306378088225724,60.0,98.77333333333333,79.0629387654347
us,golden_cross_50_200,"bull,pullback",equal_slot,0.25,0.25,none,9.41617378106583,0.7673820514363481,1.096780198771629,0.49378736232323395,-19.069288725340012,30.664909854672295,87.0,98.02666666666667,79.0629387654347
us,golden_cross_50_200,"bull,pullback",equal_slot,0.25,0.25,0.15,-3.071096810899554,-0.19030063071119405,-0.2534738756750769,-0.13086371877038896,-23.467901109306265,-8.854298331209376,116.0,96.17333333333333,79.0629387654347
us,golden_cross_50_200,"bull,pullback",equal_slot,0.25,0.25,0.25,9.426921939538758,0.7706141092919395,1.1099469520846281,0.5091874935739197,-18.513655693647223,30.70306339612925,90.0,98.38666666666667,79.0629387654347
us,fifty_two_week_high,none,equal_slot,none,none,none,20.504479688879385,0.9189657664634617,1.3195526515383218,1.0296356012681467,-19.91430722055951,74.08425247567804,194.0,97.76,79.0629387654347
us,fifty_two_week_high,none,equal_slot,none,none,0.15,15.245104170150835,0.8474540556935372,1.2625054040620114,1.0723867375648537,-14.216050643044131,52.459930943272724,232.0,97.68,79.0629387654347
us,fifty_two_week_high,none,equal_slot,none,none,0.25,12.294530630105971,0.6058482453554369,0.8592388967841369,0.5080817418940358,-24.19793827716424,41.14872597996468,207.0,97.81333333333333,79.0629387654347
us,fifty_two_week_high,none,equal_slot,none,0.25,none,12.409252977764961,0.6809036640956124,0.9610570382818544,0.4848248902863315,-25.595329832253892,41.57775345669678,258.0,97.88,79.0629387654347
us,fifty_two_week_high,none,equal_slot,none,0.25,0.15,5.97476423461043,0.4139134816496062,0.5763143147668487,0.32006460730245057,-18.66736933198138,18.824859335658385,289.0,97.68,79.0629387654347
us,fifty_two_week_high,none,equal_slot,none,0.25,0.25,13.542099481638648,0.7669834698602708,1.085834305763569,0.6730177851035918,-20.121458572679813,45.86081119742309,256.0,97.78666666666666,79.0629387654347
us,fifty_two_week_high,none,equal_slot,0.08,none,none,13.034344142830555,0.6328881359532523,0.8937304229416897,0.5648604083164844,-23.07533675740922,43.93061764578783,231.0,97.61333333333333,79.0629387654347
us,fifty_two_week_high,none,equal_slot,0.08,none,0.15,6.765819281386176,0.44784156156046684,0.6397454609468417,0.36065442361025835,-18.75983999768617,21.480599566739468,260.0,97.65333333333332,79.0629387654347
us,fifty_two_week_high,none,equal_slot,0.08,none,0.25,12.317392579590836,0.6114323687952282,0.8681103160600537,0.6193692588711529,-19.886993749157345,41.234153949215965,239.0,97.73333333333333,79.0629387654347
us,fifty_two_week_high,none,equal_slot,0.08,0.25,none,5.067087149564675,0.3775416116542458,0.5190328788948139,0.2926261062881536,-17.315909417101132,15.825392210084477,293.0,97.58666666666667,79.0629387654347
us,fifty_two_week_high,none,equal_slot,0.08,0.25,0.15,7.568558495302824,0.5216715434008009,0.7242673976018348,0.5095748188925087,-14.852693293895591,24.215530284825793,306.0,97.61333333333333,79.0629387654347
us,fifty_two_week_high,none,equal_slot,0.08,0.25,0.25,5.067087149564675,0.3775416116542458,0.5190328788948139,0.2926261062881536,-17.315909417101132,15.825392210084477,293.0,97.58666666666667,79.0629387654347
us,fifty_two_week_high,none,equal_slot,0.15,none,none,24.16309922470723,1.0543280237482515,1.5245252262194555,1.2681154531578764,-19.054337019974,90.26842767260416,196.0,97.82666666666667,79.0629387654347
us,fifty_two_week_high,none,equal_slot,0.15,none,0.15,14.73937068757365,0.8188313592595153,1.21672426594412,1.012231970753908,-14.561257807926973,50.47997527153194,232.0,97.68,79.0629387654347
us,fifty_two_week_high,none,equal_slot,0.15,none,0.25,14.010731922767894,0.6737174371935868,0.9568737332236,0.593060778000557,-23.624445322456875,47.65745384383753,210.0,97.81333333333333,79.0629387654347
us,fifty_two_week_high,none,equal_slot,0.15,0.25,none,8.375308655083646,0.5034853119151866,0.6954539759925837,0.4181909103313118,-20.027476561956615,27.004981237789117,258.0,97.98666666666668,79.0629387654347
us,fifty_two_week_high,none,equal_slot,0.15,0.25,0.15,4.905932609199248,0.3542031586526921,0.4893957568784493,0.2491381038868227,-19.691618956158923,15.298157662819989,289.0,97.68,79.0629387654347
us,fifty_two_week_high,none,equal_slot,0.15,0.25,0.25,7.127210101043535,0.4415584252854591,0.6097745530691709,0.30100191473066606,-23.678288250826913,22.70685763099076,262.0,97.98666666666668,79.0629387654347
us,fifty_two_week_high,none,equal_slot,0.25,none,none,20.474804236606637,0.9165327970399287,1.3147543040583611,1.0253188745706934,-19.969206404377903,73.95686420260097,195.0,97.8,79.0629387654347
us,fifty_two_week_high,none,equal_slot,0.25,none,0.15,14.944769582919504,0.830083459289501,1.2348544047592234,1.0509808413333255,-14.219830652630966,51.28204484900494,232.0,97.68,79.0629387654347
us,fifty_two_week_high,none,equal_slot,0.25,none,0.25,12.294530630105971,0.6058482453554369,0.8592388967841369,0.5080817418940358,-24.19793827716424,41.14872597996468,207.0,97.81333333333333,79.0629387654347
us,fifty_two_week_high,none,equal_slot,0.25,0.25,none,13.237254519792074,0.7242582685241309,1.0257148327245398,0.5236314451285065,-25.279716569625542,44.699919634515474,257.0,97.88,79.0629387654347
us,fifty_two_week_high,none,equal_slot,0.25,0.25,0.15,5.697103613270005,0.39804529039372644,0.5535874872535875,0.30406933892867327,-18.73619889904913,17.901910033440792,289.0,97.68,79.0629387654347
us,fifty_two_week_high,none,equal_slot,0.25,0.25,0.25,13.542099481638648,0.7669834698602708,1.085834305763569,0.6730177851035918,-20.121458572679813,45.86081119742309,256.0,97.78666666666666,79.0629387654347
us,fifty_two_week_high,none,inverse_vol,0.15,none,none,24.23535912441357,1.057821009303032,1.5299740633274437,1.2726474453865038,-19.043262305102317,90.59773548214154,196.0,97.82666666666667,79.0629387654347
us,fifty_two_week_high,bull,equal_slot,none,none,none,10.131190732030237,0.4986465084190564,0.7047379429320223,0.45336840279038376,-22.346486146089948,33.21920219347285,188.0,90.01333333333334,79.0629387654347
us,fifty_two_week_high,bull,equal_slot,none,none,0.15,12.108083885764476,0.7065031510294659,1.0447473544321975,0.6942977916661883,-17.43932363187744,40.45331237992984,212.0,90.05333333333333,79.0629387654347
us,fifty_two_week_high,bull,equal_slot,none,none,0.25,4.342698130568889,0.2968563778740398,0.41854093411508175,0.17393220079127067,-24.96776393797486,13.467987704061857,200.0,90.21333333333332,79.0629387654347
us,fifty_two_week_high,bull,equal_slot,none,0.25,none,17.355946171177617,0.9509708701053269,1.387706819579797,0.6951967951064948,-24.96551522295053,60.910580112323245,235.0,89.74666666666667,79.0629387654347
us,fifty_two_week_high,bull,equal_slot,none,0.25,0.15,9.941648142027715,0.6443924305326156,0.9336074183561243,0.5322701497193827,-18.67782393446079,32.538891495241316,267.0,89.85333333333332,79.0629387654347
us,fifty_two_week_high,bull,equal_slot,none,0.25,0.25,10.527439042385067,0.6226643942505955,0.8869523015990952,0.41637422967234455,-25.28359896497287,34.64890289932343,240.0,89.77333333333334,79.0629387654347
us,fifty_two_week_high,bull,equal_slot,0.08,none,none,12.491259290069468,0.6143220627807899,0.8683054326767495,0.5634783537108207,-22.16812626041005,41.88496243792894,215.0,89.89333333333333,79.0629387654347
us,fifty_two_week_high,bull,equal_slot,0.08,none,0.15,12.309498015699338,0.73561519488323,1.0798002572975105,0.7680606924671632,-16.026725669502483,41.20465055117521,233.0,89.78666666666668,79.0629387654347
us,fifty_two_week_high,bull,equal_slot,0.08,none,0.25,13.759135754587781,0.648912253606105,0.9364569184476992,0.6559503271657925,-20.975880618945308,46.6910703380445,217.0,90.09333333333333,79.0629387654347
us,fifty_two_week_high,bull,equal_slot,0.08,0.25,none,6.935587582517688,0.4808462896257279,0.6768433080149837,0.3549960835869646,-19.537081965634286,22.055633358394132,272.0,89.84,79.0629387654347
us,fifty_two_week_high,bull,equal_slot,0.08,0.25,0.15,9.128309514679888,0.6092227255042931,0.8656062406572389,0.4919583937168036,-18.55504374204175,29.645804080761362,286.0,89.77333333333334,79.0629387654347
us,fifty_two_week_high,bull,equal_slot,0.08,0.25,0.25,5.1141435460662965,0.37761134776738026,0.5264811698741916,0.2617659871142513,-19.537081965634286,15.979643506327168,274.0,89.76,79.0629387654347
us,fifty_two_week_high,bull,equal_slot,0.15,none,none,11.818628751824312,0.5665665491883056,0.8072406404599454,0.5396235997006189,-21.901615789934397,39.378206186798614,192.0,90.18666666666665,79.0629387654347
us,fifty_two_week_high,bull,equal_slot,0.15,none,0.15,11.399198038485036,0.6679267764252592,0.9850065842647808,0.6297548982519182,-18.101007344487638,37.83004994891272,212.0,90.05333333333333,79.0629387654347
us,fifty_two_week_high,bull,equal_slot,0.15,none,0.25,7.499885940465978,0.42211822835525165,0.6003428356703655,0.3309396769983015,-22.662395783097562,23.979981105623892,199.0,90.12,79.0629387654347
us,fifty_two_week_high,bull,equal_slot,0.15,0.25,none,11.922213947292871,0.6762736820682659,0.9498407695937571,0.6215171259792868,-19.182438341514345,39.76231683096552,242.0,91.08000000000001,79.0629387654347
us,fifty_two_week_high,bull,equal_slot,0.15,0.25,0.15,8.884644384512352,0.578479377522118,0.8313204264135865,0.45025829309108606,-19.732328134409315,28.78730645295886,267.0,89.85333333333332,79.0629387654347
us,fifty_two_week_high,bull,equal_slot,0.15,0.25,0.25,9.297701526393865,0.5526083251891223,0.7727532594050078,0.3885200368354701,-23.931073419338837,30.24484960467788,244.0,90.17333333333333,79.0629387654347
us,fifty_two_week_high,bull,equal_slot,0.25,none,none,10.476513511059537,0.5104459769802199,0.721328856003483,0.47037500688030454,-22.27268319493318,34.464591489904926,188.0,90.01333333333334,79.0629387654347
us,fifty_two_week_high,bull,equal_slot,0.25,none,0.15,11.86260417179319,0.6925745440070894,1.0231601716186551,0.667260263633047,-17.77807673905921,39.54118846901395,212.0,90.05333333333333,79.0629387654347
us,fifty_two_week_high,bull,equal_slot,0.25,none,0.25,4.342698130568889,0.2968563778740398,0.41854093411508175,0.17393220079127067,-24.96776393797486,13.467987704061857,200.0,90.21333333333332,79.0629387654347
us,fifty_two_week_high,bull,equal_slot,0.25,0.25,none,15.18157944842391,0.8358992929927288,1.2000397058968797,0.5884378777086997,-25.799799814959222,52.2102869069631,234.0,89.72,79.0629387654347
us,fifty_two_week_high,bull,equal_slot,0.25,0.25,0.15,9.651160063754682,0.62613089977302,0.9058549354076862,0.5147791623444778,-18.748156043846155,31.500745054120106,267.0,89.85333333333332,79.0629387654347
us,fifty_two_week_high,bull,equal_slot,0.25,0.25,0.25,10.183413920607375,0.6028190393945403,0.8573767966465154,0.40045619325554327,-25.42953284807617,33.40704917348347,240.0,89.77333333333334,79.0629387654347
us,fifty_two_week_high,bull,atr_risk,none,0.25,none,17.0346090635215,0.9679240539057207,1.4180355767489927,0.7093028353262555,-24.015988961451352,59.60456418732787,235.0,89.74666666666667,79.0629387654347
us,fifty_two_week_high,"bull,pullback",equal_slot,none,none,none,22.974380943484853,1.024232741501077,1.4624206597263802,1.325385979317154,-17.334105914807832,84.90518251110903,189.0,96.53333333333333,79.0629387654347
us,fifty_two_week_high,"bull,pullback",equal_slot,none,none,0.15,17.65615717082911,1.0158192376643578,1.5198900850588004,1.3716724579194501,-12.87199219382879,62.137122196369866,220.0,96.44,79.0629387654347
us,fifty_two_week_high,"bull,pullback",equal_slot,none,none,0.25,12.938554683917403,0.6399815835972749,0.9082871639217938,0.5886124517155118,-21.981449162701143,43.56839233823098,199.0,96.57333333333334,79.0629387654347
us,fifty_two_week_high,"bull,pullback",equal_slot,none,0.25,none,10.040386041792404,0.5684681056263696,0.7965958754524508,0.418990536652368,-23.963276407177677,32.892995480433186,253.0,96.86666666666667,79.0629387654347
us,fifty_two_week_high,"bull,pullback",equal_slot,none,0.25,0.15,8.246578569261388,0.5513788842399251,0.7709906599562909,0.5166827656231481,-15.960622490118393,26.557120549620183,276.0,96.45333333333333,79.0629387654347
us,fifty_two_week_high,"bull,pullback",equal_slot,none,0.25,0.25,11.893979233015939,0.689709083351482,0.9701302379823755,0.6773650674409444,-17.559186035310137,39.65754840231941,247.0,96.56,79.0629387654347
us,fifty_two_week_high,"bull,pullback",equal_slot,0.08,none,none,19.350793011607692,0.8782766502127062,1.2503451132181667,0.8700022604692124,-22.24223302726979,69.17722249108186,220.0,96.38666666666667,79.0629387654347
us,fifty_two_week_high,"bull,pullback",equal_slot,0.08,none,0.15,15.174434559949779,0.9028008691290075,1.3094707238648353,0.9545027672800412,-15.897737628557085,52.18222539029544,239.0,96.42666666666668,79.0629387654347
us,fifty_two_week_high,"bull,pullback",equal_slot,0.08,none,0.25,14.341328924995022,0.7281463530638748,1.0261731841441728,0.8396526771485832,-17.080072886443272,48.93369003071339,230.0,96.50666666666666,79.0629387654347
us,fifty_two_week_high,"bull,pullback",equal_slot,0.08,0.25,none,3.735601600861016,0.301338685578553,0.4093621058762357,0.2285339426407694,-16.34593775303206,11.516992914392254,287.0,96.35999999999999,79.0629387654347
us,fifty_two_week_high,"bull,pullback",equal_slot,0.08,0.25,0.15,8.80393934477459,0.6040952319573225,0.8454549920370205,0.7031771522338263,-12.520229527945517,28.503794816550187,298.0,96.37333333333335,79.0629387654347
us,fifty_two_week_high,"bull,pullback",equal_slot,0.08,0.25,0.25,3.735601600861016,0.301338685578553,0.4093621058762357,0.2285339426407694,-16.34593775303206,11.516992914392254,287.0,96.35999999999999,79.0629387654347
us,fifty_two_week_high,"bull,pullback",equal_slot,0.15,none,none,25.84411208181827,1.1271087124154697,1.640689458362029,1.4714879904756226,-17.56325043024292,98.02752812034166,191.0,96.61333333333333,79.0629387654347
us,fifty_two_week_high,"bull,pullback",equal_slot,0.15,none,0.15,17.178345065156964,0.9869319136680484,1.4730824530337079,1.3278919464263803,-12.936553393058286,60.18787992793724,220.0,96.44,79.0629387654347
us,fifty_two_week_high,"bull,pullback",equal_slot,0.15,none,0.25,18.74184682340434,0.8418781687192298,1.2223235443017701,0.8889763753077281,-21.082502689586843,66.62458097257134,201.0,96.57333333333334,79.0629387654347
us,fifty_two_week_high,"bull,pullback",equal_slot,0.15,0.25,none,2.083173355965462,0.2036357532314183,0.27445461220127393,0.11370090284780522,-18.32151991575565,6.319704150695915,251.0,96.97333333333333,79.0629387654347
us,fifty_two_week_high,"bull,pullback",equal_slot,0.15,0.25,0.15,7.008385047453269,0.477419343417279,0.6617634835996711,0.41011032616796517,-17.089023612107024,22.302762870557835,276.0,96.45333333333333,79.0629387654347
us,fifty_two_week_high,"bull,pullback",equal_slot,0.15,0.25,0.25,0.276052090477763,0.11833769001575567,0.15921953586616205,0.01258064496151452,-21.94260241205714,0.8227236726339182,255.0,96.97333333333333,79.0629387654347
us,fifty_two_week_high,"bull,pullback",equal_slot,0.25,none,none,22.570866497768915,1.0046218322694267,1.432719113753209,1.2943210154271332,-17.43838369982767,83.10768304474531,190.0,96.57333333333334,79.0629387654347
us,fifty_two_week_high,"bull,pullback",equal_slot,0.25,none,0.15,17.458896108135423,1.0039587025570875,1.5008339520287912,1.3094945115207155,-13.332546226452232,61.3304961858397,220.0,96.44,79.0629387654347
us,fifty_two_week_high,"bull,pullback",equal_slot,0.25,none,0.25,12.938554683917403,0.6399815835972749,0.9082871639217938,0.5886124517155118,-21.981449162701143,43.56839233823098,199.0,96.57333333333334,79.0629387654347
us,fifty_two_week_high,"bull,pullback",equal_slot,0.25,0.25,none,10.98895932764834,0.6167370966290056,0.8675272429215789,0.46496809570459563,-23.63379214437514,36.326902225720545,252.0,96.86666666666667,79.0629387654347
us,fifty_two_week_high,"bull,pullback",equal_slot,0.25,0.25,0.15,7.986824606727461,0.5356065325474832,0.7483343634925642,0.49733974331124686,-16.059091826347604,25.65661215038424,276.0,96.45333333333333,79.0629387654347
us,fifty_two_week_high,"bull,pullback",equal_slot,0.25,0.25,0.25,11.893979233015939,0.689709083351482,0.9701302379823755,0.6773650674409444,-17.559186035310137,39.65754840231941,247.0,96.56,79.0629387654347
us,fifty_two_week_high,"bull,pullback",inverse_vol,0.15,none,none,25.906844010599862,1.13033404407997,1.645770179124579,1.4768782566316203,-17.541624635795447,98.3210740410419,191.0,96.61333333333333,79.0629387654347
us,bll_trading_range_break,none,equal_slot,none,none,none,35.32980025416559,1.2711528545044481,1.8622537473057523,0.8707450819165354,-40.57421740057798,145.7709253305064,31.0,99.60000000000001,79.0629387654347
us,bll_trading_range_break,none,equal_slot,none,none,0.15,8.992026149845579,0.7088896497776853,0.98596474281532,0.5919074847231465,-15.1916074419154,29.16517480585017,97.0,99.45333333333333,79.0629387654347
us,bll_trading_range_break,none,equal_slot,none,none,0.25,9.632274935872642,0.6898090729294115,0.9832961366287563,0.41311728164752437,-23.316078420778805,31.43344081354904,46.0,99.82666666666667,79.0629387654347
us,bll_trading_range_break,none,equal_slot,none,0.25,none,9.460917031776738,0.6339926668877345,0.8905480835066616,0.4973489531576716,-19.02269417017834,30.823786981028988,60.0,99.70666666666666,79.0629387654347
us,bll_trading_range_break,none,equal_slot,none,0.25,0.15,10.015768528135949,0.824830006258537,1.1696608508515667,0.7035420728585885,-14.236204080077968,32.804650955810466,145.0,99.36,79.0629387654347
us,bll_trading_range_break,none,equal_slot,none,0.25,0.25,12.82563989100427,0.980476829731647,1.393952215711968,0.8700447816758171,-14.7413560326176,43.14218542872324,76.0,99.83999999999999,79.0629387654347
us,bll_trading_range_break,none,equal_slot,0.08,none,none,23.247685257616133,1.3044454426539245,1.834120269630856,1.0866767401495985,-21.393377072206146,86.12927332053029,48.0,99.46666666666667,79.0629387654347
us,bll_trading_range_break,none,equal_slot,0.08,none,0.15,10.732289383792315,0.8409166029760605,1.1659129313863872,0.8928570154194733,-12.020165825487943,35.39199760902274,109.0,99.36,79.0629387654347
us,bll_trading_range_break,none,equal_slot,0.08,none,0.25,19.099188440692274,1.3837505417112446,1.9664489972452996,1.4429143123967911,-13.236536831467877,68.11939892251964,57.0,99.48,79.0629387654347
us,bll_trading_range_break,none,equal_slot,0.08,0.25,none,14.891917062547556,1.2438879684513746,1.8252933604960118,1.2253111199916893,-12.153580278165238,51.07538875456896,136.0,99.70666666666666,79.0629387654347
us,bll_trading_range_break,none,equal_slot,0.08,0.25,0.15,16.635874522039053,1.3076807243228394,1.9103633973899368,1.5925270060950372,-10.446211874818449,57.99378424920805,170.0,99.57333333333332,79.0629387654347
us,bll_trading_range_break,none,equal_slot,0.08,0.25,0.25,14.974370859770536,1.2223948529171236,1.7853774796387831,1.2320954415937044,-12.153580278165238,51.39786928065138,145.0,99.70666666666666,79.0629387654347
us,bll_trading_range_break,none,equal_slot,0.15,none,none,43.29005967414161,1.4647583506574893,2.1741787502063366,1.1717350316258799,-36.945263652374585,191.2787857733787,35.0,99.49333333333334,79.0629387654347
us,bll_trading_range_break,none,equal_slot,0.15,none,0.15,8.683159261894602,0.6841224667193563,0.9491011686117732,0.5581699157315211,-15.556480235081658,28.08027626133245,97.0,99.45333333333333,79.0629387654347
us,bll_trading_range_break,none,equal_slot,0.15,none,0.25,13.009239352256262,0.9474294528635071,1.363335634416978,0.8245278646673803,-15.777804377180477,43.835625974251194,50.0,99.82666666666667,79.0629387654347
us,bll_trading_range_break,none,equal_slot,0.15,0.25,none,15.3997518271211,1.111027826439395,1.5755568497026202,1.106342966208232,-13.919509860401295,53.06881192835158,95.0,99.73333333333333,79.0629387654347
us,bll_trading_range_break,none,equal_slot,0.15,0.25,0.15,9.729290093199715,0.8008431176841893,1.1336827916434022,0.6788937979197481,-14.33109290880547,31.77943375558636,145.0,99.36,79.0629387654347
us,bll_trading_range_break,none,equal_slot,0.15,0.25,0.25,11.142220813364489,0.8575327962287318,1.2175096786669972,0.778661217158163,-14.309459066202937,36.88718508049193,93.0,99.78666666666666,79.0629387654347
us,bll_trading_range_break,none,equal_slot,0.25,none,none,35.5131679878866,1.2847081240707905,1.8803166543393406,0.8845360942882247,-40.148918983869855,146.76203430357813,31.0,99.49333333333334,79.0629387654347
us,bll_trading_range_break,none,equal_slot,0.25,none,0.15,8.992026149845579,0.7088896497776853,0.98596474281532,0.5919074847231465,-15.1916074419154,29.16517480585017,97.0,99.45333333333333,79.0629387654347
us,bll_trading_range_break,none,equal_slot,0.25,none,0.25,9.602534113672556,0.68764159305334,0.9799292521375637,0.41053897859684135,-23.390066751986698,31.327494581574467,46.0,99.82666666666667,79.0629387654347
us,bll_trading_range_break,none,equal_slot,0.25,0.25,none,10.091889058430592,0.7630426174332701,1.0584206434246004,0.5497984547731578,-18.3556155365959,33.07794974810356,70.0,99.77333333333334,79.0629387654347
us,bll_trading_range_break,none,equal_slot,0.25,0.25,0.15,10.001167498151364,0.8234982019130941,1.1676644052837015,0.7022593447662067,-14.241416041933785,32.75227086122741,145.0,99.36,79.0629387654347
us,bll_trading_range_break,none,equal_slot,0.25,0.25,0.25,12.797536994919323,0.9779561689698034,1.3898387416899831,0.86356268386807,-14.819465030143029,43.03623919674862,76.0,99.83999999999999,79.0629387654347
us,bll_trading_range_break,none,atr_risk,0.15,none,none,42.80921049923121,1.4658254835698703,2.176225853295467,1.1587198538365209,-36.945263652374585,188.38314304704718,35.0,99.49333333333334,79.0629387654347
us,bll_trading_range_break,bull,equal_slot,none,none,none,37.762771686172016,1.2732944010000689,1.8597213954242284,0.9323057693755453,-40.50470663875154,159.13784416348346,31.0,95.32000000000001,79.0629387654347
us,bll_trading_range_break,bull,equal_slot,none,none,0.15,14.216826455496733,0.9461611009632526,1.372482970615384,0.7787475319164626,-18.256014783776926,48.45220526520748,105.0,94.21333333333332,79.0629387654347
us,bll_trading_range_break,bull,equal_slot,none,none,0.25,16.183341276948493,0.9560075980198269,1.4045039936839392,0.8067130477770846,-20.060839875519605,56.1787830303121,46.0,95.09333333333333,79.0629387654347
us,bll_trading_range_break,bull,equal_slot,none,0.25,none,14.69274728375376,0.8302322481065061,1.210797243026626,0.7906428873428547,-18.583291545355284,50.29830767591796,69.0,95.98666666666666,79.0629387654347
us,bll_trading_range_break,bull,equal_slot,none,0.25,0.15,17.188715497180706,1.3473059689934168,1.9239245647003278,1.3507352876675545,-12.725450837123036,60.23002029563522,144.0,93.30666666666667,79.0629387654347
us,bll_trading_range_break,bull,equal_slot,none,0.25,0.25,18.952669978480575,1.352637558761743,1.9791392629693436,1.5016175402407397,-12.621502793209299,67.50541685415624,91.0,95.58666666666667,79.0629387654347
us,bll_trading_range_break,bull,equal_slot,0.08,none,none,19.743737438494957,1.0466857816959698,1.4822252335912836,0.9793294646424433,-20.160465044011993,70.83810226958592,48.0,94.67999999999999,79.0629387654347
us,bll_trading_range_break,bull,equal_slot,0.08,none,0.15,18.44124487267362,1.2519187555652354,1.8395360684172537,1.5132601236613872,-12.186434165762837,65.37396576141117,115.0,93.94666666666666,79.0629387654347
us,bll_trading_range_break,bull,equal_slot,0.08,none,0.25,20.873400854728953,1.410432531961088,2.065767013801435,1.57106739238576,-13.28612697067784,75.67309765425823,59.0,95.62666666666667,79.0629387654347
us,bll_trading_range_break,bull,equal_slot,0.08,0.25,none,18.19139695651102,1.373014554309921,2.0226835331087956,1.6312992495609042,-11.15147754859054,64.33925859191294,156.0,95.87999999999998,79.0629387654347
us,bll_trading_range_break,bull,equal_slot,0.08,0.25,0.15,19.54146574455018,1.4607558820964532,2.1626014704518925,1.9373198742134945,-10.086855559918078,69.98180474617106,183.0,92.90666666666667,79.0629387654347
us,bll_trading_range_break,bull,equal_slot,0.08,0.25,0.25,19.12671013132734,1.4424585840766264,2.1493452140890716,1.7151727246892774,-11.15147754859054,68.23489423868716,159.0,95.64,79.0629387654347
us,bll_trading_range_break,bull,equal_slot,0.15,none,none,39.35885096930769,1.3495075935257752,1.9569677640749308,1.0177977711860096,-38.67060047050799,168.16366525105494,34.0,94.16,79.0629387654347
us,bll_trading_range_break,bull,equal_slot,0.15,none,0.15,13.892957584656141,0.9218545630606612,1.333556305702427,0.7413075411140825,-18.741152374865834,47.204557188436056,105.0,94.21333333333332,79.0629387654347
us,bll_trading_range_break,bull,equal_slot,0.15,none,0.25,20.16016425674685,1.1757470837678319,1.6852112341624788,1.1507099549130186,-17.51976175288302,72.61000700668217,47.0,96.28,79.0629387654347
us,bll_trading_range_break,bull,equal_slot,0.15,0.25,none,21.792181645634546,1.6285131919389737,2.4086651459444055,2.1071633359803235,-10.341951795348644,79.6717976574627,93.0,94.96,79.0629387654347
us,bll_trading_range_break,bull,equal_slot,0.15,0.25,0.15,16.696147640465497,1.302167859173891,1.8531475808183417,1.3011113549640585,-12.832220375885282,58.23657608617139,144.0,93.30666666666667,79.0629387654347
us,bll_trading_range_break,bull,equal_slot,0.15,0.25,0.25,20.985869085386888,1.6252868600308925,2.411728079105099,2.1279723250894556,-9.86190884061647,76.15937504483617,92.0,94.82666666666667,79.0629387654347
us,bll_trading_range_break,bull,equal_slot,0.25,none,none,37.13018362348428,1.2553527094229282,1.8360341735418402,0.9216653898361356,-40.28596932568524,155.61711037200507,34.0,95.06666666666665,79.0629387654347
us,bll_trading_range_break,bull,equal_slot,0.25,none,0.15,14.216826455496733,0.9461611009632526,1.372482970615384,0.7787475319164626,-18.256014783776926,48.45220526520748,105.0,94.21333333333332,79.0629387654347
us,bll_trading_range_break,bull,equal_slot,0.25,none,0.25,16.15681820420287,0.954137384434516,1.401401288015996,0.8024313909370488,-20.134828206727498,56.07283679833752,46.0,95.09333333333333,79.0629387654347
us,bll_trading_range_break,bull,equal_slot,0.25,0.25,none,14.28301944489203,0.9141047138979933,1.3094603756482905,0.7558455896999227,-18.896742455773957,48.70806267949179,80.0,96.61333333333333,79.0629387654347
us,bll_trading_range_break,bull,equal_slot,0.25,0.25,0.15,17.175824870922597,1.3459793120574077,1.9218898985665311,1.349224440693123,-12.730146558936509,60.17764020105212,144.0,93.30666666666667,79.0629387654347
us,bll_trading_range_break,bull,equal_slot,0.25,0.25,0.25,18.89663049244308,1.347613386780573,1.9704312744686205,1.4879691445552299,-12.699611790734739,67.27097869200125,91.0,95.58666666666667,79.0629387654347
us,bll_trading_range_break,"bull,pullback",equal_slot,none,none,none,34.338895460316095,1.2406390133907583,1.8191397581155568,0.8463230509487767,-40.57421740057798,140.46072888420343,32.0,99.38666666666667,79.0629387654347
us,bll_trading_range_break,"bull,pullback",equal_slot,none,none,0.15,8.228750819175556,0.6560647613707957,0.9085529453542917,0.5420258012657252,-15.18147438730773,26.495179339423068,97.0,99.02666666666666,79.0629387654347
us,bll_trading_range_break,"bull,pullback",equal_slot,none,none,0.25,10.10474742060621,0.7375433716290056,1.0507463055541104,0.45832046820577915,-22.04734049989957,33.124152487636024,44.0,99.66666666666667,79.0629387654347
us,bll_trading_range_break,"bull,pullback",equal_slot,none,0.25,none,9.451834556501847,0.626309190359899,0.8750859232127226,0.49687149842945916,-19.02269417017834,30.79152599774526,60.0,99.48,79.0629387654347
us,bll_trading_range_break,"bull,pullback",equal_slot,none,0.25,0.15,12.321531265320207,1.023801586521321,1.471918639824386,0.9615467817515182,-12.81428163367752,41.24962259258456,140.0,98.57333333333334,79.0629387654347
us,bll_trading_range_break,"bull,pullback",equal_slot,none,0.25,0.25,12.82563989100427,0.980476829731647,1.393952215711968,0.8700447816758171,-14.7413560326176,43.14218542872324,76.0,99.83999999999999,79.0629387654347
us,bll_trading_range_break,"bull,pullback",equal_slot,0.08,none,none,22.801946210225733,1.2442143838826831,1.750723327513001,1.0658413645150757,-21.393377072206146,84.13562724774796,49.0,99.03999999999999,79.0629387654347
us,bll_trading_range_break,"bull,pullback",equal_slot,0.08,none,0.15,14.37600124366043,1.058513475539989,1.5064117644010782,1.2223725137874601,-11.760736667022321,49.0679614978937,103.0,98.72,79.0629387654347
us,bll_trading_range_break,"bull,pullback",equal_slot,0.08,none,0.25,20.466246348012398,1.3433414374819128,1.9546339952766019,1.5461934347779678,-13.236536831467877,73.92013911632638,64.0,99.05333333333333,79.0629387654347
us,bll_trading_range_break,"bull,pullback",equal_slot,0.08,0.25,none,17.200620943430778,1.388655437817109,2.0488882055111923,1.415271923972305,-12.153580278165238,60.278407280034976,146.0,99.49333333333334,79.0629387654347
us,bll_trading_range_break,"bull,pullback",equal_slot,0.08,0.25,0.15,17.15766323887231,1.365925910278184,1.9944192992819387,1.642477047611147,-10.446211874818449,60.10386105211683,164.0,99.21333333333334,79.0629387654347
us,bll_trading_range_break,"bull,pullback",equal_slot,0.08,0.25,0.25,16.319157793788563,1.314202285483082,1.936303796204456,1.3427448883607638,-12.153580278165238,56.72204908690765,147.0,99.49333333333334,79.0629387654347
us,bll_trading_range_break,"bull,pullback",equal_slot,0.15,none,none,44.08019959661998,1.4618885108876507,2.1635435004279184,1.1931218034165199,-36.945263652374585,196.07874368431837,36.0,99.28000000000002,79.0629387654347
us,bll_trading_range_break,"bull,pullback",equal_slot,0.15,none,0.15,7.93020556731332,0.6323081836890877,0.8734745420266997,0.5101019109739849,-15.546316131557795,25.460892791070755,97.0,99.02666666666666,79.0629387654347
us,bll_trading_range_break,"bull,pullback",equal_slot,0.15,none,0.25,13.009239352256262,0.9474294528635071,1.363335634416978,0.8245278646673803,-15.777804377180477,43.835625974251194,50.0,99.82666666666667,79.0629387654347
us,bll_trading_range_break,"bull,pullback",equal_slot,0.15,0.25,none,15.3997518271211,1.111027826439395,1.5755568497026202,1.106342966208232,-13.919509860401295,53.06881192835158,95.0,99.73333333333333,79.0629387654347
us,bll_trading_range_break,"bull,pullback",equal_slot,0.15,0.25,0.15,12.100626424415983,1.0040342074923765,1.4414083268912412,0.9376008127069067,-12.905947030358037,40.42554474725668,140.0,98.57333333333334,79.0629387654347
us,bll_trading_range_break,"bull,pullback",equal_slot,0.15,0.25,0.25,11.142220813364489,0.8575327962287318,1.2175096786669972,0.778661217158163,-14.309459066202937,36.88718508049193,93.0,99.78666666666666,79.0629387654347
us,bll_trading_range_break,"bull,pullback",equal_slot,0.25,none,none,33.526666041260555,1.2264957844846376,1.7957868448276835,0.8350577522331338,-40.148918983869855,136.16526170853493,34.0,99.28000000000002,79.0629387654347
us,bll_trading_range_break,"bull,pullback",equal_slot,0.25,none,0.15,8.228750819175556,0.6560647613707957,0.9085529453542917,0.5420258012657252,-15.18147438730773,26.495179339423068,97.0,99.02666666666666,79.0629387654347
us,bll_trading_range_break,"bull,pullback",equal_slot,0.25,none,0.25,10.075257871306809,0.7353141739797819,1.0472536574673608,0.455454459731134,-22.121328831107466,33.01820625566143,44.0,99.66666666666667,79.0629387654347
us,bll_trading_range_break,"bull,pullback",equal_slot,0.25,0.25,none,7.781412410187638,0.623097904689761,0.8600041242396359,0.42392544094605306,-18.3556155365959,24.94751265288826,67.0,99.54666666666667,79.0629387654347
us,bll_trading_range_break,"bull,pullback",equal_slot,0.25,0.25,0.15,12.307515585708217,1.0224187220823375,1.46978016293078,0.9601015280680771,-12.818973020981941,41.19724249800149,140.0,98.57333333333334,79.0629387654347
us,bll_trading_range_break,"bull,pullback",equal_slot,0.25,0.25,0.25,12.797536994919323,0.9779561689698034,1.3898387416899831,0.86356268386807,-14.819465030143029,43.03623919674862,76.0,99.83999999999999,79.0629387654347
us,keltner_breakout,none,equal_slot,none,none,none,11.364716953596599,0.6883785735122514,0.9683291344833145,0.46576477969086766,-24.400120939027346,37.703287248625614,140.0,99.10666666666665,79.0629387654347
us,keltner_breakout,none,equal_slot,none,none,0.15,8.156905139042303,0.6332479611032803,0.8924475047524066,0.4838408813223552,-16.858652201420384,26.245760680137398,171.0,99.01333333333334,79.0629387654347
us,keltner_breakout,none,equal_slot,none,none,0.25,7.410844635793845,0.4815009404424993,0.6673558430972418,0.31986979887887124,-23.168316176670977,23.675007974975372,144.0,99.17333333333333,79.0629387654347
us,keltner_breakout,none,equal_slot,none,0.25,none,6.104228366027842,0.4539534180112509,0.6127238729564799,0.2630015537780941,-23.209856665631133,19.25683439001038,167.0,99.13333333333334,79.0629387654347
us,keltner_breakout,none,equal_slot,none,0.25,0.15,2.2780177682143687,0.2315905617892636,0.31209980659894887,0.10441533821542119,-21.816888276649056,6.9239949526805455,192.0,98.94666666666666,79.0629387654347
us,keltner_breakout,none,equal_slot,none,0.25,0.25,7.514622248444436,0.5353496306647202,0.7364581702247129,0.32247285326852876,-23.303115819758258,24.03050214007736,170.0,99.14666666666668,79.0629387654347
us,keltner_breakout,none,equal_slot,0.08,none,none,11.360519538488179,0.658904087156372,0.9278376764310701,0.48789609236589243,-23.284711060912695,37.687861588902784,171.0,98.98666666666666,79.0629387654347
us,keltner_breakout,none,equal_slot,0.08,none,0.15,5.839140479434413,0.4589234065583276,0.6285996824586685,0.2751846893893413,-21.21898748215961,18.373446718268017,199.0,98.82666666666667,79.0629387654347
us,keltner_breakout,none,equal_slot,0.08,none,0.25,14.273917764185317,0.8152516696930746,1.1781216072344265,0.5709763164393757,-24.99914156369544,48.67286438872571,176.0,98.96000000000001,79.0629387654347
us,keltner_breakout,none,equal_slot,0.08,0.25,none,9.949756437140312,0.7489418362635714,1.026007406794732,0.4697260309767133,-21.182041830748723,32.567946670479905,203.0,98.96000000000001,79.0629387654347
us,keltner_breakout,none,equal_slot,0.08,0.25,0.15,0.5069784199942973,0.10622962257473953,0.14187095332936778,0.021148282216373094,-23.972557903629276,1.5143982168983827,226.0,98.86666666666667,79.0629387654347
us,keltner_breakout,none,equal_slot,0.08,0.25,0.25,9.949756437140312,0.7489418362635714,1.026007406794732,0.4697260309767133,-21.182041830748723,32.567946670479905,203.0,98.96000000000001,79.0629387654347
us,keltner_breakout,none,equal_slot,0.15,none,none,13.87199171692397,0.8565547816985793,1.2383857178003612,0.6379487060300272,-21.74468195609294,47.1240305325459,137.0,99.16,79.0629387654347
us,keltner_breakout,none,equal_slot,0.15,none,0.15,7.535042746520859,0.5846072636794786,0.8176496502936024,0.41405981988787033,-18.19795687628273,24.100533073431208,171.0,99.01333333333334,79.0629387654347
us,keltner_breakout,none,equal_slot,0.15,none,0.25,8.86582838486123,0.5867185751000635,0.8437000507532616,0.3854179717739294,-23.003152510131432,28.721169986525254,147.0,99.16,79.0629387654347
us,keltner_breakout,none,equal_slot,0.15,0.25,none,6.508661095811585,0.4811779627117204,0.6506192480484375,0.2781068340054686,-23.403456154132485,20.612989908142954,174.0,99.09333333333332,79.0629387654347
us,keltner_breakout,none,equal_slot,0.15,0.25,0.15,1.6309519605187006,0.18551985003637286,0.2486080629428338,0.07194339688069443,-22.66993263083407,4.925926853722573,192.0,98.94666666666666,79.0629387654347
us,keltner_breakout,none,equal_slot,0.15,0.25,0.25,6.535151937123218,0.48439905950575135,0.6568368862381686,0.279238754057668,-23.403456154132485,20.702175089382212,175.0,99.09333333333332,79.0629387654347
us,keltner_breakout,none,equal_slot,0.25,none,none,11.997429742133914,0.7256361067406951,1.0244316444347428,0.4939203506004844,-24.2902114228499,40.04166890521566,140.0,99.10666666666665,79.0629387654347
us,keltner_breakout,none,equal_slot,0.25,none,0.15,8.156905139042303,0.6332479611032803,0.8924475047524066,0.4838408813223552,-16.858652201420384,26.245760680137398,171.0,99.01333333333334,79.0629387654347
us,keltner_breakout,none,equal_slot,0.25,none,0.25,7.36435021669708,0.47896944761779103,0.6637125193228977,0.31786298842522326,-23.168316176670977,23.515959128130405,144.0,99.17333333333333,79.0629387654347
us,keltner_breakout,none,equal_slot,0.25,0.25,none,7.61063644604405,0.5506472505228328,0.7490745920054379,0.3303527473745513,-23.037908740063155,24.3600056898323,167.0,99.13333333333334,79.0629387654347
us,keltner_breakout,none,equal_slot,0.25,0.25,0.15,2.2780177682143687,0.2315905617892636,0.31209980659894887,0.10441533821542119,-21.816888276649056,6.9239949526805455,192.0,98.94666666666666,79.0629387654347
us,keltner_breakout,none,equal_slot,0.25,0.25,0.25,7.514622248444436,0.5353496306647202,0.7364581702247129,0.32247285326852876,-23.303115819758258,24.03050214007736,170.0,99.14666666666668,79.0629387654347
us,keltner_breakout,none,atr_risk,0.15,none,none,14.36763183475367,0.8953840463887932,1.3008367746144365,0.6642031150344371,-21.631382794717467,49.03554290735701,137.0,99.16,79.0629387654347
us,keltner_breakout,bull,equal_slot,none,none,none,22.140625096853306,1.1374855921590743,1.6380244249040754,1.1690565951698273,-18.938882162190758,81.20393867578647,123.0,94.21333333333332,79.0629387654347
us,keltner_breakout,bull,equal_slot,none,none,0.15,7.799262456385603,0.6192061523375667,0.8917675801032746,0.3944079162964007,-19.774609317233875,25.009026840085923,148.0,93.52000000000001,79.0629387654347
us,keltner_breakout,bull,equal_slot,none,none,0.25,18.883152727767328,1.0544189068782528,1.5109773908239343,1.0283657815159661,-18.36229196573491,67.21462768911634,128.0,94.17333333333333,79.0629387654347
us,keltner_breakout,bull,equal_slot,none,0.25,none,12.78010253188766,0.8711782007282183,1.2173665641845657,0.5699061749748926,-22.42492377355043,42.97053847760341,148.0,93.61333333333333,79.0629387654347
us,keltner_breakout,bull,equal_slot,none,0.25,0.15,3.187671138281667,0.3009410705421282,0.40520213317872195,0.14429432894238828,-22.091451283261403,9.775363123356984,175.0,93.45333333333332,79.0629387654347
us,keltner_breakout,bull,equal_slot,none,0.25,0.25,8.907241366038821,0.6383169984424184,0.8903758595683096,0.391093298319342,-22.775233951377334,28.86676250922151,151.0,94.21333333333332,79.0629387654347
us,keltner_breakout,bull,equal_slot,0.08,none,none,8.107649007846396,0.5271953628812688,0.7374857462083564,0.4322849319526906,-18.755335679231354,26.074952339180513,149.0,94.14666666666666,79.0629387654347
us,keltner_breakout,bull,equal_slot,0.08,none,0.15,4.018778381554111,0.3474164205838832,0.47954670759374696,0.18780353480450268,-21.398843135394273,12.42422973195536,174.0,92.63999999999999,79.0629387654347
us,keltner_breakout,bull,equal_slot,0.08,none,0.25,11.068044888406225,0.6992587326265953,0.9837137843527525,0.5326564384359758,-20.778956358633376,36.6158274010419,152.0,93.45333333333332,79.0629387654347
us,keltner_breakout,bull,equal_slot,0.08,0.25,none,7.379567737054593,0.5813290492981478,0.7954230270166311,0.32905935135713066,-22.426251393917966,23.56800051271999,185.0,93.24,79.0629387654347
us,keltner_breakout,bull,equal_slot,0.08,0.25,0.15,4.613982900692704,0.4143637714796277,0.5715714396734933,0.23864832260141106,-19.333816598405132,14.347072863470768,201.0,91.46666666666667,79.0629387654347
us,keltner_breakout,bull,equal_slot,0.08,0.25,0.25,7.379567737054593,0.5813290492981478,0.7954230270166311,0.32905935135713066,-22.426251393917966,23.56800051271999,185.0,93.24,79.0629387654347
us,keltner_breakout,bull,equal_slot,0.15,none,none,15.951965758248466,0.9446269249650766,1.3412102212803578,0.9602911886875342,-16.61159234424572,55.25616126453534,129.0,95.14666666666668,79.0629387654347
us,keltner_breakout,bull,equal_slot,0.15,none,0.15,7.672508064644767,0.6090271875876894,0.8762674241802688,0.3852482473501204,-19.915750733245662,24.572645461355535,148.0,93.52000000000001,79.0629387654347
us,keltner_breakout,bull,equal_slot,0.15,none,0.25,16.626588174194268,0.9737106710463025,1.3755920159705832,0.9160089173240324,-18.151120430973616,57.95639902602918,131.0,94.38666666666666,79.0629387654347
us,keltner_breakout,bull,equal_slot,0.15,0.25,none,7.968440496846108,0.5895800408748706,0.8183631583992124,0.3403414235549001,-23.41307858918539,25.593040198139683,154.0,94.12,79.0629387654347
us,keltner_breakout,bull,equal_slot,0.15,0.25,0.15,2.8064406236614214,0.2730627712403223,0.36721241502897733,0.12616063858204232,-22.244977951949664,8.574308430532728,175.0,93.45333333333332,79.0629387654347
us,keltner_breakout,bull,equal_slot,0.15,0.25,0.25,8.162672931706961,0.6019725782400789,0.8356753602363405,0.3486373182669509,-23.41307858918539,26.265772026425218,154.0,94.12,79.0629387654347
us,keltner_breakout,bull,equal_slot,0.25,none,none,22.167993462055424,1.142469872670377,1.6465126670017278,1.1754586358250494,-18.85901620561561,81.32464598995182,123.0,94.21333333333332,79.0629387654347
us,keltner_breakout,bull,equal_slot,0.25,none,0.15,7.799262456385603,0.6192061523375667,0.8917675801032746,0.3944079162964007,-19.774609317233875,25.009026840085923,148.0,93.52000000000001,79.0629387654347
us,keltner_breakout,bull,equal_slot,0.25,none,0.25,18.845095916363917,1.0521543631604486,1.5074576194985798,1.0262932291638727,-18.36229196573491,67.05557884227137,128.0,94.17333333333333,79.0629387654347
us,keltner_breakout,bull,equal_slot,0.25,0.25,none,13.14447186216221,0.898786059022197,1.257032358199024,0.590120385461235,-22.274220965758637,44.34781147297551,148.0,93.61333333333333,79.0629387654347
us,keltner_breakout,bull,equal_slot,0.25,0.25,0.15,3.187671138281667,0.3009410705421282,0.40520213317872195,0.14429432894238828,-22.091451283261403,9.775363123356984,175.0,93.45333333333332,79.0629387654347
us,keltner_breakout,bull,equal_slot,0.25,0.25,0.25,8.750464939175618,0.6283751607523821,0.875803330542307,0.3842096620327552,-22.775233951377334,28.316170951505825,151.0,94.21333333333332,79.0629387654347
us,keltner_breakout,bull,inverse_vol,0.25,none,none,22.23410665728649,1.147896263638731,1.6551255459434948,1.1813510640339075,-18.820913896132335,81.61645625249008,123.0,94.21333333333332,79.0629387654347
us,keltner_breakout,"bull,pullback",equal_slot,none,none,none,15.559189120651862,0.8426068988462119,1.183170666541144,0.6516435914475563,-23.876839003493906,53.69823778574718,138.0,98.50666666666667,79.0629387654347
us,keltner_breakout,"bull,pullback",equal_slot,none,none,0.15,4.580875964212083,0.39627709617499796,0.5475258231485594,0.2603125826706107,-17.59759715498864,14.239550191376571,171.0,98.41333333333333,79.0629387654347
us,keltner_breakout,"bull,pullback",equal_slot,none,none,0.25,15.014169216804717,0.8605308998878812,1.2145767228850566,0.684634058689348,-21.93021078376906,51.55368575607835,142.0,98.56,79.0629387654347
us,keltner_breakout,"bull,pullback",equal_slot,none,0.25,none,7.866492153565963,0.5455277431201924,0.7412728363722197,0.3390990052559431,-23.198216543361838,25.24089177630131,163.0,98.54666666666667,79.0629387654347
us,keltner_breakout,"bull,pullback",equal_slot,none,0.25,0.15,1.194797024849037,0.15527481423179426,0.20815854534972936,0.05359300737621201,-22.293897718069914,3.5932046201333723,193.0,98.37333333333333,79.0629387654347
us,keltner_breakout,"bull,pullback",equal_slot,none,0.25,0.25,4.317420266078287,0.3382050255375627,0.4573025599302094,0.18517875004695833,-23.31487962297758,13.386305171566892,172.0,98.54666666666667,79.0629387654347
us,keltner_breakout,"bull,pullback",equal_slot,0.08,none,none,11.472538171517943,0.6644889425696078,0.9357435517971392,0.4549255953703297,-25.218493503709734,38.09992748507456,168.0,98.37333333333333,79.0629387654347
us,keltner_breakout,"bull,pullback",equal_slot,0.08,none,0.15,7.9126690379068165,0.5816649102864879,0.8007325802630765,0.37863819443594876,-20.897704336706425,25.40031398522875,197.0,98.26666666666665,79.0629387654347
us,keltner_breakout,"bull,pullback",equal_slot,0.08,none,0.25,14.596409888651984,0.8457896868775917,1.2046168300862232,0.560883425024131,-26.02396369267642,49.923391191437716,174.0,98.37333333333333,79.0629387654347
us,keltner_breakout,"bull,pullback",equal_slot,0.08,0.25,none,9.249598121262604,0.6972952502109634,0.9500948901452426,0.41032022566914683,-22.54238895043118,30.074548239880382,203.0,98.37333333333333,79.0629387654347
us,keltner_breakout,"bull,pullback",equal_slot,0.08,0.25,0.15,-0.08264128964461381,0.06391032360920249,0.08474320910284869,-0.0032733729751752275,-25.24652408123151,-0.24542816009922586,222.0,98.26666666666665,79.0629387654347
us,keltner_breakout,"bull,pullback",equal_slot,0.08,0.25,0.25,9.249598121262604,0.6972952502109634,0.9500948901452426,0.41032022566914683,-22.54238895043118,30.074548239880382,203.0,98.37333333333333,79.0629387654347
us,keltner_breakout,"bull,pullback",equal_slot,0.15,none,none,16.898034461081757,0.9453631330960811,1.3472721869150717,0.8215530644487827,-20.56840293380126,59.05161865137334,139.0,98.54666666666667,79.0629387654347
us,keltner_breakout,"bull,pullback",equal_slot,0.15,none,0.15,3.8939363849488595,0.34463226548503545,0.47251362028646254,0.20561428773503773,-18.938063243769964,12.023661913855355,171.0,98.41333333333333,79.0629387654347
us,keltner_breakout,"bull,pullback",equal_slot,0.15,none,0.25,14.107788924268029,0.8201638393086835,1.1675264547800677,0.6482090046003932,-21.764259404210488,48.03137696034811,149.0,98.54666666666667,79.0629387654347
us,keltner_breakout,"bull,pullback",equal_slot,0.15,0.25,none,5.313141465595228,0.4103131679891871,0.5479242140686926,0.22909549172268376,-23.191820256448768,16.633467624475728,173.0,98.49333333333334,79.0629387654347
us,keltner_breakout,"bull,pullback",equal_slot,0.15,0.25,0.15,0.5566754162547705,0.10983250781359945,0.14640991585447727,0.02415006178820844,-23.050682898317636,1.6636620490028564,193.0,98.37333333333333,79.0629387654347
us,keltner_breakout,"bull,pullback",equal_slot,0.15,0.25,0.25,5.281568050249796,0.4079457004322842,0.545170580148764,0.22561270439899872,-23.409887596175796,16.529567741645955,174.0,98.49333333333334,79.0629387654347
us,keltner_breakout,"bull,pullback",equal_slot,0.25,none,none,15.849986794884563,0.8637541912192621,1.2149455350947993,0.666826357318421,-23.769286593025182,54.85066590541878,138.0,98.50666666666667,79.0629387654347
us,keltner_breakout,"bull,pullback",equal_slot,0.25,none,0.15,4.580875964212083,0.39627709617499796,0.5475258231485594,0.2603125826706107,-17.59759715498864,14.239550191376571,171.0,98.41333333333333,79.0629387654347
us,keltner_breakout,"bull,pullback",equal_slot,0.25,none,0.25,14.97354496572305,0.858230677353262,1.2111764328999781,0.6827816254645961,-21.93021078376906,51.39463690923334,142.0,98.56,79.0629387654347
us,keltner_breakout,"bull,pullback",equal_slot,0.25,0.25,none,9.338976311297674,0.6399171099665217,0.8741673443530462,0.4052956562933436,-23.042379473562235,30.391093363968302,163.0,98.54666666666667,79.0629387654347
us,keltner_breakout,"bull,pullback",equal_slot,0.25,0.25,0.15,1.194797024849037,0.15527481423179426,0.20815854534972936,0.05359300737621201,-22.293897718069914,3.5932046201333723,193.0,98.37333333333333,79.0629387654347
us,keltner_breakout,"bull,pullback",equal_slot,0.25,0.25,0.25,4.317420266078287,0.3382050255375627,0.4573025599302094,0.18517875004695833,-23.31487962297758,13.386305171566892,172.0,98.54666666666667,79.0629387654347
us,keltner_breakout,"bull,pullback",atr_risk,0.15,none,none,17.513247323916946,0.9896653473359044,1.4199620807533395,0.8543607813747635,-20.498655492748796,61.55247894602618,139.0,98.54666666666667,79.0629387654347
us,adx_trend,none,equal_slot,none,none,none,12.034738814108659,0.6121274887016966,0.8584307406892966,0.43482815652382134,-27.676999829815195,40.18037246325539,423.0,99.86666666666666,79.0629387654347
us,adx_trend,none,equal_slot,none,none,0.15,13.97883360560157,0.7387663382906434,1.0653533749092663,0.61712596405825,-22.651507827795943,47.534698936173015,471.0,99.86666666666666,79.0629387654347
us,adx_trend,none,equal_slot,none,none,0.25,12.704028459461547,0.6418138453316939,0.909342242916641,0.45861316876799174,-27.7009674484258,42.68409225497764,429.0,99.86666666666666,79.0629387654347
us,adx_trend,none,equal_slot,none,0.25,none,9.060763067299904,0.5325433969790244,0.7406162350517858,0.34990899525333113,-25.89462743231276,29.407440599107247,479.0,99.86666666666666,79.0629387654347
us,adx_trend,none,equal_slot,none,0.25,0.15,11.75811025133302,0.6848217014053055,0.9845471670795234,0.5523735866184154,-21.28651792225472,39.15411832190514,528.0,99.86666666666666,79.0629387654347
us,adx_trend,none,equal_slot,none,0.25,0.25,8.541664276662075,0.5106260428617835,0.7105921935800255,0.3247849659822699,-26.299444775188167,27.585299685172913,484.0,99.86666666666666,79.0629387654347
us,adx_trend,none,equal_slot,0.08,none,none,9.754612148758657,0.5099292062108606,0.7252525068827914,0.3049000991827337,-31.99281395744149,31.869841186357426,461.0,99.86666666666666,79.0629387654347
us,adx_trend,none,equal_slot,0.08,none,0.15,8.667087387526928,0.4928015377044821,0.7045142989598618,0.3111233642360787,-27.857398009332368,28.023989731433897,499.0,99.86666666666666,79.0629387654347
us,adx_trend,none,equal_slot,0.08,none,0.25,10.401786734914653,0.5394435624135621,0.7711349330613708,0.34165211882405083,-30.445550200938527,34.19444098205078,464.0,99.86666666666666,79.0629387654347
us,adx_trend,none,equal_slot,0.08,0.25,none,8.481118973353352,0.5223265346992844,0.7334751733738901,0.32475901322301426,-26.11511498690664,27.37388897388271,543.0,99.86666666666666,79.0629387654347
us,adx_trend,none,equal_slot,0.08,0.25,0.15,6.571909996521885,0.4246869989815097,0.5957997350613993,0.25607868529319,-25.663635335356254,20.825998788670997,562.0,99.86666666666666,79.0629387654347
us,adx_trend,none,equal_slot,0.08,0.25,0.25,8.481118973353352,0.5223265346992844,0.7334751733738901,0.32475901322301426,-26.11511498690664,27.37388897388271,543.0,99.86666666666666,79.0629387654347
us,adx_trend,none,equal_slot,0.15,none,none,11.34705745129503,0.5780282386237304,0.8122605772373533,0.3917055835114814,-28.968332157977606,37.63839564393167,430.0,99.86666666666666,79.0629387654347
us,adx_trend,none,equal_slot,0.15,none,0.15,12.618197178391988,0.6701555568674686,0.9609243289695427,0.517926418456161,-24.362914747628444,42.36136414292524,471.0,99.86666666666666,79.0629387654347
us,adx_trend,none,equal_slot,0.15,none,0.25,11.849397948005102,0.6016286778434835,0.8488192368776644,0.4282650803606975,-27.668372910593575,39.4922301090993,433.0,99.86666666666666,79.0629387654347
us,adx_trend,none,equal_slot,0.15,0.25,none,9.508643394155758,0.5546329968667352,0.7762666042993499,0.3877680388376504,-24.521472740915634,30.993397959656633,498.0,99.86666666666666,79.0629387654347
us,adx_trend,none,equal_slot,0.15,0.25,0.15,10.581130467582556,0.6197632299196738,0.8862177476073663,0.46143397453210033,-22.930973988883135,34.84340618534449,528.0,99.86666666666666,79.0629387654347
us,adx_trend,none,equal_slot,0.15,0.25,0.25,9.035676208825816,0.5332258361866076,0.7447735222669299,0.373162256274685,-24.2137999138226,29.318986134732093,500.0,99.86666666666666,79.0629387654347
us,adx_trend,none,equal_slot,0.25,none,none,11.639340404182485,0.5952033767420571,0.8348497075074138,0.4015616089584515,-28.985192171064284,38.71503264025511,425.0,99.86666666666666,79.0629387654347
us,adx_trend,none,equal_slot,0.25,none,0.15,13.32909907240043,0.7031250715114553,1.010409423538864,0.578305601088592,-23.04853877830333,45.04902855535129,471.0,99.86666666666666,79.0629387654347
us,adx_trend,none,equal_slot,0.25,none,0.25,12.605015801690111,0.6374172848254943,0.9024139162885098,0.45367750703197035,-27.784088050020618,42.311844729492186,429.0,99.86666666666666,79.0629387654347
us,adx_trend,none,equal_slot,0.25,0.25,none,8.86987290769017,0.524595699959549,0.7307926907947074,0.32650377589750845,-27.166218471159354,28.735384201371495,481.0,99.86666666666666,79.0629387654347
us,adx_trend,none,equal_slot,0.25,0.25,0.15,11.117076945752501,0.6465586750702885,0.925633767521747,0.5122681333018018,-21.701675788610686,36.79516127465692,528.0,99.86666666666666,79.0629387654347
us,adx_trend,none,equal_slot,0.25,0.25,0.25,8.422713892354693,0.5046266997749876,0.7015924816944984,0.3198490564361583,-26.33340234360161,27.170171835463197,484.0,99.86666666666666,79.0629387654347
us,adx_trend,none,atr_risk,none,none,0.15,14.061059404778131,0.8022889136947382,1.1595486694355976,0.7065389693269167,-19.901321816931596,47.85126784777649,471.0,99.86666666666666,79.0629387654347
us,adx_trend,bull,equal_slot,none,none,none,12.693311158137877,0.6435440558047376,0.9202440359964352,0.5043263139263552,-25.168845661286337,42.64376839387787,373.0,90.67999999999999,79.0629387654347
us,adx_trend,bull,equal_slot,none,none,0.15,14.637899341345783,0.8016287995348114,1.1729704991183552,0.717388330058119,-20.40442913276816,50.084779626425416,417.0,90.62666666666667,79.0629387654347
us,adx_trend,bull,equal_slot,none,none,0.25,13.389166128017127,0.6861230202159371,0.9885091482140763,0.5560294705032199,-24.079957697025684,45.27765053345003,379.0,90.67999999999999,79.0629387654347
us,adx_trend,bull,equal_slot,none,0.25,none,9.565492400121279,0.5651863762393707,0.7928262490333552,0.4208351607047539,-22.72978423215012,31.195619523553052,426.0,90.64,79.0629387654347
us,adx_trend,bull,equal_slot,none,0.25,0.15,12.96027350220803,0.7678640901521283,1.120339127035692,0.6762067723104618,-19.166139756224858,43.650468385963734,472.0,90.58666666666667,79.0629387654347
us,adx_trend,bull,equal_slot,none,0.25,0.25,9.349710836805958,0.5599191080213676,0.7872595341783348,0.40817773025118154,-22.905979782513857,30.429145504978727,433.0,90.64,79.0629387654347
us,adx_trend,bull,equal_slot,0.08,none,none,11.994389794306093,0.6156189841145968,0.8826498024815302,0.4253921488528715,-28.196077023637166,40.03037133616536,406.0,90.66666666666666,79.0629387654347
us,adx_trend,bull,equal_slot,0.08,none,0.15,10.711271665534849,0.6027374795125392,0.8739624380021496,0.43340485035505183,-24.714240407692746,35.31563086573224,446.0,90.48,79.0629387654347
us,adx_trend,bull,equal_slot,0.08,none,0.25,12.28291708797693,0.6369622445297362,0.9165162168014281,0.46054605353546824,-26.670334038658698,41.10534293378916,411.0,90.66666666666666,79.0629387654347
us,adx_trend,bull,equal_slot,0.08,0.25,none,8.206069302208952,0.518921647673981,0.7308974712114052,0.3588060751576105,-22.87048595429808,26.416403153616088,492.0,90.66666666666666,79.0629387654347
us,adx_trend,bull,equal_slot,0.08,0.25,0.15,8.54369884700963,0.5390795200831144,0.7644817956706197,0.3822895928678035,-22.348761270004168,27.592407992183475,508.0,90.48,79.0629387654347
us,adx_trend,bull,equal_slot,0.08,0.25,0.25,8.206069302208952,0.518921647673981,0.7308974712114052,0.3588060751576105,-22.87048595429808,26.416403153616088,492.0,90.66666666666666,79.0629387654347
us,adx_trend,bull,equal_slot,0.15,none,none,12.290713567897216,0.6253466441463436,0.8946610644680703,0.4889133515009197,-25.13883805824864,41.13446615102436,380.0,90.74666666666667,79.0629387654347
us,adx_trend,bull,equal_slot,0.15,none,0.15,13.797329574602424,0.7557050359177847,1.1011874550889669,0.6448840884064202,-21.395053502866148,46.83750218679113,417.0,90.62666666666667,79.0629387654347
us,adx_trend,bull,equal_slot,0.15,none,0.25,12.91297551918471,0.66152920935987,0.9518588121157712,0.5388899880692328,-23.962173736888467,43.47176784091123,384.0,90.74666666666667,79.0629387654347
us,adx_trend,bull,equal_slot,0.15,0.25,none,10.263371111603071,0.5991900398107421,0.854366862471548,0.4696224693507746,-21.854514597207363,33.69499586954372,445.0,90.70666666666666,79.0629387654347
us,adx_trend,bull,equal_slot,0.15,0.25,0.15,12.140191062770022,0.7193388080668134,1.04532266318149,0.6028751275116209,-20.13715694803815,40.572904097020945,472.0,90.58666666666667,79.0629387654347
us,adx_trend,bull,equal_slot,0.15,0.25,0.25,10.035533666438257,0.5904131443292792,0.8417611414752869,0.4647978715551686,-21.591178188618493,32.875578744564216,447.0,90.70666666666666,79.0629387654347
us,adx_trend,bull,equal_slot,0.25,none,none,12.129602906072524,0.6185159938262754,0.8844652446046846,0.45767611350360987,-26.502591129822754,40.53345822826295,375.0,90.67999999999999,79.0629387654347
us,adx_trend,bull,equal_slot,0.25,none,0.15,14.150975546148704,0.7711611350203912,1.124466428011293,0.6821129020713594,-20.74579663157917,48.19796011224919,417.0,90.62666666666667,79.0629387654347
us,adx_trend,bull,equal_slot,0.25,none,0.25,13.285965694301982,0.6813006215262747,0.9807343354129594,0.5499762148370173,-24.157345964932706,44.8850054125493,379.0,90.67999999999999,79.0629387654347
us,adx_trend,bull,equal_slot,0.25,0.25,none,9.41479877226017,0.5589149135735213,0.7859113720230727,0.39033869821877953,-24.11956286994456,30.66002941640282,430.0,90.64,79.0629387654347
us,adx_trend,bull,equal_slot,0.25,0.25,0.15,12.38899135320528,0.730585993553674,1.0614207619313565,0.6354983586276198,-19.494922661892826,41.50191817583237,472.0,90.58666666666667,79.0629387654347
us,adx_trend,bull,equal_slot,0.25,0.25,0.25,9.023264885299763,0.5414006365329032,0.7597014396483446,0.391298129462193,-23.059821159128713,29.275239535860752,433.0,90.64,79.0629387654347
us,adx_trend,bull,atr_risk,none,none,0.15,14.343344958075587,0.8589098880570842,1.2537148541329979,0.8042645912059097,-17.83411220002768,48.94149508982159,417.0,90.62666666666667,79.0629387654347
us,adx_trend,"bull,pullback",equal_slot,none,none,none,11.609144135063755,0.5951260887606521,0.8315137821005264,0.4711938912335219,-24.63772207375733,38.603545445280375,405.0,98.26666666666665,79.0629387654347
us,adx_trend,"bull,pullback",equal_slot,none,none,0.15,14.001047351805651,0.7442997851336378,1.0752289498093042,0.6757563537347029,-20.71907614989642,47.62017736128037,456.0,98.26666666666665,79.0629387654347
us,adx_trend,"bull,pullback",equal_slot,none,none,0.25,12.62178471868669,0.6402692375929852,0.9045985385425767,0.511068441335227,-24.696857989725952,42.37484368930302,411.0,98.26666666666665,79.0629387654347
us,adx_trend,"bull,pullback",equal_slot,none,0.25,none,10.527497618776028,0.6091933144084154,0.8480392241703983,0.4507518345083781,-23.35541824307396,34.649114997446716,463.0,98.26666666666665,79.0629387654347
us,adx_trend,"bull,pullback",equal_slot,none,0.25,0.15,14.286278629320881,0.8224662363451719,1.1854475937204523,0.7333490514874769,-19.480871489972664,48.72066803900652,514.0,98.26666666666665,79.0629387654347
us,adx_trend,"bull,pullback",equal_slot,none,0.25,0.25,10.114948684670688,0.5931551667338452,0.8267996350249198,0.4278622777113593,-23.640664792361868,33.160815298267025,468.0,98.26666666666665,79.0629387654347
us,adx_trend,"bull,pullback",equal_slot,0.08,none,none,11.63288752891245,0.5894417613252151,0.8419835468580855,0.4034987992496126,-28.830042494664543,38.691203078263925,443.0,98.26666666666665,79.0629387654347
us,adx_trend,"bull,pullback",equal_slot,0.08,none,0.15,12.017621626630092,0.6481100107440244,0.930014925957458,0.4822030051884099,-24.922328349933196,40.11672475742605,483.0,98.26666666666665,79.0629387654347
us,adx_trend,"bull,pullback",equal_slot,0.08,none,0.25,12.372701783019036,0.6248019924066546,0.8972883566725647,0.452062348969589,-27.369458684672203,41.44096906389174,446.0,98.26666666666665,79.0629387654347
us,adx_trend,"bull,pullback",equal_slot,0.08,0.25,none,10.279694387491901,0.6164292482542276,0.86598139360991,0.4357882749736617,-23.58873558062843,33.753830886349604,529.0,98.26666666666665,79.0629387654347
us,adx_trend,"bull,pullback",equal_slot,0.08,0.25,0.15,8.451849374012532,0.5218517934992085,0.735814807172855,0.36718815968425456,-23.01776119709384,27.271769457098994,548.0,98.26666666666665,79.0629387654347
us,adx_trend,"bull,pullback",equal_slot,0.08,0.25,0.25,10.279694387491901,0.6164292482542276,0.86598139360991,0.4357882749736617,-23.58873558062843,33.753830886349604,529.0,98.26666666666665,79.0629387654347
us,adx_trend,"bull,pullback",equal_slot,0.15,none,none,10.884548032283803,0.5595036530952621,0.7839047483483894,0.42017780211898115,-25.904624131480514,35.94607533962868,412.0,98.26666666666665,79.0629387654347
us,adx_trend,"bull,pullback",equal_slot,0.15,none,0.15,12.787166367679582,0.6830313372855187,0.9821770143376096,0.5813301507714158,-21.996392842709458,42.997155701823495,456.0,98.26666666666665,79.0629387654347
us,adx_trend,"bull,pullback",equal_slot,0.15,none,0.25,11.594168902575742,0.5920233019075342,0.8330912228094249,0.4680116150260309,-24.77325034322251,38.54827767441002,415.0,98.26666666666665,79.0629387654347
us,adx_trend,"bull,pullback",equal_slot,0.15,0.25,none,11.176201785996852,0.640253015510243,0.8949368350105825,0.5036863497320662,-22.18881212870269,37.01161698156233,482.0,98.26666666666665,79.0629387654347
us,adx_trend,"bull,pullback",equal_slot,0.15,0.25,0.15,13.298800133232035,0.7650637547054967,1.097378511257011,0.639790134325791,-20.786191314510145,44.93379801839901,514.0,98.26666666666665,79.0629387654347
us,adx_trend,"bull,pullback",equal_slot,0.15,0.25,0.25,10.858101964572597,0.6271705063897314,0.8759294574880293,0.4954224964958133,-21.916852870778662,35.84972885327738,484.0,98.26666666666665,79.0629387654347
us,adx_trend,"bull,pullback",equal_slot,0.25,none,none,10.976099599318822,0.5677433942791964,0.7929811109164202,0.42419567396500457,-25.875086128823494,36.27995983150933,407.0,98.26666666666665,79.0629387654347
us,adx_trend,"bull,pullback",equal_slot,0.25,none,0.15,13.173646537563744,0.6996391997200456,1.0062136419063303,0.6268335186686449,-21.016180764461577,44.458467378878375,456.0,98.26666666666665,79.0629387654347
us,adx_trend,"bull,pullback",equal_slot,0.25,none,0.25,12.511558406480617,0.6353468505736892,0.8969279305918533,0.5051026079058388,-24.770330247063423,41.96107446350015,411.0,98.26666666666665,79.0629387654347
us,adx_trend,"bull,pullback",equal_slot,0.25,0.25,none,10.295273370637425,0.599340908650271,0.8356852498868794,0.4172569577542466,-24.673700891768164,33.809999222408685,465.0,98.26666666666665,79.0629387654347
us,adx_trend,"bull,pullback",equal_slot,0.25,0.25,0.15,13.672174583656194,0.7830410511115039,1.1237313865822132,0.6899225131684936,-19.816971214442976,46.358030160706676,514.0,98.26666666666665,79.0629387654347
us,adx_trend,"bull,pullback",equal_slot,0.25,0.25,0.25,10.00000706378168,0.5871476709531673,0.8176555760515937,0.4226321670869931,-23.66125402310732,32.74810847853962,468.0,98.26666666666665,79.0629387654347
us,adx_trend,"bull,pullback",atr_risk,none,0.25,0.15,14.437089616287736,0.8973340271066594,1.2874274734743276,0.8378957323365082,-17.230174422811885,49.30472674243429,514.0,98.26666666666665,79.0629387654347
us,long_term_reversal,none,equal_slot,none,none,none,12.87188367568426,0.961474554716311,1.5068790569139334,1.0594784148841185,-12.149264671043,43.31663503962619,10.0,32.4,79.0629387654347
us,long_term_reversal,none,equal_slot,none,none,0.15,11.600487988243447,0.8748817298745099,1.4623258034936524,0.6488789217697866,-17.877738972632464,38.57159718328496,75.0,32.4,79.0629387654347
us,long_term_reversal,none,equal_slot,none,none,0.25,15.933461685824458,1.1319068043211447,1.846222927845924,1.4248467629184585,-11.182579137975907,55.18253191241635,26.0,32.4,79.0629387654347
us,long_term_reversal,none,equal_slot,none,0.25,none,13.78322941254928,1.2601663398489158,2.082640494871677,1.6388302956745666,-8.410406769345146,46.78343207929536,30.0,32.4,79.0629387654347
us,long_term_reversal,none,equal_slot,none,0.25,0.15,11.636854332188374,0.899312001451014,1.487827276091538,0.8961343725620134,-12.985613194279178,38.70585160388729,100.0,32.4,79.0629387654347
us,long_term_reversal,none,equal_slot,none,0.25,0.25,14.803566840744619,1.1915028508418477,2.017066280304952,1.5890001590002985,-9.316277759253415,50.73035324353727,51.0,32.4,79.0629387654347
us,long_term_reversal,none,equal_slot,0.08,none,none,13.74302470035782,1.0503629826295515,1.6301342964397838,0.9841669155658047,-13.96411978801061,46.629330998968356,32.0,32.4,79.0629387654347
us,long_term_reversal,none,equal_slot,0.08,none,0.15,11.707612322048199,0.8896436118909311,1.4880264021510914,0.8087676179602034,-14.475866815212044,38.967317692235206,93.0,32.4,79.0629387654347
us,long_term_reversal,none,equal_slot,0.08,none,0.25,13.371491214778054,1.0061923187954283,1.6509638098915478,0.865407689289634,-15.451088984145706,45.210353014227536,48.0,32.4,79.0629387654347
us,long_term_reversal,none,equal_slot,0.08,0.25,none,11.143740671026169,0.8706617480275962,1.4208210391626674,0.7898102133452232,-14.10939043675709,36.89274890947934,96.0,32.4,79.0629387654347
us,long_term_reversal,none,equal_slot,0.08,0.25,0.15,11.758424371776277,0.8934471095224733,1.4875916345405993,0.9454807157537025,-12.43645076610885,39.15528082922637,132.0,32.4,79.0629387654347
us,long_term_reversal,none,equal_slot,0.08,0.25,0.25,11.143740671026169,0.8706617480275962,1.4208210391626674,0.7898102133452232,-14.10939043675709,36.89274890947934,96.0,32.4,79.0629387654347
us,long_term_reversal,none,equal_slot,0.15,none,none,13.789536762570464,1.0239764867325987,1.6094131618449883,1.1360431832396185,-12.138215312596902,46.80761733766972,16.0,32.4,79.0629387654347
us,long_term_reversal,none,equal_slot,0.15,none,0.15,11.305889512786504,0.851182490262995,1.4195948997921004,0.6191491566923567,-18.260364874249817,37.48719873782047,75.0,32.4,79.0629387654347
us,long_term_reversal,none,equal_slot,0.15,none,0.25,15.514474682549961,1.1033508305928137,1.7989755849555569,1.3669910879031324,-11.349360518763929,53.521541372318396,31.0,32.4,79.0629387654347
us,long_term_reversal,none,equal_slot,0.15,0.25,none,13.624335218017691,1.1121600826470535,1.8934206492314507,1.4415754292149066,-9.45100404870081,46.17503111385099,52.0,32.4,79.0629387654347
us,long_term_reversal,none,equal_slot,0.15,0.25,0.15,11.385512078615756,0.8784242651430274,1.4502141997765032,0.8752845176149489,-13.007784154162794,37.7797270358958,100.0,32.4,79.0629387654347
us,long_term_reversal,none,equal_slot,0.15,0.25,0.25,14.596858243316579,1.1541839406822572,1.958091567401775,1.5169484736210483,-9.622514210039705,49.92513461547692,63.0,32.4,79.0629387654347
us,long_term_reversal,none,equal_slot,0.25,none,none,12.885884190778963,0.9624095999726133,1.5084577685502576,1.06042990698391,-12.151566176994365,43.369478255683866,11.0,32.4,79.0629387654347
us,long_term_reversal,none,equal_slot,0.25,none,0.15,11.600487988243447,0.8748817298745099,1.4623258034936524,0.6488789217697866,-17.877738972632464,38.57159718328496,75.0,32.4,79.0629387654347
us,long_term_reversal,none,equal_slot,0.25,none,0.25,15.933461685824458,1.1319068043211447,1.846222927845924,1.4248467629184585,-11.182579137975907,55.18253191241635,26.0,32.4,79.0629387654347
us,long_term_reversal,none,equal_slot,0.25,0.25,none,16.52575528818554,1.3723156185594512,2.4001444302359496,2.388562019822998,-6.918704706445161,57.55084118052807,39.0,32.4,79.0629387654347
us,long_term_reversal,none,equal_slot,0.25,0.25,0.15,11.636854332188374,0.899312001451014,1.487827276091538,0.8961343725620134,-12.985613194279178,38.70585160388729,100.0,32.4,79.0629387654347
us,long_term_reversal,none,equal_slot,0.25,0.25,0.25,14.730844394743126,1.1841722053978896,2.0012339282042366,1.5779470237461686,-9.33544927241661,50.44674178205766,51.0,32.4,79.0629387654347
us,long_term_reversal,bull,equal_slot,none,none,none,12.87188367568426,0.961474554716311,1.5068790569139334,1.0594784148841185,-12.149264671043,43.31663503962619,10.0,32.4,79.0629387654347
us,long_term_reversal,bull,equal_slot,none,none,0.15,11.134555527925173,0.8414788775140023,1.4041678401499558,0.6362520847141688,-17.50022639678624,36.859126622869454,73.0,31.466666666666665,79.0629387654347
us,long_term_reversal,bull,equal_slot,none,none,0.25,15.609374373326368,1.1156670264329915,1.8248543965619657,1.3958653170016135,-11.182579137975907,53.89671368003106,26.0,32.17333333333333,79.0629387654347
us,long_term_reversal,bull,equal_slot,none,0.25,none,13.78322941254928,1.2601663398489158,2.082640494871677,1.6388302956745666,-8.410406769345146,46.78343207929536,30.0,32.4,79.0629387654347
us,long_term_reversal,bull,equal_slot,none,0.25,0.15,10.593749359823224,0.813810826344976,1.3513072978984215,0.8432785285228128,-12.562574524908749,34.889146596864265,99.0,31.466666666666665,79.0629387654347
us,long_term_reversal,bull,equal_slot,none,0.25,0.25,14.806749610898029,1.1696550440169442,1.9882504060565545,1.5349705064512866,-9.646276295646812,50.742773877468835,50.0,32.21333333333333,79.0629387654347
us,long_term_reversal,bull,equal_slot,0.08,none,none,14.045288587680037,1.0739638856635798,1.6673978079734804,1.007061716490917,-13.946800238440716,47.79051538217094,30.0,32.14666666666667,79.0629387654347
us,long_term_reversal,bull,equal_slot,0.08,none,0.15,11.304152954498804,0.8693183412574709,1.4763329199039774,0.7742205082522454,-14.600689124106548,37.48082332841178,88.0,31.533333333333335,79.0629387654347
us,long_term_reversal,bull,equal_slot,0.08,none,0.25,11.929600717481392,0.915909420340708,1.4832475157757565,0.7968106710615964,-14.971687943871913,39.7897349670902,50.0,31.906666666666666,79.0629387654347
us,long_term_reversal,bull,equal_slot,0.08,0.25,none,12.848359456527447,0.9991230538714907,1.6579628051721818,0.9901798307908367,-12.975783849551572,43.227874882185404,92.0,31.906666666666666,79.0629387654347
us,long_term_reversal,bull,equal_slot,0.08,0.25,0.15,10.251655650353197,0.800513407944535,1.3307212505082433,0.8666011686520902,-11.829727470017842,33.652779678045434,124.0,31.37333333333333,79.0629387654347
us,long_term_reversal,bull,equal_slot,0.08,0.25,0.25,12.848359456527447,0.9991230538714907,1.6579628051721818,0.9901798307908367,-12.975783849551572,43.227874882185404,92.0,31.906666666666666,79.0629387654347
us,long_term_reversal,bull,equal_slot,0.15,none,none,12.065964505549553,0.9070751736143947,1.4041869460501908,0.9940476581452327,-12.138215312596902,40.29652994863102,18.0,32.17333333333333,79.0629387654347
us,long_term_reversal,bull,equal_slot,0.15,none,0.15,10.973947040974142,0.8283866297821822,1.3804408915753683,0.6136669375830736,-17.88257826663274,36.2721033075043,73.0,31.466666666666665,79.0629387654347
us,long_term_reversal,bull,equal_slot,0.15,none,0.25,15.415608418042437,1.1026248665819176,1.8034356129523257,1.3582799130008927,-11.349360518763929,53.13133377256043,31.0,32.13333333333333,79.0629387654347
us,long_term_reversal,bull,equal_slot,0.15,0.25,none,14.377151117068433,1.1603718576042548,1.9822390712175637,1.6187584836245807,-8.881591208638108,49.07241585484749,52.0,32.06666666666666,79.0629387654347
us,long_term_reversal,bull,equal_slot,0.15,0.25,0.15,10.498903525268366,0.8062930060258976,1.3378079911931402,0.8310327685568952,-12.633561422012177,34.54560555318298,99.0,31.466666666666665,79.0629387654347
us,long_term_reversal,bull,equal_slot,0.15,0.25,0.25,13.721831796641126,1.0952350991371211,1.8619784312274759,1.4265364037136579,-9.618984668683888,46.5481437128104,64.0,32.16,79.0629387654347
us,long_term_reversal,bull,equal_slot,0.25,none,none,12.885884190778963,0.9624095999726133,1.5084577685502576,1.06042990698391,-12.151566176994365,43.369478255683866,11.0,32.4,79.0629387654347
us,long_term_reversal,bull,equal_slot,0.25,none,0.15,11.134555527925173,0.8414788775140023,1.4041678401499558,0.6362520847141688,-17.50022639678624,36.859126622869454,73.0,31.466666666666665,79.0629387654347
us,long_term_reversal,bull,equal_slot,0.25,none,0.25,15.609374373326368,1.1156670264329915,1.8248543965619657,1.3958653170016135,-11.182579137975907,53.89671368003106,26.0,32.17333333333333,79.0629387654347
us,long_term_reversal,bull,equal_slot,0.25,0.25,none,16.650870679568076,1.3791146501197782,2.4119149094613372,2.5711640207021107,-6.476004854416562,58.05416856973111,40.0,32.25333333333333,79.0629387654347
us,long_term_reversal,bull,equal_slot,0.25,0.25,0.15,10.593749359823224,0.813810826344976,1.3513072978984215,0.8432785285228128,-12.562574524908749,34.889146596864265,99.0,31.466666666666665,79.0629387654347
us,long_term_reversal,bull,equal_slot,0.25,0.25,0.25,14.734031144733573,1.1624763025470155,1.9727878528531275,1.5242952324352042,-9.666126896686924,50.4591624159892,50.0,32.21333333333333,79.0629387654347
us,long_term_reversal,"bull,pullback",equal_slot,none,none,none,12.87188367568426,0.961474554716311,1.5068790569139334,1.0594784148841185,-12.149264671043,43.31663503962619,10.0,32.4,79.0629387654347
us,long_term_reversal,"bull,pullback",equal_slot,none,none,0.15,11.600487988243447,0.8748817298745099,1.4623258034936524,0.6488789217697866,-17.877738972632464,38.57159718328496,75.0,32.4,79.0629387654347
us,long_term_reversal,"bull,pullback",equal_slot,none,none,0.25,15.933461685824458,1.1319068043211447,1.846222927845924,1.4248467629184585,-11.182579137975907,55.18253191241635,26.0,32.4,79.0629387654347
us,long_term_reversal,"bull,pullback",equal_slot,none,0.25,none,13.78322941254928,1.2601663398489158,2.082640494871677,1.6388302956745666,-8.410406769345146,46.78343207929536,30.0,32.4,79.0629387654347
us,long_term_reversal,"bull,pullback",equal_slot,none,0.25,0.15,11.636854332188374,0.899312001451014,1.487827276091538,0.8961343725620134,-12.985613194279178,38.70585160388729,100.0,32.4,79.0629387654347
us,long_term_reversal,"bull,pullback",equal_slot,none,0.25,0.25,14.803566840744619,1.1915028508418477,2.017066280304952,1.5890001590002985,-9.316277759253415,50.73035324353727,51.0,32.4,79.0629387654347
us,long_term_reversal,"bull,pullback",equal_slot,0.08,none,none,13.74302470035782,1.0503629826295515,1.6301342964397838,0.9841669155658047,-13.96411978801061,46.629330998968356,32.0,32.4,79.0629387654347
us,long_term_reversal,"bull,pullback",equal_slot,0.08,none,0.15,11.707612322048199,0.8896436118909311,1.4880264021510914,0.8087676179602034,-14.475866815212044,38.967317692235206,93.0,32.4,79.0629387654347
us,long_term_reversal,"bull,pullback",equal_slot,0.08,none,0.25,13.371491214778054,1.0061923187954283,1.6509638098915478,0.865407689289634,-15.451088984145706,45.210353014227536,48.0,32.4,79.0629387654347
us,long_term_reversal,"bull,pullback",equal_slot,0.08,0.25,none,11.143740671026169,0.8706617480275962,1.4208210391626674,0.7898102133452232,-14.10939043675709,36.89274890947934,96.0,32.4,79.0629387654347
us,long_term_reversal,"bull,pullback",equal_slot,0.08,0.25,0.15,11.758424371776277,0.8934471095224733,1.4875916345405993,0.9454807157537025,-12.43645076610885,39.15528082922637,132.0,32.4,79.0629387654347
us,long_term_reversal,"bull,pullback",equal_slot,0.08,0.25,0.25,11.143740671026169,0.8706617480275962,1.4208210391626674,0.7898102133452232,-14.10939043675709,36.89274890947934,96.0,32.4,79.0629387654347
us,long_term_reversal,"bull,pullback",equal_slot,0.15,none,none,13.789536762570464,1.0239764867325987,1.6094131618449883,1.1360431832396185,-12.138215312596902,46.80761733766972,16.0,32.4,79.0629387654347
us,long_term_reversal,"bull,pullback",equal_slot,0.15,none,0.15,11.305889512786504,0.851182490262995,1.4195948997921004,0.6191491566923567,-18.260364874249817,37.48719873782047,75.0,32.4,79.0629387654347
us,long_term_reversal,"bull,pullback",equal_slot,0.15,none,0.25,15.514474682549961,1.1033508305928137,1.7989755849555569,1.3669910879031324,-11.349360518763929,53.521541372318396,31.0,32.4,79.0629387654347
us,long_term_reversal,"bull,pullback",equal_slot,0.15,0.25,none,13.624335218017691,1.1121600826470535,1.8934206492314507,1.4415754292149066,-9.45100404870081,46.17503111385099,52.0,32.4,79.0629387654347
us,long_term_reversal,"bull,pullback",equal_slot,0.15,0.25,0.15,11.385512078615756,0.8784242651430274,1.4502141997765032,0.8752845176149489,-13.007784154162794,37.7797270358958,100.0,32.4,79.0629387654347
us,long_term_reversal,"bull,pullback",equal_slot,0.15,0.25,0.25,14.596858243316579,1.1541839406822572,1.958091567401775,1.5169484736210483,-9.622514210039705,49.92513461547692,63.0,32.4,79.0629387654347
us,long_term_reversal,"bull,pullback",equal_slot,0.25,none,none,12.885884190778963,0.9624095999726133,1.5084577685502576,1.06042990698391,-12.151566176994365,43.369478255683866,11.0,32.4,79.0629387654347
us,long_term_reversal,"bull,pullback",equal_slot,0.25,none,0.15,11.600487988243447,0.8748817298745099,1.4623258034936524,0.6488789217697866,-17.877738972632464,38.57159718328496,75.0,32.4,79.0629387654347
us,long_term_reversal,"bull,pullback",equal_slot,0.25,none,0.25,15.933461685824458,1.1319068043211447,1.846222927845924,1.4248467629184585,-11.182579137975907,55.18253191241635,26.0,32.4,79.0629387654347
us,long_term_reversal,"bull,pullback",equal_slot,0.25,0.25,none,16.52575528818554,1.3723156185594512,2.4001444302359496,2.388562019822998,-6.918704706445161,57.55084118052807,39.0,32.4,79.0629387654347
us,long_term_reversal,"bull,pullback",equal_slot,0.25,0.25,0.15,11.636854332188374,0.899312001451014,1.487827276091538,0.8961343725620134,-12.985613194279178,38.70585160388729,100.0,32.4,79.0629387654347
us,long_term_reversal,"bull,pullback",equal_slot,0.25,0.25,0.25,14.730844394743126,1.1841722053978896,2.0012339282042366,1.5779470237461686,-9.33544927241661,50.44674178205766,51.0,32.4,79.0629387654347
us,macd_signal_cross,none,equal_slot,none,none,none,12.356031616963703,0.900250242650775,1.3016727876680863,0.7024127514311574,-17.59084184019786,41.37861395094902,808.0,99.39555555555555,79.0629387654347
us,macd_signal_cross,none,equal_slot,none,none,0.15,14.19029001021137,1.0871787710792222,1.591863392732815,0.8203474665416507,-17.29790191226354,48.349715361852596,823.0,99.35111111111111,79.0629387654347
us,macd_signal_cross,none,equal_slot,none,none,0.25,12.940898052623018,0.9564353182359766,1.4017726925406546,0.7446926725368113,-17.37750152494394,43.57724649893928,815.0,99.40444444444444,79.0629387654347
us,macd_signal_cross,none,equal_slot,none,0.25,none,10.98595699688616,0.8689910500618312,1.2370408158510398,0.6659107685872949,-16.49764129838666,36.31594173458561,830.0,99.39555555555555,79.0629387654347
us,macd_signal_cross,none,equal_slot,none,0.25,0.15,14.497137070970577,1.1013966675731828,1.63226719780757,0.8756760019710923,-16.555366412164343,49.537700675168985,868.0,99.34222222222222,79.0629387654347
us,macd_signal_cross,none,equal_slot,none,0.25,0.25,9.82904816307264,0.7905000277162448,1.122779190746438,0.5855838410859419,-16.785039943802175,32.13583865735479,840.0,99.36,79.0629387654347
us,macd_signal_cross,none,equal_slot,0.08,none,none,10.370617822232497,0.7788588388461367,1.1374581453649943,0.5277629855553846,-19.65014240496444,34.08186637524822,862.0,99.28888888888888,79.0629387654347
us,macd_signal_cross,none,equal_slot,0.08,none,0.15,11.290274063876238,0.8584699565265548,1.262173640247339,0.5808559342971584,-19.437305185730064,37.42987694228359,865.0,99.26222222222222,79.0629387654347
us,macd_signal_cross,none,equal_slot,0.08,none,0.25,11.025225765531776,0.8243848271371069,1.208008610599493,0.5631358661724251,-19.578269522183113,36.459344885838505,862.0,99.29777777777777,79.0629387654347
us,macd_signal_cross,none,equal_slot,0.08,0.25,none,4.276721209929013,0.37447425227629033,0.5243714520037464,0.20036238660558253,-21.34493046515675,13.254872818452679,916.0,99.31555555555556,79.0629387654347
us,macd_signal_cross,none,equal_slot,0.08,0.25,0.15,3.42495154367235,0.32347458258046846,0.4586281194345135,0.17323282447464128,-19.77080010130362,10.527340253789742,907.0,99.31555555555556,79.0629387654347
us,macd_signal_cross,none,equal_slot,0.08,0.25,0.25,4.276721209929013,0.37447425227629033,0.5243714520037464,0.20036238660558253,-21.34493046515675,13.254872818452679,916.0,99.31555555555556,79.0629387654347
us,macd_signal_cross,none,equal_slot,0.15,none,none,14.567993638073196,1.0653232127278465,1.570278972544472,0.7980592705735193,-18.254275309155943,49.8129222389555,821.0,99.39555555555555,79.0629387654347
us,macd_signal_cross,none,equal_slot,0.15,none,0.15,13.804975966874622,1.0532555668047572,1.536325774825375,0.7919127436886243,-17.432445780039956,46.8668294505141,823.0,99.35111111111111,79.0629387654347
us,macd_signal_cross,none,equal_slot,0.15,none,0.25,14.447924503962328,1.0594237740416763,1.5536368865181387,0.7978951249903894,-18.10754828729697,49.346746446574976,824.0,99.40444444444444,79.0629387654347
us,macd_signal_cross,none,equal_slot,0.15,0.25,none,11.413155748853487,0.8927204794420275,1.2747014241322685,0.6258805882312057,-18.235356653428223,37.88138464155566,859.0,99.41333333333334,79.0629387654347
us,macd_signal_cross,none,equal_slot,0.15,0.25,0.15,14.104631596482808,1.0664155252639487,1.5755276410616859,0.8450492019536868,-16.690899848049103,48.01920312041208,868.0,99.34222222222222,79.0629387654347
us,macd_signal_cross,none,equal_slot,0.15,0.25,0.25,11.415832027204287,0.8929558572622929,1.275076718543364,0.6262576451985525,-18.228650962951427,37.89122910397913,859.0,99.41333333333334,79.0629387654347
us,macd_signal_cross,none,equal_slot,0.25,none,none,13.203546264116595,0.9692947477225202,1.4244457426878794,0.7505920628508183,-17.59084184019786,44.571931701841486,809.0,99.39555555555555,79.0629387654347
us,macd_signal_cross,none,equal_slot,0.25,none,0.15,14.151673994355129,1.0844286139218813,1.5876054133656807,0.8181150561573102,-17.29790191226354,48.200655248354884,823.0,99.35111111111111,79.0629387654347
us,macd_signal_cross,none,equal_slot,0.25,none,0.25,12.779757723061014,0.9458617513805169,1.3861748016994835,0.7354197440130704,-17.37750152494394,42.96923928837846,815.0,99.40444444444444,79.0629387654347
us,macd_signal_cross,none,equal_slot,0.25,0.25,none,8.92105858531773,0.7202623964649145,1.0178944148595173,0.5183999855380367,-17.208832627683716,28.915362973766424,838.0,99.36888888888889,79.0629387654347
us,macd_signal_cross,none,equal_slot,0.25,0.25,0.15,14.458724994613604,1.098612591724168,1.627941497019475,0.8733557829314973,-16.555366412164343,49.38864056167125,868.0,99.34222222222222,79.0629387654347
us,macd_signal_cross,none,equal_slot,0.25,0.25,0.25,9.590670726265515,0.7726045220247916,1.0962851146083559,0.570340006711122,-16.815707496253555,31.285249252526228,840.0,99.36,79.0629387654347
us,macd_signal_cross,bull,equal_slot,none,none,none,10.25203804248116,0.8173931664561856,1.1627733006702619,0.8278123985585565,-12.384494434164925,33.65415747297125,734.0,90.92444444444445,79.0629387654347
us,macd_signal_cross,bull,equal_slot,none,none,0.15,9.222922630904806,0.7837439526738843,1.1523514204565495,0.8503051455442445,-10.846603339089054,29.980172234030956,756.0,90.7911111111111,79.0629387654347
us,macd_signal_cross,bull,equal_slot,none,none,0.25,10.386956143736104,0.8354288183459508,1.1930898380054908,0.8371182499538116,-12.40799151650225,34.14086864005912,747.0,90.89777777777778,79.0629387654347
us,macd_signal_cross,bull,equal_slot,none,0.25,none,9.682780057791796,0.8561353803435036,1.2188097445294725,1.0347221560596433,-9.357855150860095,31.61348596387561,767.0,90.71111111111112,79.0629387654347
us,macd_signal_cross,bull,equal_slot,none,0.25,0.15,11.441913222798995,0.9935246331047128,1.4609675112822265,1.2276694950436187,-9.320027311090325,37.987190985691235,787.0,90.75555555555556,79.0629387654347
us,macd_signal_cross,bull,equal_slot,none,0.25,0.25,10.142770611111484,0.9050067585298371,1.2891153258018415,1.0951043910034723,-9.261921232748783,33.26083990235675,772.0,90.71111111111112,79.0629387654347
us,macd_signal_cross,bull,equal_slot,0.08,none,none,3.989824679900744,0.3795929453803555,0.5283123229633522,0.29219785958424366,-13.654530822291791,12.331244424630894,790.0,90.5511111111111,79.0629387654347
us,macd_signal_cross,bull,equal_slot,0.08,none,0.15,8.104366791109662,0.732296781092915,1.051336509089999,0.9235299954126286,-8.77542346362954,26.06357585885877,783.0,90.87111111111112,79.0629387654347
us,macd_signal_cross,bull,equal_slot,0.08,none,0.25,5.011449364363507,0.462303219900415,0.6484388224766974,0.419738874114069,-11.939445387185144,15.643186747560932,789.0,90.53333333333333,79.0629387654347
us,macd_signal_cross,bull,equal_slot,0.08,0.25,none,1.9642510070409402,0.22120257028254176,0.30516386224348563,0.12746273506338418,-15.410394309083083,5.951994229346158,822.0,90.5511111111111,79.0629387654347
us,macd_signal_cross,bull,equal_slot,0.08,0.25,0.15,3.8642445259612357,0.38365041599335936,0.5392146991142013,0.29537886051468965,-13.082332700545646,11.928532278751792,817.0,90.56888888888889,79.0629387654347
us,macd_signal_cross,bull,equal_slot,0.08,0.25,0.25,1.9642510070409402,0.22120257028254176,0.30516386224348563,0.12746273506338418,-15.410394309083083,5.951994229346158,822.0,90.5511111111111,79.0629387654347
us,macd_signal_cross,bull,equal_slot,0.15,none,none,10.202656001998678,0.8145217208645259,1.1821622347396776,0.8986007884567351,-11.3539361784011,33.47630728832329,744.0,90.94222222222223,79.0629387654347
us,macd_signal_cross,bull,equal_slot,0.15,none,0.15,8.920896639533439,0.7555719231038764,1.1066012737796438,0.8160199127199814,-10.932204595103624,28.914793277845916,756.0,90.7911111111111,79.0629387654347
us,macd_signal_cross,bull,equal_slot,0.15,none,0.25,10.403321100514296,0.8310947064510488,1.2078918631617561,0.938715865736901,-11.082502682904574,34.19998436019822,745.0,90.93333333333334,79.0629387654347
us,macd_signal_cross,bull,equal_slot,0.15,0.25,none,10.247466109054626,0.9105023308400165,1.3003552959244253,1.0394732989394413,-9.858325480327352,33.63768498262403,779.0,90.60444444444445,79.0629387654347
us,macd_signal_cross,bull,equal_slot,0.15,0.25,0.15,11.101461826145464,0.9597819762647906,1.405882679869889,1.1814118081989478,-9.396775746697122,36.73803231242889,787.0,90.75555555555556,79.0629387654347
us,macd_signal_cross,bull,equal_slot,0.15,0.25,0.25,10.250198480811079,0.9107639665800535,1.3007645038680415,1.0404667233772869,-9.851538978142047,33.647529445047496,779.0,90.60444444444445,79.0629387654347
us,macd_signal_cross,bull,equal_slot,0.25,none,none,9.919784875417559,0.7926736602433819,1.1328113509380222,0.759205501321866,-13.066007633171845,32.46056796567214,741.0,90.90666666666665,79.0629387654347
us,macd_signal_cross,bull,equal_slot,0.25,none,0.15,9.180764420318521,0.7803512823274337,1.1471659191976578,0.8464183794048067,-10.846603339089054,29.83111212053324,756.0,90.7911111111111,79.0629387654347
us,macd_signal_cross,bull,equal_slot,0.25,none,0.25,10.21836360704449,0.8233569264036146,1.1758342973642006,0.7999511832921957,-12.773733973354295,33.532861429498276,747.0,90.89777777777778,79.0629387654347
us,macd_signal_cross,bull,equal_slot,0.25,0.25,none,9.597630563651173,0.8532379076848237,1.2095149977147794,1.029584673881263,-9.321846767076119,31.31003202645468,772.0,90.71111111111112,79.0629387654347
us,macd_signal_cross,bull,equal_slot,0.25,0.25,0.15,11.401395439950978,0.9901226214876292,1.4557358456579155,1.2233221061899615,-9.320027311090325,37.83813087219352,787.0,90.75555555555556,79.0629387654347
us,macd_signal_cross,bull,equal_slot,0.25,0.25,0.25,9.905734707882186,0.8844049263190276,1.258542502443955,1.067559791391837,-9.278857060518856,32.41025049752826,772.0,90.71111111111112,79.0629387654347
us,macd_signal_cross,"bull,pullback",equal_slot,none,none,none,12.313048577783391,0.9052745448536158,1.2972206262797172,0.7063070422569555,-17.432997041113865,41.21791913099078,805.0,98.71111111111112,79.0629387654347
us,macd_signal_cross,"bull,pullback",equal_slot,none,none,0.15,13.042010150952121,1.0097410449261424,1.4534444451178417,0.7609788541234933,-17.138465911742188,43.95963263188256,825.0,98.51555555555555,79.0629387654347
us,macd_signal_cross,"bull,pullback",equal_slot,none,none,0.25,12.898353148039154,0.9624453168796763,1.3975066866172068,0.7490421815974346,-17.21979544667519,43.416551678981044,812.0,98.72,79.0629387654347
us,macd_signal_cross,"bull,pullback",equal_slot,none,0.25,none,10.075098592185384,0.8101236943680649,1.138505894289634,0.6169232773591605,-16.33120188836684,33.01763417023533,826.0,98.49777777777777,79.0629387654347
us,macd_signal_cross,"bull,pullback",equal_slot,none,0.25,0.15,13.306254970579467,1.030029790706822,1.5080735485369712,0.8119698389019702,-16.387622215836938,44.962144031940895,857.0,98.25777777777778,79.0629387654347
us,macd_signal_cross,"bull,pullback",equal_slot,none,0.25,0.25,10.339911895225029,0.8371783152873623,1.17946789845351,0.6221523773694585,-16.619581104782604,33.97102525368012,835.0,98.48,79.0629387654347
us,macd_signal_cross,"bull,pullback",equal_slot,0.08,none,none,7.812770852116424,0.6078023935814235,0.8681627297070856,0.4018864835357333,-19.440242884958234,25.055592343386923,861.0,97.91111111111111,79.0629387654347
us,macd_signal_cross,"bull,pullback",equal_slot,0.08,none,0.15,8.775390245826497,0.687468810942219,0.986930122179268,0.4564239664467124,-19.226401089634777,28.403602910422432,864.0,97.88444444444444,79.0629387654347
us,macd_signal_cross,"bull,pullback",equal_slot,0.08,none,0.25,8.498074617462281,0.6554688789047111,0.9395263923101799,0.43873812562085096,-19.369355251351358,27.43307085397726,861.0,97.92,79.0629387654347
us,macd_signal_cross,"bull,pullback",equal_slot,0.08,0.25,none,1.5932087506463022,0.1832617667548628,0.2515244025210659,0.07197238538998506,-22.13638942232415,4.810151031633625,905.0,97.74222222222222,79.0629387654347
us,macd_signal_cross,"bull,pullback",equal_slot,0.08,0.25,0.15,2.3666973583305717,0.2427766596687282,0.3388826983750205,0.11596419775943559,-20.40886242528248,7.199778971905291,896.0,97.74222222222222,79.0629387654347
us,macd_signal_cross,"bull,pullback",equal_slot,0.08,0.25,0.25,1.5932087506463022,0.1832617667548628,0.2515244025210659,0.07197238538998506,-22.13638942232415,4.810151031633625,905.0,97.74222222222222,79.0629387654347
us,macd_signal_cross,"bull,pullback",equal_slot,0.15,none,none,13.402907270365926,0.9886102099055228,1.435458861475965,0.7406277780423729,-18.096684552924124,45.329984452706796,823.0,98.56,79.0629387654347
us,macd_signal_cross,"bull,pullback",equal_slot,0.15,none,0.15,12.624192683306878,0.9735426600016835,1.3956867918891709,0.7309148348947451,-17.271769679055453,42.38389166426537,825.0,98.51555555555555,79.0629387654347
us,macd_signal_cross,"bull,pullback",equal_slot,0.15,none,0.25,13.280389193134612,0.982514626401115,1.4190985990465348,0.7398746516905573,-17.949512343462413,44.863808660326285,826.0,98.56888888888889,79.0629387654347
us,macd_signal_cross,"bull,pullback",equal_slot,0.15,0.25,none,9.280530746700123,0.7595735807384579,1.0662822803436478,0.5135869686284882,-18.07002769459548,30.184042609872574,845.0,98.32888888888888,79.0629387654347
us,macd_signal_cross,"bull,pullback",equal_slot,0.15,0.25,0.15,12.818933074460714,0.9874823729473887,1.441329758832334,0.7758807601008282,-16.52178238418343,43.116896403816995,857.0,98.25777777777778,79.0629387654347
us,macd_signal_cross,"bull,pullback",equal_slot,0.15,0.25,0.25,9.283311003266448,0.7598160836986032,1.0666562504963233,0.5139315459885911,-18.063322004118675,30.193887072296043,845.0,98.32888888888888,79.0629387654347
us,macd_signal_cross,"bull,pullback",equal_slot,0.25,none,none,13.161195926674928,0.9754331076377115,1.4202474153735383,0.7549588803139042,-17.432997041113865,44.41123688188328,806.0,98.71111111111112,79.0629387654347
us,macd_signal_cross,"bull,pullback",equal_slot,0.25,none,0.15,13.002616288327529,1.0069146479299227,1.4491654743071238,0.7586802900146951,-17.138465911742188,43.81057251838485,825.0,98.51555555555555,79.0629387654347
us,macd_signal_cross,"bull,pullback",equal_slot,0.25,none,0.25,12.737092779560788,0.9517435594882647,1.381871119543079,0.7396773567377118,-17.21979544667519,42.808544468420216,812.0,98.72,79.0629387654347
us,macd_signal_cross,"bull,pullback",equal_slot,0.25,0.25,none,9.440296267756732,0.7663815958836144,1.0742868252906683,0.5539291760886432,-17.042424691213657,30.750549570091735,833.0,98.4888888888889,79.0629387654347
us,macd_signal_cross,"bull,pullback",equal_slot,0.25,0.25,0.15,13.267042186935463,1.0271363829452782,1.503651157304205,0.8095770095379817,-16.387622215836938,44.81308391844318,857.0,98.25777777777778,79.0629387654347
us,macd_signal_cross,"bull,pullback",equal_slot,0.25,0.25,0.25,10.103713178322193,0.8191820568041903,1.1529767324691793,0.606831575619429,-16.649946351273385,33.120435848851606,835.0,98.48,79.0629387654347
us,stochastic_cross,none,equal_slot,none,none,none,19.294624083813726,1.2201057144743381,1.7937449684719886,1.0482014198841694,-18.407363048550213,68.9406891169376,699.0,99.47555555555554,79.0629387654347
us,stochastic_cross,none,equal_slot,none,none,0.15,16.073753602878483,0.9957338737865399,1.4790285581447067,0.819080931795872,-19.624133561058553,55.74134438903771,768.0,99.53777777777778,79.0629387654347
us,stochastic_cross,none,equal_slot,none,none,0.25,18.225607532009768,1.1765783328518666,1.714393469128434,0.9357689283042437,-19.476611138432812,64.48068192525935,714.0,99.42222222222222,79.0629387654347
us,stochastic_cross,none,equal_slot,none,0.25,none,18.21030605220755,1.160633978506726,1.6993123220090096,1.0029404430520104,-18.156916672731285,64.41741705464976,698.0,99.47555555555554,79.0629387654347
us,stochastic_cross,none,equal_slot,none,0.25,0.15,14.473465202562963,0.8859604045006587,1.317294453338163,0.6938791333113008,-20.858769932298298,49.44582906225512,779.0,99.47555555555554,79.0629387654347
us,stochastic_cross,none,equal_slot,none,0.25,0.25,17.154252517401215,1.1021959114578614,1.593364902879277,0.8724287379100429,-19.662640364753788,60.09000797764561,714.0,99.42222222222222,79.0629387654347
us,stochastic_cross,none,equal_slot,0.08,none,none,16.89037682316097,1.192101694333927,1.7705484145805253,0.9612322898392494,-17.57158701564802,59.020653091671235,902.0,99.35111111111111,79.0629387654347
us,stochastic_cross,none,equal_slot,0.08,none,0.15,16.518765512833,1.1496509577826097,1.6805141653852917,0.8764200550202577,-18.848000360342258,57.52275338822423,902.0,99.31555555555556,79.0629387654347
us,stochastic_cross,none,equal_slot,0.08,none,0.25,16.84589063617721,1.1887658469605753,1.7654776928102762,0.9581917540830315,-17.58091797846701,58.84084127240299,903.0,99.35111111111111,79.0629387654347
us,stochastic_cross,none,equal_slot,0.08,0.25,none,16.430463970410948,1.1506450638129309,1.711544204862447,0.9228647284209284,-17.80376198635781,57.16820754823275,904.0,99.33333333333334,79.0629387654347
us,stochastic_cross,none,equal_slot,0.08,0.25,0.15,16.09683060194156,1.1132239499270042,1.646142704624711,0.8606705436106065,-18.702662385090587,55.83339266127511,907.0,99.32444444444445,79.0629387654347
us,stochastic_cross,none,equal_slot,0.08,0.25,0.25,16.430463970410948,1.1506450638129309,1.711544204862447,0.9228647284209284,-17.80376198635781,57.16820754823275,904.0,99.33333333333334,79.0629387654347
us,stochastic_cross,none,equal_slot,0.15,none,none,17.4519294895082,1.1109482964168933,1.6193889989337538,0.869710656754102,-20.066362708077612,61.30205756918343,736.0,99.46666666666667,79.0629387654347
us,stochastic_cross,none,equal_slot,0.15,none,0.15,15.072135600168423,0.921408245852627,1.355127527066068,0.7094206666155589,-21.245695691490397,51.78082305705918,768.0,99.53777777777778,79.0629387654347
us,stochastic_cross,none,equal_slot,0.15,none,0.25,17.010982312023025,1.0864704673667558,1.5784183268128473,0.8472954987043516,-20.076800051499745,59.50881616147372,741.0,99.46666666666667,79.0629387654347
us,stochastic_cross,none,equal_slot,0.15,0.25,none,14.324575161799613,0.9344911171493985,1.352161255139785,0.7036489831361872,-20.35755825007307,48.868838443216944,735.0,99.46666666666667,79.0629387654347
us,stochastic_cross,none,equal_slot,0.15,0.25,0.15,13.202898592984535,0.803907917579951,1.1744800715074426,0.5698038358482994,-23.170954216776423,44.56947327483125,779.0,99.47555555555554,79.0629387654347
us,stochastic_cross,none,equal_slot,0.15,0.25,0.25,14.406413007383856,0.9334867656023652,1.3522036697740272,0.7076690058019187,-20.35755825007307,49.18579971285821,740.0,99.46666666666667,79.0629387654347
us,stochastic_cross,none,equal_slot,0.25,none,none,19.325433623870246,1.2091482943886072,1.764052047010143,0.9035335902303038,-21.38872736202795,69.07040420067798,711.0,99.39555555555555,79.0629387654347
us,stochastic_cross,none,equal_slot,0.25,none,0.15,15.674858668922598,0.9643245247578348,1.427978633362886,0.7903165839089432,-19.833645134199266,54.155950860039106,768.0,99.53777777777778,79.0629387654347
us,stochastic_cross,none,equal_slot,0.25,none,0.25,18.095226086553453,1.163896578452945,1.6938043255146975,0.9251513967679038,-19.559205282260486,63.942129448293095,714.0,99.42222222222222,79.0629387654347
us,stochastic_cross,none,equal_slot,0.25,0.25,none,16.672076083544816,1.0462317698828438,1.5113370650401623,0.8556177069541613,-19.485426666652664,58.139581504944914,709.0,99.48444444444445,79.0629387654347
us,stochastic_cross,none,equal_slot,0.25,0.25,0.15,14.032201956255786,0.8552815344428898,1.2660221168432806,0.6665596404353465,-21.051682557754333,47.74011553503952,779.0,99.47555555555554,79.0629387654347
us,stochastic_cross,none,equal_slot,0.25,0.25,0.25,17.02150514334999,1.0898757429528922,1.5736953397294884,0.8619994680454484,-19.746537874258344,59.55145550067942,714.0,99.42222222222222,79.0629387654347
us,stochastic_cross,none,atr_risk,none,none,none,19.074959855204554,1.2402373747754556,1.8231839770798248,1.0037081012689038,-19.004489284374298,68.01776674328615,699.0,99.47555555555554,79.0629387654347
us,stochastic_cross,bull,equal_slot,none,none,none,13.466676437549596,0.9318678087332172,1.3528593082200329,0.7475680578500714,-18.013980528111873,45.5730166761039,632.0,91.61777777777777,79.0629387654347
us,stochastic_cross,bull,equal_slot,none,none,0.15,6.550357405541618,0.5139740167731843,0.7347162544117577,0.35388285332073555,-18.509959847093285,20.753386220742165,696.0,90.96888888888888,79.0629387654347
us,stochastic_cross,bull,equal_slot,none,none,0.25,9.380429390927002,0.6760631064270584,0.9607530090251587,0.48528021176407216,-19.329923544229473,30.53807847863952,652.0,91.81333333333333,79.0629387654347
us,stochastic_cross,bull,equal_slot,none,0.25,none,12.815244551328986,0.889606079924257,1.29360784406119,0.72977370656169,-17.560573142197295,43.10298955581726,631.0,91.6888888888889,79.0629387654347
us,stochastic_cross,bull,equal_slot,none,0.25,0.15,7.35487378941444,0.5657685928948154,0.8023504962215979,0.37369572683573066,-19.68145007086875,23.483558674882012,701.0,91.0488888888889,79.0629387654347
us,stochastic_cross,bull,equal_slot,none,0.25,0.25,9.465621619989806,0.6801858767780461,0.9748221768115825,0.50321811275898,-18.810176700701223,30.840499770169536,649.0,91.67111111111112,79.0629387654347
us,stochastic_cross,bull,equal_slot,0.08,none,none,13.23417502044606,1.0643907505768366,1.5859657248656482,0.7969967515452362,-16.605055158364607,44.68822386758702,808.0,90.46222222222222,79.0629387654347
us,stochastic_cross,bull,equal_slot,0.08,none,0.15,12.002470516013354,0.9596381404568055,1.3846838026377772,0.6735831358371899,-17.8188405817132,40.06040361585805,807.0,90.30222222222223,79.0629387654347
us,stochastic_cross,bull,equal_slot,0.08,none,0.25,13.186809703697811,1.0601449906281089,1.5805209688149795,0.7936951574361738,-16.61445150590861,44.508412048318746,809.0,90.46222222222222,79.0629387654347
us,stochastic_cross,bull,equal_slot,0.08,0.25,none,12.281940296835469,0.9878676838261651,1.444865278492871,0.7353426824509037,-16.702335645606283,41.101694478443406,809.0,90.41777777777777,79.0629387654347
us,stochastic_cross,bull,equal_slot,0.08,0.25,0.15,11.84714622584333,0.9501614328798319,1.37259566664163,0.7004163670521072,-16.91443373275994,39.48388362012088,809.0,90.4088888888889,79.0629387654347
us,stochastic_cross,bull,equal_slot,0.08,0.25,0.25,12.281940296835469,0.9878676838261651,1.444865278492871,0.7353426824509037,-16.702335645606283,41.101694478443406,809.0,90.41777777777777,79.0629387654347
us,stochastic_cross,bull,equal_slot,0.15,none,none,6.551553231345064,0.5097421703510921,0.7301718334605225,0.39239556875875453,-16.696297697930863,20.75741430374589,669.0,91.08444444444444,79.0629387654347
us,stochastic_cross,bull,equal_slot,0.15,none,0.15,5.521503860330035,0.4389155233871758,0.622037160668208,0.2786741402870297,-19.813477686314844,17.320675729151635,696.0,90.96888888888888,79.0629387654347
us,stochastic_cross,bull,equal_slot,0.15,none,0.25,5.347416145007733,0.4283531503396377,0.60462425898278,0.2822799842955096,-18.943660346139524,16.7463262276206,673.0,91.16444444444444,79.0629387654347
us,stochastic_cross,bull,equal_slot,0.15,0.25,none,6.1568955102888845,0.4918820870041041,0.6974758414667442,0.3460781964727227,-17.79047502281514,19.432863378241972,670.0,91.18222222222222,79.0629387654347
us,stochastic_cross,bull,equal_slot,0.15,0.25,0.15,6.284307102836606,0.4869080337657836,0.6842733646114875,0.29191234854762,-21.52806187920289,19.859423018177335,701.0,91.0488888888889,79.0629387654347
us,stochastic_cross,bull,equal_slot,0.15,0.25,0.25,5.1497477594816266,0.42014464479519004,0.590018881689933,0.28946656864852716,-17.79047502281514,16.096444984369683,675.0,91.18222222222222,79.0629387654347
us,stochastic_cross,bull,equal_slot,0.25,none,none,9.443861482021543,0.6741389842090331,0.9630090519043607,0.44892654324334313,-21.036540663852985,30.763209961329796,639.0,91.38666666666667,79.0629387654347
us,stochastic_cross,bull,equal_slot,0.25,none,0.15,6.175881943778072,0.4849758213233773,0.6909744350932303,0.3302849299892463,-18.698648902870477,19.4963638421231,696.0,90.96888888888888,79.0629387654347
us,stochastic_cross,bull,equal_slot,0.25,none,0.25,9.214126729089633,0.6633522820172583,0.9415633328054724,0.47491070941266644,-19.4018086904904,29.949062917102175,652.0,91.81333333333333,79.0629387654347
us,stochastic_cross,bull,equal_slot,0.25,0.25,none,10.627183776015968,0.7724108181057385,1.1202231183015046,0.5826653250984952,-18.23891575188471,35.010387988050674,640.0,91.40444444444444,79.0629387654347
us,stochastic_cross,bull,equal_slot,0.25,0.25,0.15,6.941438477522643,0.533340984445567,0.7533852724951913,0.3470663920336593,-20.000318777190753,22.075483453047816,701.0,91.0488888888889,79.0629387654347
us,stochastic_cross,bull,equal_slot,0.25,0.25,0.25,9.299574694942358,0.6674938203087196,0.9554626402527786,0.49255823861498005,-18.880152570570633,30.251484208632196,649.0,91.67111111111112,79.0629387654347
us,stochastic_cross,bull,atr_risk,0.08,none,none,13.13152110381508,1.0752821629769973,1.5942817849865478,0.7966341335349548,-16.483754023375514,44.29870889205143,808.0,90.46222222222222,79.0629387654347
us,stochastic_cross,"bull,pullback",equal_slot,none,none,none,17.610130909067955,1.1429231507473607,1.6738062215273346,0.9566894977091763,-18.407363048550213,61.948676060579764,690.0,98.08888888888887,79.0629387654347
us,stochastic_cross,"bull,pullback",equal_slot,none,none,0.15,12.988019354756531,0.8278225306377606,1.223261164450001,0.6618391234622203,-19.624133561058553,43.75536605787333,759.0,98.23111111111112,79.0629387654347
us,stochastic_cross,"bull,pullback",equal_slot,none,none,0.25,17.164100625531375,1.1130854476974985,1.6090415698017333,0.8812673058744699,-19.476611138432812,60.130009475506995,709.0,98.24000000000001,79.0629387654347
us,stochastic_cross,"bull,pullback",equal_slot,none,0.25,none,18.266713130048352,1.1667841745663685,1.713619052047111,1.006047087140184,-18.156916672731285,64.650715421286,692.0,98.11555555555555,79.0629387654347
us,stochastic_cross,"bull,pullback",equal_slot,none,0.25,0.15,12.700552564057954,0.7952868697930384,1.1808923742509247,0.6088831031398485,-20.858769932298298,42.671013365040466,769.0,98.23111111111112,79.0629387654347
us,stochastic_cross,"bull,pullback",equal_slot,none,0.25,0.25,17.086796793024806,1.106760424381833,1.6000726747515592,0.8689980834747756,-19.662640364753788,59.81619145886259,704.0,98.20444444444443,79.0629387654347
us,stochastic_cross,"bull,pullback",equal_slot,0.08,none,none,18.736695887470646,1.3249733772894956,1.9748356733542378,1.0663064110706142,-17.57158701564802,66.60309850730776,884.0,98.24000000000001,79.0629387654347
us,stochastic_cross,"bull,pullback",equal_slot,0.08,none,0.15,14.980385676826558,1.0486871578123516,1.5210715329828663,0.794799734211939,-18.848000360342258,51.42141136031162,889.0,98.06222222222222,79.0629387654347
us,stochastic_cross,"bull,pullback",equal_slot,0.08,none,0.25,18.48818327538733,1.3104271672015304,1.9514571949218995,1.051605115161309,-17.58091797846701,65.56883508201499,886.0,98.24000000000001,79.0629387654347
us,stochastic_cross,"bull,pullback",equal_slot,0.08,0.25,none,16.610144346775968,1.1722124847017876,1.7417190514662702,0.9329569986109423,-17.80376198635781,57.890213434287155,890.0,98.10666666666667,79.0629387654347
us,stochastic_cross,"bull,pullback",equal_slot,0.08,0.25,0.15,13.767448087523416,0.9690578414485962,1.4173030419647714,0.7361223661128892,-18.702662385090587,46.72293086046728,896.0,98.05333333333334,79.0629387654347
us,stochastic_cross,"bull,pullback",equal_slot,0.08,0.25,0.25,16.610144346775968,1.1722124847017876,1.7417190514662702,0.9329569986109423,-17.80376198635781,57.890213434287155,890.0,98.10666666666667,79.0629387654347
us,stochastic_cross,"bull,pullback",equal_slot,0.15,none,none,14.993610121052935,0.9777927895066286,1.4163510976296856,0.7472011913258866,-20.066362708077612,51.473180564696385,726.0,98.37333333333333,79.0629387654347
us,stochastic_cross,"bull,pullback",equal_slot,0.15,none,0.15,11.87041912288802,0.7499143010078178,1.0973036442515283,0.5587211308708764,-21.245695691490397,39.57016557121123,759.0,98.23111111111112,79.0629387654347
us,stochastic_cross,"bull,pullback",equal_slot,0.15,none,0.25,14.392561739540755,0.9404209513750736,1.357221160908541,0.716875284040378,-20.076800051499745,49.13212174444184,730.0,98.37333333333333,79.0629387654347
us,stochastic_cross,"bull,pullback",equal_slot,0.15,0.25,none,14.048720520465174,0.9296840118612774,1.348389252984229,0.690098505326136,-20.35755825007307,47.8037344902416,724.0,98.32,79.0629387654347
us,stochastic_cross,"bull,pullback",equal_slot,0.15,0.25,0.15,11.388550168868061,0.7114875100512691,1.0382581986650792,0.49150112948833286,-23.170954216776423,37.79089696054423,769.0,98.23111111111112,79.0629387654347
us,stochastic_cross,"bull,pullback",equal_slot,0.15,0.25,0.25,13.93004836425673,0.9209093539140641,1.3335134713251733,0.6842691148486205,-20.35755825007307,47.347088763622104,729.0,98.32,79.0629387654347
us,stochastic_cross,"bull,pullback",equal_slot,0.25,none,none,15.957772241467438,1.0237822421026348,1.4791346470456757,0.7460832975877635,-21.38872736202795,55.27927055578863,694.0,97.93777777777778,79.0629387654347
us,stochastic_cross,"bull,pullback",equal_slot,0.25,none,0.15,12.65045935683984,0.8019640626954926,1.1819733048233438,0.6378282595682112,-19.833645134199266,42.48261399465427,759.0,98.23111111111112,79.0629387654347
us,stochastic_cross,"bull,pullback",equal_slot,0.25,none,0.25,16.993193206333324,1.0980448159106753,1.5847847947986806,0.8688079582530663,-19.559205282260486,59.43675050474808,709.0,98.24000000000001,79.0629387654347
us,stochastic_cross,"bull,pullback",equal_slot,0.25,0.25,none,16.443599104609262,1.040342173433983,1.5106685077917434,0.8438921757228349,-19.485426666652664,57.220913805418625,696.0,97.97333333333333,79.0629387654347
us,stochastic_cross,"bull,pullback",equal_slot,0.25,0.25,0.15,12.337737107081681,0.7699554334793847,1.1389508483775728,0.5860689316986261,-21.051682557754333,41.31020394162619,769.0,98.23111111111112,79.0629387654347
us,stochastic_cross,"bull,pullback",equal_slot,0.25,0.25,0.25,16.953898290212855,1.094301230234229,1.580150147455458,0.8585757360693601,-19.746537874258344,59.277638981896395,704.0,98.20444444444443,79.0629387654347
us,connors_rsi2,none,equal_slot,none,none,none,11.784021438682446,0.7441045921920839,1.2098821118301504,0.7329734086541342,-16.07701084316271,39.2500329605332,2716.0,87.28666666666666,79.0629387654347
us,connors_rsi2,none,equal_slot,none,none,0.15,12.377491790235107,0.7930650777381183,1.3074295798750288,0.881940429996309,-14.034385281879988,41.45888956295505,2832.0,87.24666666666666,79.0629387654347
us,connors_rsi2,none,equal_slot,none,none,0.25,12.553594755985031,0.811746546398366,1.3095508496633912,0.8915972460823203,-14.079894045372557,42.11877690074637,2740.0,87.25333333333334,79.0629387654347
us,connors_rsi2,none,equal_slot,none,0.25,none,11.862010741280905,0.7493708437994593,1.2188716598442135,0.7395905634257371,-16.038618294880365,39.53898824768927,2716.0,87.28666666666666,79.0629387654347
us,connors_rsi2,none,equal_slot,none,0.25,0.15,12.433221508075775,0.7989763505928916,1.3144298430185588,0.8986573837638233,-13.835330052040565,41.66749777235332,2832.0,87.24666666666666,79.0629387654347
us,connors_rsi2,none,equal_slot,none,0.25,0.25,12.684348435484871,0.8207640991583373,1.3250197677405746,0.913789582294184,-13.88103856868144,42.61005194418808,2740.0,87.25333333333334,79.0629387654347
us,connors_rsi2,none,equal_slot,0.08,none,none,12.569823475748333,0.8323355831676073,1.3814170853662786,0.7633935854708657,-16.4657179664343,42.17969121748213,3059.0,87.20666666666666,79.0629387654347
us,connors_rsi2,none,equal_slot,0.08,none,0.15,13.812472465538384,0.8502704290055318,1.515115298561958,0.8388624470366484,-16.4657179664343,46.89558557949165,3060.0,87.20666666666666,79.0629387654347
us,connors_rsi2,none,equal_slot,0.08,none,0.25,12.569823475748333,0.8323355831676073,1.3814170853662786,0.7633935854708657,-16.4657179664343,42.17969121748213,3059.0,87.20666666666666,79.0629387654347
us,connors_rsi2,none,equal_slot,0.08,0.25,none,12.64716914768651,0.8396699575904357,1.391912041705368,0.7716679188134578,-16.389393467507652,42.47024537650796,3059.0,87.20666666666666,79.0629387654347
us,connors_rsi2,none,equal_slot,0.08,0.25,0.15,13.888163100753603,0.8570246691853179,1.5257127586675643,0.8473872525110344,-16.389393467507652,47.18613973851748,3060.0,87.20666666666666,79.0629387654347
us,connors_rsi2,none,equal_slot,0.08,0.25,0.25,12.64716914768651,0.8396699575904357,1.391912041705368,0.7716679188134578,-16.389393467507652,42.47024537650796,3059.0,87.20666666666666,79.0629387654347
us,connors_rsi2,none,equal_slot,0.15,none,none,12.709616688945502,0.8221499062637153,1.346612974673353,0.8584273614263941,-14.805698490116557,42.70512097606287,2810.0,87.24000000000001,79.0629387654347
us,connors_rsi2,none,equal_slot,0.15,none,0.15,11.938435680313809,0.7620277284207686,1.2493231619770002,0.8138188168539744,-14.669648124462023,39.82253317649851,2832.0,87.24666666666666,79.0629387654347
us,connors_rsi2,none,equal_slot,0.15,none,0.25,12.709616688945502,0.8221499062637153,1.346612974673353,0.8584273614263941,-14.805698490116557,42.70512097606287,2810.0,87.24000000000001,79.0629387654347
us,connors_rsi2,none,equal_slot,0.15,0.25,none,12.765023227930584,0.8281968686362878,1.353686246399978,0.8635625288827113,-14.781816951282195,42.9137291854611,2810.0,87.24000000000001,79.0629387654347
us,connors_rsi2,none,equal_slot,0.15,0.25,0.15,11.994597004316155,0.7678029024519857,1.2561877408456013,0.8289923508306261,-14.46888742977896,40.03114138589681,2832.0,87.24666666666666,79.0629387654347
us,connors_rsi2,none,equal_slot,0.15,0.25,0.25,12.765023227930584,0.8281968686362878,1.353686246399978,0.8635625288827113,-14.781816951282195,42.9137291854611,2810.0,87.24000000000001,79.0629387654347
us,connors_rsi2,none,equal_slot,0.25,none,none,12.382786875449959,0.7975670648302354,1.2893231627507111,0.8622163644603924,-14.361577193213648,41.478701426112316,2737.0,87.27333333333334,79.0629387654347
us,connors_rsi2,none,equal_slot,0.25,none,0.15,11.929966992114993,0.7606374749342234,1.2507034289512997,0.810552692634366,-14.718311468859074,39.79109459430157,2832.0,87.24666666666666,79.0629387654347
us,connors_rsi2,none,equal_slot,0.25,none,0.25,12.392184659361938,0.8002923750728667,1.288893107433521,0.8630078064531919,-14.359296134633597,41.513868303826214,2740.0,87.25333333333334,79.0629387654347
us,connors_rsi2,none,equal_slot,0.25,0.25,none,12.513932104326253,0.8065396025220134,1.3047050030405065,0.8836379631056267,-14.161831685393972,41.96997646955409,2737.0,87.27333333333334,79.0629387654347
us,connors_rsi2,none,equal_slot,0.25,0.25,0.15,11.986136690545246,0.7664313060121463,1.2575779862606344,0.8257179089155587,-14.516018801489986,39.99970280369985,2832.0,87.24666666666666,79.0629387654347
us,connors_rsi2,none,equal_slot,0.25,0.25,0.25,12.523308299486313,0.8092924860581326,1.304289328216813,0.8844281697233455,-14.15977998914675,42.00514334726799,2740.0,87.25333333333334,79.0629387654347
us,connors_rsi2,bull,equal_slot,none,none,none,8.819018802544543,0.6175333386474916,0.9912231992462082,0.4438767259133408,-19.868171245965037,28.55673649284998,2444.0,79.03999999999999,79.0629387654347
us,connors_rsi2,bull,equal_slot,none,none,0.15,8.783055649333704,0.6134068132406307,1.0037581003464529,0.43081775854464266,-20.386939663313754,28.430499241196962,2538.0,78.92,79.0629387654347
us,connors_rsi2,bull,equal_slot,none,none,0.25,9.635392154659517,0.6762708590847655,1.0949991145846152,0.5122586043065098,-18.809624813825835,31.444548617096892,2460.0,78.93333333333334,79.0629387654347
us,connors_rsi2,bull,equal_slot,none,0.25,none,8.905301187839187,0.6235111417446222,1.0012365790910467,0.4492300449314009,-19.823476386578417,28.85993913126128,2444.0,79.03999999999999,79.0629387654347
us,connors_rsi2,bull,equal_slot,none,0.25,0.15,8.92848891143192,0.62332592698217,1.020611939454839,0.4426596384754127,-20.17009940681061,28.941503311178153,2538.0,78.92,79.0629387654347
us,connors_rsi2,bull,equal_slot,none,0.25,0.25,9.773085791204593,0.6859638459397144,1.111536653255099,0.5255000244689033,-18.597688555926833,31.93582366053862,2460.0,78.93333333333334,79.0629387654347
us,connors_rsi2,bull,equal_slot,0.08,none,none,8.950877042055193,0.6450887058425914,1.0685948400250458,0.4425765188061932,-20.224473422583078,29.02028737474136,2731.0,78.73333333333333,79.0629387654347
us,connors_rsi2,bull,equal_slot,0.08,none,0.15,10.27479828111093,0.6724791724505194,1.2244207047962772,0.5080378641472005,-20.224473422583078,33.7361817367509,2732.0,78.73333333333333,79.0629387654347
us,connors_rsi2,bull,equal_slot,0.08,none,0.25,8.950877042055193,0.6450887058425914,1.0685948400250458,0.4425765188061932,-20.224473422583078,29.02028737474136,2731.0,78.73333333333333,79.0629387654347
us,connors_rsi2,bull,equal_slot,0.08,0.25,none,9.098758922273408,0.6556109555636349,1.0867650041148205,0.45160518168239405,-20.147596376944154,29.541487694678658,2731.0,78.73333333333333,79.0629387654347
us,connors_rsi2,bull,equal_slot,0.08,0.25,0.15,10.41920588190639,0.6821052002454999,1.2424263888551221,0.5171438660459557,-20.147596376944154,34.2573820566882,2732.0,78.73333333333333,79.0629387654347
us,connors_rsi2,bull,equal_slot,0.08,0.25,0.25,9.098758922273408,0.6556109555636349,1.0867650041148205,0.45160518168239405,-20.147596376944154,29.541487694678658,2731.0,78.73333333333333,79.0629387654347
us,connors_rsi2,bull,equal_slot,0.15,none,none,8.919430185948073,0.6283777725217913,1.0180124990002029,0.4239965372209228,-21.036563752171915,28.90963463594416,2518.0,78.89999999999999,79.0629387654347
us,connors_rsi2,bull,equal_slot,0.15,none,0.15,8.426389490410969,0.5891014835605387,0.9621804038371349,0.39564850558628517,-21.297665406127244,27.182985955641946,2538.0,78.92,79.0629387654347
us,connors_rsi2,bull,equal_slot,0.15,none,0.25,8.919430185948073,0.6283777725217913,1.0180124990002029,0.4239965372209228,-21.036563752171915,28.90963463594416,2518.0,78.89999999999999,79.0629387654347
us,connors_rsi2,bull,equal_slot,0.15,0.25,none,9.06528553203312,0.6385087392081923,1.034988039853139,0.4353311917012365,-20.82388237931394,29.423390755307356,2518.0,78.89999999999999,79.0629387654347
us,connors_rsi2,bull,equal_slot,0.15,0.25,0.15,8.583184794968957,0.5995271944085219,0.9797465579939566,0.40758887732805105,-21.058437244990653,27.7304145888418,2538.0,78.92,79.0629387654347
us,connors_rsi2,bull,equal_slot,0.15,0.25,0.25,9.06528553203312,0.6385087392081923,1.034988039853139,0.4353311917012365,-20.82388237931394,29.423390755307356,2518.0,78.89999999999999,79.0629387654347
us,connors_rsi2,bull,equal_slot,0.25,none,none,9.37280109870169,0.6580775559931962,1.0646232870641401,0.48783986289501663,-19.212864326174834,30.511021685426563,2458.0,78.95333333333333,79.0629387654347
us,connors_rsi2,bull,equal_slot,0.25,none,0.15,8.252113462750433,0.5764081113077345,0.9407176026524442,0.3891627225797122,-21.204789112503324,26.57635522448869,2538.0,78.92,79.0629387654347
us,connors_rsi2,bull,equal_slot,0.25,none,0.25,9.50549677336523,0.6670108671499877,1.0795443102908637,0.4953443721430117,-19.189673503791987,30.982210940340906,2460.0,78.93333333333334,79.0629387654347
us,connors_rsi2,bull,equal_slot,0.25,0.25,none,9.511146261716918,0.6677491706656076,1.0810735685055426,0.5005943047011732,-18.999709290329506,31.002296728868338,2458.0,78.95333333333333,79.0629387654347
us,connors_rsi2,bull,equal_slot,0.25,0.25,0.15,8.412530100925153,0.587005424805977,0.958496323898106,0.40126323125547375,-20.96511577849782,27.134672883509147,2538.0,78.92,79.0629387654347
us,connors_rsi2,bull,equal_slot,0.25,0.25,0.25,9.643512120598086,0.6766918908508116,1.0960378372740545,0.5081729603809656,-18.976830473956284,31.473485983782655,2460.0,78.93333333333334,79.0629387654347
us,connors_rsi2,"bull,pullback",equal_slot,none,none,none,10.530210179646016,0.6721778003179555,1.0920971448999186,0.6549855742695069,-16.07701084316271,34.658937099575795,2667.0,85.86,79.0629387654347
us,connors_rsi2,"bull,pullback",equal_slot,none,none,0.15,11.179734282011156,0.7219575233489467,1.190314051748343,0.7764087410604567,-14.399289563305706,37.024556619481785,2781.0,85.82000000000001,79.0629387654347
us,connors_rsi2,"bull,pullback",equal_slot,none,none,0.25,11.199433687093329,0.7301115978932486,1.176345306175673,0.7552441912393445,-14.828890863384498,37.096730996005725,2691.0,85.82666666666667,79.0629387654347
us,connors_rsi2,"bull,pullback",equal_slot,none,0.25,none,10.60995201926529,0.6774322039853546,1.1010108532644074,0.6615253149738004,-16.038618294880365,34.94789238673186,2667.0,85.86,79.0629387654347
us,connors_rsi2,"bull,pullback",equal_slot,none,0.25,0.15,11.236653393499086,0.7275987798271093,1.197161848890573,0.7786447415152215,-14.431039978042955,37.233164828880085,2781.0,85.82000000000001,79.0629387654347
us,connors_rsi2,"bull,pullback",equal_slot,none,0.25,0.25,11.333340690223404,0.7391452956482214,1.1917072937622588,0.7747563511146611,-14.62826432325188,37.58800603944748,2691.0,85.82666666666667,79.0629387654347
us,connors_rsi2,"bull,pullback",equal_slot,0.08,none,none,11.557187839685422,0.7702869516656173,1.2790982940414413,0.7018939510105168,-16.4657179664343,38.411857573642784,3006.0,85.77999999999999,79.0629387654347
us,connors_rsi2,"bull,pullback",equal_slot,0.08,none,0.15,12.821812129570986,0.7917512258050596,1.4160409911887972,0.7786974218621082,-16.4657179664343,43.127751935652306,3007.0,85.77999999999999,79.0629387654347
us,connors_rsi2,"bull,pullback",equal_slot,0.08,none,0.25,11.557187839685422,0.7702869516656173,1.2790982940414413,0.7018939510105168,-16.4657179664343,38.411857573642784,3006.0,85.77999999999999,79.0629387654347
us,connors_rsi2,"bull,pullback",equal_slot,0.08,0.25,none,11.63592284413828,0.7774468714242458,1.2894522340447752,0.7099666541783114,-16.389393467507652,38.70241173266857,3006.0,85.77999999999999,79.0629387654347
us,connors_rsi2,"bull,pullback",equal_slot,0.08,0.25,0.15,12.898817810722086,0.7983335391391218,1.4264939483991186,0.7870222797624749,-16.389393467507652,43.418306094678115,3007.0,85.77999999999999,79.0629387654347
us,connors_rsi2,"bull,pullback",equal_slot,0.08,0.25,0.25,11.63592284413828,0.7774468714242458,1.2894522340447752,0.7099666541783114,-16.389393467507652,38.70241173266857,3006.0,85.77999999999999,79.0629387654347
us,connors_rsi2,"bull,pullback",equal_slot,0.15,none,none,11.518920951225464,0.7506217088729242,1.2291064631243187,0.7512872753842764,-15.332245505334352,38.27078803258968,2759.0,85.81333333333333,79.0629387654347
us,connors_rsi2,"bull,pullback",equal_slot,0.15,none,0.15,10.731244452708477,0.6910211441802023,1.1330691824804437,0.685310103536323,-15.658961391833174,35.38820023302509,2781.0,85.82000000000001,79.0629387654347
us,connors_rsi2,"bull,pullback",equal_slot,0.15,none,0.25,11.518920951225464,0.7506217088729242,1.2291064631243187,0.7512872753842764,-15.332245505334352,38.27078803258968,2759.0,85.81333333333333,79.0629387654347
us,connors_rsi2,"bull,pullback",equal_slot,0.15,0.25,none,11.57549939284288,0.7564029371011036,1.236032859151844,0.7562405576195365,-15.306636593625408,38.47939624198791,2759.0,85.81333333333333,79.0629387654347
us,connors_rsi2,"bull,pullback",equal_slot,0.15,0.25,0.15,10.788618779587145,0.6965248982046811,1.1397772767650804,0.6877094335035997,-15.687757436485237,35.59680844242339,2781.0,85.82000000000001,79.0629387654347
us,connors_rsi2,"bull,pullback",equal_slot,0.15,0.25,0.25,11.57549939284288,0.7564029371011036,1.236032859151844,0.7562405576195365,-15.306636593625408,38.47939624198791,2759.0,85.81333333333333,79.0629387654347
us,connors_rsi2,"bull,pullback",equal_slot,0.25,none,none,11.024489576049913,0.7163194466110439,1.156525758241116,0.735510312660679,-14.988898709209478,36.456655521371715,2688.0,85.84666666666666,79.0629387654347
us,connors_rsi2,"bull,pullback",equal_slot,0.25,none,0.15,10.628484238009793,0.6841890793277648,1.1248147249702913,0.6914302481751882,-15.371737447212242,35.0151052425163,2781.0,85.82000000000001,79.0629387654347
us,connors_rsi2,"bull,pullback",equal_slot,0.25,none,0.25,11.034115434407777,0.7186920112048095,1.1560757408743072,0.7201261787222997,-15.322475088998026,36.49182239908561,2691.0,85.82666666666667,79.0629387654347
us,connors_rsi2,"bull,pullback",equal_slot,0.25,0.25,none,11.158812291141551,0.7253056310341545,1.1718011799099073,0.7546025615639304,-14.787668183917463,36.94793056481349,2688.0,85.84666666666666,79.0629387654347
us,connors_rsi2,"bull,pullback",equal_slot,0.25,0.25,0.15,10.685963638211238,0.6896860433503542,1.1315156850202837,0.6938296642217653,-15.401422264349506,35.223713451914485,2781.0,85.82000000000001,79.0629387654347
us,connors_rsi2,"bull,pullback",equal_slot,0.25,0.25,0.25,11.168415225525518,0.7277059811177203,1.1713628037865353,0.738618512524089,-15.12068142911768,36.98309744252737,2691.0,85.82666666666667,79.0629387654347
us,connors_rsi2_bull,none,equal_slot,none,none,none,14.752583274372654,1.1613105281568987,1.9198796767250998,1.5863625526502374,-9.299629047424517,50.53148445823299,2335.0,71.23333333333332,79.0629387654347
us,connors_rsi2_bull,none,equal_slot,none,none,0.15,13.885217834884344,1.101347386567279,1.7964583897007267,1.4792901357098922,-9.386406019817747,47.17482660186298,2384.0,71.08666666666666,79.0629387654347
us,connors_rsi2_bull,none,equal_slot,none,none,0.25,14.898912459471969,1.17373035468319,1.9419525603747925,1.649717135963386,-9.031192156933889,51.102730356642454,2340.0,71.24666666666666,79.0629387654347
us,connors_rsi2_bull,none,equal_slot,none,0.25,none,14.689206234062379,1.1644152405189794,1.9130169083332818,1.5767070445391942,-9.31638270085577,50.28451596293115,2335.0,71.23333333333332,79.0629387654347
us,connors_rsi2_bull,none,equal_slot,none,0.25,0.15,13.820884502204311,1.1025996108821376,1.7897084478347838,1.4768862698192062,-9.358123766629776,46.927858106561146,2384.0,71.08666666666666,79.0629387654347
us,connors_rsi2_bull,none,equal_slot,none,0.25,0.25,14.835694636123886,1.1769811101594205,1.935101988815319,1.6475499108135596,-9.004701186137678,50.855761861340575,2340.0,71.24666666666666,79.0629387654347
us,connors_rsi2_bull,none,equal_slot,0.08,none,none,12.420672735801341,1.0189319585696142,1.6923874082152115,1.2106618477263758,-10.259407083098703,41.620507248779035,2542.0,70.46,79.0629387654347
us,connors_rsi2_bull,none,equal_slot,0.08,none,0.15,12.24119735390239,1.0055319636263322,1.6705713293465618,1.1931681094971345,-10.259407083098703,40.949569481418166,2542.0,70.46,79.0629387654347
us,connors_rsi2_bull,none,equal_slot,0.08,none,0.25,12.420672735801341,1.0189319585696142,1.6923874082152115,1.2106618477263758,-10.259407083098703,41.620507248779035,2542.0,70.46,79.0629387654347
us,connors_rsi2_bull,none,equal_slot,0.08,0.25,none,12.354674586764137,1.018350458187996,1.6845766414740193,1.2078015435639031,-10.229060107266262,41.373538753477135,2542.0,70.46,79.0629387654347
us,connors_rsi2_bull,none,equal_slot,0.08,0.25,0.15,12.17499072785646,1.0048609543355829,1.662708795397931,1.1902355250809307,-10.229060107266262,40.702600986116266,2542.0,70.46,79.0629387654347
us,connors_rsi2_bull,none,equal_slot,0.08,0.25,0.25,12.354674586764137,1.018350458187996,1.6845766414740193,1.2078015435639031,-10.229060107266262,41.373538753477135,2542.0,70.46,79.0629387654347
us,connors_rsi2_bull,none,equal_slot,0.15,none,none,13.863965611260397,1.0988843898844507,1.7924579932267037,1.4918066740193747,-9.29340634594878,47.0932112402916,2376.0,71.15333333333334,79.0629387654347
us,connors_rsi2_bull,none,equal_slot,0.15,none,0.15,13.535062926235874,1.0698896779643023,1.74038206313597,1.3762246643085116,-9.834922507392069,45.83394559697813,2384.0,71.08666666666666,79.0629387654347
us,connors_rsi2_bull,none,equal_slot,0.15,none,0.25,13.863965611260397,1.0988843898844507,1.7924579932267037,1.4918066740193747,-9.29340634594878,47.0932112402916,2376.0,71.15333333333334,79.0629387654347
us,connors_rsi2_bull,none,equal_slot,0.15,0.25,none,13.799608574983635,1.1000626816397308,1.7856505245106498,1.4893484212868453,-9.265534093802124,46.846242744989695,2376.0,71.15333333333334,79.0629387654347
us,connors_rsi2_bull,none,equal_slot,0.15,0.25,0.15,13.470337364097462,1.0709417875082514,1.7335719510039191,1.3737892167188313,-9.805243191724943,45.586977101676254,2384.0,71.08666666666666,79.0629387654347
us,connors_rsi2_bull,none,equal_slot,0.15,0.25,0.25,13.799608574983635,1.1000626816397308,1.7856505245106498,1.4893484212868453,-9.265534093802124,46.846242744989695,2376.0,71.15333333333334,79.0629387654347
us,connors_rsi2_bull,none,equal_slot,0.25,none,none,14.790117535755165,1.164141427840257,1.9248534012478156,1.6090507667604874,-9.191827779015455,50.67787536349846,2340.0,71.24666666666666,79.0629387654347
us,connors_rsi2_bull,none,equal_slot,0.25,none,0.15,13.885217834884344,1.101347386567279,1.7964583897007267,1.4792901357098922,-9.386406019817747,47.17482660186298,2384.0,71.08666666666666,79.0629387654347
us,connors_rsi2_bull,none,equal_slot,0.25,none,0.25,14.790117535755165,1.164141427840257,1.9248534012478156,1.6090507667604874,-9.191827779015455,50.67787536349846,2340.0,71.24666666666666,79.0629387654347
us,connors_rsi2_bull,none,equal_slot,0.25,0.25,none,14.726781393101106,1.1673153721362257,1.9179877643010792,1.606873685235408,-9.164865619753817,50.43090686819662,2340.0,71.24666666666666,79.0629387654347
us,connors_rsi2_bull,none,equal_slot,0.25,0.25,0.15,13.820884502204311,1.1025996108821376,1.7897084478347838,1.4768862698192062,-9.358123766629776,46.927858106561146,2384.0,71.08666666666666,79.0629387654347
us,connors_rsi2_bull,none,equal_slot,0.25,0.25,0.25,14.726781393101106,1.1673153721362257,1.9179877643010792,1.606873685235408,-9.164865619753817,50.43090686819662,2340.0,71.24666666666666,79.0629387654347
us,connors_rsi2_bull,bull,equal_slot,none,none,none,11.341335241439143,0.9680465272736609,1.539370418084237,0.9272162826685428,-12.231596288191364,37.61737316595231,2139.0,66.33333333333333,79.0629387654347
us,connors_rsi2_bull,bull,equal_slot,none,none,0.15,10.686518746595098,0.906614143080242,1.449364163786693,0.9367187641096871,-11.408460208173791,35.22572913160067,2178.0,66.07333333333332,79.0629387654347
us,connors_rsi2_bull,bull,equal_slot,none,none,0.25,11.3078086892473,0.9667743959604106,1.5381257662111922,0.924944226474864,-12.225395181224583,37.49424481974077,2143.0,66.33333333333333,79.0629387654347
us,connors_rsi2_bull,bull,equal_slot,none,0.25,none,11.419936632848081,0.9754513969894271,1.5517733990164897,0.9357473336654333,-12.20408140316557,37.90632845310835,2139.0,66.33333333333333,79.0629387654347
us,connors_rsi2_bull,bull,equal_slot,none,0.25,0.15,10.766038884985507,0.9139881347649436,1.4617325518923934,0.9458775099380151,-11.382064561077284,35.514684418756694,2178.0,66.07333333333332,79.0629387654347
us,connors_rsi2_bull,bull,equal_slot,none,0.25,0.25,11.38645673124703,0.974192847286554,1.5505587623985622,0.9334796958400263,-12.197862237378935,37.78320010689677,2143.0,66.33333333333333,79.0629387654347
us,connors_rsi2_bull,bull,equal_slot,0.08,none,none,8.671156822222525,0.7496190096469515,1.2308006224472523,0.49976091713747584,-17.350610111509052,28.03824005510829,2314.0,65.27999999999999,79.0629387654347
us,connors_rsi2_bull,bull,equal_slot,0.08,none,0.15,8.47923156057584,0.7346215420718358,1.2066644193574412,0.4886993313826684,-17.350610111509052,27.367302287747396,2314.0,65.27999999999999,79.0629387654347
us,connors_rsi2_bull,bull,equal_slot,0.08,none,0.25,8.671156822222525,0.7496190096469515,1.2308006224472523,0.49976091713747584,-17.350610111509052,28.03824005510829,2314.0,65.27999999999999,79.0629387654347
us,connors_rsi2_bull,bull,equal_slot,0.08,0.25,none,8.753608418971016,0.7571964328464265,1.2434242669482019,0.5056613953249908,-17.311205680127177,28.327195342264332,2314.0,65.27999999999999,79.0629387654347
us,connors_rsi2_bull,bull,equal_slot,0.08,0.25,0.15,8.561970779383078,0.7421999276793976,1.2192886771045992,0.494591245554433,-17.311205680127177,27.656257574903442,2314.0,65.27999999999999,79.0629387654347
us,connors_rsi2_bull,bull,equal_slot,0.08,0.25,0.25,8.753608418971016,0.7571964328464265,1.2434242669482019,0.5056613953249908,-17.311205680127177,28.327195342264332,2314.0,65.27999999999999,79.0629387654347
us,connors_rsi2_bull,bull,equal_slot,0.15,none,none,10.664874726923234,0.9034959464159626,1.444274803443211,0.8474644027831261,-12.584451561504082,35.14715129755457,2168.0,66.07333333333332,79.0629387654347
us,connors_rsi2_bull,bull,equal_slot,0.15,none,0.15,10.337935896156104,0.8742804873187429,1.3939362939435045,0.8415243212784417,-12.284773754905546,33.963894448173804,2178.0,66.07333333333332,79.0629387654347
us,connors_rsi2_bull,bull,equal_slot,0.15,none,0.25,10.664874726923234,0.9034959464159626,1.444274803443211,0.8474644027831261,-12.584451561504082,35.14715129755457,2168.0,66.07333333333332,79.0629387654347
us,connors_rsi2_bull,bull,equal_slot,0.15,0.25,none,10.744425508835453,0.9108584491619522,1.4566166318835108,0.8557564507290119,-12.555471243812846,35.43610658471066,2168.0,66.07333333333332,79.0629387654347
us,connors_rsi2_bull,bull,equal_slot,0.15,0.25,0.15,10.417951728310438,0.881623567172933,1.4061930187001377,0.8500074464085681,-12.256306426876762,34.252849735329825,2178.0,66.07333333333332,79.0629387654347
us,connors_rsi2_bull,bull,equal_slot,0.15,0.25,0.25,10.744425508835453,0.9108584491619522,1.4566166318835108,0.8557564507290119,-12.555471243812846,35.43610658471066,2168.0,66.07333333333332,79.0629387654347
us,connors_rsi2_bull,bull,equal_slot,0.25,none,none,11.19197194863042,0.9560282222957682,1.519861659808796,0.8912740383978957,-12.557273595389901,37.0693898265968,2143.0,66.33333333333333,79.0629387654347
us,connors_rsi2_bull,bull,equal_slot,0.25,none,0.15,10.686518746595098,0.906614143080242,1.449364163786693,0.9367187641096871,-11.408460208173791,35.22572913160067,2178.0,66.07333333333332,79.0629387654347
us,connors_rsi2_bull,bull,equal_slot,0.25,none,0.25,11.19197194863042,0.9560282222957682,1.519861659808796,0.8912740383978957,-12.557273595389901,37.0693898265968,2143.0,66.33333333333333,79.0629387654347
us,connors_rsi2_bull,bull,equal_slot,0.25,0.25,none,11.270781493228688,0.9634387638877719,1.5322625383130675,0.899575990758582,-12.52899322460176,37.35834511375285,2143.0,66.33333333333333,79.0629387654347
us,connors_rsi2_bull,bull,equal_slot,0.25,0.25,0.15,10.766038884985507,0.9139881347649436,1.4617325518923934,0.9458775099380151,-11.382064561077284,35.514684418756694,2178.0,66.07333333333332,79.0629387654347
us,connors_rsi2_bull,bull,equal_slot,0.25,0.25,0.25,11.270781493228688,0.9634387638877719,1.5322625383130675,0.899575990758582,-12.52899322460176,37.35834511375285,2143.0,66.33333333333333,79.0629387654347
us,connors_rsi2_bull,"bull,pullback",equal_slot,none,none,none,14.518056230066524,1.141865921832344,1.8890121840866672,1.5507700443730303,-9.361836903379258,49.61892008210369,2320.0,70.84666666666666,79.0629387654347
us,connors_rsi2_bull,"bull,pullback",equal_slot,none,none,0.15,13.647144012167844,1.0813756400892967,1.7655199222006899,1.4539264531445046,-9.386406019817747,46.26226222573364,2369.0,70.7,79.0629387654347
us,connors_rsi2_bull,"bull,pullback",equal_slot,none,none,0.25,14.66497590351279,1.1542868192477689,1.9110460040072361,1.6238139604031616,-9.031192156933889,50.190165980513115,2325.0,70.86,79.0629387654347
us,connors_rsi2_bull,"bull,pullback",equal_slot,none,0.25,none,14.454422742962493,1.1447518121243254,1.8820652673388247,1.5411778289375053,-9.378815650967049,49.371951586801856,2320.0,70.84666666666666,79.0629387654347
us,connors_rsi2_bull,"bull,pullback",equal_slot,none,0.25,0.15,13.58254439023363,1.0824381266177212,1.7586842075463451,1.4514174773652553,-9.358123766629776,46.01529373043183,2369.0,70.7,79.0629387654347
us,connors_rsi2_bull,"bull,pullback",equal_slot,none,0.25,0.25,14.601503250371772,1.157317186879956,1.9041111919782674,1.6215422309459988,-9.004701186137678,49.94319748521128,2325.0,70.86,79.0629387654347
us,connors_rsi2_bull,"bull,pullback",equal_slot,0.08,none,none,12.176423581486473,0.9977081223761934,1.6587935571401968,1.1868545114605944,-10.259407083098703,40.70794287264974,2527.0,70.07333333333334,79.0629387654347
us,connors_rsi2_bull,"bull,pullback",equal_slot,0.08,none,0.15,11.996174827420326,0.9842772144116088,1.6369021405944335,1.1692853914708936,-10.259407083098703,40.03700510528887,2527.0,70.07333333333334,79.0629387654347
us,connors_rsi2_bull,"bull,pullback",equal_slot,0.08,none,0.25,12.176423581486473,0.9977081223761934,1.6587935571401968,1.1868545114605944,-10.259407083098703,40.70794287264974,2527.0,70.07333333333334,79.0629387654347
us,connors_rsi2_bull,"bull,pullback",equal_slot,0.08,0.25,none,12.110141470873526,0.9969599693520864,1.6509041982407509,1.183895816808333,-10.229060107266262,40.46097437734784,2527.0,70.07333333333334,79.0629387654347
us,connors_rsi2_bull,"bull,pullback",equal_slot,0.08,0.25,0.15,11.929681978299067,0.9834400924648514,1.6289610809919934,1.1662539718409475,-10.229060107266262,39.79003660998697,2527.0,70.07333333333334,79.0629387654347
us,connors_rsi2_bull,"bull,pullback",equal_slot,0.08,0.25,0.25,12.110141470873526,0.9969599693520864,1.6509041982407509,1.183895816808333,-10.229060107266262,40.46097437734784,2527.0,70.07333333333334,79.0629387654347
us,connors_rsi2_bull,"bull,pullback",equal_slot,0.15,none,none,13.62580387081831,1.0788918175488407,1.7614568196106741,1.4661797153374367,-9.29340634594878,46.180646864162235,2361.0,70.76666666666667,79.0629387654347
us,connors_rsi2_bull,"bull,pullback",equal_slot,0.15,none,0.15,13.295534282692433,1.0499495237997125,1.709551318168534,1.351869755221693,-9.834922507392069,44.92138122084888,2369.0,70.7,79.0629387654347
us,connors_rsi2_bull,"bull,pullback",equal_slot,0.15,none,0.25,13.62580387081831,1.0788918175488407,1.7614568196106741,1.4661797153374367,-9.29340634594878,46.180646864162235,2361.0,70.76666666666667,79.0629387654347
us,connors_rsi2_bull,"bull,pullback",equal_slot,0.15,0.25,none,13.561180298474063,1.0798815171570753,1.7545647809771732,1.4636156060928391,-9.265534093802124,45.93367836886033,2361.0,70.76666666666667,79.0629387654347
us,connors_rsi2_bull,"bull,pullback",equal_slot,0.15,0.25,0.15,13.230538329426311,1.0508129359685463,1.7026560890484788,1.3493330120146454,-9.805243191724943,44.67441272554697,2369.0,70.7,79.0629387654347
us,connors_rsi2_bull,"bull,pullback",equal_slot,0.15,0.25,0.25,13.561180298474063,1.0798815171570753,1.7545647809771732,1.4636156060928391,-9.265534093802124,45.93367836886033,2361.0,70.76666666666667,79.0629387654347
us,connors_rsi2_bull,"bull,pullback",equal_slot,0.25,none,none,14.555742169478659,1.1447022372426365,1.8939751114083918,1.5835525337744891,-9.191827779015455,49.76531098736916,2325.0,70.86,79.0629387654347
us,connors_rsi2_bull,"bull,pullback",equal_slot,0.25,none,0.15,13.647144012167844,1.0813756400892967,1.7655199222006899,1.4539264531445046,-9.386406019817747,46.26226222573364,2369.0,70.7,79.0629387654347
us,connors_rsi2_bull,"bull,pullback",equal_slot,0.25,none,0.25,14.555742169478659,1.1447022372426365,1.8939751114083918,1.5835525337744891,-9.191827779015455,49.76531098736916,2325.0,70.86,79.0629387654347
us,connors_rsi2_bull,"bull,pullback",equal_slot,0.25,0.25,none,14.49214999597559,1.147656144138156,1.8870252965871943,1.581272502756551,-9.164865619753817,49.518342492067326,2325.0,70.86,79.0629387654347
us,connors_rsi2_bull,"bull,pullback",equal_slot,0.25,0.25,0.15,13.58254439023363,1.0824381266177212,1.7586842075463451,1.4514174773652553,-9.358123766629776,46.01529373043183,2369.0,70.7,79.0629387654347
us,connors_rsi2_bull,"bull,pullback",equal_slot,0.25,0.25,0.25,14.49214999597559,1.147656144138156,1.8870252965871943,1.581272502756551,-9.164865619753817,49.518342492067326,2325.0,70.86,79.0629387654347
us,bollinger_mean_reversion,none,equal_slot,none,none,none,9.431226005959115,0.6441927909597486,0.9213950879337544,0.5130988122438487,-18.380915685060977,30.718343934992753,1080.0,96.44666666666666,79.0629387654347
us,bollinger_mean_reversion,none,equal_slot,none,none,0.15,9.822488059254542,0.6727385896174908,1.0119662032219912,0.5888135681827414,-16.68183036197644,32.11238180066045,1192.0,96.61333333333333,79.0629387654347
us,bollinger_mean_reversion,none,equal_slot,none,none,0.25,8.919788672185835,0.6036704600870763,0.8721443300384057,0.4585239807205528,-19.45326536284696,28.91089569432024,1107.0,96.65333333333332,79.0629387654347
us,bollinger_mean_reversion,none,equal_slot,none,0.25,none,9.467945523765419,0.6462368524974326,0.9244963119218752,0.5150965102059882,-18.380915685060977,30.8487558323834,1080.0,96.44666666666666,79.0629387654347
us,bollinger_mean_reversion,none,equal_slot,none,0.25,0.15,11.716225509221022,0.7843524411228684,1.1802846140852843,0.7255959564359534,-16.14703803859357,38.99916759335254,1196.0,96.58,79.0629387654347
us,bollinger_mean_reversion,none,equal_slot,none,0.25,0.25,10.663735201744462,0.6983172154965764,1.0139692375442422,0.548171990811924,-19.45326536284696,35.14301513220626,1109.0,96.65333333333332,79.0629387654347
us,bollinger_mean_reversion,none,equal_slot,0.08,none,none,10.50819782396626,0.7352418120679723,1.1238092735583776,0.7782467549275781,-13.502398509768446,34.57924473879608,1399.0,96.75333333333333,79.0629387654347
us,bollinger_mean_reversion,none,equal_slot,0.08,none,0.15,11.646369444443017,0.799751163405072,1.2255769984570046,0.8727334522099098,-13.344703832484505,38.740992989950996,1412.0,96.66666666666666,79.0629387654347
us,bollinger_mean_reversion,none,equal_slot,0.08,none,0.25,10.50819782396626,0.7352418120679723,1.1238092735583776,0.7782467549275781,-13.502398509768446,34.57924473879608,1399.0,96.75333333333333,79.0629387654347
us,bollinger_mean_reversion,none,equal_slot,0.08,0.25,none,12.113257417566658,0.8328581203406316,1.2702505898198284,0.9427836888345507,-12.848395195021684,40.472578010102175,1403.0,96.78666666666666,79.0629387654347
us,bollinger_mean_reversion,none,equal_slot,0.08,0.25,0.15,11.71902059662029,0.8073611040847017,1.2251190903553626,0.9129637778260524,-12.836238283763675,39.00950432709214,1416.0,96.69333333333331,79.0629387654347
us,bollinger_mean_reversion,none,equal_slot,0.08,0.25,0.25,12.113257417566658,0.8328581203406316,1.2702505898198284,0.9427836888345507,-12.848395195021684,40.472578010102175,1403.0,96.78666666666666,79.0629387654347
us,bollinger_mean_reversion,none,equal_slot,0.15,none,none,10.249942559070636,0.6822176953920953,1.0102207922161215,0.577718415137637,-17.742108076351805,33.64660736416396,1157.0,96.70666666666668,79.0629387654347
us,bollinger_mean_reversion,none,equal_slot,0.15,none,0.15,9.428830075773643,0.6478718487112584,0.971461605944798,0.5534463266787737,-17.036575402633826,30.709837622527857,1192.0,96.61333333333333,79.0629387654347
us,bollinger_mean_reversion,none,equal_slot,0.15,none,0.25,10.627514191312738,0.7031767463916397,1.04166254424678,0.5989995182972644,-17.742108076351805,35.011586515623435,1158.0,96.7,79.0629387654347
us,bollinger_mean_reversion,none,equal_slot,0.15,0.25,none,12.02963525558578,0.7769746689696433,1.1592193037168788,0.6780273913233514,-17.742108076351805,40.16139363609346,1159.0,96.70666666666668,79.0629387654347
us,bollinger_mean_reversion,none,equal_slot,0.15,0.25,0.15,11.337798697232726,0.7598246428086078,1.140228931624254,0.6869813543135785,-16.503793918193434,37.60438153714401,1196.0,96.58,79.0629387654347
us,bollinger_mean_reversion,none,equal_slot,0.15,0.25,0.25,12.3955259085609,0.7968981206607166,1.1892186524676465,0.6986501184198463,-17.742108076351805,41.526372787552916,1160.0,96.7,79.0629387654347
us,bollinger_mean_reversion,none,equal_slot,0.25,none,none,7.710928144959395,0.5354973069297856,0.7657665445147398,0.4005223157671679,-19.252181068087904,24.704808558729006,1101.0,96.67333333333333,79.0629387654347
us,bollinger_mean_reversion,none,equal_slot,0.25,none,0.15,9.689979191702559,0.6639413783611215,0.9969362238604559,0.5796274300986998,-16.717599424258673,31.639163395440974,1192.0,96.61333333333333,79.0629387654347
us,bollinger_mean_reversion,none,equal_slot,0.25,none,0.25,8.829450992123933,0.5980636787052077,0.8636803277602019,0.45194757678913366,-19.53644945914493,28.593370787717266,1107.0,96.65333333333332,79.0629387654347
us,bollinger_mean_reversion,none,equal_slot,0.25,0.25,none,7.748812673203931,0.5376036329536591,0.7689267261240466,0.40249012025178976,-19.252181068087904,24.835220456119632,1101.0,96.67333333333333,79.0629387654347
us,bollinger_mean_reversion,none,equal_slot,0.25,0.25,0.15,11.587209372036678,0.7754304257455208,1.1648923914107228,0.7159643552872553,-16.184059005825397,38.522597726273155,1196.0,96.58,79.0629387654347
us,bollinger_mean_reversion,none,equal_slot,0.25,0.25,0.25,10.576187027697781,0.6928401186900689,1.0056134729334274,0.541356660012094,-19.53644945914493,34.82549022560328,1109.0,96.65333333333332,79.0629387654347
us,bollinger_mean_reversion,bull,equal_slot,none,none,none,6.295826973679275,0.5000091907510917,0.7057441844451618,0.4269147835837225,-14.747268578588816,19.898040001214667,982.0,87.96,79.0629387654347
us,bollinger_mean_reversion,bull,equal_slot,none,none,0.15,4.588748471370097,0.39722404852698534,0.5621114068331109,0.290756072491468,-15.782124280498902,14.265111953453037,1065.0,86.98666666666665,79.0629387654347
us,bollinger_mean_reversion,bull,equal_slot,none,none,0.25,4.682408246335834,0.3861052189893698,0.5387365292732255,0.25202580208373515,-18.579082806688625,14.569513267997646,1006.0,87.83333333333333,79.0629387654347
us,bollinger_mean_reversion,bull,equal_slot,none,0.25,none,6.295826973679275,0.5000091907510917,0.7057441844451618,0.4269147835837225,-14.747268578588816,19.898040001214667,982.0,87.96,79.0629387654347
us,bollinger_mean_reversion,bull,equal_slot,none,0.25,0.15,6.707038206805294,0.5385181703070347,0.7749136257787348,0.42924003605959005,-15.625378910074867,21.281917951876174,1068.0,86.94666666666666,79.0629387654347
us,bollinger_mean_reversion,bull,equal_slot,none,0.25,0.25,6.609848598695267,0.5070530999756434,0.7161936525117836,0.3557682942408581,-18.579082806688625,20.95388764253654,1008.0,87.83333333333333,79.0629387654347
us,bollinger_mean_reversion,bull,equal_slot,0.08,none,none,5.292022931727769,0.4544005759730458,0.6603583751176914,0.31637619224510566,-16.72699482907958,16.563965228156906,1252.0,86.64666666666668,79.0629387654347
us,bollinger_mean_reversion,bull,equal_slot,0.08,none,0.15,6.427831663635497,0.5330839590194703,0.7779831851772911,0.36722590198145066,-17.503753490569903,20.34113641812967,1260.0,86.44000000000001,79.0629387654347
us,bollinger_mean_reversion,bull,equal_slot,0.08,none,0.25,5.292022931727769,0.4544005759730458,0.6603583751176914,0.31637619224510566,-16.72699482907958,16.563965228156906,1252.0,86.64666666666668,79.0629387654347
us,bollinger_mean_reversion,bull,equal_slot,0.08,0.25,none,7.124863790462577,0.5779277800223028,0.8507922139036564,0.4328800720072017,-16.45920949288708,22.698869844721138,1255.0,86.67333333333333,79.0629387654347
us,bollinger_mean_reversion,bull,equal_slot,0.08,0.25,0.15,6.552944461682708,0.5384500684047178,0.7858557473745293,0.3756965354498646,-17.442121082740663,20.762100709940732,1263.0,86.46000000000001,79.0629387654347
us,bollinger_mean_reversion,bull,equal_slot,0.08,0.25,0.25,7.124863790462577,0.5779277800223028,0.8507922139036564,0.4328800720072017,-16.45920949288708,22.698869844721138,1255.0,86.67333333333333,79.0629387654347
us,bollinger_mean_reversion,bull,equal_slot,0.15,none,none,4.907419276942537,0.41012025666050184,0.578343629384839,0.30205457128126795,-16.246796915292617,15.30301416494746,1041.0,87.46666666666665,79.0629387654347
us,bollinger_mean_reversion,bull,equal_slot,0.15,none,0.15,4.101807303157856,0.36118580221573326,0.5098941069770383,0.2512993423049111,-16.322395695651988,12.69116173391529,1065.0,86.98666666666665,79.0629387654347
us,bollinger_mean_reversion,bull,equal_slot,0.15,none,0.25,5.323629107405203,0.4380330953044406,0.6182090250680116,0.3276725335560903,-16.246796915292617,16.667993316406914,1042.0,87.46000000000001,79.0629387654347
us,bollinger_mean_reversion,bull,equal_slot,0.15,0.25,none,6.826931253455237,0.534079617245038,0.7630581183644235,0.4202016735390626,-16.246796915292617,21.687388539486374,1043.0,87.46666666666665,79.0629387654347
us,bollinger_mean_reversion,bull,equal_slot,0.15,0.25,0.15,6.247319920843997,0.5043149347334935,0.7241216732622326,0.3869322089879025,-16.145773796358526,19.735490146441713,1068.0,86.94666666666666,79.0629387654347
us,bollinger_mean_reversion,bull,equal_slot,0.15,0.25,0.25,7.228602432339004,0.560288045856069,0.8008970293533145,0.44492477317390117,-16.246796915292617,23.05236769094585,1044.0,87.46000000000001,79.0629387654347
us,bollinger_mean_reversion,bull,equal_slot,0.25,none,none,4.035890926257135,0.3424838202326276,0.4770922265063445,0.23419146186393125,-17.233296611821178,12.479210967797849,1001.0,87.84,79.0629387654347
us,bollinger_mean_reversion,bull,equal_slot,0.25,none,0.15,4.421738928802421,0.3844626087386584,0.5433090542069279,0.2784829176061277,-15.877953904003217,13.723650925625396,1065.0,86.98666666666665,79.0629387654347
us,bollinger_mean_reversion,bull,equal_slot,0.25,none,0.25,4.562928166891056,0.3779694811991934,0.5270319324831285,0.2443182730665364,-18.676164126489265,14.181288492570987,1006.0,87.83333333333333,79.0629387654347
us,bollinger_mean_reversion,bull,equal_slot,0.25,0.25,none,4.049523182404924,0.3433389882195279,0.4783678205501166,0.23498250355809194,-17.233296611821178,12.52302308098756,1001.0,87.84,79.0629387654347
us,bollinger_mean_reversion,bull,equal_slot,0.25,0.25,0.15,6.545214695274626,0.525895274624568,0.755706064125609,0.41690816879219794,-15.699415807170228,20.736064259148222,1068.0,86.94666666666666,79.0629387654347
us,bollinger_mean_reversion,bull,equal_slot,0.25,0.25,0.25,6.494598177161315,0.4992200171163278,0.7046921333196569,0.3477479707918033,-18.676164126489265,20.56566286710988,1008.0,87.83333333333333,79.0629387654347
us,bollinger_mean_reversion,bull,atr_risk,0.08,0.25,none,7.134827892911022,0.5827319301516616,0.8555961339440392,0.4343746759519316,-16.425515316414465,22.732794041577996,1255.0,86.67333333333333,79.0629387654347
us,bollinger_mean_reversion,"bull,pullback",equal_slot,none,none,none,7.868989355494671,0.5550668886732557,0.7970270215725794,0.42810649318685273,-18.380915685060977,25.249509735804644,1065.0,95.02000000000001,79.0629387654347
us,bollinger_mean_reversion,"bull,pullback",equal_slot,none,none,0.15,8.832269562298766,0.6158854433049511,0.9224706951215296,0.5294544645670604,-16.68183036197644,28.603269834180487,1178.0,95.41999999999999,79.0629387654347
us,bollinger_mean_reversion,"bull,pullback",equal_slot,none,none,0.25,7.772046744762706,0.5395652433125522,0.7777467206364139,0.3995240181942019,-19.45326536284696,24.915245069119152,1091.0,95.17333333333333,79.0629387654347
us,bollinger_mean_reversion,"bull,pullback",equal_slot,none,0.25,none,7.906764535744459,0.5572127071758093,0.8002812586661717,0.43016162367637945,-18.380915685060977,25.379921633195266,1065.0,95.02000000000001,79.0629387654347
us,bollinger_mean_reversion,"bull,pullback",equal_slot,none,0.25,0.15,10.759265460584988,0.7299899398398508,1.0943258074302327,0.6663305948043791,-16.14703803859357,35.490055626872575,1182.0,95.38666666666667,79.0629387654347
us,bollinger_mean_reversion,"bull,pullback",equal_slot,none,0.25,0.25,9.54888170274739,0.6372661277697939,0.9237200100174476,0.4908626662228354,-19.45326536284696,31.136511048612505,1093.0,95.17333333333333,79.0629387654347
us,bollinger_mean_reversion,"bull,pullback",equal_slot,0.08,none,none,10.038941877550101,0.7104778404500413,1.0834240462184705,0.7434932297611663,-13.502398509768446,32.88781175214357,1383.0,95.36666666666666,79.0629387654347
us,bollinger_mean_reversion,"bull,pullback",equal_slot,0.08,none,0.15,11.247658092070534,0.7800853694255399,1.193275049262504,0.8428555802558005,-13.344703832484505,37.27352127928158,1395.0,95.26666666666668,79.0629387654347
us,bollinger_mean_reversion,"bull,pullback",equal_slot,0.08,none,0.25,10.038941877550101,0.7104778404500413,1.0834240462184705,0.7434932297611663,-13.502398509768446,32.88781175214357,1383.0,95.36666666666666,79.0629387654347
us,bollinger_mean_reversion,"bull,pullback",equal_slot,0.08,0.25,none,11.657239315186674,0.8097133962122546,1.2322848257802421,0.9072914662294523,-12.848395195021684,38.781145023449646,1387.0,95.39999999999999,79.0629387654347
us,bollinger_mean_reversion,"bull,pullback",equal_slot,0.08,0.25,0.15,11.320823167749094,0.7877549930118719,1.1930697189426587,0.881942428730744,-12.836238283763675,37.54203261642275,1399.0,95.29333333333334,79.0629387654347
us,bollinger_mean_reversion,"bull,pullback",equal_slot,0.08,0.25,0.25,11.657239315186674,0.8097133962122546,1.2322848257802421,0.9072914662294523,-12.848395195021684,38.781145023449646,1387.0,95.39999999999999,79.0629387654347
us,bollinger_mean_reversion,"bull,pullback",equal_slot,0.15,none,none,8.835017578957217,0.6025145373287332,0.8882689761992094,0.49796887387543765,-17.742108076351805,28.612921577788253,1140.0,95.31333333333333,79.0629387654347
us,bollinger_mean_reversion,"bull,pullback",equal_slot,0.15,none,0.15,8.431477534746069,0.5905575937460761,0.8816781283093027,0.4949044825900031,-17.036575402633826,27.200725656047876,1178.0,95.41999999999999,79.0629387654347
us,bollinger_mean_reversion,"bull,pullback",equal_slot,0.15,none,0.25,9.222280429010743,0.6243007366957227,0.9207785432273422,0.519796203998046,-17.742108076351805,29.977900729247708,1141.0,95.30666666666667,79.0629387654347
us,bollinger_mean_reversion,"bull,pullback",equal_slot,0.15,0.25,none,10.659517801082096,0.7012160188177725,1.0422268348931227,0.6008033405731538,-17.742108076351805,35.12770784971772,1142.0,95.31333333333333,79.0629387654347
us,bollinger_mean_reversion,"bull,pullback",equal_slot,0.15,0.25,0.15,10.37432972077208,0.7050742306164105,1.054029058708855,0.6286027183928683,-16.503793918193434,34.095269570664044,1182.0,95.38666666666667,79.0629387654347
us,bollinger_mean_reversion,"bull,pullback",equal_slot,0.15,0.25,0.25,11.034352072086694,0.7218720911797766,1.073193081270277,0.6219301576002809,-17.742108076351805,36.492687001177224,1143.0,95.30666666666667,79.0629387654347
us,bollinger_mean_reversion,"bull,pullback",equal_slot,0.25,none,none,6.530500127897065,0.46860478610279505,0.6683654821068291,0.33920832682806595,-19.252181068087904,20.68651094637921,1085.0,95.19333333333334,79.0629387654347
us,bollinger_mean_reversion,"bull,pullback",equal_slot,0.25,none,0.15,8.697367998549188,0.606987012320181,0.9074921816810883,0.5202522071397739,-16.717599424258673,28.130051428960968,1178.0,95.41999999999999,79.0629387654347
us,bollinger_mean_reversion,"bull,pullback",equal_slot,0.25,none,0.25,7.678313449907592,0.5337765423537942,0.7690660088038549,0.3930250205373631,-19.53644945914493,24.592609723850934,1091.0,95.17333333333333,79.0629387654347
us,bollinger_mean_reversion,"bull,pullback",equal_slot,0.25,0.25,none,6.569216578554715,0.4707911914136295,0.6716231676771409,0.3412193431654214,-19.252181068087904,20.816922843769813,1085.0,95.19333333333334,79.0629387654347
us,bollinger_mean_reversion,"bull,pullback",equal_slot,0.25,0.25,0.15,10.628037779224453,0.7209932802228826,1.079005012734923,0.6566979133849504,-16.184059005825397,35.0134857597932,1182.0,95.38666666666667,79.0629387654347
us,bollinger_mean_reversion,"bull,pullback",equal_slot,0.25,0.25,0.25,9.458126855452708,0.6316241200470861,0.9151630404822267,0.48412721437596734,-19.53644945914493,30.813875703344262,1093.0,95.17333333333333,79.0629387654347
us,williams_percent_r,none,equal_slot,none,none,none,21.088147793347154,1.3355278697424489,2.0184705163138115,1.4346160504265895,-14.699506385054386,76.60237085041919,1055.0,99.8,79.0629387654347
us,williams_percent_r,none,equal_slot,none,none,0.15,18.57505229184717,1.161179896209582,1.7610005959905943,1.2055941148271085,-15.407384677314036,65.9298820261244,1198.0,99.82,79.0629387654347
us,williams_percent_r,none,equal_slot,none,none,0.25,18.626685244558484,1.1632227582095118,1.7466628770435846,1.0842315857789375,-17.179618716952092,66.14472739136208,1087.0,99.8,79.0629387654347
us,williams_percent_r,none,equal_slot,none,0.25,none,19.915499496682386,1.2583969585864805,1.891252903992427,1.3515515982047819,-14.735286113482784,71.56748352586544,1054.0,99.8,79.0629387654347
us,williams_percent_r,none,equal_slot,none,0.25,0.15,16.350475748825154,1.044648342517462,1.5663118866281862,1.0803361034336287,-15.134619399331829,56.84749855559017,1198.0,99.8,79.0629387654347
us,williams_percent_r,none,equal_slot,none,0.25,0.25,16.86858656348509,1.0750996618872677,1.6037731064941085,0.9794355013269016,-17.222764072399023,58.93256065575654,1084.0,99.8,79.0629387654347
us,williams_percent_r,none,equal_slot,0.08,none,none,19.945054809001462,1.3304805861327111,2.037330007597621,1.2756867565171108,-15.634758852130433,71.69319706094353,1357.0,99.82666666666667,79.0629387654347
us,williams_percent_r,none,equal_slot,0.08,none,0.15,18.787690114808143,1.221916157590145,1.8512049533590036,1.11310995031805,-16.87855733338824,66.81585573433395,1391.0,99.82,79.0629387654347
us,williams_percent_r,none,equal_slot,0.08,none,0.25,20.37869603290192,1.3496454115321526,2.0732335844083356,1.3034224720469587,-15.634758852130433,73.54472361335844,1358.0,99.82666666666667,79.0629387654347
us,williams_percent_r,none,equal_slot,0.08,0.25,none,20.819833889283746,1.3877869340506666,2.1253325373323917,1.3215117862255352,-15.754557852827608,75.44180436433345,1364.0,99.82666666666667,79.0629387654347
us,williams_percent_r,none,equal_slot,0.08,0.25,0.15,18.80914397667666,1.236772488969242,1.8674410680044684,1.1239710726539092,-16.734544539713728,66.90541901476341,1391.0,99.82,79.0629387654347
us,williams_percent_r,none,equal_slot,0.08,0.25,0.25,20.819833889283746,1.3877869340506666,2.1253325373323917,1.3215117862255352,-15.754557852827608,75.44180436433345,1364.0,99.82666666666667,79.0629387654347
us,williams_percent_r,none,equal_slot,0.15,none,none,17.244419127374822,1.0760532876920013,1.6124629004262052,0.9250697415224047,-18.64120979570184,60.456498503869874,1134.0,99.78666666666666,79.0629387654347
us,williams_percent_r,none,equal_slot,0.15,none,0.15,17.9720498246974,1.1127242329789695,1.677351912422882,1.1106858077893376,-16.181038506711644,63.43441472290119,1198.0,99.82,79.0629387654347
us,williams_percent_r,none,equal_slot,0.15,none,0.25,17.108578718021228,1.0686558783834066,1.611007953306899,0.9119874227615518,-18.759665200442612,59.90457472678203,1145.0,99.79333333333334,79.0629387654347
us,williams_percent_r,none,equal_slot,0.15,0.25,none,17.65570539416168,1.08956986052797,1.6331266616284617,0.9618617089957637,-18.355762818124035,62.13527177246285,1135.0,99.78666666666666,79.0629387654347
us,williams_percent_r,none,equal_slot,0.15,0.25,0.15,15.724340799292037,0.9960536160242457,1.4845623952466633,0.9889131031828474,-15.90062943718994,54.35203125236696,1198.0,99.8,79.0629387654347
us,williams_percent_r,none,equal_slot,0.15,0.25,0.25,17.19129723230004,1.0742900113162916,1.613002039731121,0.9305422646715059,-18.474493727986445,60.24051234893064,1140.0,99.78666666666666,79.0629387654347
us,williams_percent_r,none,equal_slot,0.25,none,none,19.004534274410556,1.1585242387290864,1.748469779762964,1.0483120650697886,-18.128699370778854,67.72258250661116,1074.0,99.8,79.0629387654347
us,williams_percent_r,none,equal_slot,0.25,none,0.15,18.464378784376834,1.1543321332351208,1.7500098392969967,1.1984109679278625,-15.407384677314036,65.46998940336262,1198.0,99.82,79.0629387654347
us,williams_percent_r,none,equal_slot,0.25,none,0.25,18.392227046801167,1.1467171558285245,1.7200603117582527,1.0577502077838954,-17.38806280675183,65.17062602922333,1087.0,99.8,79.0629387654347
us,williams_percent_r,none,equal_slot,0.25,0.25,none,18.03927323785357,1.105688570142588,1.6538818756926736,0.9923617127041842,-18.178122963547814,63.7113703758305,1075.0,99.8,79.0629387654347
us,williams_percent_r,none,equal_slot,0.25,0.25,0.15,16.23558403800662,1.03744688187147,1.5547956619361571,1.072744785291621,-15.134619399331829,56.387605932828365,1198.0,99.8,79.0629387654347
us,williams_percent_r,none,equal_slot,0.25,0.25,0.25,16.643968969521914,1.0594046448498733,1.5790026833071635,0.9548046202282491,-17.431806064724658,58.02637587751656,1084.0,99.8,79.0629387654347
us,williams_percent_r,bull,equal_slot,none,none,none,17.081979449001206,1.1510352073729688,1.710404536144219,1.2168645005870744,-14.037700533428357,59.796648776623854,970.0,91.56,79.0629387654347
us,williams_percent_r,bull,equal_slot,none,none,0.15,12.727085566107421,0.8924627491857382,1.2895359495791938,0.8473979812345032,-15.019018038686374,42.77087029035363,1081.0,90.98666666666666,79.0629387654347
us,williams_percent_r,bull,equal_slot,none,none,0.25,12.359942375037992,0.8673904080579832,1.2495048856974114,0.7695543331241776,-16.06116922876653,41.39324058722742,987.0,91.40666666666665,79.0629387654347
us,williams_percent_r,bull,equal_slot,none,0.25,none,14.94669875574035,1.0323562734146832,1.4924941224214519,1.061877615912858,-14.075726365972233,51.28959156091564,971.0,91.56,79.0629387654347
us,williams_percent_r,bull,equal_slot,none,0.25,0.15,12.277182789463637,0.8772285536384522,1.2663814576741697,0.824450956226993,-14.891343986850087,41.08392539932713,1086.0,90.98666666666666,79.0629387654347
us,williams_percent_r,bull,equal_slot,none,0.25,0.25,11.261243221546003,0.7940670328065484,1.1324395706055863,0.6991993272510929,-16.105912552604504,37.32335155065882,988.0,91.40666666666665,79.0629387654347
us,williams_percent_r,bull,equal_slot,0.08,none,none,13.749442210309981,1.0115306456783588,1.479111218346387,0.8477464410600949,-16.218814428895154,46.65392153924435,1241.0,90.60000000000001,79.0629387654347
us,williams_percent_r,bull,equal_slot,0.08,none,0.15,12.589084483919466,0.9163621520502522,1.3220778232223178,0.7555123255446021,-16.662976973730736,42.252009674060155,1269.0,90.64,79.0629387654347
us,williams_percent_r,bull,equal_slot,0.08,none,0.25,13.383466133645673,0.9940223293342302,1.4484324861632343,0.825181531752526,-16.218814428895154,45.25594545192837,1240.0,90.60000000000001,79.0629387654347
us,williams_percent_r,bull,equal_slot,0.08,0.25,none,14.732866453948334,1.0941302352923044,1.6026733461451304,0.9246411735356406,-15.933604165184247,50.45462285394522,1248.0,90.55333333333333,79.0629387654347
us,williams_percent_r,bull,equal_slot,0.08,0.25,0.15,13.555041103346666,0.9917932596948656,1.432758957390606,0.8674759660214113,-15.62584052387694,45.91023094181259,1267.0,90.62666666666667,79.0629387654347
us,williams_percent_r,bull,equal_slot,0.08,0.25,0.25,14.732866453948334,1.0941302352923044,1.6026733461451304,0.9246411735356406,-15.933604165184247,50.45462285394522,1248.0,90.55333333333333,79.0629387654347
us,williams_percent_r,bull,equal_slot,0.15,none,none,11.921086839457917,0.8501001593654224,1.2271578388546944,0.8012083910771322,-14.87888416075048,39.75813355773208,1032.0,91.18,79.0629387654347
us,williams_percent_r,bull,equal_slot,0.15,none,0.15,12.14147864538775,0.845929163095394,1.215984136017955,0.780179842467123,-15.562410080980008,40.577701449453095,1081.0,90.98666666666666,79.0629387654347
us,williams_percent_r,bull,equal_slot,0.15,none,0.25,11.426983098046971,0.83054564800336,1.1936457109269931,0.7550564515922286,-15.133945381103986,37.932252390350584,1034.0,91.1,79.0629387654347
us,williams_percent_r,bull,equal_slot,0.15,0.25,none,11.922270452751604,0.8485729823902989,1.2217144787091339,0.8004518551161267,-14.894425413033696,39.76252655378951,1034.0,91.18,79.0629387654347
us,williams_percent_r,bull,equal_slot,0.15,0.25,0.15,11.686902490180696,0.8299908423513833,1.1919249348310719,0.7574612955116824,-15.429042459900113,38.890756558426666,1086.0,90.98666666666666,79.0629387654347
us,williams_percent_r,bull,equal_slot,0.15,0.25,0.25,11.640010834710424,0.8362308564540119,1.2052313140471944,0.7683300709172979,-15.149753049250808,38.717508601809584,1036.0,91.1,79.0629387654347
us,williams_percent_r,bull,equal_slot,0.25,none,none,14.171745815024185,0.9567706450477292,1.4028003677448242,0.904468530266707,-15.668589166773177,48.27812125796713,978.0,91.50666666666666,79.0629387654347
us,williams_percent_r,bull,equal_slot,0.25,none,0.15,12.658300174047543,0.8880389420764299,1.2830374773200461,0.8428180951272558,-15.019018038686374,42.51209221911101,1081.0,90.98666666666666,79.0629387654347
us,williams_percent_r,bull,equal_slot,0.25,none,0.25,12.171493297272228,0.8536990234127042,1.2287178961938419,0.7475782044903271,-16.281230811926,40.6895626218174,987.0,91.40666666666665,79.0629387654347
us,williams_percent_r,bull,equal_slot,0.25,0.25,none,12.10963773152358,0.8371791819290823,1.206966817006282,0.7705554834706209,-15.715465000626768,40.459098536424484,981.0,91.50666666666666,79.0629387654347
us,williams_percent_r,bull,equal_slot,0.25,0.25,0.15,12.207852239622486,0.8726584820723136,1.2595882924658943,0.8197951944702051,-14.891343986850087,40.825147328084576,1086.0,90.98666666666666,79.0629387654347
us,williams_percent_r,bull,equal_slot,0.25,0.25,0.25,11.069096929870836,0.7803578394793818,1.1119240632397005,0.6779783380114263,-16.32662329940737,36.619673585248805,988.0,91.40666666666665,79.0629387654347
us,williams_percent_r,"bull,pullback",equal_slot,none,none,none,19.98636017428874,1.2670664943650913,1.9050643232771625,1.3596619948143105,-14.699506385054386,71.86899183334228,1044.0,98.38,79.0629387654347
us,williams_percent_r,"bull,pullback",equal_slot,none,none,0.15,17.709902550419155,1.1118691986651523,1.680516516068151,1.1494424862705845,-15.407384677314036,62.35735693723807,1180.0,98.49333333333334,79.0629387654347
us,williams_percent_r,"bull,pullback",equal_slot,none,none,0.25,17.569484767033572,1.100699667430478,1.6446275406689914,1.0226935216959605,-17.179618716952092,61.782378737078744,1073.0,98.48666666666666,79.0629387654347
us,williams_percent_r,"bull,pullback",equal_slot,none,0.25,none,18.81137249519127,1.1901961169428008,1.7795373139149073,1.2766207829503131,-14.735286113482784,66.91472422365594,1043.0,98.38,79.0629387654347
us,williams_percent_r,"bull,pullback",equal_slot,none,0.25,0.15,15.679839238152038,1.0064346106009998,1.5050077215669424,1.0360246811918032,-15.134619399331829,54.17567963024381,1180.0,98.44,79.0629387654347
us,williams_percent_r,"bull,pullback",equal_slot,none,0.25,0.25,15.873214762399734,1.0162324284819784,1.5066527980312072,0.92164153765759,-17.222764072399023,54.94296457467382,1072.0,98.46000000000001,79.0629387654347
us,williams_percent_r,"bull,pullback",equal_slot,0.08,none,none,19.5067862983024,1.3035652433177922,1.986532385290644,1.2476550794798065,-15.634758852130433,69.83527930296249,1349.0,98.64,79.0629387654347
us,williams_percent_r,"bull,pullback",equal_slot,0.08,none,0.15,18.134897410683905,1.182491486252283,1.78796497079964,1.074434091284001,-16.87855733338824,64.10587143665968,1379.0,98.49333333333334,79.0629387654347
us,williams_percent_r,"bull,pullback",equal_slot,0.08,none,0.25,19.944771088904602,1.3230825334727898,2.0228464218843554,1.275668609764766,-15.634758852130433,71.69198996690882,1350.0,98.64,79.0629387654347
us,williams_percent_r,"bull,pullback",equal_slot,0.08,0.25,none,20.050263778549592,1.3441346308424815,2.0373481793899533,1.2726643277361793,-15.754557852827608,72.14119949767695,1355.0,98.57333333333334,79.0629387654347
us,williams_percent_r,"bull,pullback",equal_slot,0.08,0.25,0.15,18.08756155816702,1.1925586023348576,1.7963769362095685,1.0808517384648484,-16.734544539713728,63.910506879300954,1377.0,98.47333333333333,79.0629387654347
us,williams_percent_r,"bull,pullback",equal_slot,0.08,0.25,0.25,20.050263778549592,1.3441346308424815,2.0373481793899533,1.2726643277361793,-15.754557852827608,72.14119949767695,1355.0,98.57333333333334,79.0629387654347
us,williams_percent_r,"bull,pullback",equal_slot,0.15,none,none,17.334778006491636,1.0837478227012711,1.624291276511237,0.9299170062711577,-18.64120979570184,60.824328597095615,1122.0,98.41333333333333,79.0629387654347
us,williams_percent_r,"bull,pullback",equal_slot,0.15,none,0.15,17.134248182753996,1.0658400196517823,1.6015979853203262,1.0589090543012412,-16.181038506711644,60.008773867398155,1180.0,98.49333333333334,79.0629387654347
us,williams_percent_r,"bull,pullback",equal_slot,0.15,none,0.25,18.390187002953915,1.1422621962957078,1.730677183852273,0.9803046486415985,-18.759665200442612,65.16216695132839,1133.0,98.57333333333334,79.0629387654347
us,williams_percent_r,"bull,pullback",equal_slot,0.15,0.25,none,17.90785939284749,1.1065559845559945,1.658741642181752,0.9755987572015098,-18.355762818124035,63.17024507634068,1123.0,98.33999999999999,79.0629387654347
us,williams_percent_r,"bull,pullback",equal_slot,0.15,0.25,0.15,15.083937731704221,0.9602622501603482,1.4276964333824784,0.9486377750823147,-15.90062943718994,51.82709656040394,1180.0,98.44,79.0629387654347
us,williams_percent_r,"bull,pullback",equal_slot,0.15,0.25,0.25,17.19163104257271,1.0762340229544722,1.613459643766748,0.9305603333816738,-18.474493727986445,60.24186897187378,1131.0,98.5,79.0629387654347
us,williams_percent_r,"bull,pullback",equal_slot,0.25,none,none,18.060563274115427,1.104658186408676,1.6581968540890044,0.9962415341955941,-18.128699370778854,63.79914869001912,1062.0,98.42,79.0629387654347
us,williams_percent_r,"bull,pullback",equal_slot,0.25,none,0.15,17.56326033507605,1.1035094583365381,1.6669789518951799,1.1399248284451766,-15.407384677314036,61.75692245768361,1180.0,98.49333333333334,79.0629387654347
us,williams_percent_r,"bull,pullback",equal_slot,0.25,none,0.25,17.36113889907813,1.0860989338105906,1.6212632405676617,0.9984515867021575,-17.38806280675183,60.93174301787949,1073.0,98.48666666666666,79.0629387654347
us,williams_percent_r,"bull,pullback",equal_slot,0.25,0.25,none,17.083100887109982,1.0509823600835069,1.5631954100520893,0.9397615431123633,-18.178122963547814,59.80119801087245,1063.0,98.39333333333335,79.0629387654347
us,williams_percent_r,"bull,pullback",equal_slot,0.25,0.25,0.15,15.528068463055567,0.9976013621588223,1.4908610036459644,1.0259966275558345,-15.134619399331829,53.57524515068932,1180.0,98.44,79.0629387654347
us,williams_percent_r,"bull,pullback",equal_slot,0.25,0.25,0.25,15.675942880454198,1.0024921175126973,1.485164463573186,0.8992724461394932,-17.431806064724658,54.16024543937328,1072.0,98.46000000000001,79.0629387654347
us,cci_reversion,none,equal_slot,none,none,none,19.884013250380583,1.2364440061541646,1.9142230322716276,1.2144652400117737,-16.372649125954247,71.43362397244881,816.0,99.49333333333334,79.0629387654347
us,cci_reversion,none,equal_slot,none,none,0.15,15.174684412045124,1.0140401140433093,1.5481249551899987,0.9325354332840083,-16.272501687797636,52.18320662532461,915.0,99.69333333333333,79.0629387654347
us,cci_reversion,none,equal_slot,none,none,0.25,18.5889404589207,1.1770300101401518,1.797212834085297,1.0748119422836693,-17.29506318977485,65.98765272858623,839.0,99.68666666666668,79.0629387654347
us,cci_reversion,none,equal_slot,none,0.25,none,19.76446709652382,1.2635431814211961,1.9554369114709467,1.2595544045549505,-15.691634299438913,70.92602060993185,824.0,99.56666666666666,79.0629387654347
us,cci_reversion,none,equal_slot,none,0.25,0.15,18.46362778937527,1.2676584221262495,1.9464390222098698,1.2321805782488777,-14.984514538944435,65.46687161188092,917.0,99.67333333333332,79.0629387654347
us,cci_reversion,none,equal_slot,none,0.25,0.25,17.658553496211592,1.1629049306710977,1.7540960718689589,1.0738010685899877,-16.444902145049184,62.146937496595676,845.0,99.70666666666666,79.0629387654347
us,cci_reversion,none,equal_slot,0.08,none,none,17.973925976107207,1.2157026852930688,1.854506446917838,0.9614508659208635,-18.69458608151759,63.442140111926484,1013.0,99.8,79.0629387654347
us,cci_reversion,none,equal_slot,0.08,none,0.15,19.62121118499507,1.301057652860139,2.034460514549168,1.2231104382822044,-16.042060120549742,70.31905839470612,1035.0,99.75333333333334,79.0629387654347
us,cci_reversion,none,equal_slot,0.08,none,0.25,17.491908527865107,1.196152693554353,1.7973940608749135,0.9667766536672843,-18.093019169952917,61.46530228732963,1022.0,99.8,79.0629387654347
us,cci_reversion,none,equal_slot,0.08,0.25,none,19.41096557718611,1.3412839120772768,2.0366179565512708,1.2405990424292925,-15.646445719622932,69.43085930217838,1030.0,99.84666666666668,79.0629387654347
us,cci_reversion,none,equal_slot,0.08,0.25,0.15,20.459608718631863,1.4429472832471104,2.2680044819390184,1.4552983489879672,-14.05870399898394,73.891658120183,1044.0,99.73333333333333,79.0629387654347
us,cci_reversion,none,equal_slot,0.08,0.25,0.25,19.541832264880288,1.3459219232001745,2.0449912737906866,1.248963030649956,-15.646445719622932,69.98335379289793,1033.0,99.84666666666668,79.0629387654347
us,cci_reversion,none,equal_slot,0.15,none,none,16.632912642270668,1.0846325931407146,1.6462292053158523,1.0267854378549477,-16.199014934433045,57.9818595981882,869.0,99.67333333333332,79.0629387654347
us,cci_reversion,none,equal_slot,0.15,none,0.15,14.572681768001573,0.9682507205662465,1.4716840653269647,0.8636699527450402,-16.872975286085357,49.83114375083386,915.0,99.69333333333333,79.0629387654347
us,cci_reversion,none,equal_slot,0.15,none,0.25,15.65204788597152,1.0403246265606683,1.578509240076773,0.9810766130568952,-15.953950667728146,54.06561538539181,871.0,99.67333333333332,79.0629387654347
us,cci_reversion,none,equal_slot,0.15,0.25,none,15.622160729871215,1.0186806514671694,1.526191599694337,0.9591427731109352,-16.28762804436451,53.94730916315083,879.0,99.73333333333333,79.0629387654347
us,cci_reversion,none,equal_slot,0.15,0.25,0.15,17.941853567086884,1.2247024478056339,1.8736330004513837,1.1564576155186097,-15.514492988176587,63.31010956146732,917.0,99.67333333333332,79.0629387654347
us,cci_reversion,none,equal_slot,0.15,0.25,0.25,14.249232870055017,0.9534243691400753,1.4110673965211455,0.864571918116378,-16.481258032413866,48.577430059995265,879.0,99.73333333333333,79.0629387654347
us,cci_reversion,none,equal_slot,0.25,none,none,18.18918012904993,1.1777560758550134,1.7905501225452904,1.0997325590407103,-16.539639551016144,64.33009721830234,828.0,99.68,79.0629387654347
us,cci_reversion,none,equal_slot,0.25,none,0.15,14.81323312985634,0.9856226703303863,1.5001463919507159,0.8805943169410804,-16.821858652589373,50.76807765312037,915.0,99.69333333333333,79.0629387654347
us,cci_reversion,none,equal_slot,0.25,none,0.25,18.26998776243185,1.1506752067445267,1.7520022172812755,1.0401452976137928,-17.564841954624224,64.66426596689152,839.0,99.68666666666668,79.0629387654347
us,cci_reversion,none,equal_slot,0.25,0.25,none,18.53746185162275,1.2147673052520243,1.8309366033129844,1.160727156440781,-15.970559272917734,65.77358374785601,836.0,99.72,79.0629387654347
us,cci_reversion,none,equal_slot,0.25,0.25,0.15,18.13048983997032,1.2377499633075797,1.8926714568465526,1.1685990670389066,-15.514722158653491,64.08767398818462,917.0,99.67333333333332,79.0629387654347
us,cci_reversion,none,equal_slot,0.25,0.25,0.25,17.530364368895658,1.1513392513086629,1.7337515872719071,1.0541980995592424,-16.629098815701774,61.622430802858496,845.0,99.70666666666666,79.0629387654347
us,cci_reversion,bull,equal_slot,none,none,none,16.153685120894412,1.055765230211535,1.696934534681117,1.0731735496160437,-15.052257975118582,56.060324868933684,748.0,91.35333333333332,79.0629387654347
us,cci_reversion,bull,equal_slot,none,none,0.15,12.212521011290022,0.9452248151352948,1.3713028333379633,0.7249852776086249,-16.845198638478855,40.84256374030883,829.0,90.93333333333334,79.0629387654347
us,cci_reversion,bull,equal_slot,none,none,0.25,12.048164353278622,0.8784440468315948,1.281632695835248,0.6974610455801329,-17.274318658552783,40.230306748262265,767.0,91.53333333333335,79.0629387654347
us,cci_reversion,bull,equal_slot,none,0.25,none,15.719492185021311,1.039333417206151,1.670358352877794,0.9677996992292993,-16.242505755622183,54.33281057882595,754.0,91.55333333333333,79.0629387654347
us,cci_reversion,bull,equal_slot,none,0.25,0.15,13.837484970055257,1.069691784429165,1.5766771417978158,0.8799146704638001,-15.725939610441506,46.99155910737285,834.0,91.12666666666665,79.0629387654347
us,cci_reversion,bull,equal_slot,none,0.25,0.25,12.511915115313554,0.9242487871089129,1.3463356626796597,0.7310134861260253,-17.11584718035766,41.96241219402126,771.0,91.5,79.0629387654347
us,cci_reversion,bull,equal_slot,0.08,none,none,11.597092850740642,0.910962240613655,1.3030236114338067,0.6052784707774246,-19.159929537631236,38.55906768315158,925.0,90.74,79.0629387654347
us,cci_reversion,bull,equal_slot,0.08,none,0.15,10.869585518931357,0.8847744995672787,1.2546772810605713,0.6046920155369985,-17.975407711111565,35.89155937745756,938.0,90.61333333333333,79.0629387654347
us,cci_reversion,bull,equal_slot,0.08,none,0.25,11.617482302418214,0.917032292743695,1.3140726759293095,0.670042377865265,-17.338429159408044,38.63432472416866,927.0,90.68666666666667,79.0629387654347
us,cci_reversion,bull,equal_slot,0.08,0.25,none,15.576330620928335,1.2673380325473034,1.8502329008269722,1.0192369986125687,-15.282344187006103,53.76601099235059,934.0,90.9,79.0629387654347
us,cci_reversion,bull,equal_slot,0.08,0.25,0.15,13.61592666937559,1.1184161606678997,1.6032702296394359,0.8334646282658291,-16.33653811764746,46.14288174404568,946.0,90.64666666666668,79.0629387654347
us,cci_reversion,bull,equal_slot,0.08,0.25,0.25,15.10122798737903,1.2346829734616096,1.7985330916387723,0.9881486637513982,-15.282344187006103,51.89490466524931,933.0,90.81333333333333,79.0629387654347
us,cci_reversion,bull,equal_slot,0.15,none,none,13.812549268953456,0.945363247303872,1.4393620338983546,0.8322719265724887,-16.596197502223955,46.89588021221771,789.0,91.15333333333334,79.0629387654347
us,cci_reversion,bull,equal_slot,0.15,none,0.15,11.581652290352995,0.8915548191205352,1.2864073712037367,0.6627701430940338,-17.47461380243526,38.502094937366316,829.0,90.93333333333334,79.0629387654347
us,cci_reversion,bull,equal_slot,0.15,none,0.25,12.13802559250925,0.8507143748365391,1.2914239242538292,0.7452692330304281,-16.28676598274878,40.56483610321602,794.0,91.31333333333333,79.0629387654347
us,cci_reversion,bull,equal_slot,0.15,0.25,none,12.55328605252184,0.8666304505275135,1.297388345985704,0.7152071993194562,-17.551957061487517,42.11761835364485,800.0,91.28666666666666,79.0629387654347
us,cci_reversion,bull,equal_slot,0.15,0.25,0.15,13.290803226571168,1.022121320641887,1.5002281351835038,0.8139373008994586,-16.329025849882893,44.90339494847906,834.0,91.12666666666665,79.0629387654347
us,cci_reversion,bull,equal_slot,0.15,0.25,0.25,11.038407082238022,0.8064542546091481,1.1664020357675928,0.6288989338094088,-17.551957061487517,36.50750333940809,800.0,91.31333333333333,79.0629387654347
us,cci_reversion,bull,equal_slot,0.25,none,none,14.588230120466484,1.0018287241989345,1.5216896081487474,0.8897167144889344,-16.396488773222796,49.89158658040138,760.0,91.52,79.0629387654347
us,cci_reversion,bull,equal_slot,0.25,none,0.15,11.838502870269462,0.9117241064784596,1.3169888271242207,0.6793073720109355,-17.42731399369958,39.45184825457901,829.0,90.93333333333334,79.0629387654347
us,cci_reversion,bull,equal_slot,0.25,none,0.25,11.921646992405632,0.8679210340473151,1.2645381778799025,0.6848088706383155,-17.408721620812788,39.7602125612265,767.0,91.53333333333335,79.0629387654347
us,cci_reversion,bull,equal_slot,0.25,0.25,none,13.295917363580756,0.980341968837295,1.440017482807152,0.8340910345018706,-15.940606976457,44.922837661806604,765.0,91.50666666666666,79.0629387654347
us,cci_reversion,bull,equal_slot,0.25,0.25,0.15,13.473973434625886,1.0355176227712337,1.5191294598687455,0.8264413808228869,-16.303604523299477,45.60084362164303,834.0,91.12666666666665,79.0629387654347
us,cci_reversion,bull,equal_slot,0.25,0.25,0.25,12.19197136504282,0.897183266943221,1.3031980512303214,0.7029275476941657,-17.344563326670734,40.765915921840175,771.0,91.5,79.0629387654347
us,cci_reversion,"bull,pullback",equal_slot,none,none,none,17.247207951517197,1.0878853081792408,1.671221369350729,1.0534158411894738,-16.372649125954247,60.46784280443494,807.0,98.49333333333334,79.0629387654347
us,cci_reversion,"bull,pullback",equal_slot,none,none,0.15,13.447810647595372,0.9078978167063656,1.373085510822955,0.8264132280090385,-16.272501687797636,45.50108873790617,904.0,98.84666666666666,79.0629387654347
us,cci_reversion,"bull,pullback",equal_slot,none,none,0.25,17.612835300710692,1.1324982005335122,1.7245305406846345,1.018373573282098,-17.29506318977485,61.959744678045325,826.0,98.80000000000001,79.0629387654347
us,cci_reversion,"bull,pullback",equal_slot,none,0.25,none,17.975936392843227,1.1582380129412735,1.7837516138855176,1.1455745175941294,-15.691634299438913,63.45041863138672,813.0,98.57333333333334,79.0629387654347
us,cci_reversion,"bull,pullback",equal_slot,none,0.25,0.15,16.258938740421346,1.1160960531170954,1.695612310047023,1.0850494153924513,-14.984514538944435,56.48101841017925,909.0,98.80666666666667,79.0629387654347
us,cci_reversion,"bull,pullback",equal_slot,none,0.25,0.25,17.38954852849053,1.1469282113988766,1.7198285623124228,1.0574431136840625,-16.444902145049184,61.047558844334816,835.0,98.73333333333333,79.0629387654347
us,cci_reversion,"bull,pullback",equal_slot,0.08,none,none,17.688006048498494,1.187797099872785,1.8045766430976022,0.9461566023109627,-18.69458608151759,62.26760675879013,1002.0,98.97333333333333,79.0629387654347
us,cci_reversion,"bull,pullback",equal_slot,0.08,none,0.15,18.566963308757135,1.2362180240695202,1.9199857549070822,1.1573927020116956,-16.042060120549742,65.89624037766293,1024.0,98.88,79.0629387654347
us,cci_reversion,"bull,pullback",equal_slot,0.08,none,0.25,16.465834460789974,1.1331615793521421,1.6965346553830927,0.9100656063049328,-18.093019169952917,57.31016249313738,1006.0,98.87333333333335,79.0629387654347
us,cci_reversion,"bull,pullback",equal_slot,0.08,0.25,none,16.005220094175243,1.1167162239922581,1.6776719397828634,1.0229300878283403,-15.646445719622932,55.468194360906374,1022.0,98.91333333333334,79.0629387654347
us,cci_reversion,"bull,pullback",equal_slot,0.08,0.25,0.15,18.959546227798405,1.3474888234575713,2.097226850909321,1.3485984361836385,-14.05870399898394,67.53419828027423,1030.0,98.89333333333333,79.0629387654347
us,cci_reversion,"bull,pullback",equal_slot,0.08,0.25,0.25,15.677600764587329,1.0968001863035128,1.6473483165433835,1.0019911899176772,-15.646445719622932,54.16681249862722,1024.0,98.91333333333334,79.0629387654347
us,cci_reversion,"bull,pullback",equal_slot,0.15,none,none,17.506115502372488,1.1403587046018748,1.7343257715439664,1.0806901267286961,-16.199014934433045,61.52333941539769,861.0,98.79333333333334,79.0629387654347
us,cci_reversion,"bull,pullback",equal_slot,0.15,none,0.15,12.84748871157515,0.863365130230593,1.300275589875629,0.7614240223637436,-16.872975286085357,43.22459014039184,904.0,98.84666666666666,79.0629387654347
us,cci_reversion,"bull,pullback",equal_slot,0.15,none,0.25,14.525142935920087,0.9690434306739873,1.4718499099610522,0.910441760692023,-15.953950667728146,49.646441115261574,862.0,98.78,79.0629387654347
us,cci_reversion,"bull,pullback",equal_slot,0.15,0.25,none,15.4756883683695,1.009810941510453,1.5140734380565584,0.9501499129410719,-16.28762804436451,53.36838012423757,874.0,98.83333333333333,79.0629387654347
us,cci_reversion,"bull,pullback",equal_slot,0.15,0.25,0.15,15.691276264356757,1.0717511725694782,1.6223482551610466,1.0113947182363545,-15.514492988176587,54.22098972067471,909.0,98.80666666666667,79.0629387654347
us,cci_reversion,"bull,pullback",equal_slot,0.15,0.25,0.25,14.697324560670456,0.9838550272363072,1.4614970327560324,0.8917598724420837,-16.481258032413866,50.316136540668225,876.0,98.84,79.0629387654347
us,cci_reversion,"bull,pullback",equal_slot,0.25,none,none,18.15985368342128,1.1660181958202414,1.76555221630983,1.0979594583913161,-16.539639551016144,64.20893315510013,816.0,98.75333333333333,79.0629387654347
us,cci_reversion,"bull,pullback",equal_slot,0.25,none,0.15,13.14058504300002,0.8838631963501684,1.3332010618265215,0.7811613041331377,-16.821858652589373,44.333073499717756,904.0,98.84666666666666,79.0629387654347
us,cci_reversion,"bull,pullback",equal_slot,0.25,none,0.25,17.279144036860572,1.1052635257139136,1.6782435498395292,0.9837346718802421,-17.564841954624224,60.59778946037995,826.0,98.80000000000001,79.0629387654347
us,cci_reversion,"bull,pullback",equal_slot,0.25,0.25,none,18.314492167604502,1.2093796245142328,1.8156889163160355,1.1467658617730139,-15.970559272917734,64.84850015770611,826.0,98.64666666666666,79.0629387654347
us,cci_reversion,"bull,pullback",equal_slot,0.25,0.25,0.15,15.966246931650119,1.0904732073455665,1.6507019014821411,1.0291029880122464,-15.514722158653491,55.31300317199086,909.0,98.80666666666667,79.0629387654347
us,cci_reversion,"bull,pullback",equal_slot,0.25,0.25,0.25,17.215656005140232,1.1324925257982381,1.6952201613011393,1.035272939077409,-16.629098815701774,60.33952772900262,835.0,98.73333333333333,79.0629387654347
us,short_term_reversal,none,equal_slot,none,none,none,20.82463387805358,0.9848079973693721,1.5333556298087492,1.01234027953787,-20.57078464521826,75.4625216742719,720.0,99.86666666666666,79.0629387654347
us,short_term_reversal,none,equal_slot,none,none,0.15,12.518209416853331,0.6062009013569443,0.9209521912199541,0.5978322539481179,-20.93933429349516,41.986018478310406,880.0,99.86666666666666,79.0629387654347
us,short_term_reversal,none,equal_slot,none,none,0.25,18.55985248455443,0.7899035934886678,1.2593488307831844,0.791840252248258,-23.438884840544247,65.86667057806028,753.0,99.86666666666666,79.0629387654347
us,short_term_reversal,none,equal_slot,none,0.25,none,17.722988121446704,0.9086904175638614,1.399867520465973,0.9632849054268672,-18.39849043787621,62.41100827271029,748.0,99.86666666666666,79.0629387654347
us,short_term_reversal,none,equal_slot,none,0.25,0.15,16.226767598095936,0.7758971726804742,1.2184308794981722,0.9490683937539929,-17.09757453191731,56.352352186600726,915.0,99.86666666666666,79.0629387654347
us,short_term_reversal,none,equal_slot,none,0.25,0.25,12.548090817262892,0.6378197629888622,0.9772976742424243,0.6497679558781866,-19.311649187599073,42.09812186192436,779.0,99.86666666666666,79.0629387654347
us,short_term_reversal,none,equal_slot,0.08,none,none,15.273399865996273,0.7639165652885196,1.1359871213632482,0.7174504154235806,-21.288439643566033,52.57121681567596,998.0,99.86666666666666,79.0629387654347
us,short_term_reversal,none,equal_slot,0.08,none,0.15,12.174381985572523,0.6399454705085896,0.9318489518902774,0.5933331321389368,-20.518628281694763,40.70033154715907,1051.0,99.86666666666666,79.0629387654347
us,short_term_reversal,none,equal_slot,0.08,none,0.25,14.370745965901177,0.7254204201825301,1.068182453020052,0.6553100056158995,-21.929691051176142,49.04760483064137,1001.0,99.86666666666666,79.0629387654347
us,short_term_reversal,none,equal_slot,0.08,0.25,none,13.831836829935874,0.7150301421009697,1.056296353843564,0.7234192818556071,-19.12008316180972,46.969883434180225,1061.0,99.86666666666666,79.0629387654347
us,short_term_reversal,none,equal_slot,0.08,0.25,0.15,14.95972114994073,0.7784834331227471,1.1612491214095575,0.84627234771043,-17.677194806629217,51.34054026939394,1090.0,99.86666666666666,79.0629387654347
us,short_term_reversal,none,equal_slot,0.08,0.25,0.25,13.831836829935874,0.7150301421009697,1.056296353843564,0.7234192818556071,-19.12008316180972,46.969883434180225,1061.0,99.86666666666666,79.0629387654347
us,short_term_reversal,none,equal_slot,0.15,none,none,13.565996133576874,0.6271225240120807,0.9399552843710396,0.5095012863060947,-26.62602921364714,45.95207323695265,786.0,99.86666666666666,79.0629387654347
us,short_term_reversal,none,equal_slot,0.15,none,0.15,11.087769324708606,0.5486642766943852,0.8264256784210774,0.4866125260343826,-22.785622505585028,36.68795040705541,880.0,99.86666666666666,79.0629387654347
us,short_term_reversal,none,equal_slot,0.15,none,0.25,15.020744036145018,0.6913231809899248,1.0408205448074972,0.6162449124666776,-24.374633741024578,51.579437386951234,791.0,99.86666666666666,79.0629387654347
us,short_term_reversal,none,equal_slot,0.15,0.25,none,13.652311377323901,0.649579154923481,0.981599111447598,0.6002067302248956,-22.746015147494965,46.282029357703244,836.0,99.86666666666666,79.0629387654347
us,short_term_reversal,none,equal_slot,0.15,0.25,0.15,14.98561670703127,0.7148647887289412,1.1124834835052932,0.801186100916308,-18.704289415271155,51.441887661878205,915.0,99.86666666666666,79.0629387654347
us,short_term_reversal,none,equal_slot,0.15,0.25,0.25,9.600886458256785,0.4904659708573294,0.7447462025064236,0.428197216126129,-22.421646140335405,31.321626768202403,839.0,99.86666666666666,79.0629387654347
us,short_term_reversal,none,equal_slot,0.25,none,none,18.06328839399334,0.8183541688452121,1.288346316146195,0.8192781138962211,-22.047810246132652,63.81038654861606,738.0,99.86666666666666,79.0629387654347
us,short_term_reversal,none,equal_slot,0.25,none,0.15,11.223951085865247,0.5532705314453221,0.8345121218775196,0.5169273592195484,-21.71282073909002,37.18659269222808,880.0,99.86666666666666,79.0629387654347
us,short_term_reversal,none,equal_slot,0.25,none,0.25,18.27018114043566,0.7771243255116941,1.236797489715445,0.7715560197934533,-23.679656009069326,64.6650661951077,753.0,99.86666666666666,79.0629387654347
us,short_term_reversal,none,equal_slot,0.25,0.25,none,13.137258220416804,0.6577313928025764,0.993553430695259,0.5697570527791844,-23.057649144201626,44.32045970483003,774.0,99.86666666666666,79.0629387654347
us,short_term_reversal,none,equal_slot,0.25,0.25,0.15,15.409499366810774,0.73240848778126,1.1458978057474725,0.8804871493369121,-17.501106493621794,53.10724404460561,915.0,99.86666666666666,79.0629387654347
us,short_term_reversal,none,equal_slot,0.25,0.25,0.25,12.347022344611581,0.6278160756905689,0.9607356325050402,0.6341527312829544,-19.470108280748583,41.344922169094154,779.0,99.86666666666666,79.0629387654347
us,short_term_reversal,bull,equal_slot,none,none,none,31.27492470780757,0.715386734439494,2.7036797357128526,1.401071962299504,-22.322140153656147,124.52386334794015,680.0,92.53333333333333,79.0629387654347
us,short_term_reversal,bull,equal_slot,none,none,0.15,3.3466222267523715,0.26188570386777293,0.38247290830283687,0.12528656151500966,-26.71174135744349,10.278726230754721,788.0,90.7,79.0629387654347
us,short_term_reversal,bull,equal_slot,none,none,0.25,23.10466081632585,0.734650487834798,1.9233105529668442,1.0791796763305936,-21.409466211304018,85.48801890794505,690.0,91.25999999999999,79.0629387654347
us,short_term_reversal,bull,equal_slot,none,0.25,none,27.9096410270935,0.8126513169870696,2.437806818189295,1.4465084769601477,-19.29448839853735,107.84534618452054,693.0,92.17333333333333,79.0629387654347
us,short_term_reversal,bull,equal_slot,none,0.25,0.15,9.850103892170893,0.5655246360605173,0.8523983365031724,0.5661100524082621,-17.399627246094695,32.21114595580039,815.0,90.67999999999999,79.0629387654347
us,short_term_reversal,bull,equal_slot,none,0.25,0.25,17.114472874908216,0.674480963449992,1.4449794387875545,0.7319054062921474,-23.38344918315414,59.928496683563104,711.0,90.88,79.0629387654347
us,short_term_reversal,bull,equal_slot,0.08,none,none,13.040462135422448,0.7593874254245316,1.1323744404393492,0.8351914703780393,-15.613739600956222,43.95377325297398,894.0,90.43333333333334,79.0629387654347
us,short_term_reversal,bull,equal_slot,0.08,none,0.15,12.093278936863872,0.7318820876886086,1.086166987357688,0.776495056685891,-15.574186638712709,40.39819016143278,942.0,90.02000000000001,79.0629387654347
us,short_term_reversal,bull,equal_slot,0.08,none,0.25,12.904007261647909,0.7533533539300619,1.1257274697271742,0.8317097826882239,-15.515036050123179,43.43790074717633,895.0,90.26666666666668,79.0629387654347
us,short_term_reversal,bull,equal_slot,0.08,0.25,none,12.467050886242914,0.7437014094159979,1.1055324621378027,0.6303774956295594,-19.777119222493887,41.79422785303477,957.0,90.22666666666666,79.0629387654347
us,short_term_reversal,bull,equal_slot,0.08,0.25,0.15,12.61439182540367,0.7609002478022031,1.1303922886532327,0.6917256365081637,-18.236120160416807,42.34706712951364,975.0,90.19333333333334,79.0629387654347
us,short_term_reversal,bull,equal_slot,0.08,0.25,0.25,12.467050886242914,0.7437014094159979,1.1055324621378027,0.6303774956295594,-19.777119222493887,41.79422785303477,957.0,90.22666666666666,79.0629387654347
us,short_term_reversal,bull,equal_slot,0.15,none,none,14.692302675490687,0.6427260280807316,1.1731909255359378,0.5554625114449768,-26.450574742245376,50.29657596545303,720.0,90.92,79.0629387654347
us,short_term_reversal,bull,equal_slot,0.15,none,0.15,1.820010513709125,0.19067234129295588,0.2758190379234641,0.0640380113427051,-28.420784398959185,5.5071338733306385,788.0,90.7,79.0629387654347
us,short_term_reversal,bull,equal_slot,0.15,none,0.25,15.83118670757553,0.7332946759044484,1.2462765327883962,0.7104624607390212,-22.28293200897338,54.775988584066894,724.0,90.93333333333334,79.0629387654347
us,short_term_reversal,bull,equal_slot,0.15,0.25,none,13.643844955703921,0.6645942563104806,1.1085686719849908,0.6070890770264747,-22.474205964191516,46.24964301033092,750.0,90.81333333333333,79.0629387654347
us,short_term_reversal,bull,equal_slot,0.15,0.25,0.15,8.960079426246192,0.5193140704263526,0.7790611395534686,0.4727298994322537,-18.95390885367565,29.05267992072691,815.0,90.67999999999999,79.0629387654347
us,short_term_reversal,bull,equal_slot,0.15,0.25,0.25,13.613639068236449,0.6655496027121922,1.1088895792379079,0.6061059367331401,-22.460824491528356,46.13413610779893,750.0,90.79333333333332,79.0629387654347
us,short_term_reversal,bull,equal_slot,0.25,none,none,25.298107170285288,0.6811292148338493,2.2343302352380863,1.112142232831684,-22.74718684666119,95.48473510838673,684.0,91.18,79.0629387654347
us,short_term_reversal,bull,equal_slot,0.25,none,0.15,1.7792512127585702,0.18886630316070946,0.2731124510569323,0.06397423768565286,-27.811995533283124,5.3816507720778395,788.0,90.7,79.0629387654347
us,short_term_reversal,bull,equal_slot,0.25,none,0.25,22.892353588908154,0.7263640701320441,1.9006248379049047,1.0484572547083333,-21.83432227313502,84.53883881240843,690.0,91.25999999999999,79.0629387654347
us,short_term_reversal,bull,equal_slot,0.25,0.25,none,23.05593610970924,0.829393694683779,2.0078953168436513,1.431608493513059,-16.104917101414866,85.2698954573606,708.0,91.23333333333333,79.0629387654347
us,short_term_reversal,bull,equal_slot,0.25,0.25,0.15,8.762449398142946,0.5084066873149705,0.761712061495513,0.47978874736124544,-18.263140697515087,28.358204608224113,815.0,90.67999999999999,79.0629387654347
us,short_term_reversal,bull,equal_slot,0.25,0.25,0.25,16.75228548478991,0.6594504807093594,1.4148727072634406,0.70903756970971,-23.626795250988646,58.46293279445456,711.0,90.88,79.0629387654347
us,short_term_reversal,"bull,pullback",equal_slot,none,none,none,11.547503715460206,0.6003076851125325,0.9150301616990498,0.508589308984752,-22.70496746876449,38.376148367900285,700.0,97.6,79.0629387654347
us,short_term_reversal,"bull,pullback",equal_slot,none,none,0.15,7.5495848062312465,0.41507353711239237,0.621194798864088,0.36054559807933045,-20.93933429349516,24.150420229696714,870.0,98.94666666666666,79.0629387654347
us,short_term_reversal,"bull,pullback",equal_slot,none,none,0.25,9.585341256276791,0.4941322208762603,0.7364814552769506,0.40895039680796613,-23.438884840544247,31.26627403255906,746.0,99.14666666666668,79.0629387654347
us,short_term_reversal,"bull,pullback",equal_slot,none,0.25,none,16.64159940101051,0.8234765096154402,1.287311612608681,0.904508957253968,-18.39849043787621,58.01683454264561,734.0,98.42,79.0629387654347
us,short_term_reversal,"bull,pullback",equal_slot,none,0.25,0.15,11.524860626742207,0.5890449943577334,0.9112375652658187,0.6740640671124372,-17.09757453191731,38.29267818000621,900.0,98.96000000000001,79.0629387654347
us,short_term_reversal,"bull,pullback",equal_slot,none,0.25,0.25,10.843250446691876,0.5645622428671263,0.8656988984756804,0.5614875426410937,-19.311649187599073,35.795642701621475,770.0,99.12,79.0629387654347
us,short_term_reversal,"bull,pullback",equal_slot,0.08,none,none,13.349675784057657,0.67993485010466,1.0096009920873306,0.6270856862960505,-21.288439643566033,45.12731893382049,988.0,99.21333333333334,79.0629387654347
us,short_term_reversal,"bull,pullback",equal_slot,0.08,none,0.15,8.392663682129076,0.4748298459903401,0.682462483037301,0.40902654733583743,-20.518628281694763,27.065440877994497,1039.0,98.73333333333333,79.0629387654347
us,short_term_reversal,"bull,pullback",equal_slot,0.08,none,0.25,12.766410983201348,0.6559267557342832,0.9634683581671469,0.5821518850132936,-21.929691051176142,42.918956744796624,993.0,99.12666666666667,79.0629387654347
us,short_term_reversal,"bull,pullback",equal_slot,0.08,0.25,none,11.630136647047395,0.6189120038335455,0.9086285403524966,0.6082680994964146,-19.12008316180972,38.68104528380296,1048.0,98.88666666666668,79.0629387654347
us,short_term_reversal,"bull,pullback",equal_slot,0.08,0.25,0.15,11.49293735986281,0.6280027205127771,0.9237914674496505,0.6000225518235336,-19.15417566378885,38.175054839198495,1070.0,98.64666666666666,79.0629387654347
us,short_term_reversal,"bull,pullback",equal_slot,0.08,0.25,0.25,11.630136647047395,0.6189120038335455,0.9086285403524966,0.6082680994964146,-19.12008316180972,38.68104528380296,1048.0,98.88666666666668,79.0629387654347
us,short_term_reversal,"bull,pullback",equal_slot,0.15,none,none,5.417047220467142,0.33081050653669347,0.49479706848160004,0.20344930808123055,-26.62602921364714,16.975828373326696,782.0,99.29333333333335,79.0629387654347
us,short_term_reversal,"bull,pullback",equal_slot,0.15,none,0.15,5.787151764874565,0.34699509426064995,0.5151843607510302,0.2539826051913247,-22.785622505585028,18.200708687931556,870.0,98.94666666666666,79.0629387654347
us,short_term_reversal,"bull,pullback",equal_slot,0.15,none,0.25,10.280789934045753,0.5152995716589283,0.7666424775168019,0.4217823349994511,-24.374633741024578,33.75778024926852,791.0,99.3,79.0629387654347
us,short_term_reversal,"bull,pullback",equal_slot,0.15,0.25,none,6.777700376358098,0.3868165336430945,0.5792895784115576,0.29797308813911216,-22.746015147494965,21.52078420757253,832.0,99.22666666666666,79.0629387654347
us,short_term_reversal,"bull,pullback",equal_slot,0.15,0.25,0.15,9.996917836917385,0.519851572958027,0.7966848268498657,0.534471939295132,-18.704289415271155,32.737028097870095,900.0,98.96000000000001,79.0629387654347
us,short_term_reversal,"bull,pullback",equal_slot,0.15,0.25,0.25,6.653365678687084,0.37943165004312074,0.571290080411947,0.29673850158209464,-22.421646140335405,21.1006917912526,838.0,99.3,79.0629387654347
us,short_term_reversal,"bull,pullback",equal_slot,0.25,none,none,11.055309517561685,0.5585533347199714,0.8478950865687634,0.5014243770308604,-22.047810246132652,36.56927354539463,727.0,98.79333333333334,79.0629387654347
us,short_term_reversal,"bull,pullback",equal_slot,0.25,none,0.15,5.9170507968832275,0.3517223055681172,0.5227386901350849,0.2725141458120475,-21.71282073909002,18.632625505484835,870.0,98.94666666666666,79.0629387654347
us,short_term_reversal,"bull,pullback",equal_slot,0.25,none,0.25,9.300261562473544,0.4821774581639672,0.7173940651140964,0.3927532375855265,-23.679656009069326,30.25391709129954,746.0,99.14666666666668,79.0629387654347
us,short_term_reversal,"bull,pullback",equal_slot,0.25,0.25,none,10.207675367959212,0.5374426674606416,0.8096544917225381,0.44270234593825303,-23.057649144201626,33.494377438642985,761.0,98.98666666666666,79.0629387654347
us,short_term_reversal,"bull,pullback",equal_slot,0.25,0.25,0.15,10.43661882418727,0.5378939107027682,0.8286040688636122,0.5963405129836136,-17.501106493621794,34.3203202869453,900.0,98.96000000000001,79.0629387654347
us,short_term_reversal,"bull,pullback",equal_slot,0.25,0.25,0.25,10.639602521307578,0.5548241918827521,0.8498523969832814,0.54645831280906,-19.470108280748583,35.05543981426089,770.0,99.12,79.0629387654347
us,turn_of_month,none,equal_slot,none,none,none,3.560187448403407,0.3277232204002465,0.45063765922279586,0.17017571641089735,-20.920654976454838,10.957448275790128,720.0,20.666666666666668,79.0629387654347
us,turn_of_month,none,equal_slot,none,none,0.15,1.6809479325898602,0.1932676497719805,0.2628558988899576,0.08381643690897647,-20.055110841986128,5.079418157414128,748.0,20.8,79.0629387654347
us,turn_of_month,none,equal_slot,none,none,0.25,2.9408040385503265,0.28167161665471613,0.38337863524133653,0.13194583610129113,-22.287963951304633,8.996615794978723,721.0,20.666666666666668,79.0629387654347
us,turn_of_month,none,equal_slot,none,0.25,none,3.761455225499155,0.3428623461936318,0.4721287679179496,0.1900713659619465,-19.789699550284826,11.599620043977676,724.0,20.673333333333336,79.0629387654347
us,turn_of_month,none,equal_slot,none,0.25,0.15,2.1872147782332485,0.2308478275167854,0.3156372016587492,0.11457724213254922,-19.08943466891059,6.642095631850364,751.0,20.8,79.0629387654347
us,turn_of_month,none,equal_slot,none,0.25,0.25,3.141267044685714,0.29666926240689695,0.40429179430550527,0.14922283345064719,-21.050847059036933,9.62869962645916,725.0,20.673333333333336,79.0629387654347
us,turn_of_month,none,equal_slot,0.08,none,none,3.499517148960929,0.33162584553727814,0.466503152035289,0.17529961036255265,-19.963062905406737,10.764353676355377,793.0,20.85333333333333,79.0629387654347
us,turn_of_month,none,equal_slot,0.08,none,0.15,2.807895009038952,0.28173744984016624,0.3940867196875779,0.1442017133698664,-19.47199477330006,8.578873775333594,798.0,20.880000000000003,79.0629387654347
us,turn_of_month,none,equal_slot,0.08,none,0.25,3.499517148960929,0.33162584553727814,0.466503152035289,0.17529961036255265,-19.963062905406737,10.764353676355377,793.0,20.85333333333333,79.0629387654347
us,turn_of_month,none,equal_slot,0.08,0.25,none,3.5426104667473535,0.3351153865916243,0.47166402326160695,0.18911339717503547,-18.73273136470845,10.901483274357759,797.0,20.86,79.0629387654347
us,turn_of_month,none,equal_slot,0.08,0.25,0.15,3.2624498143048353,0.3154540080302189,0.4435449522045469,0.1786668088114004,-18.259965776568258,10.011980392612308,801.0,20.880000000000003,79.0629387654347
us,turn_of_month,none,equal_slot,0.08,0.25,0.25,3.5426104667473535,0.3351153865916243,0.47166402326160695,0.18911339717503547,-18.73273136470845,10.901483274357759,797.0,20.86,79.0629387654347
us,turn_of_month,none,equal_slot,0.15,none,none,1.351156380623686,0.16713647476526447,0.2237698776139118,0.05862631056043143,-23.046928379211703,4.0696792521997205,739.0,20.74666666666667,79.0629387654347
us,turn_of_month,none,equal_slot,0.15,none,0.15,1.2943052049905646,0.16378453318429306,0.22052487492057637,0.06200669796991181,-20.873635387238558,3.896268514622858,748.0,20.8,79.0629387654347
us,turn_of_month,none,equal_slot,0.15,none,0.25,1.351156380623686,0.16713647476526447,0.2237698776139118,0.05862631056043143,-23.046928379211703,4.0696792521997205,739.0,20.74666666666667,79.0629387654347
us,turn_of_month,none,equal_slot,0.15,0.25,none,1.4168340798485168,0.17195036562217672,0.23015109502556821,0.06449196486082526,-21.969156667905352,4.27025213108343,743.0,20.753333333333334,79.0629387654347
us,turn_of_month,none,equal_slot,0.15,0.25,0.15,1.7383160233282569,0.19661212686475132,0.265804506467366,0.08726441845420944,-19.9201009314055,5.255725884976092,751.0,20.8,79.0629387654347
us,turn_of_month,none,equal_slot,0.15,0.25,0.25,1.4168340798485168,0.17195036562217672,0.23015109502556821,0.06449196486082526,-21.969156667905352,4.27025213108343,743.0,20.753333333333334,79.0629387654347
us,turn_of_month,none,equal_slot,0.25,none,none,3.393115463250851,0.31505344097397575,0.431990713923875,0.1591787090102658,-21.316390140040788,10.426249035767722,720.0,20.666666666666668,79.0629387654347
us,turn_of_month,none,equal_slot,0.25,none,0.15,1.6809479325898602,0.1932676497719805,0.2628558988899576,0.08381643690897647,-20.055110841986128,5.079418157414128,748.0,20.8,79.0629387654347
us,turn_of_month,none,equal_slot,0.25,none,0.25,2.9408040385503265,0.28167161665471613,0.38337863524133653,0.13194583610129113,-22.287963951304633,8.996615794978723,721.0,20.666666666666668,79.0629387654347
us,turn_of_month,none,equal_slot,0.25,0.25,none,3.6051124722133787,0.330853764169161,0.4542953609180603,0.1789898102660344,-20.1414397101995,11.100574427646759,724.0,20.673333333333336,79.0629387654347
us,turn_of_month,none,equal_slot,0.25,0.25,0.15,2.1872147782332485,0.2308478275167854,0.3156372016587492,0.11457724213254922,-19.08943466891059,6.642095631850364,751.0,20.8,79.0629387654347
us,turn_of_month,none,equal_slot,0.25,0.25,0.25,3.141267044685714,0.29666926240689695,0.40429179430550527,0.14922283345064719,-21.050847059036933,9.62869962645916,725.0,20.673333333333336,79.0629387654347
us,turn_of_month,bull,equal_slot,none,none,none,1.7826453061245306,0.2080460166297434,0.29554604136191787,0.11122150889898384,-16.02788276990205,5.392096172402616,640.0,17.866666666666667,79.0629387654347
us,turn_of_month,bull,equal_slot,none,none,0.15,-0.1733776117052832,0.04222312634198531,0.059112653454688815,-0.009751393413561078,-17.779778166284448,-0.5144362503808786,666.0,17.986666666666668,79.0629387654347
us,turn_of_month,bull,equal_slot,none,none,0.25,1.1394940238617757,0.15432915563483285,0.21619244366757864,0.06636053121082991,-17.171261336675563,3.425026694014499,641.0,17.866666666666667,79.0629387654347
us,turn_of_month,bull,equal_slot,none,0.25,none,1.9773280932547932,0.22442953039794686,0.31982230331145395,0.1331295230612136,-14.852664140812767,5.992387441454428,644.0,17.873333333333335,79.0629387654347
us,turn_of_month,bull,equal_slot,none,0.25,0.15,0.22665448803258492,0.07736712430536087,0.10892586712186554,0.01239123489938994,-18.291517340514936,0.6751743027774371,669.0,17.986666666666668,79.0629387654347
us,turn_of_month,bull,equal_slot,none,0.25,0.25,1.3596757112914526,0.1725928062872014,0.2424270011099858,0.08484737123205723,-16.024959778338268,4.095681940986573,645.0,17.873333333333335,79.0629387654347
us,turn_of_month,bull,equal_slot,0.08,none,none,2.0539344458113673,0.23694068280094946,0.3510325115605357,0.13826262006202794,-14.855312628170383,6.229218568482087,709.0,18.046666666666667,79.0629387654347
us,turn_of_month,bull,equal_slot,0.08,none,0.15,1.1681584292079439,0.1599997915868601,0.23387203625690323,0.07949468414049264,-14.694799304358927,3.5121732941538975,713.0,18.066666666666666,79.0629387654347
us,turn_of_month,bull,equal_slot,0.08,none,0.25,2.0539344458113673,0.23694068280094946,0.3510325115605357,0.13826262006202794,-14.855312628170383,6.229218568482087,709.0,18.046666666666667,79.0629387654347
us,turn_of_month,bull,equal_slot,0.08,0.25,none,1.9468251516785218,0.22767990295374133,0.3370695761045757,0.13558421103913004,-14.358789543102935,5.89818417991097,713.0,18.05333333333333,79.0629387654347
us,turn_of_month,bull,equal_slot,0.08,0.25,0.15,1.447639949854973,0.1842995534047566,0.27064406395557816,0.09686807029395338,-14.944449140588862,4.364418366867806,716.0,18.066666666666666,79.0629387654347
us,turn_of_month,bull,equal_slot,0.08,0.25,0.25,1.9468251516785218,0.22767990295374133,0.3370695761045757,0.13558421103913004,-14.358789543102935,5.89818417991097,713.0,18.05333333333333,79.0629387654347
us,turn_of_month,bull,equal_slot,0.15,none,none,0.013244875534135225,0.0603584137324115,0.08425124047028115,0.0007016653298263952,-18.87634313841935,0.03937185526834419,658.0,17.94,79.0629387654347
us,turn_of_month,bull,equal_slot,0.15,none,0.15,-0.40351889665471985,0.022612876740960613,0.03147273904312344,-0.022102339672569825,-18.25684079751558,-1.194581694200303,666.0,17.986666666666668,79.0629387654347
us,turn_of_month,bull,equal_slot,0.15,none,0.25,0.013244875534135225,0.0603584137324115,0.08425124047028115,0.0007016653298263952,-18.87634313841935,0.03937185526834419,658.0,17.94,79.0629387654347
us,turn_of_month,bull,equal_slot,0.15,0.25,none,0.1355255098272723,0.07070648776040699,0.09878801720409716,0.007109770581207631,-19.061868210697256,0.4033504992214443,662.0,17.946666666666665,79.0629387654347
us,turn_of_month,bull,equal_slot,0.15,0.25,0.15,0.021128950555659998,0.05995454109766947,0.08393449065802902,0.001128985189897763,-18.71499355768641,0.06281302194599547,669.0,17.986666666666668,79.0629387654347
us,turn_of_month,bull,equal_slot,0.15,0.25,0.25,0.1355255098272723,0.07070648776040699,0.09878801720409716,0.007109770581207631,-19.061868210697256,0.4033504992214443,662.0,17.946666666666665,79.0629387654347
us,turn_of_month,bull,equal_slot,0.25,none,none,1.569277150980275,0.18998262972016122,0.26841863009770034,0.09562051004651363,-16.411512030388835,4.736785716272696,640.0,17.866666666666667,79.0629387654347
us,turn_of_month,bull,equal_slot,0.25,none,0.15,-0.1733776117052832,0.04222312634198531,0.059112653454688815,-0.009751393413561078,-17.779778166284448,-0.5144362503808786,666.0,17.986666666666668,79.0629387654347
us,turn_of_month,bull,equal_slot,0.25,none,0.25,1.1394940238617757,0.15432915563483285,0.21619244366757864,0.06636053121082991,-17.171261336675563,3.425026694014499,641.0,17.866666666666667,79.0629387654347
us,turn_of_month,bull,equal_slot,0.25,0.25,none,1.789322740285848,0.20830832453421405,0.2953170144257872,0.11743772490433667,-15.23635392071337,5.412648134761233,644.0,17.873333333333335,79.0629387654347
us,turn_of_month,bull,equal_slot,0.25,0.25,0.15,0.22665448803258492,0.07736712430536087,0.10892586712186554,0.01239123489938994,-18.291517340514936,0.6751743027774371,669.0,17.986666666666668,79.0629387654347
us,turn_of_month,bull,equal_slot,0.25,0.25,0.25,1.3596757112914526,0.1725928062872014,0.2424270011099858,0.08484737123205723,-16.024959778338268,4.095681940986573,645.0,17.873333333333335,79.0629387654347
us,turn_of_month,bull,atr_risk,0.08,none,none,2.0860945473490267,0.2406576671051103,0.35639636821403486,0.1423224372454927,-14.657524053995164,6.32874716338605,709.0,18.046666666666667,79.0629387654347
us,turn_of_month,"bull,pullback",equal_slot,none,none,none,2.80159563720519,0.27371163492222966,0.37362880497984674,0.12406740361903261,-22.581238548425702,8.55910084002527,700.0,20.0,79.0629387654347
us,turn_of_month,"bull,pullback",equal_slot,none,none,0.15,0.9871996230823576,0.14086044052461363,0.19058661106872304,0.04580242204581021,-21.553437110705413,2.962831907277619,728.0,20.13333333333333,79.0629387654347
us,turn_of_month,"bull,pullback",equal_slot,none,none,0.25,2.177983046552545,0.22711847507666608,0.30691361238729004,0.09105634168297701,-23.91907039419001,6.613463224211591,701.0,20.0,79.0629387654347
us,turn_of_month,"bull,pullback",equal_slot,none,0.25,none,2.9917910118830937,0.2881016406129294,0.39399487447395837,0.14001618292497237,-21.367465884184572,9.157153876749602,704.0,20.006666666666668,79.0629387654347
us,turn_of_month,"bull,pullback",equal_slot,none,0.25,0.15,1.460026711166229,0.1766225775277293,0.24005874167604566,0.07107446841821398,-20.54221077778858,4.402297658132248,731.0,20.13333333333333,79.0629387654347
us,turn_of_month,"bull,pullback",equal_slot,none,0.25,0.25,2.355044912241344,0.24032247770124449,0.32513905500921614,0.10363482359538095,-22.72445526067658,7.1635142102929095,705.0,20.006666666666668,79.0629387654347
us,turn_of_month,"bull,pullback",equal_slot,0.08,none,none,2.8880558313506333,0.28671090743856104,0.4013794607949853,0.13422318146904588,-21.51681847905436,8.830697234211815,771.0,20.18666666666667,79.0629387654347
us,turn_of_month,"bull,pullback",equal_slot,0.08,none,0.15,2.180175445125987,0.2342873177522107,0.32595406863917625,0.10394194312211805,-20.974934464757588,6.620262532019283,776.0,20.213333333333335,79.0629387654347
us,turn_of_month,"bull,pullback",equal_slot,0.08,none,0.25,2.8880558313506333,0.28671090743856104,0.4013794607949853,0.13422318146904588,-21.51681847905436,8.830697234211815,771.0,20.18666666666667,79.0629387654347
us,turn_of_month,"bull,pullback",equal_slot,0.08,0.25,none,2.8666886371767397,0.28522264970324734,0.3991423647193113,0.1419003624894867,-20.202123425788503,8.76353482260226,775.0,20.193333333333335,79.0629387654347
us,turn_of_month,"bull,pullback",equal_slot,0.08,0.25,0.15,2.543449857396962,0.2615888183207086,0.3653698168913036,0.12897528048168128,-19.720444475080754,7.750867392855354,779.0,20.213333333333335,79.0629387654347
us,turn_of_month,"bull,pullback",equal_slot,0.08,0.25,0.25,2.8666886371767397,0.28522264970324734,0.3991423647193113,0.1419003624894867,-20.202123425788503,8.76353482260226,775.0,20.193333333333335,79.0629387654347
us,turn_of_month,"bull,pullback",equal_slot,0.15,none,none,0.5428329690394307,0.10827678449678371,0.14394668946190792,0.021991521563467467,-24.683738570467543,1.6220719416933038,719.0,20.080000000000002,79.0629387654347
us,turn_of_month,"bull,pullback",equal_slot,0.15,none,0.15,0.47087574117532505,0.10182538442112436,0.136138202989472,0.020912844967944197,-22.516101558496548,1.4060558576262316,728.0,20.13333333333333,79.0629387654347
us,turn_of_month,"bull,pullback",equal_slot,0.15,none,0.25,0.5428329690394307,0.10827678449678371,0.14394668946190792,0.021991521563467467,-24.683738570467543,1.6220719416933038,719.0,20.080000000000002,79.0629387654347
us,turn_of_month,"bull,pullback",equal_slot,0.15,0.25,none,0.6449229459174699,0.11576210359101435,0.153941909643427,0.02731069459078345,-23.61430038967637,1.9290703245087748,723.0,20.086666666666666,79.0629387654347
us,turn_of_month,"bull,pullback",equal_slot,0.15,0.25,0.15,0.9373896785943359,0.13705633822055555,0.184099954475147,0.0436892722153824,-21.455831856688466,2.81196282987497,731.0,20.13333333333333,79.0629387654347
us,turn_of_month,"bull,pullback",equal_slot,0.15,0.25,0.25,0.6449229459174699,0.11576210359101435,0.153941909643427,0.02731069459078345,-23.61430038967637,1.9290703245087748,723.0,20.086666666666666,79.0629387654347
us,turn_of_month,"bull,pullback",equal_slot,0.25,none,none,2.6121959188126542,0.2593310109498228,0.3528386758763347,0.1136115071293843,-22.992353369961062,7.9657142613001275,700.0,20.0,79.0629387654347
us,turn_of_month,"bull,pullback",equal_slot,0.25,none,0.15,0.9871996230823576,0.14086044052461363,0.19058661106872304,0.04580242204581021,-21.553437110705413,2.962831907277619,728.0,20.13333333333333,79.0629387654347
us,turn_of_month,"bull,pullback",equal_slot,0.25,none,0.25,2.177983046552545,0.22711847507666608,0.30691361238729004,0.09105634168297701,-23.91907039419001,6.613463224211591,701.0,20.0,79.0629387654347
us,turn_of_month,"bull,pullback",equal_slot,0.25,0.25,none,2.7910776613986332,0.2727935518106856,0.37179157060133877,0.12804868141411083,-21.797004315665365,8.526091563291072,704.0,20.006666666666668,79.0629387654347
us,turn_of_month,"bull,pullback",equal_slot,0.25,0.25,0.15,1.460026711166229,0.1766225775277293,0.24005874167604566,0.07107446841821398,-20.54221077778858,4.402297658132248,731.0,20.13333333333333,79.0629387654347
us,turn_of_month,"bull,pullback",equal_slot,0.25,0.25,0.25,2.355044912241344,0.24032247770124449,0.32513905500921614,0.10363482359538095,-22.72445526067658,7.1635142102929095,705.0,20.006666666666668,79.0629387654347
