market,strategy,regime,sizing,sl,tp,trail,cagr,sharpe,sortino,calmar,max_drawdown,total_return,trades,exposure,benchmark_return
india,golden_cross_50_200,none,equal_slot,none,none,none,15.531361971634139,0.8317166232010057,1.1780587814028407,0.6308889168538503,-24.61821971621683,53.324511084916004,48.0,98.47389558232932,25.83157315193818
india,golden_cross_50_200,none,equal_slot,none,none,0.15,9.293918335653606,0.6882118130416032,0.9381767145518527,0.6455874709363567,-14.396063669224798,30.093740757274002,127.0,93.15930388219546,25.83157315193818
india,golden_cross_50_200,none,equal_slot,none,none,0.25,18.139934065748275,1.0905918211839543,1.5596025320597413,0.9976122975969214,-18.183350495422214,63.80127825688502,58.0,97.85809906291834,25.83157315193818
india,golden_cross_50_200,none,equal_slot,none,0.25,none,11.892073078826492,0.940144837582192,1.31656377900774,0.9401419932551546,-12.649230822730608,39.46379538038065,93.0,96.57295850066933,25.83157315193818
india,golden_cross_50_200,none,equal_slot,none,0.25,0.15,19.425267285470294,1.563801797257954,2.2318388699281186,2.6141863922097266,-7.430712417200845,69.13336596776578,161.0,92.3962516733601,25.83157315193818
india,golden_cross_50_200,none,equal_slot,none,0.25,0.25,14.339564836487394,1.1129298523970443,1.5794949010325907,1.2931832208149239,-11.088579410619824,48.6894718080864,101.0,97.13520749665328,25.83157315193818
india,golden_cross_50_200,none,equal_slot,0.08,none,none,17.353003935239,0.9032473847060463,1.2464621534494655,0.8735120458617222,-19.86578664535783,60.59237684374259,78.0,96.9611780455154,25.83157315193818
india,golden_cross_50_200,none,equal_slot,0.08,none,0.15,18.334112573705454,1.2668371560380955,1.8561445833510535,1.4801604270066846,-12.386571238620645,64.59956601676049,142.0,91.01740294511377,25.83157315193818
india,golden_cross_50_200,none,equal_slot,0.08,none,0.25,13.757206037288206,0.8206449310897318,1.1142394728293659,0.7216692897869453,-19.063033763498062,46.458764153738066,89.0,95.86345381526104,25.83157315193818
india,golden_cross_50_200,none,equal_slot,0.08,0.25,none,18.874915837055983,1.4575235454939852,2.194992217663248,1.7674305482359902,-10.67929704841549,66.83643327172545,165.0,91.74029451137885,25.83157315193818
india,golden_cross_50_200,none,equal_slot,0.08,0.25,0.15,20.77335327153431,1.5998911876886404,2.4474565630456477,2.4385199543166056,-8.51883669631731,74.84795271661827,191.0,90.0,25.83157315193818
india,golden_cross_50_200,none,equal_slot,0.08,0.25,0.25,18.874915837055983,1.4575235454939852,2.194992217663248,1.7674305482359902,-10.67929704841549,66.83643327172545,165.0,91.74029451137885,25.83157315193818
india,golden_cross_50_200,none,equal_slot,0.15,none,none,13.171715417729724,0.745710100976721,1.0507965714133438,0.5347286055965633,-24.632524386898776,44.23851423122167,58.0,97.91164658634537,25.83157315193818
india,golden_cross_50_200,none,equal_slot,0.15,none,0.15,8.82605351522141,0.6512350045986235,0.882382924175763,0.5877698754321949,-15.016171947790784,28.452034251984927,127.0,93.15930388219546,25.83157315193818
india,golden_cross_50_200,none,equal_slot,0.15,none,0.25,12.849135744475436,0.7958747751059759,1.1209668303562637,0.5185746517450547,-24.777793710581168,43.02483280593916,68.0,97.51004016064257,25.83157315193818
india,golden_cross_50_200,none,equal_slot,0.15,0.25,none,9.244087161718584,0.7553501915791058,1.0430535537400012,0.5729267637642669,-16.13484959400867,29.91822920255236,111.0,95.62248995983936,25.83157315193818
india,golden_cross_50_200,none,equal_slot,0.15,0.25,0.15,18.886269523067046,1.5031849302204388,2.1261757547505042,2.5082357236454262,-7.529702788706824,66.8836087700088,161.0,92.3962516733601,25.83157315193818
india,golden_cross_50_200,none,equal_slot,0.15,0.25,0.25,6.752398878360033,0.5628897937774142,0.7726228999422404,0.3229497002364599,-20.9085157020304,21.340793908878865,117.0,95.32797858099062,25.83157315193818
india,golden_cross_50_200,none,equal_slot,0.25,none,none,17.449376500006863,0.9300997017961855,1.322725445108331,0.7479443701311643,-23.3297785194196,60.98310251378094,49.0,98.27309236947791,25.83157315193818
india,golden_cross_50_200,none,equal_slot,0.25,none,0.15,9.293918335653606,0.6882118130416032,0.9381767145518527,0.6455874709363567,-14.396063669224798,30.093740757274002,127.0,93.15930388219546,25.83157315193818
india,golden_cross_50_200,none,equal_slot,0.25,none,0.25,18.096521660258436,1.0870946888631103,1.5539895468224465,0.9942115383909053,-18.201882558662504,63.6231567878907,58.0,97.85809906291834,25.83157315193818
india,golden_cross_50_200,none,equal_slot,0.25,0.25,none,13.871750464314792,1.0718066631103234,1.5091842904109494,1.0245486937090766,-13.53937645862024,46.89575993971478,102.0,96.7871485943775,25.83157315193818
india,golden_cross_50_200,none,equal_slot,0.25,0.25,0.15,19.425267285470294,1.563801797257954,2.2318388699281186,2.6141863922097266,-7.430712417200845,69.13336596776578,161.0,92.3962516733601,25.83157315193818
india,golden_cross_50_200,none,equal_slot,0.25,0.25,0.25,14.268624580011103,1.105991642039154,1.5685056621722446,1.2776619378808194,-11.167762110592108,48.41654223767586,101.0,97.13520749665328,25.83157315193818
india,golden_cross_50_200,none,atr_risk,0.08,0.25,0.15,20.840198383164132,1.6078382836022906,2.4604378304891776,2.44832011037282,-8.512039865567528,75.13459017644041,191.0,90.0,25.83157315193818
india,golden_cross_50_200,bull,equal_slot,none,none,none,6.478618562743921,0.43317386357758253,0.6054810536540373,0.2182942399449503,-29.678376142117656,20.42187430926179,41.0,82.38286479250334,25.83157315193818
india,golden_cross_50_200,bull,equal_slot,none,none,0.15,6.985163410816653,0.6193238283407643,0.865930161561467,0.4831198018865159,-14.45844981625791,22.125689863636076,90.0,72.71753681392235,25.83157315193818
india,golden_cross_50_200,bull,equal_slot,none,none,0.25,15.858359904890529,1.0208293095841166,1.4599682953528619,0.8053537668381421,-19.691172448539255,54.61275838334976,42.0,80.7764390896921,25.83157315193818
india,golden_cross_50_200,bull,equal_slot,none,0.25,none,7.106256847853998,0.6312580424877042,0.8728210210773314,0.3331025557044072,-21.33354045521055,22.53535036096128,68.0,77.99196787148594,25.83157315193818
india,golden_cross_50_200,bull,equal_slot,none,0.25,0.15,11.323464334668532,1.0837661641200593,1.5418842214030517,0.9165260249426059,-12.354765742061304,37.37618753457952,112.0,70.7764390896921,25.83157315193818
india,golden_cross_50_200,bull,equal_slot,none,0.25,0.25,5.4467729583983715,0.5123537883499993,0.7073771688947343,0.24920768522450978,-21.85636030241766,16.99999965084713,71.0,78.68808567603749,25.83157315193818
india,golden_cross_50_200,bull,equal_slot,0.08,none,none,9.028610207529542,0.5842688114207901,0.7985421613413439,0.4004118012777559,-22.548311959633317,29.161097617289844,56.0,77.08165997322624,25.83157315193818
india,golden_cross_50_200,bull,equal_slot,0.08,none,0.15,5.56227092680841,0.5085477551888692,0.7120958843336435,0.3127828529566651,-17.783170893895015,17.379779016951,109.0,69.95983935742971,25.83157315193818
india,golden_cross_50_200,bull,equal_slot,0.08,none,0.25,10.092836403192585,0.68196282535123,0.9148581465244635,0.4915531495598479,-20.53254345380561,32.92910391827375,60.0,75.78313253012048,25.83157315193818
india,golden_cross_50_200,bull,equal_slot,0.08,0.25,none,8.831828461646896,0.847734240417082,1.2003188901031534,0.678015660138627,-13.025994797584971,28.472214055872193,122.0,69.31726907630522,25.83157315193818
india,golden_cross_50_200,bull,equal_slot,0.08,0.25,0.15,9.928360255815228,0.9535877949062952,1.3687197383593714,0.8599388186410961,-11.545426303122763,32.34206605484129,138.0,68.09906291834002,25.83157315193818
india,golden_cross_50_200,bull,equal_slot,0.08,0.25,0.25,8.831828461646896,0.847734240417082,1.2003188901031534,0.678015660138627,-13.025994797584971,28.472214055872193,122.0,69.31726907630522,25.83157315193818
india,golden_cross_50_200,bull,equal_slot,0.15,none,none,9.98794239952736,0.6307308387316167,0.8888072083527769,0.3651709307595125,-27.351416989171668,32.55452414421738,45.0,81.45917001338688,25.83157315193818
india,golden_cross_50_200,bull,equal_slot,0.15,none,0.15,6.718643021872328,0.5943053949469206,0.8265183033616912,0.46169011100094604,-14.552278382801578,21.22724525287083,90.0,72.71753681392235,25.83157315193818
india,golden_cross_50_200,bull,equal_slot,0.15,none,0.25,11.979847371102315,0.8058004842568818,1.1433245031545796,0.5109557322402711,-23.445959434835984,39.78791227040757,47.0,78.38018741633199,25.83157315193818
india,golden_cross_50_200,bull,equal_slot,0.15,0.25,none,5.672906010702028,0.5433684237853152,0.7468595991568899,0.29566615000599783,-19.186863327394594,17.74433293765021,84.0,76.2115127175368,25.83157315193818
india,golden_cross_50_200,bull,equal_slot,0.15,0.25,0.15,11.006154442137483,1.0455949531396074,1.4764330304908495,0.8810625449068574,-12.49191048440382,36.2202543511567,112.0,70.7764390896921,25.83157315193818
india,golden_cross_50_200,bull,equal_slot,0.15,0.25,0.25,2.8844829295380903,0.3084780784066268,0.4208237344651821,0.11319475617339457,-25.482478403147642,8.782632214349185,87.0,75.93038821954485,25.83157315193818
india,golden_cross_50_200,bull,equal_slot,0.25,none,none,6.748830180318488,0.4572738612133126,0.6410716899955252,0.22445824582519183,-30.067196486844505,21.328786119877098,40.0,81.285140562249,25.83157315193818
india,golden_cross_50_200,bull,equal_slot,0.25,none,0.15,6.985163410816653,0.6193238283407643,0.865930161561467,0.4831198018865159,-14.45844981625791,22.125689863636076,90.0,72.71753681392235,25.83157315193818
india,golden_cross_50_200,bull,equal_slot,0.25,none,0.25,15.736125446414961,1.0120727307445168,1.4458549625943444,0.7983325477446744,-19.711241250115915,54.1303657057177,42.0,80.7764390896921,25.83157315193818
india,golden_cross_50_200,bull,equal_slot,0.25,0.25,none,7.607650475335803,0.6689991719686091,0.9274630244291062,0.34416971694287346,-22.104357532997447,24.241255112846982,71.0,77.8045515394913,25.83157315193818
india,golden_cross_50_200,bull,equal_slot,0.25,0.25,0.15,11.323464334668532,1.0837661641200593,1.5418842214030517,0.9165260249426059,-12.354765742061304,37.37618753457952,112.0,70.7764390896921,25.83157315193818
india,golden_cross_50_200,bull,equal_slot,0.25,0.25,0.25,5.363616597329002,0.5047452037257343,0.6962842551641936,0.24436946968237816,-21.948799922921715,16.72707008043659,71.0,78.68808567603749,25.83157315193818
india,golden_cross_50_200,bull,atr_risk,none,0.25,0.15,11.338849061355361,1.0864238639114592,1.5463523891210142,0.9196728295458177,-12.32922045435992,37.43239728349381,112.0,70.7764390896921,25.83157315193818
india,golden_cross_50_200,"bull,pullback",equal_slot,none,none,none,13.359951349851041,0.7823219025208233,1.098662754884933,0.5213503325232839,-25.625669566930554,44.94987838431581,41.0,89.06291834002677,25.83157315193818
india,golden_cross_50_200,"bull,pullback",equal_slot,none,none,0.15,8.731313561565091,0.7460754878284911,1.0466724457190197,0.7238433724291766,-12.062434905307354,28.121277341285378,97.0,78.59437751004016,25.83157315193818
india,golden_cross_50_200,"bull,pullback",equal_slot,none,none,0.25,15.15049546489642,0.974600001359157,1.379944126797881,0.8364391178352616,-18.113088139763857,51.83302684621533,47.0,86.49263721552877,25.83157315193818
india,golden_cross_50_200,"bull,pullback",equal_slot,none,0.25,none,16.065594654391123,1.2780763519420526,1.7820912048843802,1.2025758649537486,-13.359319043883367,55.432883274312125,77.0,85.16733601070949,25.83157315193818
india,golden_cross_50_200,"bull,pullback",equal_slot,none,0.25,0.15,18.75683555820111,1.6398473683324932,2.352165758393089,2.5242311241627657,-7.430712417200845,66.3463234254207,125.0,77.01472556894244,25.83157315193818
india,golden_cross_50_200,"bull,pullback",equal_slot,none,0.25,0.25,12.797943787296795,1.074902946049134,1.4919181557391599,1.1443239547475104,-11.183846789365342,42.83285098077081,78.0,83.36010709504687,25.83157315193818
india,golden_cross_50_200,"bull,pullback",equal_slot,0.08,none,none,12.801605673368655,0.7675083137089682,1.0524999339194736,0.6499227084315614,-19.69712014565913,42.84657824067168,61.0,87.36278447121822,25.83157315193818
india,golden_cross_50_200,"bull,pullback",equal_slot,0.08,none,0.15,10.531911238893388,0.8852352963311686,1.2787946856424528,0.8976997277765254,-11.732109204242976,34.50466192396073,116.0,75.5421686746988,25.83157315193818
india,golden_cross_50_200,"bull,pullback",equal_slot,0.08,none,0.25,12.081652193438043,0.7838407260272346,1.0551629031603977,0.6418398598177905,-18.823468204152757,40.16446285241828,70.0,86.8273092369478,25.83157315193818
india,golden_cross_50_200,"bull,pullback",equal_slot,0.08,0.25,none,14.80135623329839,1.3055291500434798,1.8677339985361936,1.3859860032168032,-10.67929704841549,50.4742565411187,135.0,77.28246318607765,25.83157315193818
india,golden_cross_50_200,"bull,pullback",equal_slot,0.08,0.25,0.15,14.175815975056993,1.2906254145200577,1.8677961912678533,1.6857106786870653,-8.40940035219922,48.059979415017295,150.0,75.00669344042838,25.83157315193818
india,golden_cross_50_200,"bull,pullback",equal_slot,0.08,0.25,0.25,14.80135623329839,1.3055291500434798,1.8677339985361936,1.3859860032168032,-10.67929704841549,50.4742565411187,135.0,77.28246318607765,25.83157315193818
india,golden_cross_50_200,"bull,pullback",equal_slot,0.15,none,none,10.960641851014131,0.6860193879641991,0.9629950082247942,0.4371631192690216,-25.072201583110136,36.05498590760669,44.0,86.54618473895582,25.83157315193818
india,golden_cross_50_200,"bull,pullback",equal_slot,0.15,none,0.15,8.262735053415193,0.7021028546727232,0.9760415241140384,0.6522834747872606,-12.667399026335978,26.493663132758538,97.0,78.59437751004016,25.83157315193818
india,golden_cross_50_200,"bull,pullback",equal_slot,0.15,none,0.25,9.684335535662814,0.6768730421859824,0.9526751135539249,0.4036537679290313,-23.991688682478678,31.474275392351146,54.0,84.37751004016064,25.83157315193818
india,golden_cross_50_200,"bull,pullback",equal_slot,0.15,0.25,none,13.796128536398712,1.1592343221971555,1.6043231516364043,1.2362130296771998,-11.159992820979374,46.607159776660325,86.0,81.95448460508702,25.83157315193818
india,golden_cross_50_200,"bull,pullback",equal_slot,0.15,0.25,0.15,18.211833896189432,1.5735143007589243,2.233037545759599,2.4186657039775663,-7.529702788706824,64.09656622766376,125.0,77.01472556894244,25.83157315193818
india,golden_cross_50_200,"bull,pullback",equal_slot,0.15,0.25,0.25,11.967798979474598,1.01315020009686,1.4060257144089077,0.7594830649412015,-15.757822039654211,39.74339266477622,91.0,81.52610441767068,25.83157315193818
india,golden_cross_50_200,"bull,pullback",equal_slot,0.25,none,none,13.845221239559823,0.828381254087503,1.1677212519909135,0.574809720093573,-24.086616415091182,46.79447218750339,40.0,88.15261044176707,25.83157315193818
india,golden_cross_50_200,"bull,pullback",equal_slot,0.25,none,0.15,8.731313561565091,0.7460754878284911,1.0466724457190197,0.7238433724291766,-12.062434905307354,28.121277341285378,97.0,78.59437751004016,25.83157315193818
india,golden_cross_50_200,"bull,pullback",equal_slot,0.25,none,0.25,15.10484488374495,0.9709294067839565,1.3741632098914298,0.8330697626909446,-18.131548593186192,51.65490537722099,47.0,86.49263721552877,25.83157315193818
india,golden_cross_50_200,"bull,pullback",equal_slot,0.25,0.25,none,15.057937487152827,1.1991722645346679,1.6750755913122828,1.2117279037599942,-12.426830677438407,51.47202420727588,82.0,84.8728246318608,25.83157315193818
india,golden_cross_50_200,"bull,pullback",equal_slot,0.25,0.25,0.15,18.75683555820111,1.6398473683324932,2.352165758393089,2.5242311241627657,-7.430712417200845,66.3463234254207,125.0,77.01472556894244,25.83157315193818
india,golden_cross_50_200,"bull,pullback",equal_slot,0.25,0.25,0.25,12.725088620914505,1.0674235974918647,1.480348783100628,1.129798702824211,-11.263146779249261,42.559921410360246,78.0,83.36010709504687,25.83157315193818
india,fifty_two_week_high,none,equal_slot,none,none,none,20.521042152624002,1.1592264902558669,1.5991228599505465,1.1920411074936947,-17.215045709094852,73.7688209129633,178.0,97.95180722891565,25.83157315193818
india,fifty_two_week_high,none,equal_slot,none,none,0.15,10.06837739720785,0.6411534464057371,0.8424405821508505,0.4186207601871464,-24.051309334746644,32.84169745834306,232.0,97.77777777777779,25.83157315193818
india,fifty_two_week_high,none,equal_slot,none,none,0.25,19.779835302052895,1.1271936103700075,1.5309395318705543,1.1823258132032914,-16.72959778190338,70.6242164617369,181.0,98.03212851405621,25.83157315193818
india,fifty_two_week_high,none,equal_slot,none,0.25,none,19.83172917105238,1.314614574989717,1.7953137235509298,1.2428565491925052,-15.956571322681793,70.8431416363918,239.0,98.0722891566265,25.83157315193818
india,fifty_two_week_high,none,equal_slot,none,0.25,0.15,12.037713018641782,0.8117198369386487,1.0755822285399586,0.5612680535415847,-21.447351123378876,40.00186055140284,267.0,97.72423025435074,25.83157315193818
india,fifty_two_week_high,none,equal_slot,none,0.25,0.25,20.354836366722616,1.3822661819528057,1.9092108018436855,1.3992306454870207,-14.54716306591316,73.060375768275,234.0,97.91164658634537,25.83157315193818
india,fifty_two_week_high,none,equal_slot,0.08,none,none,18.03402225260491,1.0339522051996775,1.4374394469331684,0.8145776169046194,-22.139108512622624,63.36694650839891,230.0,97.69745649263723,25.83157315193818
india,fifty_two_week_high,none,equal_slot,0.08,none,0.15,10.688678066188274,0.6939166577738829,0.9506167102571227,0.4206845967464335,-25.407818942871458,35.070178975016674,265.0,97.42971887550202,25.83157315193818
india,fifty_two_week_high,none,equal_slot,0.08,none,0.25,17.959441984550285,1.0209749317238024,1.4083082704562127,0.8106749558602105,-22.15369039677986,63.061559739795946,231.0,97.68406961178047,25.83157315193818
india,fifty_two_week_high,none,equal_slot,0.08,0.25,none,17.265969560472662,1.1509921937516938,1.6293833132617934,0.8724616623003155,-19.789946431513723,60.240051346347826,323.0,97.56358768406962,25.83157315193818
india,fifty_two_week_high,none,equal_slot,0.08,0.25,0.15,11.043561190624708,0.7344304495033251,0.9989020068176945,0.4566425446300523,-24.184258169749857,36.356187792429,312.0,97.30923694779116,25.83157315193818
india,fifty_two_week_high,none,equal_slot,0.08,0.25,0.25,17.265969560472662,1.1509921937516938,1.6293833132617934,0.8724616623003155,-19.789946431513723,60.240051346347826,323.0,97.56358768406962,25.83157315193818
india,fifty_two_week_high,none,equal_slot,0.15,none,none,21.40720092544852,1.2183307265720011,1.6789475059670942,1.3622844851541698,-15.714192709921281,77.57846834303761,181.0,97.95180722891565,25.83157315193818
india,fifty_two_week_high,none,equal_slot,0.15,none,0.15,9.599968088989353,0.6097351142007061,0.7960311327090739,0.39278699606108924,-24.440646419710628,31.175130286190477,232.0,97.77777777777779,25.83157315193818
india,fifty_two_week_high,none,equal_slot,0.15,none,0.25,20.265874127893845,1.1666345925208383,1.5854288090094142,1.2867317508252065,-15.749882689143979,72.68196507518726,183.0,97.99196787148594,25.83157315193818
india,fifty_two_week_high,none,equal_slot,0.15,0.25,none,18.11579380813999,1.2443982161923768,1.7044687611528673,1.2764497565666386,-14.192328146833905,63.7022147347295,247.0,97.92503346720214,25.83157315193818
india,fifty_two_week_high,none,equal_slot,0.15,0.25,0.15,10.80499648450941,0.717584281237676,0.9339898806839729,0.46918008492164276,-23.029529239958983,35.49079934141148,267.0,97.72423025435074,25.83157315193818
india,fifty_two_week_high,none,equal_slot,0.15,0.25,0.25,17.222653213240523,1.1810374726170285,1.612604768575056,1.1954731539655363,-14.406557902292322,60.06489255452645,244.0,97.96519410977241,25.83157315193818
india,fifty_two_week_high,none,equal_slot,0.25,none,none,20.57655224339232,1.160344539210866,1.5930492415471023,1.1682038221868858,-17.613837459350947,74.0058574234345,178.0,97.97858099062917,25.83157315193818
india,fifty_two_week_high,none,equal_slot,0.25,none,0.15,9.7886909137062,0.622719692853246,0.8164896609961637,0.40432994163607144,-24.209661233836563,31.84491705073329,232.0,97.77777777777779,25.83157315193818
india,fifty_two_week_high,none,equal_slot,0.25,none,0.25,19.779835302052895,1.1271936103700075,1.5309395318705543,1.1823258132032914,-16.72959778190338,70.6242164617369,181.0,98.03212851405621,25.83157315193818
india,fifty_two_week_high,none,equal_slot,0.25,0.25,none,20.624360064000324,1.3947978815645197,1.9295631104398832,1.2447369131129984,-16.569252383156428,74.21017560099163,236.0,98.01874163319945,25.83157315193818
india,fifty_two_week_high,none,equal_slot,0.25,0.25,0.15,11.767616951024994,0.7912860263342786,1.045564633824965,0.5320497258902416,-22.117513417256376,39.005080143793045,267.0,97.72423025435074,25.83157315193818
india,fifty_two_week_high,none,equal_slot,0.25,0.25,0.25,20.193487762235396,1.3654092840996024,1.8810196326335966,1.382674510547293,-14.604657573561813,72.37446629781392,234.0,97.91164658634537,25.83157315193818
india,fifty_two_week_high,none,atr_risk,0.25,0.25,none,20.701726280845545,1.4138613685098624,1.9589305083961979,1.2502860003767287,-16.557592642489656,74.54115513137045,236.0,98.01874163319945,25.83157315193818
india,fifty_two_week_high,bull,equal_slot,none,none,none,15.99801014462885,1.0305832473306091,1.4302357117954834,1.0764085840464677,-14.8623955454616,55.16510399880181,128.0,72.44979919678715,25.83157315193818
india,fifty_two_week_high,bull,equal_slot,none,none,0.15,9.631688933369652,0.7048041507581507,0.9356897761198387,0.5019011419509044,-19.190410477910046,31.287551248300115,167.0,72.46318607764391,25.83157315193818
india,fifty_two_week_high,bull,equal_slot,none,none,0.25,16.519196811090954,1.0814024004105844,1.4714863515790317,1.099793522782793,-15.02027104987184,57.238041638377894,133.0,73.22623828647924,25.83157315193818
india,fifty_two_week_high,bull,equal_slot,none,0.25,none,18.092787074481453,1.351538792519151,1.8609059368926963,1.5717143532908968,-11.511498279950363,63.607839745117815,175.0,72.5033467202142,25.83157315193818
india,fifty_two_week_high,bull,equal_slot,none,0.25,0.15,10.073442085274609,0.8004759910031406,1.0776944612197736,0.5016998938599433,-20.078621121029684,32.8597934517028,193.0,71.83400267737616,25.83157315193818
india,fifty_two_week_high,bull,equal_slot,none,0.25,0.25,19.20996329199829,1.4840561621500366,2.077542851898237,1.590870560392962,-12.07512651893767,68.23230167347536,175.0,72.46318607764391,25.83157315193818
india,fifty_two_week_high,bull,equal_slot,0.08,none,none,18.447957787890857,1.2110250379968015,1.6993030198157182,1.2715206285644074,-14.508579234549474,65.068791138504,150.0,73.96251673360106,25.83157315193818
india,fifty_two_week_high,bull,equal_slot,0.08,none,0.15,10.698095999679147,0.8052841196419603,1.0967358792959447,0.6026182175669761,-17.752692646551367,35.10420305562214,184.0,72.6372155287818,25.83157315193818
india,fifty_two_week_high,bull,equal_slot,0.08,none,0.25,19.14374198782445,1.2238552692975933,1.7021621977681545,1.3895457263449384,-13.776978781533266,67.95580089269959,151.0,75.06024096385542,25.83157315193818
india,fifty_two_week_high,bull,equal_slot,0.08,0.25,none,18.24239244112413,1.4533159890773357,2.0802868700225035,1.3527009394520422,-13.485902100810133,64.22217487304927,215.0,72.58366800535475,25.83157315193818
india,fifty_two_week_high,bull,equal_slot,0.08,0.25,0.15,12.07334671993181,0.9608525754240321,1.3010947125505778,0.7622692846724762,-15.838689768431843,40.13371784991602,213.0,71.96787148594377,25.83157315193818
india,fifty_two_week_high,bull,equal_slot,0.08,0.25,0.25,18.24239244112413,1.4533159890773357,2.0802868700225035,1.3527009394520422,-13.485902100810133,64.22217487304927,215.0,72.58366800535475,25.83157315193818
india,fifty_two_week_high,bull,equal_slot,0.15,none,none,17.223733138604192,1.1217683306757267,1.5538065366800524,1.2091962378960552,-14.24395197306657,60.069257918802755,131.0,72.54350736278447,25.83157315193818
india,fifty_two_week_high,bull,equal_slot,0.15,none,0.15,9.295660518415527,0.6757263459610836,0.8895536404272886,0.4803659900018838,-19.35120452299105,30.099879779275305,167.0,72.46318607764391,25.83157315193818
india,fifty_two_week_high,bull,equal_slot,0.15,none,0.25,16.62302228248569,1.0916302612276771,1.4886865907121953,1.0557857028610764,-15.74469348982366,57.65316921907255,135.0,73.42704149933066,25.83157315193818
india,fifty_two_week_high,bull,equal_slot,0.15,0.25,none,18.4072365637868,1.4472157771832035,2.034289827427689,1.486941033574965,-12.379264643421239,64.9008526838073,176.0,72.59705488621151,25.83157315193818
india,fifty_two_week_high,bull,equal_slot,0.15,0.25,0.15,9.158322777358396,0.712777447576724,0.9368650743959717,0.4289588588547046,-21.350119220781664,29.61652373416492,193.0,71.83400267737616,25.83157315193818
india,fifty_two_week_high,bull,equal_slot,0.15,0.25,0.25,17.059486288796233,1.3399110936085545,1.8695842990166782,1.2369901754694592,-13.791125125405191,59.40623102724598,175.0,72.58366800535475,25.83157315193818
india,fifty_two_week_high,bull,equal_slot,0.25,none,none,16.75301753085543,1.092237017962725,1.5054211572917435,1.1473562821956946,-14.601408290365741,58.17395434879058,128.0,72.28915662650603,25.83157315193818
india,fifty_two_week_high,bull,equal_slot,0.25,none,0.15,9.349806030479124,0.6825990564359722,0.90340464167854,0.48402561840537905,-19.316758607286186,30.290770840690364,167.0,72.46318607764391,25.83157315193818
india,fifty_two_week_high,bull,equal_slot,0.25,none,0.25,16.519196811090954,1.0814024004105844,1.4714863515790317,1.099793522782793,-15.02027104987184,57.238041638377894,133.0,73.22623828647924,25.83157315193818
india,fifty_two_week_high,bull,equal_slot,0.25,0.25,none,20.064079666464842,1.5515596297295535,2.187280546099918,1.5715192742269866,-12.767313767967718,71.82564199507098,176.0,72.31593038821956,25.83157315193818
india,fifty_two_week_high,bull,equal_slot,0.25,0.25,0.15,10.073442085274609,0.8004759910031406,1.0776944612197736,0.5016998938599433,-20.078621121029684,32.8597934517028,193.0,71.83400267737616,25.83157315193818
india,fifty_two_week_high,bull,equal_slot,0.25,0.25,0.25,19.045556829866793,1.4641377127133421,2.042362391030185,1.5710460422319723,-12.12285083816444,67.54639220301428,175.0,72.46318607764391,25.83157315193818
india,fifty_two_week_high,bull,atr_risk,0.25,0.25,none,19.960028825634744,1.5615623662801237,2.205744865848184,1.5385495796753148,-12.973276317716701,71.38519890430351,176.0,72.31593038821956,25.83157315193818
india,fifty_two_week_high,"bull,pullback",equal_slot,none,none,none,16.174431493123787,1.0079741644039244,1.3933118521923296,1.0832219947466235,-14.93177905504693,55.864752949370256,152.0,80.95046854082997,25.83157315193818
india,fifty_two_week_high,"bull,pullback",equal_slot,none,none,0.15,8.090295355575904,0.575393086491384,0.7609677009213299,0.3851699468645879,-21.004482362743026,25.898155795526723,196.0,80.28112449799197,25.83157315193818
india,fifty_two_week_high,"bull,pullback",equal_slot,none,none,0.25,17.226415936177062,1.05607005312184,1.4358319519433962,1.198753739045755,-14.370270869719933,60.08010288785823,156.0,82.44979919678714,25.83157315193818
india,fifty_two_week_high,"bull,pullback",equal_slot,none,0.25,none,16.231812239266596,1.1629577233489379,1.5867107705923935,1.121438506731121,-14.474099241144014,56.092761991466624,204.0,81.7536813922356,25.83157315193818
india,fifty_two_week_high,"bull,pullback",equal_slot,none,0.25,0.15,9.644730851261007,0.7250963300683801,0.9713935882212785,0.4662646730719649,-20.685098846792553,31.333791248764808,223.0,80.95046854082997,25.83157315193818
india,fifty_two_week_high,"bull,pullback",equal_slot,none,0.25,0.25,17.792800348442128,1.2995538835737699,1.8086464286871997,1.4226906500388548,-12.506443581361973,62.38057216152904,202.0,81.55287817938421,25.83157315193818
india,fifty_two_week_high,"bull,pullback",equal_slot,0.08,none,none,18.280743939319557,1.1411975749868983,1.5818909667551315,1.13643088659141,-16.086102687819835,64.37990595100493,184.0,81.5930388219545,25.83157315193818
india,fifty_two_week_high,"bull,pullback",equal_slot,0.08,none,0.15,10.893595020721204,0.7900659939909573,1.0692094624183168,0.6730346565090025,-16.18578614840689,35.81176281773726,215.0,79.7991967871486,25.83157315193818
india,fifty_two_week_high,"bull,pullback",equal_slot,0.08,none,0.25,18.59104465486212,1.1453843352762887,1.5752052125393157,1.156619137387765,-16.073609759605194,65.65979398660811,184.0,81.5930388219545,25.83157315193818
india,fifty_two_week_high,"bull,pullback",equal_slot,0.08,0.25,none,14.146671139205935,1.08490876350716,1.4996013842554778,0.7839085207457644,-18.046329086648562,47.94812457097657,261.0,79.90629183400267,25.83157315193818
india,fifty_two_week_high,"bull,pullback",equal_slot,0.08,0.25,0.15,11.556750490141088,0.8791172794253094,1.1778717988324838,0.6791389033440852,-17.0167699615433,38.230159707026615,251.0,78.92904953145916,25.83157315193818
india,fifty_two_week_high,"bull,pullback",equal_slot,0.08,0.25,0.25,14.146671139205935,1.08490876350716,1.4996013842554778,0.7839085207457644,-18.046329086648562,47.94812457097657,261.0,79.90629183400267,25.83157315193818
india,fifty_two_week_high,"bull,pullback",equal_slot,0.15,none,none,16.735617828061233,1.0573264269651048,1.4586526301095446,1.136245133427897,-14.728879654315572,58.10418196922698,154.0,80.3748326639893,25.83157315193818
india,fifty_two_week_high,"bull,pullback",equal_slot,0.15,none,0.15,7.660415134314036,0.5440355754184224,0.714172127252132,0.358461308603036,-21.370270515854376,24.421686801609322,196.0,80.28112449799197,25.83157315193818
india,fifty_two_week_high,"bull,pullback",equal_slot,0.15,none,0.25,17.240587403611983,1.0851522754292222,1.4751168207786394,1.1482634957677367,-15.01448706429948,60.1373978499524,158.0,81.94109772423026,25.83157315193818
india,fifty_two_week_high,"bull,pullback",equal_slot,0.15,0.25,none,15.937469581942288,1.1805184403848057,1.636839011484773,1.0637887941560853,-14.981798708065588,54.925493373707,204.0,79.61178045515396,25.83157315193818
india,fifty_two_week_high,"bull,pullback",equal_slot,0.15,0.25,0.15,8.592950723815541,0.6362774149945051,0.8342936768099892,0.385957825287694,-22.263962953491955,27.63923790285925,223.0,80.95046854082997,25.83157315193818
india,fifty_two_week_high,"bull,pullback",equal_slot,0.15,0.25,0.25,14.922643197862673,1.1049678315631508,1.5240086980430696,0.9808067174842998,-15.21466251387246,50.945361034373484,201.0,79.65194109772422,25.83157315193818
india,fifty_two_week_high,"bull,pullback",equal_slot,0.25,none,none,16.419824214991287,1.0150635962417032,1.3977679002979637,1.0907186454569016,-15.054133605750389,56.84139664424019,151.0,80.87014725568942,25.83157315193818
india,fifty_two_week_high,"bull,pullback",equal_slot,0.25,none,0.15,7.8004472061574015,0.5549545816563315,0.7319975162504773,0.3689415179706248,-21.142774196474342,24.901375387916925,196.0,80.28112449799197,25.83157315193818
india,fifty_two_week_high,"bull,pullback",equal_slot,0.25,none,0.25,17.226415936177062,1.05607005312184,1.4358319519433962,1.198753739045755,-14.370270869719933,60.08010288785823,156.0,82.44979919678714,25.83157315193818
india,fifty_two_week_high,"bull,pullback",equal_slot,0.25,0.25,none,18.07339132318826,1.3166338551054917,1.8402707656721113,1.2398363636798524,-14.577239265306085,63.528305215790404,204.0,81.6599732262383,25.83157315193818
india,fifty_two_week_high,"bull,pullback",equal_slot,0.25,0.25,0.15,9.362913923285078,0.7038172875206591,0.941282784728856,0.43843593677503057,-21.35526114067004,30.33701084115501,223.0,80.95046854082997,25.83157315193818
india,fifty_two_week_high,"bull,pullback",equal_slot,0.25,0.25,0.25,17.62448582506666,1.2816239623354204,1.7782925016397995,1.4036846664292035,-12.555872587752296,61.69466269106796,202.0,81.55287817938421,25.83157315193818
india,fifty_two_week_high,"bull,pullback",atr_risk,0.25,0.25,none,18.146329432900398,1.3355780081769588,1.8709669713604147,1.2450966441843696,-14.574233669055936,63.82752934890903,204.0,81.6599732262383,25.83157315193818
india,bll_trading_range_break,none,equal_slot,none,none,none,18.580679127180755,0.9369651135950231,1.2906227109128598,0.5074335258736035,-36.61697183920207,65.61693343880435,37.0,99.81258366800535,25.83157315193818
india,bll_trading_range_break,none,equal_slot,none,none,0.15,14.991461465218503,1.0941894033686748,1.571801938803061,0.8091941500955081,-18.526408604719993,51.21309968148964,120.0,99.39759036144578,25.83157315193818
india,bll_trading_range_break,none,equal_slot,none,none,0.25,13.97022498013385,0.8524728516546084,1.1893715270157494,0.48925795339492645,-28.553904710583534,47.27213728053006,57.0,99.70548862115128,25.83157315193818
india,bll_trading_range_break,none,equal_slot,none,0.25,none,10.134704631547798,0.7846022594395373,1.1067624006660481,0.4837034953307394,-20.952308034528556,33.078812177854,65.0,99.8259705488621,25.83157315193818
india,bll_trading_range_break,none,equal_slot,none,0.25,0.15,17.328690337664487,1.2248637155942228,1.7924245871352322,1.1834953224098583,-14.641959295943341,60.49390092767888,160.0,99.34404283801874,25.83157315193818
india,bll_trading_range_break,none,equal_slot,none,0.25,0.25,10.367047275637642,0.8246553613984599,1.140743118207805,0.5805661761373678,-17.856788255581556,33.911629280763854,91.0,99.67871485943775,25.83157315193818
india,bll_trading_range_break,none,equal_slot,0.08,none,none,26.624204139761854,1.2581529586811429,1.8182901489322438,0.8417937807861614,-31.62794112697909,101.13241215507554,68.0,99.41097724230254,25.83157315193818
india,bll_trading_range_break,none,equal_slot,0.08,none,0.15,16.76281743021242,1.1372069220696657,1.597793088969556,0.7722791864633678,-21.705644440551737,58.21326067825674,157.0,98.72824631860777,25.83157315193818
india,bll_trading_range_break,none,equal_slot,0.08,none,0.25,17.164492627615857,1.0271829788431974,1.428203223969619,0.6433336943708116,-26.68054351545032,59.8299074258831,87.0,99.33065595716198,25.83157315193818
india,bll_trading_range_break,none,equal_slot,0.08,0.25,none,9.252040900801584,0.6531121689880677,0.8704567404016901,0.35357093965196057,-26.167424590688587,29.946232731981336,202.0,98.59437751004016,25.83157315193818
india,bll_trading_range_break,none,equal_slot,0.08,0.25,0.15,8.622611843677142,0.6240003492136889,0.82271883923878,0.4090737072997624,-21.078381939024585,27.74247235641356,229.0,98.70147255689425,25.83157315193818
india,bll_trading_range_break,none,equal_slot,0.08,0.25,0.25,9.95860139858571,0.7010173199655803,0.9398159861224593,0.41076249953006605,-24.24418346362892,32.449871759717695,203.0,98.59437751004016,25.83157315193818
india,bll_trading_range_break,none,equal_slot,0.15,none,none,16.030598468032366,0.8312377515337158,1.1427130830239616,0.3676333256269852,-43.604856661709775,55.294185321012776,58.0,99.65194109772423,25.83157315193818
india,bll_trading_range_break,none,equal_slot,0.15,none,0.15,14.831901217105559,1.0827471495811845,1.5539239100279323,0.795815222171107,-18.63736807728035,50.592807924884255,120.0,99.39759036144578,25.83157315193818
india,bll_trading_range_break,none,equal_slot,0.15,none,0.25,10.593373257953974,0.6611597643310322,0.8984456443466973,0.31046748643259287,-34.12071705052424,34.72619136198569,71.0,99.65194109772423,25.83157315193818
india,bll_trading_range_break,none,equal_slot,0.15,0.25,none,1.9574407024800289,0.205722391775012,0.2761299409414569,0.06254059913636341,-31.29872002364462,5.906518597731281,108.0,99.67871485943775,25.83157315193818
india,bll_trading_range_break,none,equal_slot,0.15,0.25,0.15,16.84262717010121,1.1791585120908732,1.7083271680482792,1.1072186033639901,-15.211654788791801,58.53360971530081,160.0,99.34404283801874,25.83157315193818
india,bll_trading_range_break,none,equal_slot,0.15,0.25,0.25,4.248742714914111,0.36414511484244766,0.49633665333712595,0.16062539880804447,-26.451250838552472,13.108536056321519,102.0,99.65194109772423,25.83157315193818
india,bll_trading_range_break,none,equal_slot,0.25,none,none,17.211185897983896,0.8688364593618934,1.175554508682314,0.4202722985245523,-40.95246333961842,60.01854328043692,43.0,99.6921017402945,25.83157315193818
india,bll_trading_range_break,none,equal_slot,0.25,none,0.15,14.991461465218503,1.0941894033686748,1.571801938803061,0.8091941500955081,-18.526408604719993,51.21309968148964,120.0,99.39759036144578,25.83157315193818
india,bll_trading_range_break,none,equal_slot,0.25,none,0.25,13.97022498013385,0.8524728516546084,1.1893715270157494,0.48925795339492645,-28.553904710583534,47.27213728053006,57.0,99.70548862115128,25.83157315193818
india,bll_trading_range_break,none,equal_slot,0.25,0.25,none,9.10523278924975,0.7383814742462067,1.0234063024792122,0.4064764820561373,-22.400392620973957,29.429994296189378,83.0,99.7590361445783,25.83157315193818
india,bll_trading_range_break,none,equal_slot,0.25,0.25,0.15,16.560062948805985,1.1502543209982705,1.6564175778872368,1.071249972721036,-15.458635585065625,57.40135108657787,160.0,99.34404283801874,25.83157315193818
india,bll_trading_range_break,none,equal_slot,0.25,0.25,0.25,10.242227124082493,0.8135195565029196,1.123639992150856,0.5680771902909147,-18.02963980799406,33.46379189293185,91.0,99.67871485943775,25.83157315193818
india,bll_trading_range_break,none,atr_risk,0.08,none,none,26.703077829660728,1.261602164211783,1.823425463947238,0.8459634657801406,-31.565284920472735,101.50352065647911,68.0,99.41097724230254,25.83157315193818
india,bll_trading_range_break,bull,equal_slot,none,none,none,13.754911067037279,0.745181452721998,1.0155735899323193,0.38130823280535014,-36.07294541174744,46.45001747435404,30.0,91.24497991967871,25.83157315193818
india,bll_trading_range_break,bull,equal_slot,none,none,0.15,15.010326547327812,1.2003493692285017,1.7605576906614964,0.8815695958217012,-17.026819684425316,51.286549485625855,88.0,78.8888888888889,25.83157315193818
india,bll_trading_range_break,bull,equal_slot,none,none,0.25,11.73423002947034,0.7484639272974539,1.01807657667722,0.40930009923861393,-28.669013399455622,38.88219420802634,51.0,86.69344042838019,25.83157315193818
india,bll_trading_range_break,bull,equal_slot,none,0.25,none,9.68323540523297,0.7548142999073723,1.0584596228090237,0.41750718290805405,-23.192979190888487,31.47037171089213,60.0,90.0,25.83157315193818
india,bll_trading_range_break,bull,equal_slot,none,0.25,0.15,11.468773612452354,0.9708969033886469,1.4017059005146852,0.6823979418383096,-16.806577085441763,37.907698081219095,123.0,78.3400267737617,25.83157315193818
india,bll_trading_range_break,bull,equal_slot,none,0.25,0.25,6.175133548093181,0.5302284256266785,0.7348678215464509,0.24053217388805595,-25.672796484045822,19.408652194554055,76.0,86.53279785809906,25.83157315193818
india,bll_trading_range_break,bull,equal_slot,0.08,none,none,22.077111467885313,1.0964890056064216,1.5832032055418317,0.6800283077401025,-32.464988907965996,80.49487172915867,59.0,83.19946452476573,25.83157315193818
india,bll_trading_range_break,bull,equal_slot,0.08,none,0.15,11.956394800425318,0.9306815556842909,1.3218937666337187,0.5466907234788143,-21.87049146241579,39.701262117696515,115.0,75.6760374832664,25.83157315193818
india,bll_trading_range_break,bull,equal_slot,0.08,none,0.25,10.117828765707237,0.6926819104305898,0.9544352651315927,0.35596403645114133,-28.423738719728735,33.01845570569228,75.0,80.9103078982597,25.83157315193818
india,bll_trading_range_break,bull,equal_slot,0.08,0.25,none,5.413895410292735,0.4705186540501248,0.6402154056568437,0.21974886008638383,-24.636739449590404,16.892040975916032,156.0,74.6318607764391,25.83157315193818
india,bll_trading_range_break,bull,equal_slot,0.08,0.25,0.15,6.566624388971176,0.556023087460562,0.741389648093278,0.3770383175215142,-17.416331666599053,20.71675372935564,167.0,73.82864792503348,25.83157315193818
india,bll_trading_range_break,bull,equal_slot,0.08,0.25,0.25,6.447058206398859,0.5496987020932217,0.7552345421763859,0.291760932342746,-22.09705787074049,20.316241949501766,156.0,74.59170013386881,25.83157315193818
india,bll_trading_range_break,bull,equal_slot,0.15,none,none,20.75540934355655,1.0613104595978125,1.4821153205245319,0.6060013937530081,-34.24977163008963,74.77106057019398,39.0,90.76305220883533,25.83157315193818
india,bll_trading_range_break,bull,equal_slot,0.15,none,0.15,14.890037618141182,1.190819352901656,1.7451280327773597,0.8611054642524847,-17.291769982050976,50.8186181462394,88.0,78.8888888888889,25.83157315193818
india,bll_trading_range_break,bull,equal_slot,0.15,none,0.25,9.595174682707208,0.640629309423327,0.865859524010094,0.3238246862943484,-29.63076963806718,31.158147654671666,57.0,87.76439089692103,25.83157315193818
india,bll_trading_range_break,bull,equal_slot,0.15,0.25,none,1.5700534016197976,0.18474613316553345,0.25149791348776657,0.05150961985241463,-30.48078021383801,4.719741855617188,85.0,83.5475234270415,25.83157315193818
india,bll_trading_range_break,bull,equal_slot,0.15,0.25,0.15,11.004545673985945,0.922743773637493,1.31466107365997,0.6388171830159274,-17.226439686597427,36.21441021660055,123.0,78.3400267737617,25.83157315193818
india,bll_trading_range_break,bull,equal_slot,0.15,0.25,0.25,3.6171864827946543,0.3427753478681324,0.47313536797991723,0.13912122178100428,-26.00024954128564,11.092058529817317,83.0,83.33333333333334,25.83157315193818
india,bll_trading_range_break,bull,equal_slot,0.25,none,none,11.908736574939539,0.6582545048661049,0.88300874737012,0.27452010798637977,-43.38019776507733,39.52528898669796,38.0,87.6037483266399,25.83157315193818
india,bll_trading_range_break,bull,equal_slot,0.25,none,0.15,15.010326547327812,1.2003493692285017,1.7605576906614964,0.8815695958217012,-17.026819684425316,51.286549485625855,88.0,78.8888888888889,25.83157315193818
india,bll_trading_range_break,bull,equal_slot,0.25,none,0.25,11.612153639618006,0.7410368710320919,1.0073805823483943,0.4013838089602201,-28.930299081318577,38.4334848488324,51.0,86.69344042838019,25.83157315193818
india,bll_trading_range_break,bull,equal_slot,0.25,0.25,none,5.017143231928123,0.4342474446367785,0.5736119940039069,0.18944345651059802,-26.48359211946415,15.59443895107757,69.0,86.69344042838019,25.83157315193818
india,bll_trading_range_break,bull,equal_slot,0.25,0.25,0.15,10.893640760461087,0.909418219302488,1.291053108757259,0.6397775353050426,-17.027232372682573,35.81192864772791,123.0,78.3400267737617,25.83157315193818
india,bll_trading_range_break,bull,equal_slot,0.25,0.25,0.25,5.905170404596083,0.5081491236851436,0.7024457239592832,0.22629310408055758,-26.09522914358855,18.512105447528103,76.0,86.53279785809906,25.83157315193818
india,bll_trading_range_break,bull,atr_risk,none,none,0.15,15.061735807239817,1.2072342835725383,1.7712488404162152,0.8888865644774179,-16.944497092376135,51.48682754829497,88.0,78.8888888888889,25.83157315193818
india,bll_trading_range_break,"bull,pullback",equal_slot,none,none,none,16.679251156966846,0.8875145873692543,1.2207290819653631,0.5033217806656899,-33.138345681975025,57.87829296729845,33.0,94.6318607764391,25.83157315193818
india,bll_trading_range_break,"bull,pullback",equal_slot,none,none,0.15,16.884762032354583,1.2923044698172585,1.9118976064242381,1.3380173747969628,-12.6192397426205,58.70290832637974,100.0,86.26506024096386,25.83157315193818
india,bll_trading_range_break,"bull,pullback",equal_slot,none,none,0.25,14.33648978422022,0.9261769846208162,1.2967727857760605,0.6371184181824824,-22.50208026495003,48.67763422544085,53.0,93.53413654618474,25.83157315193818
india,bll_trading_range_break,"bull,pullback",equal_slot,none,0.25,none,11.969435189805555,0.9447992963298382,1.335993523669744,0.6740728576193921,-17.75688644707894,39.74943801936417,66.0,94.59170013386881,25.83157315193818
india,bll_trading_range_break,"bull,pullback",equal_slot,none,0.25,0.15,14.41007420738809,1.163231242656917,1.6778824301737532,1.2481771558367811,-11.544895001485218,48.96107275750459,132.0,83.77510040160642,25.83157315193818
india,bll_trading_range_break,"bull,pullback",equal_slot,none,0.25,0.25,7.224429457654136,0.6150529174859523,0.8436578633687449,0.33518522650596,-21.553543791183998,22.93600598153338,79.0,89.94645247657296,25.83157315193818
india,bll_trading_range_break,"bull,pullback",equal_slot,0.08,none,none,26.424024256538736,1.2773607326944436,1.8554730290770176,0.9055864965099518,-29.178907104262848,100.19257866155789,55.0,89.23694779116467,25.83157315193818
india,bll_trading_range_break,"bull,pullback",equal_slot,0.08,none,0.15,13.008892929187322,1.0095290037709503,1.455511068903192,0.6309150654824565,-20.619087482464078,43.62505820747333,128.0,83.27978580990629,25.83157315193818
india,bll_trading_range_break,"bull,pullback",equal_slot,0.08,none,0.25,14.054785494329213,0.9189865388607471,1.2908027266389654,0.6192964492556362,-22.69476195321703,47.59584337690441,75.0,89.33065595716198,25.83157315193818
india,bll_trading_range_break,"bull,pullback",equal_slot,0.08,0.25,none,8.44723502452014,0.6734001509410533,0.9113165729517585,0.5057830063925212,-16.701302569988925,27.132882004503745,174.0,81.84738955823295,25.83157315193818
india,bll_trading_range_break,"bull,pullback",equal_slot,0.08,0.25,0.15,9.377083874689408,0.7695320770923026,1.0515000011374287,0.6119296742908061,-15.323793351837281,30.38700962996186,178.0,83.0388219544846,25.83157315193818
india,bll_trading_range_break,"bull,pullback",equal_slot,0.08,0.25,0.25,9.164011402737703,0.727057781326875,0.9914381922676527,0.6215189925481911,-14.74453960797851,29.636521032240125,175.0,81.84738955823295,25.83157315193818
india,bll_trading_range_break,"bull,pullback",equal_slot,0.15,none,none,12.379581297556719,0.6982044967405215,0.9536712365884759,0.3267176987637682,-37.89075812053794,41.27028583273311,45.0,86.06425702811245,25.83157315193818
india,bll_trading_range_break,"bull,pullback",equal_slot,0.15,none,0.15,16.854065713425136,1.2896353819079773,1.9072100782153398,1.3282335872866096,-12.689082609223556,58.579558149350184,100.0,86.26506024096386,25.83157315193818
india,bll_trading_range_break,"bull,pullback",equal_slot,0.15,none,0.25,10.491850938032133,0.7255528368407256,0.9989606792185645,0.3602305620219707,-29.125377033923698,34.36040128140305,57.0,88.17938420348058,25.83157315193818
india,bll_trading_range_break,"bull,pullback",equal_slot,0.15,0.25,none,3.7020156571911267,0.34454379185133704,0.4769632473819792,0.1346987783354211,-27.48366171497507,11.361511633338583,84.0,89.3574297188755,25.83157315193818
india,bll_trading_range_break,"bull,pullback",equal_slot,0.15,0.25,0.15,14.08471398078348,1.1248446469378064,1.6032985727322802,1.2091198966094232,-11.648732288898234,47.71052540127785,132.0,83.77510040160642,25.83157315193818
india,bll_trading_range_break,"bull,pullback",equal_slot,0.15,0.25,0.25,6.055740332311599,0.5309365584771402,0.7448300106457896,0.2791987458753651,-21.689711797684417,19.011595837250937,81.0,88.7817938420348,25.83157315193818
india,bll_trading_range_break,"bull,pullback",equal_slot,0.25,none,none,14.46961544431813,0.7887357897637937,1.0727355211686724,0.40951676490482525,-35.333389703058856,49.19068031281091,37.0,91.90093708165999,25.83157315193818
india,bll_trading_range_break,"bull,pullback",equal_slot,0.25,none,0.15,16.884762032354583,1.2923044698172585,1.9118976064242381,1.3380173747969628,-12.6192397426205,58.70290832637974,100.0,86.26506024096386,25.83157315193818
india,bll_trading_range_break,"bull,pullback",equal_slot,0.25,none,0.25,14.33648978422022,0.9261769846208162,1.2967727857760605,0.6371184181824824,-22.50208026495003,48.67763422544085,53.0,93.53413654618474,25.83157315193818
india,bll_trading_range_break,"bull,pullback",equal_slot,0.25,0.25,none,8.891625412041382,0.7495509065507743,1.0602287663898062,0.3933838879612079,-22.60292219420587,28.681290193922003,73.0,91.05756358768406,25.83157315193818
india,bll_trading_range_break,"bull,pullback",equal_slot,0.25,0.25,0.15,13.60213338066023,1.0799433052906686,1.5298634804496616,1.1039877579985449,-12.32090961345439,45.86852291640362,132.0,83.77510040160642,25.83157315193818
india,bll_trading_range_break,"bull,pullback",equal_slot,0.25,0.25,0.25,7.092323844615156,0.6036011742101062,0.8266365151117042,0.3263532848082693,-21.732043692410986,22.488168593701374,79.0,89.94645247657296,25.83157315193818
india,bll_trading_range_break,"bull,pullback",atr_risk,none,none,0.15,16.979320098045015,1.3020181993915068,1.9272548118623065,1.3652667453115606,-12.436632003491926,59.0832800060503,100.0,86.26506024096386,25.83157315193818
india,keltner_breakout,none,equal_slot,none,none,none,14.402121584900662,0.8979453173553021,1.217269697189708,0.5392384089230304,-26.708263629930684,48.93042296149217,112.0,99.37081659973227,25.83157315193818
india,keltner_breakout,none,equal_slot,none,none,0.15,15.381460808073077,1.0283964122790727,1.4442017408150416,0.5081051213318633,-30.272201877742628,52.736341516710915,177.0,98.92904953145919,25.83157315193818
india,keltner_breakout,none,equal_slot,none,none,0.25,21.182666819826146,1.311394134447551,1.8031024995050864,1.254138310419461,-16.890215890734858,76.60800540281568,118.0,99.51807228915662,25.83157315193818
india,keltner_breakout,none,equal_slot,none,0.25,none,27.909739577610825,1.3547176405863182,3.2579168745989904,1.9169802133076455,-14.559221521360454,107.23763965646738,159.0,99.38420348058902,25.83157315193818
india,keltner_breakout,none,equal_slot,none,0.25,0.15,12.641509478331713,0.9117965127784592,1.2695088736044111,0.47675470812216186,-26.51575173347318,42.247243353046656,196.0,98.99598393574298,25.83157315193818
india,keltner_breakout,none,equal_slot,none,0.25,0.25,26.263144664508253,1.2915970106667398,3.124144449029782,1.642153889501516,-15.993108095661219,99.43936914677396,161.0,99.30388219544845,25.83157315193818
india,keltner_breakout,none,equal_slot,0.08,none,none,18.486820061355445,1.1597956621491516,1.576909049597318,1.3978451660997682,-13.225227306781695,65.22916867527975,157.0,98.86211512717537,25.83157315193818
india,keltner_breakout,none,equal_slot,0.08,none,0.15,21.978588467900483,1.4217248650594692,2.0005165779932947,1.1546777640735422,-19.034391370249555,80.06398517302135,202.0,98.55421686746988,25.83157315193818
india,keltner_breakout,none,equal_slot,0.08,none,0.25,18.604490003183315,1.1809668181814728,1.6046347381157613,0.8778684711499957,-21.192798938104804,65.71540026468638,167.0,98.92904953145919,25.83157315193818
india,keltner_breakout,none,equal_slot,0.08,0.25,none,20.52826876475182,0.997088482173993,2.443099686119679,1.394740190993774,-14.718346038429647,73.79966752931895,245.0,98.70147255689425,25.83157315193818
india,keltner_breakout,none,equal_slot,0.08,0.25,0.15,10.154840593517388,0.7254158213345541,0.9576887080643293,0.5657704968887305,-17.94869235734385,33.15085209717081,250.0,98.56760374832663,25.83157315193818
india,keltner_breakout,none,equal_slot,0.08,0.25,0.25,20.74070593457289,1.0061976445504246,2.4708559415710414,1.456669632258392,-14.238441905606905,74.70807117780063,244.0,98.70147255689425,25.83157315193818
india,keltner_breakout,none,equal_slot,0.15,none,none,13.980827076691371,0.8865176263508747,1.2118581727280169,0.4762833932501755,-29.35400913579138,47.312697362493154,126.0,99.29049531459168,25.83157315193818
india,keltner_breakout,none,equal_slot,0.15,none,0.15,14.683773468955131,0.9801394234420768,1.373491998676449,0.47367178951925354,-30.99989020637733,50.018470444138096,177.0,98.92904953145919,25.83157315193818
india,keltner_breakout,none,equal_slot,0.15,none,0.25,13.211184444362,0.8890295649765824,1.203155673531987,0.638101875206027,-20.70387967453699,44.3874800033081,127.0,99.38420348058902,25.83157315193818
india,keltner_breakout,none,equal_slot,0.15,0.25,none,26.48994412967809,1.3159086133609563,3.2867836194925033,2.068464179962813,-12.806576196139071,100.50174695555398,171.0,99.31726907630521,25.83157315193818
india,keltner_breakout,none,equal_slot,0.15,0.25,0.15,12.101355554921778,0.8705648335303535,1.207748646825317,0.44890760242587374,-26.95734153203615,40.2374181501568,196.0,98.99598393574298,25.83157315193818
india,keltner_breakout,none,equal_slot,0.15,0.25,0.25,26.088318454294136,1.3020392181166753,3.2692030995679313,2.088128610193718,-12.493635845482666,98.62299436480231,173.0,99.30388219544845,25.83157315193818
india,keltner_breakout,none,equal_slot,0.25,none,none,15.170375869469055,0.9489282292189715,1.2891885719042808,0.6471749866489611,-23.440918117093005,51.91064037573807,115.0,99.33065595716198,25.83157315193818
india,keltner_breakout,none,equal_slot,0.25,none,0.15,15.381460808073077,1.0283964122790727,1.4442017408150416,0.5081051213318633,-30.272201877742628,52.736341516710915,177.0,98.92904953145919,25.83157315193818
india,keltner_breakout,none,equal_slot,0.25,none,0.25,21.176791341427247,1.3110318143273167,1.802592546038037,1.2527558150317424,-16.90416527093963,76.58265815786692,118.0,99.51807228915662,25.83157315193818
india,keltner_breakout,none,equal_slot,0.25,0.25,none,27.851614666254765,1.3511856712504835,3.243585917736489,2.1133955336167496,-13.178609599212615,106.95898124251961,158.0,99.3574297188755,25.83157315193818
india,keltner_breakout,none,equal_slot,0.25,0.25,0.15,12.641509478331713,0.9117965127784592,1.2695088736044111,0.47675470812216186,-26.51575173347318,42.247243353046656,196.0,98.99598393574298,25.83157315193818
india,keltner_breakout,none,equal_slot,0.25,0.25,0.25,26.262635670788747,1.2915730034130406,3.124057857807887,1.6421039051052642,-15.993284949349917,99.43698911209815,161.0,99.30388219544845,25.83157315193818
india,keltner_breakout,bull,equal_slot,none,none,none,12.606867367474894,0.8779122126344071,1.204117243863589,0.5984357866553552,-21.066366097412732,42.11777694172469,84.0,76.34538152610442,25.83157315193818
india,keltner_breakout,bull,equal_slot,none,none,0.15,9.580968394122058,0.8129439676131619,1.149918211589042,0.4221449513850288,-22.69592082692818,31.10782453216141,132.0,73.98929049531459,25.83157315193818
india,keltner_breakout,bull,equal_slot,none,none,0.25,16.793534373522068,1.2001148237152648,1.6569067691197872,1.1739669552123555,-14.304946403269362,58.336504902872896,88.0,76.94779116465863,25.83157315193818
india,keltner_breakout,bull,equal_slot,none,0.25,none,27.140793911079996,1.3721616285803213,3.68216572472813,2.627742320304181,-10.328559882514753,103.57126085480503,123.0,77.38955823293173,25.83157315193818
india,keltner_breakout,bull,equal_slot,none,0.25,0.15,10.297011613971186,0.904883892285283,1.2370575463434736,0.49803798372021296,-20.67515320228231,33.660228720297056,149.0,73.66800535475234,25.83157315193818
india,keltner_breakout,bull,equal_slot,none,0.25,0.25,26.677932533332083,1.3596544955231624,3.7158720747029035,3.0113033925480597,-8.859264263890113,101.38516036219491,122.0,76.43908969210173,25.83157315193818
india,keltner_breakout,bull,equal_slot,0.08,none,none,13.585097682109716,0.9290369590485745,1.2391360256524353,0.8019420660466016,-16.940248251449468,45.80377743038105,108.0,75.42168674698794,25.83157315193818
india,keltner_breakout,bull,equal_slot,0.08,none,0.15,16.514162531780173,1.2695671723937465,1.7946213623085865,1.3713228533367925,-12.042505155949842,57.217931394095125,149.0,75.78313253012048,25.83157315193818
india,keltner_breakout,bull,equal_slot,0.08,none,0.25,11.486362275301998,0.823581078659135,1.0941073052614951,0.578868461039842,-19.84278475747087,37.972125919976875,124.0,77.18875502008032,25.83157315193818
india,keltner_breakout,bull,equal_slot,0.08,0.25,none,21.966064405791208,1.0888912645003905,2.990278801416048,2.405281950708285,-9.132428071196745,80.00926051619747,168.0,76.19812583668005,25.83157315193818
india,keltner_breakout,bull,equal_slot,0.08,0.25,0.15,10.11995226081246,0.8294191568597582,1.1174529569277922,0.838180748079276,-12.073711170296772,33.02604938096436,182.0,73.50736278447123,25.83157315193818
india,keltner_breakout,bull,equal_slot,0.08,0.25,0.25,21.966064405791208,1.0888912645003905,2.990278801416048,2.405281950708285,-9.132428071196745,80.00926051619747,168.0,76.19812583668005,25.83157315193818
india,keltner_breakout,bull,equal_slot,0.15,none,none,10.046924647360832,0.7019704306372089,0.9414389520371539,0.45255096834898156,-22.200647772370285,32.765065462174434,91.0,73.90896921017404,25.83157315193818
india,keltner_breakout,bull,equal_slot,0.15,none,0.15,9.070353888378824,0.7701968017346161,1.084891536976299,0.38829446076977625,-23.35947278361184,29.307545550543402,132.0,73.98929049531459,25.83157315193818
india,keltner_breakout,bull,equal_slot,0.15,none,0.25,14.132945980086609,1.024080145480001,1.4170016248850914,0.7567233881536916,-18.676502142439645,47.89546822684778,94.0,75.04685408299866,25.83157315193818
india,keltner_breakout,bull,equal_slot,0.15,0.25,none,26.25001242776277,1.3407312527086541,3.6657857494490123,3.194315905174982,-8.217725862753959,99.3779693397362,126.0,75.7429718875502,25.83157315193818
india,keltner_breakout,bull,equal_slot,0.15,0.25,0.15,9.695970760233097,0.8474327767052828,1.1470114052451126,0.4468175000864642,-21.700069398259508,31.51556629611063,149.0,73.66800535475234,25.83157315193818
india,keltner_breakout,bull,equal_slot,0.15,0.25,0.25,26.077921499658373,1.3341555210180749,3.663952268601316,2.979315421705699,-8.752991143424621,98.57451420900583,127.0,75.6760374832664,25.83157315193818
india,keltner_breakout,bull,equal_slot,0.25,none,none,13.201428758334256,0.91734037989851,1.2591843045117057,0.6652416974037944,-19.844559969489005,44.35065018114537,84.0,76.09103078982596,25.83157315193818
india,keltner_breakout,bull,equal_slot,0.25,none,0.15,9.580968394122058,0.8129439676131619,1.149918211589042,0.4221449513850288,-22.69592082692818,31.10782453216141,132.0,73.98929049531459,25.83157315193818
india,keltner_breakout,bull,equal_slot,0.25,none,0.25,16.793534373522068,1.2001148237152648,1.6569067691197872,1.1739669552123555,-14.304946403269362,58.336504902872896,88.0,76.94779116465863,25.83157315193818
india,keltner_breakout,bull,equal_slot,0.25,0.25,none,26.863858995878843,1.362662485212763,3.6616011478441517,2.5038342146176533,-10.729088547094989,102.26141555932276,123.0,77.28246318607765,25.83157315193818
india,keltner_breakout,bull,equal_slot,0.25,0.25,0.15,10.297011613971186,0.904883892285283,1.2370575463434736,0.49803798372021296,-20.67515320228231,33.660228720297056,149.0,73.66800535475234,25.83157315193818
india,keltner_breakout,bull,equal_slot,0.25,0.25,0.25,26.677426801606252,1.3596305817064602,3.715770103902205,3.011213101876856,-8.859361957803154,101.38278032751909,122.0,76.43908969210173,25.83157315193818
india,keltner_breakout,"bull,pullback",equal_slot,none,none,none,14.676877775696573,0.9764960145928877,1.3450419885410787,0.6455482450871324,-22.735524242213025,49.99176908397565,103.0,88.62115127175369,25.83157315193818
india,keltner_breakout,"bull,pullback",equal_slot,none,none,0.15,9.504043116351646,0.7651186351215237,1.0697035042325167,0.3852763255129746,-24.66812125997497,30.835553161388862,154.0,81.16465863453814,25.83157315193818
india,keltner_breakout,"bull,pullback",equal_slot,none,none,0.25,18.665865503499248,1.2848969075571093,1.774684938723765,1.0805264465044508,-17.274788195961438,65.96938951268989,108.0,89.03614457831326,25.83157315193818
india,keltner_breakout,"bull,pullback",equal_slot,none,0.25,none,29.910498799044728,1.476215262269518,3.874566828711467,2.7342242800796046,-10.939299682531496,116.98167545959626,141.0,86.61311914323962,25.83157315193818
india,keltner_breakout,"bull,pullback",equal_slot,none,0.25,0.15,12.471366637573954,1.0334047564158086,1.4185300057764973,0.6697606150796878,-18.620633039298852,41.61212564653569,171.0,83.01204819277108,25.83157315193818
india,keltner_breakout,"bull,pullback",equal_slot,none,0.25,0.25,28.133535919285556,1.404514066438735,3.6971636746935834,2.253839134834064,-12.482495083375527,108.31286837186313,146.0,85.47523427041499,25.83157315193818
india,keltner_breakout,"bull,pullback",equal_slot,0.08,none,none,14.125336168659675,0.9390079815902402,1.2467519379222878,0.9426834319626065,-14.98417781593088,47.866278660792425,138.0,81.84738955823295,25.83157315193818
india,keltner_breakout,"bull,pullback",equal_slot,0.08,none,0.15,15.677114209933585,1.1883698867473667,1.6577484545788503,1.1369163972286265,-13.789153053072747,53.89783773107653,169.0,82.10174029451139,25.83157315193818
india,keltner_breakout,"bull,pullback",equal_slot,0.08,none,0.25,12.934914714892232,0.8870123961648999,1.1721238013720823,0.7124360013465535,-18.15589707769448,43.34690694295542,150.0,82.93172690763052,25.83157315193818
india,keltner_breakout,"bull,pullback",equal_slot,0.08,0.25,none,21.477245189678772,1.0599137113228965,2.785416307898578,2.024140096516067,-10.610552711566372,77.88192892653952,192.0,80.34805890227578,25.83157315193818
india,keltner_breakout,"bull,pullback",equal_slot,0.08,0.25,0.15,10.87472580502884,0.8569434887247861,1.143338939339139,0.7698232237155969,-14.126263627825281,35.74336368025519,202.0,79.8661311914324,25.83157315193818
india,keltner_breakout,"bull,pullback",equal_slot,0.08,0.25,0.25,21.477245189678772,1.0599137113228965,2.785416307898578,2.024140096516067,-10.610552711566372,77.88192892653952,192.0,80.34805890227578,25.83157315193818
india,keltner_breakout,"bull,pullback",equal_slot,0.15,none,none,13.018222419336102,0.8717278479916791,1.185814618963734,0.5703321018594176,-22.825687659687425,43.6601615875104,114.0,84.96653279785811,25.83157315193818
india,keltner_breakout,"bull,pullback",equal_slot,0.15,none,0.15,9.143298099845243,0.736439833739498,1.0269362950836283,0.3653116868776062,-25.02875880592511,29.56371711430301,154.0,81.16465863453814,25.83157315193818
india,keltner_breakout,"bull,pullback",equal_slot,0.15,none,0.25,13.216190974981611,0.9215692109540367,1.25056675476595,0.5981429839650229,-22.095370721182686,44.40638315374015,119.0,84.49799196787149,25.83157315193818
india,keltner_breakout,"bull,pullback",equal_slot,0.15,0.25,none,22.691042128237026,1.1675917269920624,2.9703062463023215,1.1814363887611876,-19.206317279620997,83.19526583715981,152.0,83.57429718875501,25.83157315193818
india,keltner_breakout,"bull,pullback",equal_slot,0.15,0.25,0.15,12.206288724299563,1.0074587105688033,1.376608671266353,0.6441637490688179,-18.94904632858427,40.62637597706451,171.0,83.01204819277108,25.83157315193818
india,keltner_breakout,"bull,pullback",equal_slot,0.15,0.25,0.25,22.468681729320416,1.1580776902740768,2.9495234308825258,1.1378527112487355,-19.746564302388645,82.21413843951287,152.0,83.58768406961177,25.83157315193818
india,keltner_breakout,"bull,pullback",equal_slot,0.25,none,none,15.257935709306247,1.0148496861973044,1.3988572137012476,0.7100905401966681,-21.487310202837484,52.252788560932494,103.0,88.35341365461848,25.83157315193818
india,keltner_breakout,"bull,pullback",equal_slot,0.25,none,0.15,9.504043116351646,0.7651186351215237,1.0697035042325167,0.3852763255129746,-24.66812125997497,30.835553161388862,154.0,81.16465863453814,25.83157315193818
india,keltner_breakout,"bull,pullback",equal_slot,0.25,none,0.25,18.65974323669901,1.284485210828536,1.7741144000687321,1.0793005073096151,-17.288737576166223,65.94404226774114,108.0,89.03614457831326,25.83157315193818
india,keltner_breakout,"bull,pullback",equal_slot,0.25,0.25,none,29.472248137666334,1.4603916819822618,3.841113130378956,2.66769502508917,-11.047832627225146,114.82192867443,141.0,86.94779116465863,25.83157315193818
india,keltner_breakout,"bull,pullback",equal_slot,0.25,0.25,0.15,12.471366637573954,1.0334047564158086,1.4185300057764973,0.6697606150796878,-18.620633039298852,41.61212564653569,171.0,83.01204819277108,25.83157315193818
india,keltner_breakout,"bull,pullback",equal_slot,0.25,0.25,0.25,28.133041388477032,1.404490719152853,3.6970666939706325,2.2537745943815475,-12.482633116288607,108.31048833718731,146.0,85.47523427041499,25.83157315193818
india,adx_trend,none,equal_slot,none,none,none,21.92268607653931,1.2575584413065637,1.8178998315778794,1.417046557562884,-15.470688637247864,79.81980138567533,326.0,99.81258366800535,25.83157315193818
india,adx_trend,none,equal_slot,none,none,0.15,18.137982466645795,1.083724020003432,1.5336657845387285,0.870950897169316,-20.82549375125072,63.79326807409165,381.0,99.8259705488621,25.83157315193818
india,adx_trend,none,equal_slot,none,none,0.25,21.419490094202853,1.2295121885982283,1.7656802063160775,1.3122490990235378,-16.322731796989903,77.63168526376292,332.0,99.81258366800535,25.83157315193818
india,adx_trend,none,equal_slot,none,0.25,none,18.64797318918574,1.1845172747911379,1.6508860584526432,1.0074279441868446,-18.510478388841634,65.8953194340053,401.0,99.78580990629183,25.83157315193818
india,adx_trend,none,equal_slot,none,0.25,0.15,13.737551656660884,0.909497708290877,1.250343796553812,0.5240170305588515,-26.215849591777808,46.38386782176438,463.0,99.8259705488621,25.83157315193818
india,adx_trend,none,equal_slot,none,0.25,0.25,16.92543089188947,1.0671980274636315,1.4715719467096329,0.7451796762607027,-22.71322129559539,58.866430017692586,405.0,99.77242302543507,25.83157315193818
india,adx_trend,none,equal_slot,0.08,none,none,12.063902577385255,0.7256187256018184,1.0277712356818398,0.39580086616575355,-30.47972758183185,40.09876317622396,395.0,99.79919678714859,25.83157315193818
india,adx_trend,none,equal_slot,0.08,none,0.15,12.316475802705963,0.7732020589272066,1.0774036870439372,0.4201357981484871,-29.31546384998355,41.03557679100951,435.0,99.79919678714859,25.83157315193818
india,adx_trend,none,equal_slot,0.08,none,0.25,15.6542908217427,0.9277565624119211,1.317212919380164,0.6337425915412145,-24.701339361889247,53.80796674934012,392.0,99.81258366800535,25.83157315193818
india,adx_trend,none,equal_slot,0.08,0.25,none,6.49677856375015,0.4655712145479232,0.6388924383004384,0.180711036953713,-35.95119962381835,20.482683570448714,531.0,99.77242302543507,25.83157315193818
india,adx_trend,none,equal_slot,0.08,0.25,0.15,6.233627193546787,0.4470229821979913,0.6037037232412371,0.17088989805390734,-36.47744696752282,19.603499518883073,531.0,99.77242302543507,25.83157315193818
india,adx_trend,none,equal_slot,0.08,0.25,0.25,6.49677856375015,0.4655712145479232,0.6388924383004384,0.180711036953713,-35.95119962381835,20.482683570448714,531.0,99.77242302543507,25.83157315193818
india,adx_trend,none,equal_slot,0.15,none,none,19.514407935486755,1.123482433631995,1.6163587798528927,0.9110183297608396,-21.420433923222678,69.5073601483585,339.0,99.81258366800535,25.83157315193818
india,adx_trend,none,equal_slot,0.15,none,0.15,17.669607103434902,1.0525433302820844,1.4824784240679574,0.8254446986100956,-21.406167043276707,61.87835074372141,381.0,99.8259705488621,25.83157315193818
india,adx_trend,none,equal_slot,0.15,none,0.25,22.06337867980299,1.2596048620453124,1.8091288112882717,1.3152659839372203,-16.77484170445642,80.43477100001621,343.0,99.8259705488621,25.83157315193818
india,adx_trend,none,equal_slot,0.15,0.25,none,16.648702136567948,1.0551119644691431,1.4467610753424858,0.8168087722726372,-20.38261916586137,57.75595735275809,432.0,99.81258366800535,25.83157315193818
india,adx_trend,none,equal_slot,0.15,0.25,0.15,12.894118995024929,0.8492372158581665,1.1562865982620272,0.4763438807379944,-27.068929646053626,43.19367150709099,463.0,99.8259705488621,25.83157315193818
india,adx_trend,none,equal_slot,0.15,0.25,0.25,16.648702136567948,1.0551119644691431,1.4467610753424858,0.8168087722726372,-20.38261916586137,57.75595735275809,432.0,99.81258366800535,25.83157315193818
india,adx_trend,none,equal_slot,0.25,none,none,21.564227846536042,1.2350440171578552,1.7806815296199041,1.3245791832803289,-16.280059447357534,78.25925135124376,326.0,99.81258366800535,25.83157315193818
india,adx_trend,none,equal_slot,0.25,none,0.15,17.371353514647115,1.0295107711103917,1.4449216528355742,0.8070239234149374,-21.525202674463344,60.66672353991307,381.0,99.8259705488621,25.83157315193818
india,adx_trend,none,equal_slot,0.25,none,0.25,21.41274429377724,1.2290835506654239,1.7649701870690424,1.310615140302975,-16.337934482297566,77.60247199483807,332.0,99.81258366800535,25.83157315193818
india,adx_trend,none,equal_slot,0.25,0.25,none,18.232441332294357,1.1527246012816212,1.6032155209646122,0.924843898879214,-19.71407429339115,64.18126458581708,407.0,99.79919678714859,25.83157315193818
india,adx_trend,none,equal_slot,0.25,0.25,0.15,13.064692826274559,0.8594973795573266,1.1734930158861199,0.4851690271930743,-26.928126269436053,43.83509696914829,463.0,99.8259705488621,25.83157315193818
india,adx_trend,none,equal_slot,0.25,0.25,0.25,16.804532530229377,1.0572909792180913,1.4556463373711557,0.7374018357577552,-22.788840107729072,58.38064776896958,405.0,99.77242302543507,25.83157315193818
india,adx_trend,bull,equal_slot,none,none,none,15.79345637574665,1.0140769194524288,1.475560730996604,0.777369257244188,-20.316543558379482,54.35649528958244,232.0,73.25301204819277,25.83157315193818
india,adx_trend,bull,equal_slot,none,none,0.15,15.826613761697782,1.0544833087278844,1.5375351524830456,0.8351317091080748,-18.951039206259683,54.48737771950645,263.0,72.35609103078983,25.83157315193818
india,adx_trend,bull,equal_slot,none,none,0.25,16.708581898742803,1.0714950571951922,1.5543440052846254,0.920461018973348,-18.15240575573641,57.99580900067536,236.0,73.06559571619813,25.83157315193818
india,adx_trend,bull,equal_slot,none,0.25,none,13.678052081670211,1.0125634741757206,1.403697815082688,0.7819850340375408,-17.49144994635993,46.15728927426759,285.0,72.904953145917,25.83157315193818
india,adx_trend,bull,equal_slot,none,0.25,0.15,13.648442505688463,1.036228125523979,1.475766429286779,0.68483640208286,-19.929493327425526,46.04462053081213,317.0,72.15528781793842,25.83157315193818
india,adx_trend,bull,equal_slot,none,0.25,0.25,13.200346443068401,0.9830239423153492,1.3598551890234714,0.7136138242881965,-18.49788498174802,44.346564590626514,287.0,73.02543507362785,25.83157315193818
india,adx_trend,bull,equal_slot,0.08,none,none,12.928059101654155,0.8478606921609488,1.2315083702013234,0.5289213103365586,-24.442310886335594,43.321148544738655,268.0,73.11914323962517,25.83157315193818
india,adx_trend,bull,equal_slot,0.08,none,0.15,13.232698943609256,0.9080497570565595,1.3074216156722147,0.5639461039032497,-23.464474445379714,44.46872387734177,297.0,72.34270414993307,25.83157315193818
india,adx_trend,bull,equal_slot,0.08,none,0.25,13.942021301157158,0.9183698746642268,1.3313524915644999,0.5831746204333774,-23.907112574268673,47.16427542464401,266.0,73.10575635876842,25.83157315193818
india,adx_trend,bull,equal_slot,0.08,0.25,none,10.661938768403934,0.8060507209004772,1.1376640767214805,0.4816227354263366,-22.137532105841917,34.97360908806131,372.0,72.26238286479251,25.83157315193818
india,adx_trend,bull,equal_slot,0.08,0.25,0.15,9.722714802877807,0.7357404078072979,1.0160464293367328,0.41446071699377945,-23.458712500909304,31.610507689841306,369.0,72.11512717536814,25.83157315193818
india,adx_trend,bull,equal_slot,0.08,0.25,0.25,10.661938768403934,0.8060507209004772,1.1376640767214805,0.4816227354263366,-22.137532105841917,34.97360908806131,372.0,72.26238286479251,25.83157315193818
india,adx_trend,bull,equal_slot,0.15,none,none,15.336716785476412,0.9892482733593355,1.4429119521443576,0.7356324455366242,-20.848341965516063,52.56106869528401,237.0,73.40026773761713,25.83157315193818
india,adx_trend,bull,equal_slot,0.15,none,0.15,15.38619920164268,1.0215707898432298,1.4796854993959077,0.79468557369728,-19.361367200939974,52.75491071906371,263.0,72.35609103078983,25.83157315193818
india,adx_trend,bull,equal_slot,0.15,none,0.25,16.42123199928971,1.0501005213916266,1.525860117612813,0.8955350176199027,-18.336783795381937,56.84701117302715,243.0,73.22623828647924,25.83157315193818
india,adx_trend,bull,equal_slot,0.15,0.25,none,11.250535634480062,0.8489068077745904,1.1677770367637192,0.5324864520702747,-21.128303998606295,37.10994182899137,305.0,73.01204819277109,25.83157315193818
india,adx_trend,bull,equal_slot,0.15,0.25,0.15,12.850243360170088,0.9684036757734736,1.3599727451705346,0.6204002372657611,-20.712827926700847,43.028988511572905,317.0,72.15528781793842,25.83157315193818
india,adx_trend,bull,equal_slot,0.15,0.25,0.25,11.250535634480062,0.8489068077745904,1.1677770367637192,0.5324864520702747,-21.128303998606295,37.10994182899137,305.0,73.01204819277109,25.83157315193818
india,adx_trend,bull,equal_slot,0.25,none,none,15.79345637574665,1.0140769194524288,1.475560730996604,0.777369257244188,-20.316543558379482,54.35649528958244,232.0,73.25301204819277,25.83157315193818
india,adx_trend,bull,equal_slot,0.25,none,0.15,15.244304098955762,1.008429077390681,1.4573336616469148,0.7947306266517984,-19.18172470989327,52.199488276965454,263.0,72.35609103078983,25.83157315193818
india,adx_trend,bull,equal_slot,0.25,none,0.25,16.708581898742803,1.0714950571951922,1.5543440052846254,0.920461018973348,-18.15240575573641,57.99580900067536,236.0,73.06559571619813,25.83157315193818
india,adx_trend,bull,equal_slot,0.25,0.25,none,13.331005744313362,0.9890054132889651,1.3699707125616012,0.7216349120030427,-18.473338141734963,44.840338965523486,287.0,72.904953145917,25.83157315193818
india,adx_trend,bull,equal_slot,0.25,0.25,0.15,13.197151553249054,0.9948576428038103,1.4057537279043149,0.6559833856289067,-20.118118602343312,44.334504769833586,317.0,72.15528781793842,25.83157315193818
india,adx_trend,bull,equal_slot,0.25,0.25,0.25,13.079268564975877,0.971918300775672,1.3416937633456696,0.7052364430104455,-18.54593405460494,43.88999561082836,287.0,73.02543507362785,25.83157315193818
india,adx_trend,"bull,pullback",equal_slot,none,none,none,17.735578943543338,1.0963905032405115,1.587683279847485,0.8766748281401756,-20.23051007540451,62.14716975959094,270.0,84.14993306559572,25.83157315193818
india,adx_trend,"bull,pullback",equal_slot,none,none,0.15,15.30430025381313,1.0023566759053621,1.4444951128464076,0.701733173795609,-21.809287098447413,52.43416878224325,307.0,82.16867469879517,25.83157315193818
india,adx_trend,"bull,pullback",equal_slot,none,none,0.25,17.813515095206544,1.1012698609003484,1.5866847609016463,0.8999211448700402,-19.79452888372685,62.465121086941245,272.0,84.14993306559572,25.83157315193818
india,adx_trend,"bull,pullback",equal_slot,none,0.25,none,15.044250678919902,1.0580343420538536,1.457601244705237,0.7536105082497873,-19.962899288465632,51.418690020713484,323.0,83.33333333333334,25.83157315193818
india,adx_trend,"bull,pullback",equal_slot,none,0.25,0.15,13.70548333168422,0.9983535855561251,1.3997942464065283,0.6389187357654504,-21.45105874108465,46.26172051941266,366.0,81.4859437751004,25.83157315193818
india,adx_trend,"bull,pullback",equal_slot,none,0.25,0.25,14.24132322634033,0.9924221018268929,1.3528223536485207,0.641151538939799,-22.21210175973315,48.311593777967275,324.0,83.17269076305222,25.83157315193818
india,adx_trend,"bull,pullback",equal_slot,0.08,none,none,12.336398728310606,0.7873366058629195,1.1301339067748541,0.4289361828081828,-28.7604525399233,41.10964845759506,312.0,83.06559571619813,25.83157315193818
india,adx_trend,"bull,pullback",equal_slot,0.08,none,0.15,12.844592895955053,0.8627003133398891,1.231298935890062,0.50022006152791,-25.67788436297728,43.00778915553103,346.0,81.9946452476573,25.83157315193818
india,adx_trend,"bull,pullback",equal_slot,0.08,none,0.25,14.180460296826713,0.9025838388979691,1.2956037544418486,0.5347493478097082,-26.517957160506654,48.07780900941172,312.0,82.99866131191432,25.83157315193818
india,adx_trend,"bull,pullback",equal_slot,0.08,0.25,none,8.236943764899806,0.6116316042242426,0.8436058166975481,0.2751553912808182,-29.935607391000907,26.404476516169815,422.0,81.88755020080322,25.83157315193818
india,adx_trend,"bull,pullback",equal_slot,0.08,0.25,0.15,7.377116655458882,0.5570043825179863,0.7587563906860746,0.2510953409562813,-29.379743277448256,23.454964067758645,424.0,81.56626506024097,25.83157315193818
india,adx_trend,"bull,pullback",equal_slot,0.08,0.25,0.25,8.236943764899806,0.6116316042242426,0.8436058166975481,0.2751553912808182,-29.935607391000907,26.404476516169815,422.0,81.88755020080322,25.83157315193818
india,adx_trend,"bull,pullback",equal_slot,0.15,none,none,16.913489789973134,1.0572992700546535,1.5336264706984488,0.8495924384191763,-19.907768743144427,58.81840557036555,272.0,83.13253012048193,25.83157315193818
india,adx_trend,"bull,pullback",equal_slot,0.15,none,0.15,14.871065233782899,0.9711243005701966,1.3912077955244673,0.6648606040703101,-22.367192675790214,50.74490202248989,307.0,82.16867469879517,25.83157315193818
india,adx_trend,"bull,pullback",equal_slot,0.15,none,0.25,17.71513061449783,1.1009322277534128,1.591675449064641,0.9876165086359976,-17.93725647515177,62.063816262248665,279.0,83.05220883534136,25.83157315193818
india,adx_trend,"bull,pullback",equal_slot,0.15,0.25,none,15.21029966632299,1.069444086930482,1.4719694706918838,0.9271123802539497,-16.40610134248953,52.06658308905718,342.0,82.20883534136544,25.83157315193818
india,adx_trend,"bull,pullback",equal_slot,0.15,0.25,0.15,12.908077171404319,0.9339693250809893,1.2933834783115228,0.580105065555118,-22.25127470495752,43.246088500173464,366.0,81.4859437751004,25.83157315193818
india,adx_trend,"bull,pullback",equal_slot,0.15,0.25,0.25,15.21029966632299,1.069444086930482,1.4719694706918838,0.9271123802539497,-16.40610134248953,52.06658308905718,342.0,82.20883534136544,25.83157315193818
india,adx_trend,"bull,pullback",equal_slot,0.25,none,none,17.351582780628625,1.0731490771675434,1.5514669136514285,0.8246996679803006,-21.039880885514194,60.58661972515931,270.0,84.14993306559572,25.83157315193818
india,adx_trend,"bull,pullback",equal_slot,0.25,none,0.15,14.499917721539868,0.9439891594366213,1.3480303857716815,0.6438406865339926,-22.520971452732695,49.307624248064656,307.0,82.16867469879517,25.83157315193818
india,adx_trend,"bull,pullback",equal_slot,0.25,none,0.25,17.806358561796753,1.1008300902525703,1.5859936132478676,0.8988692501836156,-19.809731569034515,62.4359078180164,272.0,84.14993306559572,25.83157315193818
india,adx_trend,"bull,pullback",equal_slot,0.25,0.25,none,15.43921478199981,1.07822703173465,1.4847654724191834,0.7991616796788615,-19.31926314110052,52.96277443496476,327.0,83.3467202141901,25.83157315193818
india,adx_trend,"bull,pullback",equal_slot,0.25,0.25,0.15,13.03224916316239,0.9433922659131796,1.3124494310441155,0.5892082771379005,-22.118238437631916,43.7129496667966,366.0,81.4859437751004,25.83157315193818
india,adx_trend,"bull,pullback",equal_slot,0.25,0.25,0.25,14.114784614848253,0.9815652544665784,1.335633064419797,0.6333356957619348,-22.286418891749744,47.8258115292443,324.0,83.17269076305222,25.83157315193818
india,long_term_reversal,none,equal_slot,none,none,none,-1.1068527688791074,-0.024774103432163738,-0.03565794034595476,-0.04301169464631998,-25.733763293462985,-3.2412136037419104,10.0,31.459170013386885,25.83157315193818
india,long_term_reversal,none,equal_slot,none,none,0.15,-2.063939094005862,-0.09577899971183111,-0.13681785133497926,-0.0760993000028328,-27.12165675543707,-5.987128881668946,65.0,31.459170013386885,25.83157315193818
india,long_term_reversal,none,equal_slot,none,none,0.25,0.6189148764706776,0.1127077472245292,0.16510771393254237,0.024190040158045597,-25.585524969243455,1.8433212033299062,24.0,31.459170013386885,25.83157315193818
india,long_term_reversal,none,equal_slot,none,0.25,none,0.5621831045239389,0.10586396268148364,0.1549636426369231,0.026140504697661708,-21.506206977489104,1.6734274044545527,16.0,31.459170013386885,25.83157315193818
india,long_term_reversal,none,equal_slot,none,0.25,0.15,0.9273485936492021,0.13618981441342592,0.19779193694342617,0.03716031853607381,-24.955345653158698,2.7702731825789195,76.0,31.459170013386885,25.83157315193818
india,long_term_reversal,none,equal_slot,none,0.25,0.25,3.3217993034939886,0.32195729269441425,0.4785173908416406,0.13532113987278455,-24.547526769408044,10.157154446295568,40.0,31.44578313253012,25.83157315193818
india,long_term_reversal,none,equal_slot,0.08,none,none,1.3725353176014643,0.16678170377643525,0.24999156422507973,0.051723821866934847,-26.535844956168564,4.118041918498427,47.0,31.459170013386885,25.83157315193818
india,long_term_reversal,none,equal_slot,0.08,none,0.15,-1.1616644659675601,-0.021634512296207165,-0.03175530755429228,-0.040518785550501854,-28.669775023727777,-3.3998854207935802,84.0,31.459170013386885,25.83157315193818
india,long_term_reversal,none,equal_slot,0.08,none,0.25,1.1908975415469314,0.15409073150960345,0.22997841704624952,0.04419837380204615,-26.944374625199423,3.566742935426337,51.0,31.459170013386885,25.83157315193818
india,long_term_reversal,none,equal_slot,0.08,0.25,none,-0.2786494194681466,0.04064811960192462,0.059660614097311465,-0.010037317221972647,-27.761344321982406,-0.8226398043348127,89.0,31.459170013386885,25.83157315193818
india,long_term_reversal,none,equal_slot,0.08,0.25,0.15,-1.3401700092431579,-0.04383849031864639,-0.06427933206433645,-0.048793104681364385,-27.46638112075313,-3.915438265448745,102.0,31.459170013386885,25.83157315193818
india,long_term_reversal,none,equal_slot,0.08,0.25,0.25,-0.2786494194681466,0.04064811960192462,0.059660614097311465,-0.010037317221972647,-27.761344321982406,-0.8226398043348127,89.0,31.459170013386885,25.83157315193818
india,long_term_reversal,none,equal_slot,0.15,none,none,1.0105166448722391,0.1422405195436334,0.21224621591898807,0.03963070666960778,-25.498325157224354,3.02117521790064,26.0,31.459170013386885,25.83157315193818
india,long_term_reversal,none,equal_slot,0.15,none,0.15,-2.3980638550501254,-0.12055615523448138,-0.17095352367427671,-0.08698171792169722,-27.569745831059734,-6.933449977157569,65.0,31.459170013386885,25.83157315193818
india,long_term_reversal,none,equal_slot,0.15,none,0.25,0.2735055030682165,0.08645969005039247,0.12729533264281825,0.010180747242547337,-26.864973321917223,0.8118355517123366,30.0,31.459170013386885,25.83157315193818
india,long_term_reversal,none,equal_slot,0.15,0.25,none,1.9054375699911752,0.21539809222382417,0.318349320458019,0.08350617715865159,-22.817923593497465,5.746690024169454,42.0,31.44578313253012,25.83157315193818
india,long_term_reversal,none,equal_slot,0.15,0.25,0.15,0.7624702932275351,0.12320444891368638,0.1781369074594533,0.030205078827177493,-25.24311549028273,2.2740639492661474,76.0,31.459170013386885,25.83157315193818
india,long_term_reversal,none,equal_slot,0.15,0.25,0.25,0.8870913715970596,0.13340093631489772,0.19228983313263506,0.03605818924760517,-24.601661650438434,2.6489703524440023,44.0,31.44578313253012,25.83157315193818
india,long_term_reversal,none,equal_slot,0.25,none,none,1.1243127632993621,0.1506236392702339,0.22283107458659998,0.04651476719264911,-24.17109299166913,3.365132975782803,15.0,31.459170013386885,25.83157315193818
india,long_term_reversal,none,equal_slot,0.25,none,0.15,-2.063939094005862,-0.09577899971183111,-0.13681785133497926,-0.0760993000028328,-27.12165675543707,-5.987128881668946,65.0,31.459170013386885,25.83157315193818
india,long_term_reversal,none,equal_slot,0.25,none,0.25,0.6189148764706776,0.1127077472245292,0.16510771393254237,0.024190040158045597,-25.585524969243455,1.8433212033299062,24.0,31.459170013386885,25.83157315193818
india,long_term_reversal,none,equal_slot,0.25,0.25,none,1.145434385159394,0.15559682778096967,0.22678532320676048,0.050737575445173835,-22.575662615119064,3.429058300327026,27.0,31.44578313253012,25.83157315193818
india,long_term_reversal,none,equal_slot,0.25,0.25,0.15,0.9273485936492021,0.13618981441342592,0.19779193694342617,0.03716031853607381,-24.955345653158698,2.7702731825789195,76.0,31.459170013386885,25.83157315193818
india,long_term_reversal,none,equal_slot,0.25,0.25,0.25,3.2008493784518643,0.3122416346065032,0.46282038890339244,0.12914514229036403,-24.78489954546816,9.775854946734519,40.0,31.44578313253012,25.83157315193818
india,long_term_reversal,bull,equal_slot,none,none,none,-1.1068527688791074,-0.024774103432163738,-0.03565794034595476,-0.04301169464631998,-25.733763293462985,-3.2412136037419104,10.0,31.459170013386885,25.83157315193818
india,long_term_reversal,bull,equal_slot,none,none,0.15,-4.996734247509272,-0.5516787272275716,-0.7559036335511795,-0.2083203551317797,-23.985818593427545,-14.079064893937609,32.0,17.46987951807229,25.83157315193818
india,long_term_reversal,bull,equal_slot,none,none,0.25,-1.402850910621456,-0.07394028145138662,-0.10502204934593319,-0.056239005582622355,-24.944447293977966,-4.09603766354707,18.0,25.970548862115127,25.83157315193818
india,long_term_reversal,bull,equal_slot,none,0.25,none,-0.703378670632393,-0.0175704639285405,-0.025662771471370558,-0.032705844939027645,-21.506206977489104,-2.067901157017682,12.0,28.286479250334672,25.83157315193818
india,long_term_reversal,bull,equal_slot,none,0.25,0.15,-5.713986911572566,-0.6422052075272473,-0.8708311672050448,-0.2529589176638196,-22.58859645804782,-15.985197128199523,37.0,18.35341365461847,25.83157315193818
india,long_term_reversal,bull,equal_slot,none,0.25,0.25,-4.393135737010079,-0.4214495079159644,-0.5777006757727563,-0.18068264721428245,-24.314098806621946,-12.452960185948047,21.0,22.530120481927714,25.83157315193818
india,long_term_reversal,bull,equal_slot,0.08,none,none,-0.3504334022180422,0.02371404070615543,0.034796080615085406,-0.013892410553089523,-25.224808961617505,-1.033834871461059,37.0,24.109772423025433,25.83157315193818
india,long_term_reversal,bull,equal_slot,0.08,none,0.15,-5.058253524604894,-0.5320903288106011,-0.753437762817181,-0.2013067764396993,-25.127090175824634,-14.243666585197312,45.0,17.45649263721553,25.83157315193818
india,long_term_reversal,bull,equal_slot,0.08,none,0.25,-1.1929490500740436,-0.05409676917240774,-0.0784838602896736,-0.046335496297546575,-25.745899912530113,-3.490372411879128,39.0,22.262382864792503,25.83157315193818
india,long_term_reversal,bull,equal_slot,0.08,0.25,none,-6.146976550759042,-0.6787586566583536,-0.9522745636383803,-0.24903316080225998,-24.68336558455334,-17.122216770105357,48.0,17.8045515394913,25.83157315193818
india,long_term_reversal,bull,equal_slot,0.08,0.25,0.15,-5.924571524119882,-0.6640383001703695,-0.933797408676469,-0.25234933751226485,-23.477658322887144,-16.539468393470436,51.0,17.37617135207497,25.83157315193818
india,long_term_reversal,bull,equal_slot,0.08,0.25,0.25,-6.146976550759042,-0.6787586566583536,-0.9522745636383803,-0.24903316080225998,-24.68336558455334,-17.122216770105357,48.0,17.8045515394913,25.83157315193818
india,long_term_reversal,bull,equal_slot,0.15,none,none,-0.5130908355751695,0.009719673721475558,0.0141823493906595,-0.02066567989531218,-24.828161385174628,-1.511285539943974,21.0,25.983935742971887,25.83157315193818
india,long_term_reversal,bull,equal_slot,0.15,none,0.15,-5.094131872701024,-0.560470028619454,-0.7644133643256171,-0.21107542817438762,-24.13417761015897,-14.339566636672263,32.0,17.46987951807229,25.83157315193818
india,long_term_reversal,bull,equal_slot,0.15,none,0.25,-2.3164288361042007,-0.1808010873126512,-0.25697618612317696,-0.08775284389053475,-26.39719390739947,-6.702825204205986,23.0,24.417670682730925,25.83157315193818
india,long_term_reversal,bull,equal_slot,0.15,0.25,none,-3.2795593611832374,-0.31752626731429723,-0.4438523600954435,-0.14168456498598883,-23.146906379728467,-9.399734321767262,23.0,22.597054886211517,25.83157315193818
india,long_term_reversal,bull,equal_slot,0.15,0.25,0.15,-5.7910881300898165,-0.6488103118755244,-0.8763115235231029,-0.25469212514784867,-22.737601827021912,-16.18841407795031,37.0,18.35341365461847,25.83157315193818
india,long_term_reversal,bull,equal_slot,0.15,0.25,0.25,-3.686861000214836,-0.35946398973146004,-0.5013106488506943,-0.15037318832727126,-24.518074273924253,-10.524525200217704,25.0,22.48995983935743,25.83157315193818
india,long_term_reversal,bull,equal_slot,0.25,none,none,0.8974333598773088,0.13387658244197628,0.19893966754393422,0.03845831945137347,-23.33522038091185,2.6801237171836467,13.0,28.634538152610446,25.83157315193818
india,long_term_reversal,bull,equal_slot,0.25,none,0.15,-4.996734247509272,-0.5516787272275716,-0.7559036335511795,-0.2083203551317797,-23.985818593427545,-14.079064893937609,32.0,17.46987951807229,25.83157315193818
india,long_term_reversal,bull,equal_slot,0.25,none,0.25,-1.402850910621456,-0.07394028145138662,-0.10502204934593319,-0.056239005582622355,-24.944447293977966,-4.09603766354707,18.0,25.970548862115127,25.83157315193818
india,long_term_reversal,bull,equal_slot,0.25,0.25,none,-0.2662585286617891,0.020099927958482124,0.029445615235450393,-0.012382753057901754,-21.502369256397525,-0.7861544892837857,16.0,22.771084337349397,25.83157315193818
india,long_term_reversal,bull,equal_slot,0.25,0.25,0.15,-5.713986911572566,-0.6422052075272473,-0.8708311672050448,-0.2529589176638196,-22.58859645804782,-15.985197128199523,37.0,18.35341365461847,25.83157315193818
india,long_term_reversal,bull,equal_slot,0.25,0.25,0.25,-4.514873705013445,-0.43361329473961946,-0.5921998211617125,-0.18376890985570396,-24.56821291783545,-12.782550611055543,21.0,22.530120481927714,25.83157315193818
india,long_term_reversal,"bull,pullback",equal_slot,none,none,none,-1.1068527688791074,-0.024774103432163738,-0.03565794034595476,-0.04301169464631998,-25.733763293462985,-3.2412136037419104,10.0,31.459170013386885,25.83157315193818
india,long_term_reversal,"bull,pullback",equal_slot,none,none,0.15,-6.601739357355118,-0.6032117300327137,-0.805251688985291,-0.24683940746776253,-26.745078612365862,-18.305391193501798,51.0,21.80722891566265,25.83157315193818
india,long_term_reversal,"bull,pullback",equal_slot,none,none,0.25,-1.0963077141694422,-0.031217964999633505,-0.044385886827997115,-0.04328854858165443,-25.325582633048928,-3.2106674363255316,24.0,27.831325301204817,25.83157315193818
india,long_term_reversal,"bull,pullback",equal_slot,none,0.25,none,-0.8223674689058491,-0.029212883196129025,-0.04264054636288145,-0.038238610358704093,-21.506206977489104,-2.41489738634707,15.0,28.527443105756355,25.83157315193818
india,long_term_reversal,"bull,pullback",equal_slot,none,0.25,0.15,-6.636645682445463,-0.6605716898199648,-0.8741726885446321,-0.27389531055731214,-24.230592590071954,-18.39574322536247,54.0,21.164658634538153,25.83157315193818
india,long_term_reversal,"bull,pullback",equal_slot,none,0.25,0.25,-3.1438792438317265,-0.25476619666163736,-0.3560964035523108,-0.12944991925920823,-24.286451948544503,-9.022976130660886,30.0,24.899598393574294,25.83157315193818
india,long_term_reversal,"bull,pullback",equal_slot,0.08,none,none,-0.460318681460381,0.030569988967838774,0.04437571145876635,-0.01712210088979671,-26.88447430739595,-1.356550234542997,47.0,26.69344042838019,25.83157315193818
india,long_term_reversal,"bull,pullback",equal_slot,0.08,none,0.15,-6.328423959371565,-0.5437846303750806,-0.7549430358506979,-0.2221372120841232,-28.488806085200146,-17.5956466629287,67.0,21.80722891566265,25.83157315193818
india,long_term_reversal,"bull,pullback",equal_slot,0.08,none,0.25,-0.8918192020863303,-0.0020512298501470312,-0.002962281150235607,-0.03265338799225531,-27.31168974863652,-2.6170563644432265,51.0,26.117804551539493,25.83157315193818
india,long_term_reversal,"bull,pullback",equal_slot,0.08,0.25,none,-8.06798910986376,-0.8267693220274863,-1.1219583902746493,-0.30303657912090226,-26.623812654131374,-22.043916654828255,67.0,21.030789825970547,25.83157315193818
india,long_term_reversal,"bull,pullback",equal_slot,0.08,0.25,0.15,-7.7645184641026095,-0.7976033087063695,-1.0935699170411632,-0.3021086807155352,-25.701076995578493,-21.279654042719642,73.0,20.32128514056225,25.83157315193818
india,long_term_reversal,"bull,pullback",equal_slot,0.08,0.25,0.25,-8.06798910986376,-0.8267693220274863,-1.1219583902746493,-0.30303657912090226,-26.623812654131374,-22.043916654828255,67.0,21.030789825970547,25.83157315193818
india,long_term_reversal,"bull,pullback",equal_slot,0.15,none,none,-0.7700387862820679,-0.007034935903168161,-0.010157387230934385,-0.030388418678976722,-25.3398768266542,-2.2623964702338073,26.0,27.858099062918342,25.83157315193818
india,long_term_reversal,"bull,pullback",equal_slot,0.15,none,0.15,-6.827463899013331,-0.6201110596402791,-0.8215938904868852,-0.25101179059445156,-27.199773695268988,-18.888490436001582,51.0,21.80722891566265,25.83157315193818
india,long_term_reversal,"bull,pullback",equal_slot,0.15,none,0.25,-1.2008374787935705,-0.03884623933240979,-0.05585230143804522,-0.04554313057170943,-26.367038535104765,-3.513179902743724,30.0,28.98259705488621,25.83157315193818
india,long_term_reversal,"bull,pullback",equal_slot,0.15,0.25,none,-3.231308516958331,-0.27855619856859665,-0.39012644436582883,-0.1414836792436744,-22.838736836869472,-9.265869412710536,32.0,24.792503346720217,25.83157315193818
india,long_term_reversal,"bull,pullback",equal_slot,0.15,0.25,0.15,-6.779604185853705,-0.6716481117587758,-0.8844575158725526,-0.2763444889379064,-24.53316225668266,-18.76508861088022,54.0,21.164658634538153,25.83157315193818
india,long_term_reversal,"bull,pullback",equal_slot,0.15,0.25,0.25,-2.905797262863452,-0.2335784571174725,-0.3263925020826224,-0.11922886634571743,-24.371591812655232,-8.359362360032874,34.0,25.970548862115127,25.83157315193818
india,long_term_reversal,"bull,pullback",equal_slot,0.25,none,none,0.9496418540658302,0.13777740611469144,0.20358890250771658,0.04046332987100334,-23.46919685288577,2.8374879259031927,15.0,30.187416331994644,25.83157315193818
india,long_term_reversal,"bull,pullback",equal_slot,0.25,none,0.15,-6.601739357355118,-0.6032117300327137,-0.805251688985291,-0.24683940746776253,-26.745078612365862,-18.305391193501798,51.0,21.80722891566265,25.83157315193818
india,long_term_reversal,"bull,pullback",equal_slot,0.25,none,0.25,-1.0963077141694422,-0.031217964999633505,-0.044385886827997115,-0.04328854858165443,-25.325582633048928,-3.2106674363255316,24.0,27.831325301204817,25.83157315193818
india,long_term_reversal,"bull,pullback",equal_slot,0.25,0.25,none,-0.7017755776483559,-0.020773245856033157,-0.030110875929433314,-0.032476786881703086,-21.608528583956847,-2.063220633160312,24.0,24.819277108433738,25.83157315193818
india,long_term_reversal,"bull,pullback",equal_slot,0.25,0.25,0.15,-6.636645682445463,-0.6605716898199648,-0.8741726885446321,-0.27389531055731214,-24.230592590071954,-18.39574322536247,54.0,21.164658634538153,25.83157315193818
india,long_term_reversal,"bull,pullback",equal_slot,0.25,0.25,0.25,-3.281791422613234,-0.26764006592785744,-0.3727893656987071,-0.1338205381691802,-24.523824724604594,-9.405923682721395,30.0,24.899598393574294,25.83157315193818
india,macd_signal_cross,none,equal_slot,none,none,none,-4.459568432790595,-0.18060818012541566,-0.23399254609189984,-0.09653434284175315,-46.196703696435556,-12.63292049750795,843.0,98.60776439089692,25.83157315193818
india,macd_signal_cross,none,equal_slot,none,none,0.15,-4.050628746840223,-0.1681265958420751,-0.21724171890485008,-0.08931143484294891,-45.35397683357248,-11.521242887977333,886.0,98.491744756805,25.83157315193818
india,macd_signal_cross,none,equal_slot,none,none,0.25,-6.243861484902647,-0.28740622341951905,-0.3686122566049381,-0.13044936686300015,-47.8642528902424,-17.375230965152223,852.0,98.65238732708612,25.83157315193818
india,macd_signal_cross,none,equal_slot,none,0.25,none,0.4049527056070312,0.10093067940536556,0.13222939033814432,0.010050531424174416,-40.29167100885866,1.2035529394722744,877.0,98.70593485051316,25.83157315193818
india,macd_signal_cross,none,equal_slot,none,0.25,0.15,1.7578817528504542,0.19328704092190552,0.258314928873088,0.04530723144128985,-38.79914302705425,5.294055655157037,916.0,98.48282016956716,25.83157315193818
india,macd_signal_cross,none,equal_slot,none,0.25,0.25,0.4740681596066665,0.1055985294387922,0.138170250410255,0.01187284055455286,-39.928790202179236,1.409923176726946,884.0,98.68808567603747,25.83157315193818
india,macd_signal_cross,none,equal_slot,0.08,none,none,-7.25313191776128,-0.3356006157359465,-0.43277229412172596,-0.16038371173951832,-45.2236192758851,-19.980578386653246,952.0,98.4024988844266,25.83157315193818
india,macd_signal_cross,none,equal_slot,0.08,none,0.15,-4.71717922002437,-0.1947725668794603,-0.25413403849995225,-0.10924539245038664,-43.17966290584436,-13.328448545253924,959.0,98.41142347166443,25.83157315193818
india,macd_signal_cross,none,equal_slot,0.08,none,0.25,-6.905544211831138,-0.31593451229270647,-0.4082229051252935,-0.15390437890604972,-44.86905610428797,-19.089546706370285,952.0,98.4024988844266,25.83157315193818
india,macd_signal_cross,none,equal_slot,0.08,0.25,none,-4.410381793668561,-0.20263210382993016,-0.26826638440119893,-0.09890847518580627,-44.59053468758223,-12.499701799315776,1017.0,98.33110218652388,25.83157315193818
india,macd_signal_cross,none,equal_slot,0.08,0.25,0.15,-5.406691327100377,-0.2753166913710515,-0.3619225287418129,-0.11610210374549844,-46.56841825150828,-15.172011413226482,1015.0,98.38464970995092,25.83157315193818
india,macd_signal_cross,none,equal_slot,0.08,0.25,0.25,-4.410381793668561,-0.20263210382993016,-0.26826638440119893,-0.09890847518580627,-44.59053468758223,-12.499701799315776,1017.0,98.33110218652388,25.83157315193818
india,macd_signal_cross,none,equal_slot,0.15,none,none,-5.969271812611366,-0.2631747814052641,-0.33701618353275614,-0.12527064903786383,-47.65100092047192,-16.65680979624622,875.0,98.42034805890229,25.83157315193818
india,macd_signal_cross,none,equal_slot,0.15,none,0.15,-4.672809858909288,-0.20405423864482755,-0.2626054111064982,-0.10066507442369144,-46.41937519702014,-13.208917248203777,886.0,98.491744756805,25.83157315193818
india,macd_signal_cross,none,equal_slot,0.15,none,0.25,-6.267558819589114,-0.2839899489276216,-0.3617149131705672,-0.13072393936128418,-47.94499653401161,-17.437038402704452,875.0,98.45604640785363,25.83157315193818
india,macd_signal_cross,none,equal_slot,0.15,0.25,none,0.406012700646019,0.10150691172696355,0.13302921652794897,0.01010376512710374,-40.1842971940108,1.20671585240415,911.0,98.45604640785363,25.83157315193818
india,macd_signal_cross,none,equal_slot,0.15,0.25,0.15,1.0738923059601557,0.1464870880284527,0.19468904774436865,0.027020839848623485,-39.74311353667502,3.2126394901222266,916.0,98.48282016956716,25.83157315193818
india,macd_signal_cross,none,equal_slot,0.15,0.25,0.25,0.3753596408183846,0.09951083350590836,0.1303225426287194,0.009335053390881183,-40.20969405328195,1.115276789063624,911.0,98.45604640785363,25.83157315193818
india,macd_signal_cross,none,equal_slot,0.25,none,none,-4.349784172221815,-0.17492943173409878,-0.22657231438889777,-0.09557182484427418,-45.513248065623976,-12.335392367663323,849.0,98.59883980365908,25.83157315193818
india,macd_signal_cross,none,equal_slot,0.25,none,0.15,-4.050628746840223,-0.1681265958420751,-0.21724171890485008,-0.08931143484294891,-45.35397683357248,-11.521242887977333,886.0,98.491744756805,25.83157315193818
india,macd_signal_cross,none,equal_slot,0.25,none,0.25,-6.248412246951352,-0.2876647089529792,-0.36893647523265066,-0.1305252563148017,-47.871288847588154,-17.387102648357445,852.0,98.65238732708612,25.83157315193818
india,macd_signal_cross,none,equal_slot,0.25,0.25,none,0.8647959700060603,0.1322723590647709,0.17329535584716246,0.0218740594557538,-39.53522992635839,2.5818307899829307,881.0,98.69701026327532,25.83157315193818
india,macd_signal_cross,none,equal_slot,0.25,0.25,0.15,1.7578817528504542,0.19328704092190552,0.258314928873088,0.04530723144128985,-38.79914302705425,5.294055655157037,916.0,98.48282016956716,25.83157315193818
india,macd_signal_cross,none,equal_slot,0.25,0.25,0.25,0.47023724025601066,0.10533835522198468,0.13782724654760484,0.011774976383240435,-39.93530219944296,1.3984772349595387,884.0,98.68808567603747,25.83157315193818
india,macd_signal_cross,none,inverse_vol,none,0.25,0.15,1.7603051168337158,0.19345346374994016,0.25854171252326175,0.045374568133657915,-38.79497236532281,5.301479055270031,916.0,98.48282016956716,25.83157315193818
india,macd_signal_cross,bull,equal_slot,none,none,none,-1.582089186847202,-0.044814376500303836,-0.058044506518351184,-0.041834850118968696,-37.81749384420176,-4.611227357254055,630.0,71.78045515394913,25.83157315193818
india,macd_signal_cross,bull,equal_slot,none,none,0.15,-1.8082618489358548,-0.07439929427454293,-0.0960737482461687,-0.04785073599773951,-37.78963502298644,-5.258702187662911,659.0,70.80767514502455,25.83157315193818
india,macd_signal_cross,bull,equal_slot,none,none,0.25,-3.094882182518577,-0.15723106239476026,-0.20124683678914085,-0.07942041673437114,-38.9683447880876,-8.8866659492849,633.0,71.42347166443552,25.83157315193818
india,macd_signal_cross,bull,equal_slot,none,0.25,none,1.6994386236180103,0.20313358273042859,0.26578745681355304,0.04855126998629736,-35.00296952268486,5.115133945776962,655.0,71.97679607318162,25.83157315193818
india,macd_signal_cross,bull,equal_slot,none,0.25,0.15,1.291946168243574,0.16995940848242763,0.22504535882395113,0.036649384479864114,-35.25151067553111,3.8732020761389263,679.0,70.98616688978134,25.83157315193818
india,macd_signal_cross,bull,equal_slot,none,0.25,0.25,1.7360802649434293,0.20655393689336587,0.27031155348673813,0.05044158356888977,-34.41764001267736,5.227287555915527,656.0,71.55734047300312,25.83157315193818
india,macd_signal_cross,bull,equal_slot,0.08,none,none,-5.959735441670211,-0.3696391851961525,-0.4695689502341248,-0.14287826797210543,-41.71197989909668,-16.63178532477102,698.0,70.95046854082999,25.83157315193818
india,macd_signal_cross,bull,equal_slot,0.08,none,0.15,-4.791500909002943,-0.29858373986515846,-0.38304036478567904,-0.11489369384091835,-41.70377632420148,-13.528427247129017,709.0,70.96831771530566,25.83157315193818
india,macd_signal_cross,bull,equal_slot,0.08,none,0.25,-5.751990523014339,-0.35588691254459953,-0.4530658382669596,-0.13846276804142027,-41.541784873849025,-16.085404600699515,698.0,70.95046854082999,25.83157315193818
india,macd_signal_cross,bull,equal_slot,0.08,0.25,none,-4.861468741973251,-0.34693236110560255,-0.4453255595127578,-0.11453917124195796,-42.443721997111844,-13.716411505630122,751.0,70.87014725568943,25.83157315193818
india,macd_signal_cross,bull,equal_slot,0.08,0.25,0.15,-5.346065865792937,-0.3925153922198977,-0.5023216641974104,-0.12340182874407188,-43.3224200986548,-15.01096728843676,748.0,70.91477019187863,25.83157315193818
india,macd_signal_cross,bull,equal_slot,0.08,0.25,0.25,-4.861468741973251,-0.34693236110560255,-0.4453255595127578,-0.11453917124195796,-42.443721997111844,-13.716411505630122,751.0,70.87014725568943,25.83157315193818
india,macd_signal_cross,bull,equal_slot,0.15,none,none,-4.274164147448111,-0.2383417323951888,-0.30382540545582787,-0.10546926696047876,-40.52520957645148,-12.130063537963508,647.0,70.8433734939759,25.83157315193818
india,macd_signal_cross,bull,equal_slot,0.15,none,0.15,-2.1484481207370676,-0.09948211027523239,-0.12800549407932948,-0.05599021817570443,-38.371847632294696,-6.2270777464517035,659.0,70.80767514502455,25.83157315193818
india,macd_signal_cross,bull,equal_slot,0.15,none,0.25,-4.435033167642633,-0.25521283703672615,-0.3226079078260074,-0.10938196175818164,-40.546293889366055,-12.566485186347675,647.0,70.80767514502455,25.83157315193818
india,macd_signal_cross,bull,equal_slot,0.15,0.25,none,1.4670846525697945,0.18412273462968587,0.24056225766994513,0.041550290456534654,-35.3086497458904,4.405781370339867,674.0,71.10218652387327,25.83157315193818
india,macd_signal_cross,bull,equal_slot,0.15,0.25,0.15,0.9981235299483471,0.144230412852318,0.19009759661518108,0.028070970955106137,-35.55714305517414,2.98376188114291,679.0,70.98616688978134,25.83157315193818
india,macd_signal_cross,bull,equal_slot,0.15,0.25,0.25,1.5836378469317403,0.1939278535352757,0.25311726228993014,0.04518498189913625,-35.04788052071817,4.761208606665424,674.0,71.03078982597054,25.83157315193818
india,macd_signal_cross,bull,equal_slot,0.25,none,none,-1.582089186847202,-0.044814376500303836,-0.058044506518351184,-0.041834850118968696,-37.81749384420176,-4.611227357254055,630.0,71.78045515394913,25.83157315193818
india,macd_signal_cross,bull,equal_slot,0.25,none,0.15,-1.8082618489358548,-0.07439929427454293,-0.0960737482461687,-0.04785073599773951,-37.78963502298644,-5.258702187662911,659.0,70.80767514502455,25.83157315193818
india,macd_signal_cross,bull,equal_slot,0.25,none,0.25,-3.094882182518577,-0.15723106239476026,-0.20124683678914085,-0.07942041673437114,-38.9683447880876,-8.8866659492849,633.0,71.42347166443552,25.83157315193818
india,macd_signal_cross,bull,equal_slot,0.25,0.25,none,1.6994386236180103,0.20313358273042859,0.26578745681355304,0.04855126998629736,-35.00296952268486,5.115133945776962,655.0,71.97679607318162,25.83157315193818
india,macd_signal_cross,bull,equal_slot,0.25,0.25,0.15,1.291946168243574,0.16995940848242763,0.22504535882395113,0.036649384479864114,-35.25151067553111,3.8732020761389263,679.0,70.98616688978134,25.83157315193818
india,macd_signal_cross,bull,equal_slot,0.25,0.25,0.25,1.7360802649434293,0.20655393689336587,0.27031155348673813,0.05044158356888977,-34.41764001267736,5.227287555915527,656.0,71.55734047300312,25.83157315193818
india,macd_signal_cross,"bull,pullback",equal_slot,none,none,none,-1.052848000670703,0.0029127712377454394,0.0037894058307842565,-0.028433201434246075,-37.02882361332028,-3.0847090260955,697.0,79.99107541276216,25.83157315193818
india,macd_signal_cross,"bull,pullback",equal_slot,none,none,0.15,-0.10427197918071451,0.06185708974954609,0.08071057170132691,-0.0029649912010329283,-35.16771960213197,-0.30836278727182087,725.0,78.90227576974564,25.83157315193818
india,macd_signal_cross,"bull,pullback",equal_slot,none,none,0.25,-2.2369203470347765,-0.07795012420134549,-0.10040033968803794,-0.058622437709032284,-38.15809158495846,-6.477844547969013,700.0,79.63409192324853,25.83157315193818
india,macd_signal_cross,"bull,pullback",equal_slot,none,0.25,none,3.3142244210987437,0.32475450852683313,0.4285018366203835,0.1018542955806535,-32.538877248180164,10.133248622113378,726.0,80.26773761713521,25.83157315193818
india,macd_signal_cross,"bull,pullback",equal_slot,none,0.25,0.15,3.696543155652532,0.36106638064909313,0.4846383726649776,0.11660114041100335,-31.702461422098565,11.344115623891682,748.0,79.05399375278893,25.83157315193818
india,macd_signal_cross,"bull,pullback",equal_slot,none,0.25,0.25,3.5785456263305537,0.3461729312579582,0.456972866881456,0.11185226812342898,-31.993500769976595,10.96946219242394,727.0,79.84828201695672,25.83157315193818
india,macd_signal_cross,"bull,pullback",equal_slot,0.08,none,none,-1.9218697051595401,-0.05508771058953087,-0.07154240809554847,-0.05537182719177406,-34.70843933871573,-5.582831589289494,776.0,78.8041053101294,25.83157315193818
india,macd_signal_cross,"bull,pullback",equal_slot,0.08,none,0.15,-0.5469707321914541,0.03292838853737253,0.043183417277569885,-0.01593413585869089,-34.32697807036219,-1.6105413463371243,782.0,78.81302989736724,25.83157315193818
india,macd_signal_cross,"bull,pullback",equal_slot,0.08,none,0.25,-1.770902157519616,-0.04574476462044647,-0.059508331949991555,-0.05112341174655526,-34.639749129007235,-5.151952183928854,776.0,78.8041053101294,25.83157315193818
india,macd_signal_cross,"bull,pullback",equal_slot,0.08,0.25,none,-1.6007149868699888,-0.0573399205861596,-0.07561913981199295,-0.042867271595175206,-37.34119124694077,-4.664658661902344,832.0,78.64346273984827,25.83157315193818
india,macd_signal_cross,"bull,pullback",equal_slot,0.08,0.25,0.15,-2.5271298337700476,-0.13092174645545793,-0.17151777368848514,-0.06456254469301771,-39.142351742578555,-7.297299841680937,830.0,78.72378402498884,25.83157315193818
india,macd_signal_cross,"bull,pullback",equal_slot,0.08,0.25,0.25,-1.6007149868699888,-0.0573399205861596,-0.07561913981199295,-0.042867271595175206,-37.34119124694077,-4.664658661902344,832.0,78.64346273984827,25.83157315193818
india,macd_signal_cross,"bull,pullback",equal_slot,0.15,none,none,-1.5034124499735069,-0.02570001672374421,-0.03313884151066733,-0.041430347105463866,-36.28771070023779,-4.385310836168744,714.0,78.96474788041054,25.83157315193818
india,macd_signal_cross,"bull,pullback",equal_slot,0.15,none,0.15,-0.48766549577855534,0.034877556050037554,0.04533790078858357,-0.013597900627126663,-35.86329310317976,-1.436754983079136,725.0,78.90227576974564,25.83157315193818
india,macd_signal_cross,"bull,pullback",equal_slot,0.15,none,0.25,-1.8238479575708677,-0.04933189756675308,-0.06315449286541497,-0.04981340713521743,-36.61359586627093,-5.303213745811908,714.0,79.00044622936188,25.83157315193818
india,macd_signal_cross,"bull,pullback",equal_slot,0.15,0.25,none,3.754458081030476,0.36136790838627897,0.4769410308353359,0.11725979702821474,-32.01828909977636,11.528307087563029,745.0,79.0450691655511,25.83157315193818
india,macd_signal_cross,"bull,pullback",equal_slot,0.15,0.25,0.15,3.302112151063996,0.3275449149424294,0.4374242011587058,0.10248835213136138,-32.21938964177717,10.095030243797854,748.0,79.05399375278893,25.83157315193818
india,macd_signal_cross,"bull,pullback",equal_slot,0.15,0.25,0.25,3.722791873817921,0.3584989216386924,0.47267302514764525,0.11619822030543653,-32.03828650759244,11.427571539251113,745.0,79.0450691655511,25.83157315193818
india,macd_signal_cross,"bull,pullback",equal_slot,0.25,none,none,-0.75987427473726,0.022550616291004296,0.029343894666365767,-0.02084808528534446,-36.44815647753645,-2.2327558513166146,697.0,79.5805443998215,25.83157315193818
india,macd_signal_cross,"bull,pullback",equal_slot,0.25,none,0.15,-0.10427197918071451,0.06185708974954609,0.08071057170132691,-0.0029649912010329283,-35.16771960213197,-0.30836278727182087,725.0,78.90227576974564,25.83157315193818
india,macd_signal_cross,"bull,pullback",equal_slot,0.25,none,0.25,-2.2403882065242575,-0.07817675766250748,-0.10069020226806143,-0.05870331527057811,-38.164594217511464,-6.487664837972396,700.0,79.63409192324853,25.83157315193818
india,macd_signal_cross,"bull,pullback",equal_slot,0.25,0.25,none,3.5931586191454645,0.34710494521103924,0.45814977504256454,0.11232705398470283,-31.988363370010543,11.015814481218001,726.0,79.85720660419456,25.83157315193818
india,macd_signal_cross,"bull,pullback",equal_slot,0.25,0.25,0.15,3.696543155652532,0.36106638064909313,0.4846383726649776,0.11660114041100335,-31.702461422098565,11.344115623891682,748.0,79.05399375278893,25.83157315193818
india,macd_signal_cross,"bull,pullback",equal_slot,0.25,0.25,0.25,3.5754885004735337,0.3459231885350316,0.4566330800431184,0.11173558470247133,-31.999550635496448,10.959766636546764,727.0,79.84828201695672,25.83157315193818
india,stochastic_cross,none,equal_slot,none,none,none,5.8085982499047395,0.44359076860967345,0.6349864545681043,0.23258262087667791,-24.97434343120859,18.192475448059152,649.0,98.05443998215083,25.83157315193818
india,stochastic_cross,none,equal_slot,none,none,0.15,-2.022237546780481,-0.0454649744080036,-0.06362573134664555,-0.051097191414247956,-39.57629550293834,-5.8685748353917155,708.0,98.24185631414547,25.83157315193818
india,stochastic_cross,none,equal_slot,none,none,0.25,4.627238708306414,0.36636310888331103,0.5304271421481837,0.17536140746320994,-26.386870265495492,14.328560923706558,660.0,97.88487282463187,25.83157315193818
india,stochastic_cross,none,equal_slot,none,0.25,none,5.945961724026305,0.45315848013010657,0.64763892080784,0.23147870867659595,-25.686862338313542,18.647286410863217,653.0,98.00089245872378,25.83157315193818
india,stochastic_cross,none,equal_slot,none,0.25,0.15,-0.7758575678483925,0.03016414923740165,0.04240394008707807,-0.020536906844909483,-37.77869635907248,-2.2793618757127265,712.0,98.15261044176708,25.83157315193818
india,stochastic_cross,none,equal_slot,none,0.25,0.25,4.830232806724499,0.38330143336135614,0.5554793167329144,0.17906100293792565,-26.97534766070185,14.986456981761997,662.0,97.86702365015618,25.83157315193818
india,stochastic_cross,none,equal_slot,0.08,none,none,1.254352837351802,0.15776562810111572,0.2249051442218653,0.032773232288190554,-38.27369928976439,3.7591193992826843,825.0,98.1347612672914,25.83157315193818
india,stochastic_cross,none,equal_slot,0.08,none,0.15,1.6729459839041505,0.18408393446634658,0.26024004921516547,0.04632424834527818,-36.11382901315167,5.034093966963904,842.0,98.1793842034806,25.83157315193818
india,stochastic_cross,none,equal_slot,0.08,none,0.25,1.9763466628160087,0.20373745197412046,0.29136216322098224,0.05363956282112413,-36.844943524366144,5.964664582007062,823.0,98.1347612672914,25.83157315193818
india,stochastic_cross,none,equal_slot,0.08,0.25,none,2.167107774659627,0.21502177968544878,0.303316456787837,0.06292532944876945,-34.43935524285135,6.552540658325623,835.0,98.20615796519411,25.83157315193818
india,stochastic_cross,none,equal_slot,0.08,0.25,0.15,1.4160076374180486,0.1680093591019552,0.23694254781079685,0.03929149576677187,-36.038527161787044,4.250274756699324,841.0,98.20615796519411,25.83157315193818
india,stochastic_cross,none,equal_slot,0.08,0.25,0.25,2.167107774659627,0.21502177968544878,0.303316456787837,0.06292532944876945,-34.43935524285135,6.552540658325623,835.0,98.20615796519411,25.83157315193818
india,stochastic_cross,none,equal_slot,0.15,none,none,-2.377304619783027,-0.060723453618132264,-0.0849369202542812,-0.06049303413243131,-39.29881603522537,-6.874839486805595,679.0,97.99196787148594,25.83157315193818
india,stochastic_cross,none,equal_slot,0.15,none,0.15,-2.6815133670510694,-0.08584744430630399,-0.11957747471907947,-0.06588176850922459,-40.70190323861162,-7.731283620172591,708.0,98.24185631414547,25.83157315193818
india,stochastic_cross,none,equal_slot,0.15,none,0.25,-0.12128102364102888,0.0751110694424612,0.1055000748503798,-0.0035085959290564535,-34.56682561723324,-0.3586037015204768,681.0,97.98304328424811,25.83157315193818
india,stochastic_cross,none,equal_slot,0.15,0.25,none,-0.41960304161752227,0.05517829921942129,0.07756590824666607,-0.011669924941429778,-35.955933197811405,-1.2370563544017887,685.0,97.92057117358321,25.83157315193818
india,stochastic_cross,none,equal_slot,0.15,0.25,0.15,-1.4318309596632717,-0.009800827864016051,-0.013731162076268883,-0.03662101278157422,-39.098617184713525,-4.179460407928981,712.0,98.15261044176708,25.83157315193818
india,stochastic_cross,none,equal_slot,0.15,0.25,0.25,-0.41960304161752227,0.05517829921942129,0.07756590824666607,-0.011669924941429778,-35.955933197811405,-1.2370563544017887,685.0,97.92057117358321,25.83157315193818
india,stochastic_cross,none,equal_slot,0.25,none,none,2.9943337092831257,0.26421443067795314,0.3778769479744017,0.10029720875953102,-29.85460658693137,9.126827987130937,655.0,97.95626952253458,25.83157315193818
india,stochastic_cross,none,equal_slot,0.25,none,0.15,-2.8288119160499003,-0.09386128446243487,-0.1307496822459656,-0.06966697257224921,-40.60477743763355,-8.144094778816823,708.0,98.24185631414547,25.83157315193818
india,stochastic_cross,none,equal_slot,0.25,none,0.25,4.520715276920084,0.359062872771817,0.5191764875058404,0.1708099741791062,-26.466342487586807,13.984322027552999,660.0,97.88487282463187,25.83157315193818
india,stochastic_cross,none,equal_slot,0.25,0.25,none,4.972195015264846,0.39179035593171463,0.5666197091199049,0.18815167183236683,-26.42652582802883,15.448037531830972,661.0,97.85809906291834,25.83157315193818
india,stochastic_cross,none,equal_slot,0.25,0.25,0.15,-1.4324632440418594,-0.009555101772242072,-0.013399700244964393,-0.037070749180869535,-38.64133516840513,-4.181279982802478,712.0,98.15261044176708,25.83157315193818
india,stochastic_cross,none,equal_slot,0.25,0.25,0.25,4.724722535114045,0.3758545800520412,0.5439557748782868,0.1746312038815458,-27.055431275151005,14.64419027377537,662.0,97.86702365015618,25.83157315193818
india,stochastic_cross,bull,equal_slot,none,none,none,-1.3125670905637765,-0.06110389726884971,-0.08328542693312979,-0.050458453816377515,-26.012828203977804,-3.835835962329115,471.0,72.458723784025,25.83157315193818
india,stochastic_cross,bull,equal_slot,none,none,0.15,-4.769533669552595,-0.3499360476593444,-0.4669738389570342,-0.1457898060933455,-32.715138303282906,-13.46935144574668,504.0,72.14636323070057,25.83157315193818
india,stochastic_cross,bull,equal_slot,none,none,0.25,-1.9015085117963348,-0.11275727632793056,-0.15364039708512578,-0.0742057948728433,-25.624798104443187,-5.524794091937723,471.0,72.15528781793842,25.83157315193818
india,stochastic_cross,bull,equal_slot,none,0.25,none,0.39981770012165185,0.09121308995087112,0.1256950713090281,0.017410704892038765,-22.963900807053072,1.1882315535638233,474.0,72.33377956269523,25.83157315193818
india,stochastic_cross,bull,equal_slot,none,0.25,0.15,-3.9928231723967755,-0.2927804077535958,-0.39456038777591523,-0.1277567319415516,-31.253328977008294,-11.363350455592848,507.0,72.1285140562249,25.83157315193818
india,stochastic_cross,bull,equal_slot,none,0.25,0.25,-1.2108907867826035,-0.05430340534510594,-0.0748558700369484,-0.0485932709063449,-24.918898526431477,-3.5422414470845154,474.0,72.06604194556002,25.83157315193818
india,stochastic_cross,bull,equal_slot,0.08,none,none,-3.8751397909932317,-0.30450971311443636,-0.40757300072387825,-0.11826437912365774,-32.76675377411291,-11.041329055060089,578.0,71.42347166443552,25.83157315193818
india,stochastic_cross,bull,equal_slot,0.08,none,0.15,-4.633017851069221,-0.3718568268736263,-0.4902798819534442,-0.14066999436939195,-32.93536672009215,-13.101624558994619,589.0,71.5930388219545,25.83157315193818
india,stochastic_cross,bull,equal_slot,0.08,none,0.25,-3.4669860848580147,-0.267014211756618,-0.3582117170083339,-0.10862122473507439,-31.918127357834013,-9.918481619324204,578.0,71.38777331548415,25.83157315193818
india,stochastic_cross,bull,equal_slot,0.08,0.25,none,-4.722069400073858,-0.3750170859060862,-0.4907529393965611,-0.14425535630460742,-32.73410097925798,-13.341616043042725,585.0,71.56626506024097,25.83157315193818
india,stochastic_cross,bull,equal_slot,0.08,0.25,0.15,-5.197963246275439,-0.4272425351776812,-0.5585310762454456,-0.15382668824968243,-33.79103655822331,-14.616699666416999,590.0,71.69120928157074,25.83157315193818
india,stochastic_cross,bull,equal_slot,0.08,0.25,0.25,-4.722069400073858,-0.3750170859060862,-0.4907529393965611,-0.14425535630460742,-32.73410097925798,-13.341616043042725,585.0,71.56626506024097,25.83157315193818
india,stochastic_cross,bull,equal_slot,0.15,none,none,-5.62817753359387,-0.4157013862540135,-0.5541671837325252,-0.17119531788870096,-32.87576788316671,-15.758644591602033,492.0,72.22668451584114,25.83157315193818
india,stochastic_cross,bull,equal_slot,0.15,none,0.15,-5.032168737580578,-0.3716350827828545,-0.4950874615269514,-0.15159664262087266,-33.1944603164168,-14.173899349313402,504.0,72.14636323070057,25.83157315193818
india,stochastic_cross,bull,equal_slot,0.15,none,0.25,-5.155602346286193,-0.3779301697605979,-0.5051018874917956,-0.1617384398290172,-31.87617211923442,-14.503707345812511,492.0,72.25345827755466,25.83157315193818
india,stochastic_cross,bull,equal_slot,0.15,0.25,none,-5.21909538712001,-0.3910905701879322,-0.5278011779025762,-0.16067403078131443,-32.48250735816459,-14.673029979157626,494.0,72.03926818384649,25.83157315193818
india,stochastic_cross,bull,equal_slot,0.15,0.25,0.15,-4.269134373961803,-0.31631031847277924,-0.42537327325422675,-0.13436544734535522,-31.77256101406028,-12.116395057841745,507.0,72.1285140562249,25.83157315193818
india,stochastic_cross,bull,equal_slot,0.15,0.25,0.25,-5.21909538712001,-0.3910905701879322,-0.5278011779025762,-0.16067403078131443,-32.48250735816459,-14.673029979157626,494.0,72.03926818384649,25.83157315193818
india,stochastic_cross,bull,equal_slot,0.25,none,none,-2.539959409429815,-0.16698742567948216,-0.2267613533018405,-0.09455346703414527,-26.862678747809234,-7.333416135608617,471.0,72.22668451584114,25.83157315193818
india,stochastic_cross,bull,equal_slot,0.25,none,0.15,-5.552855762671493,-0.41016584304191045,-0.544597436540129,-0.16445819341928322,-33.76454311713486,-15.559448177379087,504.0,72.14636323070057,25.83157315193818
india,stochastic_cross,bull,equal_slot,0.25,none,0.25,-2.021705207721558,-0.12242992309369206,-0.1664713670705254,-0.07865856614665966,-25.702289105449356,-5.867060799924406,471.0,72.15528781793842,25.83157315193818
india,stochastic_cross,bull,equal_slot,0.25,0.25,none,-1.286926485955353,-0.060432820589127564,-0.08314514430555837,-0.05168849591068045,-24.897735236467465,-3.761853539474458,474.0,72.06604194556002,25.83157315193818
india,stochastic_cross,bull,equal_slot,0.25,0.25,0.15,-4.602816748404914,-0.34132531380770087,-0.45778347497204,-0.14402390857321748,-31.958699038257105,-13.02013358631765,507.0,72.1285140562249,25.83157315193818
india,stochastic_cross,bull,equal_slot,0.25,0.25,0.25,-1.3294428766213229,-0.0642624467926271,-0.08838522669890769,-0.053191126788598775,-24.993696446872068,-3.8845081550711424,474.0,72.06604194556002,25.83157315193818
india,stochastic_cross,"bull,pullback",equal_slot,none,none,none,0.41615052916057493,0.09594985911526867,0.12925075891880544,0.015290698060337985,-27.215927455922596,1.2369693658497383,534.0,79.94645247657296,25.83157315193818
india,stochastic_cross,"bull,pullback",equal_slot,none,none,0.15,-4.160361649814536,-0.27447901547742964,-0.36248009199619735,-0.12395103872288482,-33.56455655943138,-11.820459094667646,567.0,79.41990182954038,25.83157315193818
india,stochastic_cross,"bull,pullback",equal_slot,none,none,0.25,-0.40623796748632257,0.029857708227969054,0.04004464171247438,-0.015188555917503208,-26.746319379723005,-1.197811116896652,534.0,79.67871485943775,25.83157315193818
india,stochastic_cross,"bull,pullback",equal_slot,none,0.25,none,1.0394984213516034,0.14576550704990054,0.19707136466861686,0.039137786727909754,-26.559969488778506,3.1087028794047455,537.0,79.77688531905399,25.83157315193818
india,stochastic_cross,"bull,pullback",equal_slot,none,0.25,0.15,-3.2449552339321897,-0.20704350617203787,-0.27560590145458747,-0.10194061022265787,-31.831820771374474,-9.303743506711182,570.0,79.35742971887551,25.83157315193818
india,stochastic_cross,"bull,pullback",equal_slot,none,0.25,0.25,-0.2175589165876901,0.04423407465479843,0.059511660574134685,-0.008011168483374183,-27.156951827838427,-0.6426710429838001,538.0,79.82150825524319,25.83157315193818
india,stochastic_cross,"bull,pullback",equal_slot,0.08,none,none,-4.253529084083341,-0.2893661804747479,-0.38529828398853944,-0.11438001454189753,-37.18769490561017,-12.073978502842419,662.0,79.50914770191879,25.83157315193818
india,stochastic_cross,"bull,pullback",equal_slot,0.08,none,0.15,-3.729470473547414,-0.24655266810739782,-0.32519682860906046,-0.10725330978173102,-34.772544373103095,-10.641656939138745,673.0,79.55377063810798,25.83157315193818
india,stochastic_cross,"bull,pullback",equal_slot,0.08,none,0.25,-4.09657465814095,-0.2764412477041316,-0.36872347285728496,-0.11113290341634255,-36.86194216301319,-11.64660842977886,662.0,79.6697902721999,25.83157315193818
india,stochastic_cross,"bull,pullback",equal_slot,0.08,0.25,none,-4.287244610098318,-0.2876983168264145,-0.37756530419299095,-0.12057085755514566,-35.557884359721456,-12.165603287993843,670.0,79.67871485943775,25.83157315193818
india,stochastic_cross,"bull,pullback",equal_slot,0.08,0.25,0.15,-4.065129687980951,-0.27555264940985297,-0.36178357438412534,-0.11564113718857921,-35.15297226238644,-11.560822088894728,674.0,79.68763944667559,25.83157315193818
india,stochastic_cross,"bull,pullback",equal_slot,0.08,0.25,0.25,-4.287244610098318,-0.2876983168264145,-0.37756530419299095,-0.12057085755514566,-35.557884359721456,-12.165603287993843,670.0,79.67871485943775,25.83157315193818
india,stochastic_cross,"bull,pullback",equal_slot,0.15,none,none,-4.839977349957058,-0.309524705969654,-0.4081878132042616,-0.1404855855171048,-34.451771917680254,-13.658698891796561,554.0,79.78580990629183,25.83157315193818
india,stochastic_cross,"bull,pullback",equal_slot,0.15,none,0.15,-4.757475547846846,-0.3215869846250563,-0.42291152819352656,-0.13755836667851146,-34.58514129471726,-13.436912562412473,567.0,79.41990182954038,25.83157315193818
india,stochastic_cross,"bull,pullback",equal_slot,0.15,none,0.25,-4.871286854714219,-0.3107107296428199,-0.4092555390406723,-0.14111920175606732,-34.51895131276691,-13.742768393440752,554.0,79.82150825524319,25.83157315193818
india,stochastic_cross,"bull,pullback",equal_slot,0.15,0.25,none,-3.0625333033695967,-0.17920768670605122,-0.23827809462980495,-0.09818101268153936,-31.192724741017408,-8.796597053036948,558.0,79.65194109772422,25.83157315193818
india,stochastic_cross,"bull,pullback",equal_slot,0.15,0.25,0.15,-3.777861714684283,-0.24919913118102835,-0.3306901264547402,-0.11490182287258581,-32.87904073439757,-10.774559333557686,570.0,79.35742971887551,25.83157315193818
india,stochastic_cross,"bull,pullback",equal_slot,0.15,0.25,0.25,-3.0625333033695967,-0.17920768670605122,-0.23827809462980495,-0.09818101268153936,-31.192724741017408,-8.796597053036948,558.0,79.65194109772422,25.83157315193818
india,stochastic_cross,"bull,pullback",equal_slot,0.25,none,none,-1.1116231298559875,-0.02504924710055552,-0.033475939277562934,-0.0396606443730933,-28.02836785501494,-3.2550299500644364,534.0,79.75903614457832,25.83157315193818
india,stochastic_cross,"bull,pullback",equal_slot,0.25,none,0.15,-5.091070194302505,-0.3448549729088304,-0.45255010211737307,-0.1466565908566271,-34.71422705631815,-14.331385779882389,567.0,79.41990182954038,25.83157315193818
india,stochastic_cross,"bull,pullback",equal_slot,0.25,none,0.25,-0.5271978754046502,0.020594695434703415,0.027576801353329624,-0.019651964746539335,-26.8267260909619,-1.5526221014400265,534.0,79.67871485943775,25.83157315193818
india,stochastic_cross,"bull,pullback",equal_slot,0.25,0.25,none,-0.3908464700411951,0.030716879357007752,0.04124780444582139,-0.014288158248995354,-27.354573152818823,-1.1526026922737964,538.0,79.83935742971887,25.83157315193818
india,stochastic_cross,"bull,pullback",equal_slot,0.25,0.25,0.15,-3.8585755500878838,-0.2537698770484794,-0.3366559419093233,-0.11855869918072823,-32.54569742036354,-10.995941609597326,570.0,79.35742971887551,25.83157315193818
india,stochastic_cross,"bull,pullback",equal_slot,0.25,0.25,0.25,-0.3380700578690332,0.03485886462627918,0.04682150184978031,-0.012411933192031144,-27.237502219725524,-0.9974820275271301,538.0,79.82150825524319,25.83157315193818
india,connors_rsi2,none,equal_slot,none,none,none,-7.315310180782575,-0.3248830509509923,-0.48741232525228706,-0.15827521559215094,-46.21892412791223,-20.13928229312254,2621.0,87.51673360107095,25.83157315193818
india,connors_rsi2,none,equal_slot,none,none,0.15,-8.802577995553328,-0.40850921704007326,-0.605660161229925,-0.18092179089186408,-48.654050748450636,-23.87353230346324,2743.0,87.34270414993306,25.83157315193818
india,connors_rsi2,none,equal_slot,none,none,0.25,-7.454669298724436,-0.3306507497657608,-0.4946315567715208,-0.15897641325073827,-46.89166868400095,-20.494225344490722,2637.0,87.54350736278447,25.83157315193818
india,connors_rsi2,none,equal_slot,none,0.25,none,-7.2501147450768855,-0.3211753557534945,-0.481675675087329,-0.15739156036553328,-46.06419002543014,-19.972872041497347,2621.0,87.51673360107095,25.83157315193818
india,connors_rsi2,none,equal_slot,none,0.25,0.15,-8.7441802090655,-0.40517893238933017,-0.600348601063924,-0.18016817262735554,-48.53343452148574,-23.729134581986177,2743.0,87.34270414993306,25.83157315193818
india,connors_rsi2,none,equal_slot,none,0.25,0.25,-7.402665057087566,-0.3277350341425788,-0.49003091396645354,-0.1583136778762883,-46.75947875377047,-20.36189470986628,2637.0,87.54350736278447,25.83157315193818
india,connors_rsi2,none,equal_slot,0.08,none,none,-12.79587796845899,-0.7320888870927214,-1.0241876618737649,-0.25299560953341454,-50.57747046305548,-33.32382400594981,3046.0,87.53681392235609,25.83157315193818
india,connors_rsi2,none,equal_slot,0.08,none,0.15,-12.994090898616994,-0.7451533534580483,-1.0423450347419674,-0.25515519052518354,-50.926226003364384,-33.771471347582136,3045.0,87.53681392235609,25.83157315193818
india,connors_rsi2,none,equal_slot,0.08,none,0.25,-12.79587796845899,-0.7320888870927214,-1.0241876618737649,-0.25299560953341454,-50.57747046305548,-33.32382400594981,3046.0,87.53681392235609,25.83157315193818
india,connors_rsi2,none,equal_slot,0.08,0.25,none,-12.75403625105872,-0.7296929518109886,-1.020320816923691,-0.2526120460823774,-50.488630486368805,-33.22907259450771,3046.0,87.53681392235609,25.83157315193818
india,connors_rsi2,none,equal_slot,0.08,0.25,0.15,-12.945675685536939,-0.742343927000236,-1.0379299272367517,-0.2547044466788591,-50.826264929168396,-33.66231390768585,3045.0,87.53681392235609,25.83157315193818
india,connors_rsi2,none,equal_slot,0.08,0.25,0.25,-12.75403625105872,-0.7296929518109886,-1.020320816923691,-0.2526120460823774,-50.488630486368805,-33.22907259450771,3046.0,87.53681392235609,25.83157315193818
india,connors_rsi2,none,equal_slot,0.15,none,none,-8.245540186141264,-0.37149827334339236,-0.5531520426766906,-0.17313889984800884,-47.6238453252254,-22.48877572889265,2718.0,87.42302543507363,25.83157315193818
india,connors_rsi2,none,equal_slot,0.15,none,0.15,-9.144404411973827,-0.4264183210896401,-0.6324471256759379,-0.1857303722552259,-49.234835966450454,-24.715122142945834,2743.0,87.34270414993306,25.83157315193818
india,connors_rsi2,none,equal_slot,0.15,none,0.25,-8.245540186141264,-0.37149827334339236,-0.5531520426766906,-0.17313889984800884,-47.6238453252254,-22.48877572889265,2718.0,87.42302543507363,25.83157315193818
india,connors_rsi2,none,equal_slot,0.15,0.25,none,-8.152464814946025,-0.3664209228376033,-0.5452720767474359,-0.17181887788745906,-47.448015696423475,-22.25578308553623,2718.0,87.42302543507363,25.83157315193818
india,connors_rsi2,none,equal_slot,0.15,0.25,0.15,-9.086076864708236,-0.42308700070991867,-0.6270598615355986,-0.18502094588396847,-49.108368900061485,-24.571955672435454,2743.0,87.34270414993306,25.83157315193818
india,connors_rsi2,none,equal_slot,0.15,0.25,0.25,-8.152464814946025,-0.3664209228376033,-0.5452720767474359,-0.17181887788745906,-47.448015696423475,-22.25578308553623,2718.0,87.42302543507363,25.83157315193818
india,connors_rsi2,none,equal_slot,0.25,none,none,-7.256209943069313,-0.3200454305445102,-0.47963764110401563,-0.15723912786540267,-46.147609959275904,-19.988439652816936,2634.0,87.51004016064257,25.83157315193818
india,connors_rsi2,none,equal_slot,0.25,none,0.15,-9.211041188691294,-0.4300452688474863,-0.6386609124219638,-0.18699472775097672,-49.258293533054875,-24.87846347488013,2743.0,87.34270414993306,25.83157315193818
india,connors_rsi2,none,equal_slot,0.25,none,0.25,-7.515818835635358,-0.3338796611398741,-0.49952030180902357,-0.15992253271072127,-46.99662210346856,-20.649640841612726,2637.0,87.54350736278447,25.83157315193818
india,connors_rsi2,none,equal_slot,0.25,0.25,none,-7.199473188236816,-0.3168627494704051,-0.4746506807598815,-0.15650049624456872,-46.00287769686015,-19.843451985289196,2634.0,87.51004016064257,25.83157315193818
india,connors_rsi2,none,equal_slot,0.25,0.25,0.15,-9.163703708447834,-0.42737798237499147,-0.6342449929570352,-0.18645156764913995,-49.147903790714544,-24.762453113536353,2743.0,87.34270414993306,25.83157315193818
india,connors_rsi2,none,equal_slot,0.25,0.25,0.25,-7.4575735519999515,-0.3306350819430076,-0.4944337614703923,-0.1591796319694983,-46.85004896498918,-20.501611247115335,2637.0,87.54350736278447,25.83157315193818
india,connors_rsi2,bull,equal_slot,none,none,none,-10.065357847331402,-0.8170589441685866,-1.076676720221401,-0.2753321140729297,-36.55715164655766,-26.951832422904552,1911.0,64.27710843373494,25.83157315193818
india,connors_rsi2,bull,equal_slot,none,none,0.15,-10.380337224734449,-0.8504573140493624,-1.1192042834290472,-0.2732838289769985,-37.98372287007195,-27.70659607631808,1973.0,63.84872824631861,25.83157315193818
india,connors_rsi2,bull,equal_slot,none,none,0.25,-9.946022457305926,-0.800448107567213,-1.0546246110562487,-0.27013399100640295,-36.818848380580796,-26.664519891831763,1921.0,64.2235609103079,25.83157315193818
india,connors_rsi2,bull,equal_slot,none,0.25,none,-9.994456307029953,-0.8106237386958702,-1.0678463401388765,-0.2746509201208672,-36.389669849391495,-26.781219541652057,1911.0,64.27710843373494,25.83157315193818
india,connors_rsi2,bull,equal_slot,none,0.25,0.15,-10.311193946986219,-0.8441081190348537,-1.1104654179358795,-0.272609595171389,-37.82403161746232,-27.54135729093359,1973.0,63.84872824631861,25.83157315193818
india,connors_rsi2,bull,equal_slot,none,0.25,0.25,-9.87200213861954,-0.7939123859147461,-1.0456973890680357,-0.2693890777531641,-36.645888619378475,-26.485932696837246,1921.0,64.2235609103079,25.83157315193818
india,connors_rsi2,bull,equal_slot,0.08,none,none,-12.097112978904988,-1.0133960475626116,-1.3456102938797538,-0.31476844143338495,-38.431784723454,-31.72974664008811,2151.0,63.24631860776439,25.83157315193818
india,connors_rsi2,bull,equal_slot,0.08,none,0.15,-12.217473047661398,-1.0251359480706326,-1.3603074974594087,-0.3158519701919802,-38.68100946223451,-32.00610085928511,2153.0,63.29986613119143,25.83157315193818
india,connors_rsi2,bull,equal_slot,0.08,none,0.25,-12.097112978904988,-1.0133960475626116,-1.3456102938797538,-0.31476844143338495,-38.431784723454,-31.72974664008811,2151.0,63.24631860776439,25.83157315193818
india,connors_rsi2,bull,equal_slot,0.08,0.25,none,-12.069838730012428,-1.0120267244619012,-1.3426100533305925,-0.31467506299888454,-38.35651486007715,-31.667020071176378,2151.0,63.24631860776439,25.83157315193818
india,connors_rsi2,bull,equal_slot,0.08,0.25,0.15,-12.190609189007517,-1.0235577456455063,-1.3569333121253404,-0.3157631300827658,-38.606816400040735,-31.944484105983328,2153.0,63.29986613119143,25.83157315193818
india,connors_rsi2,bull,equal_slot,0.08,0.25,0.25,-12.069838730012428,-1.0120267244619012,-1.3426100533305925,-0.31467506299888454,-38.35651486007715,-31.667020071176378,2151.0,63.24631860776439,25.83157315193818
india,connors_rsi2,bull,equal_slot,0.15,none,none,-10.320052845745565,-0.8518679151892431,-1.1193968556165008,-0.27741564601556723,-37.20068782698166,-27.56254226470659,1958.0,63.9223560910308,25.83157315193818
india,connors_rsi2,bull,equal_slot,0.15,none,0.15,-10.610007447983039,-0.869094501061001,-1.1418672082928825,-0.2764379573477252,-38.381152681709864,-28.25367121568333,1973.0,63.84872824631861,25.83157315193818
india,connors_rsi2,bull,equal_slot,0.15,none,0.25,-10.320052845745565,-0.8518679151892431,-1.1193968556165008,-0.27741564601556723,-37.20068782698166,-27.56254226470659,1958.0,63.9223560910308,25.83157315193818
india,connors_rsi2,bull,equal_slot,0.15,0.25,none,-10.250336626125044,-0.8455734122115004,-1.1107539876804615,-0.27675754724695917,-37.03724334924228,-27.3957135339548,1958.0,63.9223560910308,25.83157315193818
india,connors_rsi2,bull,equal_slot,0.15,0.25,0.15,-10.540152374074097,-0.8626701023178159,-1.1330467487100442,-0.27577116852534117,-38.22064659781699,-28.08756739082916,1973.0,63.84872824631861,25.83157315193818
india,connors_rsi2,bull,equal_slot,0.15,0.25,0.25,-10.250336626125044,-0.8455734122115004,-1.1107539876804615,-0.27675754724695917,-37.03724334924228,-27.3957135339548,1958.0,63.9223560910308,25.83157315193818
india,connors_rsi2,bull,equal_slot,0.25,none,none,-9.924821218659686,-0.8016760201769341,-1.0566293629880341,-0.2724070028706189,-36.43379617290356,-26.613397522496275,1920.0,64.24364123159305,25.83157315193818
india,connors_rsi2,bull,equal_slot,0.25,none,0.15,-10.63751890272865,-0.8702704007510335,-1.144393649510612,-0.27776082829877685,-38.29740488563878,-28.319019111411425,1973.0,63.84872824631861,25.83157315193818
india,connors_rsi2,bull,equal_slot,0.25,none,0.25,-9.998411840177868,-0.80466242343128,-1.0600786130524273,-0.2710384234139483,-36.889278332716735,-26.790744823577217,1921.0,64.2235609103079,25.83157315193818
india,connors_rsi2,bull,equal_slot,0.25,0.25,none,-9.855827735467592,-0.7953565364162202,-1.0479690855621933,-0.2717328413389165,-36.27028550139435,-26.44687076944543,1920.0,64.24364123159305,25.83157315193818
india,connors_rsi2,bull,equal_slot,0.25,0.25,0.15,-10.56446137626561,-0.8636850158167932,-1.1353953087778892,-0.27706401422507204,-38.13003794741675,-28.14539903909229,1973.0,63.84872824631861,25.83157315193818
india,connors_rsi2,bull,equal_slot,0.25,0.25,0.25,-9.924065747555243,-0.7981002625909778,-1.0511158570219534,-0.27029467075072333,-36.71572850471632,-26.611575426037803,1921.0,64.2235609103079,25.83157315193818
india,connors_rsi2,"bull,pullback",equal_slot,none,none,none,-11.788587740503987,-0.8747318390254953,-1.1532478339891996,-0.2918463880159174,-40.39312537204001,-31.017958858957606,2069.0,70.18741633199464,25.83157315193818
india,connors_rsi2,"bull,pullback",equal_slot,none,none,0.15,-12.167607069140097,-0.9076796046355163,-1.2045799119095717,-0.29242620519005186,-41.609154218009294,-31.891695521243612,2146.0,69.76572958500668,25.83157315193818
india,connors_rsi2,"bull,pullback",equal_slot,none,none,0.25,-12.00989631723367,-0.8862640094414295,-1.1656682495830417,-0.2903506922748558,-41.363415472296154,-31.52902767689826,2079.0,70.12048192771084,25.83157315193818
india,connors_rsi2,"bull,pullback",equal_slot,none,0.25,none,-11.704820866522569,-0.8676068765422643,-1.1437540499192709,-0.2911192441546859,-40.20627664278775,-30.82385863991649,2069.0,70.18741633199464,25.83157315193818
india,connors_rsi2,"bull,pullback",equal_slot,none,0.25,0.15,-12.10218508142904,-0.9022605200332449,-1.1969949472735746,-0.2918767639394117,-41.463338561411604,-31.741407487795982,2146.0,69.76572958500668,25.83157315193818
india,connors_rsi2,"bull,pullback",equal_slot,none,0.25,0.25,-11.936662701699952,-0.880184873414711,-1.1574025755151727,-0.28972331232599896,-41.200214804491544,-31.360187551233164,2079.0,70.12048192771084,25.83157315193818
india,connors_rsi2,"bull,pullback",equal_slot,0.08,none,none,-14.615249012538257,-1.1420674043663022,-1.5107657092423241,-0.3356368994672744,-43.54482190645814,-37.358239906433035,2372.0,69.71218206157965,25.83157315193818
india,connors_rsi2,"bull,pullback",equal_slot,0.08,none,0.15,-14.92074725069572,-1.1708091343894453,-1.5475018308684523,-0.3380240909449631,-44.141076480626076,-38.01940006289705,2371.0,69.71218206157965,25.83157315193818
india,connors_rsi2,"bull,pullback",equal_slot,0.08,none,0.25,-14.615249012538257,-1.1420674043663022,-1.5107657092423241,-0.3356368994672744,-43.54482190645814,-37.358239906433035,2372.0,69.71218206157965,25.83157315193818
india,connors_rsi2,"bull,pullback",equal_slot,0.08,0.25,none,-14.589983241837267,-1.1404521854773637,-1.5076728123157408,-0.3355702808118266,-43.4781745467463,-37.303351524720455,2372.0,69.71218206157965,25.83157315193818
india,connors_rsi2,"bull,pullback",equal_slot,0.08,0.25,0.15,-14.882142553946876,-1.1678074817038957,-1.542663300031664,-0.3378543657527928,-44.04898696746781,-37.9361079887612,2371.0,69.71218206157965,25.83157315193818
india,connors_rsi2,"bull,pullback",equal_slot,0.08,0.25,0.25,-14.589983241837267,-1.1404521854773637,-1.5076728123157408,-0.3355702808118266,-43.4781745467463,-37.303351524720455,2372.0,69.71218206157965,25.83157315193818
india,connors_rsi2,"bull,pullback",equal_slot,0.15,none,none,-12.400702763996064,-0.9334105557828862,-1.2336137691163371,-0.30032978489066864,-41.290286171617595,-32.425383832268274,2128.0,69.87951807228916,25.83157315193818
india,connors_rsi2,"bull,pullback",equal_slot,0.15,none,0.15,-12.408766059180588,-0.9254121000321481,-1.226228743102567,-0.2953403943455221,-42.01513337408031,-32.443795563556975,2146.0,69.76572958500668,25.83157315193818
india,connors_rsi2,"bull,pullback",equal_slot,0.15,none,0.25,-12.400702763996064,-0.9334105557828862,-1.2336137691163371,-0.30032978489066864,-41.290286171617595,-32.425383832268274,2128.0,69.87951807228916,25.83157315193818
india,connors_rsi2,"bull,pullback",equal_slot,0.15,0.25,none,-12.328756201280743,-0.9274470502825833,-1.2254604853580833,-0.29975003710012266,-41.13012402117797,-32.260953903538294,2128.0,69.87951807228916,25.83157315193818
india,connors_rsi2,"bull,pullback",equal_slot,0.15,0.25,0.15,-12.342415173779509,-0.9199030738025078,-1.218527779590752,-0.2947925799938658,-41.86813377065439,-32.292191089614064,2146.0,69.76572958500668,25.83157315193818
india,connors_rsi2,"bull,pullback",equal_slot,0.15,0.25,0.25,-12.328756201280743,-0.9274470502825833,-1.2254604853580833,-0.29975003710012266,-41.13012402117797,-32.260953903538294,2128.0,69.87951807228916,25.83157315193818
india,connors_rsi2,"bull,pullback",equal_slot,0.25,none,none,-11.810891535020861,-0.8711767587006956,-1.1487348265315271,-0.2905675709297426,-40.64765898420461,-31.069579176602247,2078.0,70.12048192771084,25.83157315193818
india,connors_rsi2,"bull,pullback",equal_slot,0.25,none,0.15,-12.408232682440435,-0.9245491520549023,-1.2262683050490988,-0.2962640554540435,-41.88234263999401,-32.44257775352217,2146.0,69.76572958500668,25.83157315193818
india,connors_rsi2,"bull,pullback",equal_slot,0.25,none,0.25,-12.060637265436757,-0.8900284636445323,-1.1704890786898774,-0.29111933889262803,-41.42849908670965,-31.645849514394044,2079.0,70.12048192771084,25.83157315193818
india,connors_rsi2,"bull,pullback",equal_slot,0.25,0.25,none,-11.737374002076129,-0.8650201311264665,-1.1403818585795067,-0.28993953181973686,-40.48214442649223,-30.899331968479526,2078.0,70.12048192771084,25.83157315193818
india,connors_rsi2,"bull,pullback",equal_slot,0.25,0.25,0.15,-12.34339387709522,-0.9188865896413849,-1.2183444501706326,-0.29573553723460144,-41.73794597875277,-32.294428954453295,2146.0,69.76572958500668,25.83157315193818
india,connors_rsi2,"bull,pullback",equal_slot,0.25,0.25,0.25,-11.986781991873308,-0.8838960058628215,-1.162157769007139,-0.29048906871006763,-41.264141349969755,-31.475767329880355,2079.0,70.12048192771084,25.83157315193818
india,connors_rsi2_bull,none,equal_slot,none,none,none,6.637989043485026,0.3499328277829712,0.8830405602912242,0.21475716981542267,-30.909277902992383,20.95622467262679,2237.0,72.43641231593038,25.83157315193818
india,connors_rsi2_bull,none,equal_slot,none,none,0.15,3.862588118546695,0.25070828233941983,0.6748052994027931,0.10284536250537722,-37.55724151728029,11.872741499590944,2308.0,71.8206157965194,25.83157315193818
india,connors_rsi2_bull,none,equal_slot,none,none,0.25,6.218755308816837,0.33422469934404486,0.8471177372342134,0.19558549859040095,-31.79558481398602,19.55394005710327,2241.0,72.30254350736278,25.83157315193818
india,connors_rsi2_bull,none,equal_slot,none,0.25,none,6.59454243696278,0.3482725917046799,0.8792537204945147,0.2133582285676523,-30.908310784328442,20.810397994914332,2237.0,72.43641231593038,25.83157315193818
india,connors_rsi2_bull,none,equal_slot,none,0.25,0.15,3.8013326362682953,0.2486825486799235,0.6702196196048871,0.10112797556120312,-37.58932793001192,11.677533634504545,2308.0,71.8206157965194,25.83157315193818
india,connors_rsi2_bull,none,equal_slot,none,0.25,0.25,6.173746061445051,0.33253123637054854,0.8431891485175372,0.19410263530178382,-31.806606086755764,19.40403291211903,2241.0,72.30254350736278,25.83157315193818
india,connors_rsi2_bull,none,equal_slot,0.08,none,none,-1.2482335115197807,0.06192689751572707,0.1447255182448162,-0.029730895521869683,-41.984389962340536,-3.65013896842995,2557.0,71.19143239625167,25.83157315193818
india,connors_rsi2_bull,none,equal_slot,0.08,none,0.15,-1.1627628945401924,0.0655701910483154,0.1535853415763612,-0.027761731730399777,-41.883658621588744,-3.4030634478897315,2559.0,71.19812583668005,25.83157315193818
india,connors_rsi2_bull,none,equal_slot,0.08,none,0.25,-1.2482335115197807,0.06192689751572707,0.1447255182448162,-0.029730895521869683,-41.984389962340536,-3.65013896842995,2557.0,71.19143239625167,25.83157315193818
india,connors_rsi2_bull,none,equal_slot,0.08,0.25,none,-1.3673973551910246,0.0568386099856652,0.13233198493932416,-0.032549633169640504,-42.009608773914394,-3.9939147186209722,2557.0,71.19143239625167,25.83157315193818
india,connors_rsi2_bull,none,equal_slot,0.08,0.25,0.15,-1.2818290652522824,0.06051074198509926,0.14120084030023117,-0.03058615476413728,-41.9088007347444,-3.7471411463114834,2559.0,71.19812583668005,25.83157315193818
india,connors_rsi2_bull,none,equal_slot,0.08,0.25,0.25,-1.3673973551910246,0.0568386099856652,0.13233198493932416,-0.032549633169640504,-42.009608773914394,-3.9939147186209722,2557.0,71.19143239625167,25.83157315193818
india,connors_rsi2_bull,none,equal_slot,0.15,none,none,4.508295085743441,0.27248265586742554,0.7217568071316306,0.12554846421575255,-35.908803137536,13.944229934427742,2292.0,71.8875502008032,25.83157315193818
india,connors_rsi2_bull,none,equal_slot,0.15,none,0.15,3.559898763608982,0.24086748276125472,0.6486716702100396,0.09311517906849764,-38.23113265980232,10.91033311575471,2308.0,71.8206157965194,25.83157315193818
india,connors_rsi2_bull,none,equal_slot,0.15,none,0.25,4.508295085743441,0.27248265586742554,0.7217568071316306,0.12554846421575255,-35.908803137536,13.944229934427742,2292.0,71.8875502008032,25.83157315193818
india,connors_rsi2_bull,none,equal_slot,0.15,0.25,none,4.438157349720107,0.2700703992272894,0.7164523106897079,0.1234837411094659,-35.94122845521636,13.718002176767241,2292.0,71.8875502008032,25.83157315193818
india,connors_rsi2_bull,none,equal_slot,0.15,0.25,0.15,3.502992790180781,0.2390215298357665,0.6444895792802128,0.09158058064422266,-38.250388516200864,10.730013652884596,2308.0,71.8206157965194,25.83157315193818
india,connors_rsi2_bull,none,equal_slot,0.15,0.25,0.25,4.438157349720107,0.2700703992272894,0.7164523106897079,0.1234837411094659,-35.94122845521636,13.718002176767241,2292.0,71.8875502008032,25.83157315193818
india,connors_rsi2_bull,none,equal_slot,0.25,none,none,6.40956553526757,0.3414639179228863,0.8679224136660049,0.20384104850576523,-31.443939197979,20.190833926011198,2240.0,72.33601070950468,25.83157315193818
india,connors_rsi2_bull,none,equal_slot,0.25,none,0.15,3.5995690920948453,0.2420871563578864,0.6551060173004171,0.0946892496482999,-38.01454869971582,11.036152492041996,2308.0,71.8206157965194,25.83157315193818
india,connors_rsi2_bull,none,equal_slot,0.25,none,0.25,6.180614202668733,0.3327881284384763,0.8439763470646824,0.1938838140109462,-31.877927686731965,19.426899791136563,2241.0,72.30254350736278,25.83157315193818
india,connors_rsi2_bull,none,equal_slot,0.25,0.25,none,6.363821935967251,0.33972727883620063,0.8639913518447064,0.20234463470156971,-31.450411054155236,20.037944906935003,2240.0,72.33601070950468,25.83157315193818
india,connors_rsi2_bull,none,equal_slot,0.25,0.25,0.15,3.535510723322499,0.24000231887131004,0.6503686699114425,0.09291425973018436,-38.05132531421271,10.833030296481061,2308.0,71.8206157965194,25.83157315193818
india,connors_rsi2_bull,none,equal_slot,0.25,0.25,0.25,6.135573235981306,0.33109693748387553,0.8400489267323987,0.19240333388694117,-31.889121212352034,19.27699264615228,2241.0,72.30254350736278,25.83157315193818
india,connors_rsi2_bull,bull,equal_slot,none,none,none,-3.066943761408436,-0.2260422325080939,-0.30382452937636534,-0.14985412762242417,-20.466194759319386,-8.808880549087593,1702.0,55.39491298527442,25.83157315193818
india,connors_rsi2_bull,bull,equal_slot,none,none,0.15,-4.150577333772221,-0.322978352919094,-0.4329217718198328,-0.18456963183624306,-22.487867004333438,-11.793806783006456,1736.0,55.00000000000001,25.83157315193818
india,connors_rsi2_bull,bull,equal_slot,none,none,0.25,-3.398548412776514,-0.2570291376980418,-0.3441203038969158,-0.16544895298858558,-20.541371531139166,-9.729292960855329,1701.0,55.34136546184739,25.83157315193818
india,connors_rsi2_bull,bull,equal_slot,none,0.25,none,-3.146913174630528,-0.23331587852844268,-0.31327648692918897,-0.15348369601382716,-20.5032407764472,-9.031412105546455,1702.0,55.39491298527442,25.83157315193818
india,connors_rsi2_bull,bull,equal_slot,none,0.25,0.15,-4.224356966179488,-0.32964986474288366,-0.4414166181513077,-0.18766639511719518,-22.50992759540904,-11.994649757965725,1736.0,55.00000000000001,25.83157315193818
india,connors_rsi2_bull,bull,equal_slot,none,0.25,0.25,-3.486893836647087,-0.26506945879225424,-0.3545313144418506,-0.16928339769053932,-20.59796698446086,-9.973465140220073,1701.0,55.34136546184739,25.83157315193818
india,connors_rsi2_bull,bull,equal_slot,0.08,none,none,-5.623729738109374,-0.4705254150368083,-0.6364778235085096,-0.21226675782301946,-26.493690278146335,-15.746890578719642,1901.0,54.2570281124498,25.83157315193818
india,connors_rsi2_bull,bull,equal_slot,0.08,none,0.15,-5.625158063276392,-0.4707977292328822,-0.6370832813912628,-0.21229423596329358,-26.496989132804348,-15.750665275411635,1903.0,54.263721552878174,25.83157315193818
india,connors_rsi2_bull,bull,equal_slot,0.08,none,0.25,-5.623729738109374,-0.4705254150368083,-0.6364778235085096,-0.21226675782301946,-26.493690278146335,-15.746890578719642,1901.0,54.2570281124498,25.83157315193818
india,connors_rsi2_bull,bull,equal_slot,0.08,0.25,none,-5.701526206879526,-0.47806037953731095,-0.6458721436963765,-0.2149280478388552,-26.52760430390319,-15.952323647753829,1901.0,54.2570281124498,25.83157315193818
india,connors_rsi2_bull,bull,equal_slot,0.08,0.25,0.15,-5.702852860688212,-0.4783208425532764,-0.646460911139949,-0.2149532211244999,-26.530669467777578,-15.955823993577267,1903.0,54.263721552878174,25.83157315193818
india,connors_rsi2_bull,bull,equal_slot,0.08,0.25,0.25,-5.701526206879526,-0.47806037953731095,-0.6458721436963765,-0.2149280478388552,-26.52760430390319,-15.952323647753829,1901.0,54.2570281124498,25.83157315193818
india,connors_rsi2_bull,bull,equal_slot,0.15,none,none,-3.956869111541106,-0.31293454068753956,-0.4188798945124332,-0.18079034396066357,-21.88650690549072,-11.265050058659709,1727.0,55.08032128514056,25.83157315193818
india,connors_rsi2_bull,bull,equal_slot,0.15,none,0.15,-4.268088465627818,-0.33320948677610857,-0.4464530290055404,-0.18840603250779323,-22.653672012605394,-12.113552610432254,1736.0,55.00000000000001,25.83157315193818
india,connors_rsi2_bull,bull,equal_slot,0.15,none,0.25,-3.956869111541106,-0.31293454068753956,-0.4188798945124332,-0.18079034396066357,-21.88650690549072,-11.265050058659709,1727.0,55.08032128514056,25.83157315193818
india,connors_rsi2_bull,bull,equal_slot,0.15,0.25,none,-4.0301073943689865,-0.31968651404175363,-0.42747003410094003,-0.18396587707635978,-21.90682021262121,-11.465211396112817,1727.0,55.08032128514056,25.83157315193818
india,connors_rsi2_bull,bull,equal_slot,0.15,0.25,0.15,-4.3391015585179,-0.3396388446629923,-0.45460024884030104,-0.19141081443533822,-22.66905123056002,-12.306405473133708,1736.0,55.00000000000001,25.83157315193818
india,connors_rsi2_bull,bull,equal_slot,0.15,0.25,0.25,-4.0301073943689865,-0.31968651404175363,-0.42747003410094003,-0.18396587707635978,-21.90682021262121,-11.465211396112817,1727.0,55.08032128514056,25.83157315193818
india,connors_rsi2_bull,bull,equal_slot,0.25,none,none,-3.1918681255062475,-0.2375400378045354,-0.31902021236026173,-0.1555936865593985,-20.514123651718602,-9.156350581556815,1702.0,55.37483266398928,25.83157315193818
india,connors_rsi2_bull,bull,equal_slot,0.25,none,0.15,-4.453407718766633,-0.3488731201052027,-0.46687209247001876,-0.1941347394412059,-22.93977745345962,-12.616241981559305,1736.0,55.00000000000001,25.83157315193818
india,connors_rsi2_bull,bull,equal_slot,0.25,none,0.25,-3.4615534786676228,-0.2626289446916997,-0.35152695639756576,-0.16766705545959926,-20.64540030943474,-9.903473360915926,1701.0,55.34136546184739,25.83157315193818
india,connors_rsi2_bull,bull,equal_slot,0.25,0.25,none,-3.2720402075309796,-0.244824724517674,-0.3284665342505301,-0.15921355330527506,-20.551266770971377,-9.378882138015609,1702.0,55.37483266398928,25.83157315193818
india,connors_rsi2_bull,bull,equal_slot,0.25,0.25,0.15,-4.524596318754592,-0.3553477274689239,-0.4750569550594556,-0.19710263602501285,-22.95553428407933,-12.808837889753999,1736.0,55.00000000000001,25.83157315193818
india,connors_rsi2_bull,bull,equal_slot,0.25,0.25,0.25,-3.550703989034676,-0.2707329735062051,-0.36202218242661227,-0.17149903887326753,-20.703929376878524,-10.149553577451798,1701.0,55.34136546184739,25.83157315193818
india,connors_rsi2_bull,"bull,pullback",equal_slot,none,none,none,-5.247744915855779,-0.37566082464430145,-0.493948358364365,-0.19726766387243852,-26.60215472135965,-14.749359505465431,1848.0,60.62918340026774,25.83157315193818
india,connors_rsi2_bull,"bull,pullback",equal_slot,none,none,0.15,-6.680214185746336,-0.49265149231205335,-0.64505372966101,-0.22538665285452886,-29.638907633354588,-18.508423691393084,1892.0,60.08701472556894,25.83157315193818
india,connors_rsi2_bull,"bull,pullback",equal_slot,none,none,0.25,-5.484273173301157,-0.39811011027449106,-0.5216211550371096,-0.20635833547485452,-26.576455759255897,-15.377803170898874,1848.0,60.51539491298528,25.83157315193818
india,connors_rsi2_bull,"bull,pullback",equal_slot,none,0.25,none,-5.330471938938874,-0.38249745604000157,-0.5024915150057585,-0.20002070313212222,-26.64960104363732,-14.969511218960074,1848.0,60.62918340026774,25.83157315193818
india,connors_rsi2_bull,"bull,pullback",equal_slot,none,0.25,0.15,-6.769192826882153,-0.5000610548791928,-0.6541941786986747,-0.22793883971729373,-29.697408459557824,-18.7382274352216,1892.0,60.08701472556894,25.83157315193818
india,connors_rsi2_bull,"bull,pullback",equal_slot,none,0.25,0.25,-5.578981162456187,-0.40602879743132525,-0.5314625686350637,-0.20937258851638624,-26.646187077252264,-15.628574859051502,1848.0,60.51539491298528,25.83157315193818
india,connors_rsi2_bull,"bull,pullback",equal_slot,0.08,none,none,-8.260885387738803,-0.6403906733295278,-0.8442249858971415,-0.24662650719243515,-33.49552925912009,-22.52714443073459,2099.0,59.738955823293175,25.83157315193818
india,connors_rsi2_bull,"bull,pullback",equal_slot,0.08,none,0.15,-8.26650079924438,-0.6410610451217724,-0.8453361672706512,-0.24670806638901874,-33.5072173368237,-22.541181900615804,2101.0,59.745649263721546,25.83157315193818
india,connors_rsi2_bull,"bull,pullback",equal_slot,0.08,none,0.25,-8.260885387738803,-0.6403906733295278,-0.8442249858971415,-0.24662650719243515,-33.49552925912009,-22.52714443073459,2099.0,59.738955823293175,25.83157315193818
india,connors_rsi2_bull,"bull,pullback",equal_slot,0.08,0.25,none,-8.33690207935518,-0.6469084226687071,-0.8519989218181238,-0.24870035659377357,-33.521874248747665,-22.717028922639937,2099.0,59.738955823293175,25.83157315193818
india,connors_rsi2_bull,"bull,pullback",equal_slot,0.08,0.25,0.15,-8.339928707846534,-0.6473486742558073,-0.8528308672700494,-0.24874388065435926,-33.52817639536322,-22.724582846900155,2101.0,59.745649263721546,25.83157315193818
india,connors_rsi2_bull,"bull,pullback",equal_slot,0.08,0.25,0.25,-8.33690207935518,-0.6469084226687071,-0.8519989218181238,-0.24870035659377357,-33.521874248747665,-22.717028922639937,2099.0,59.738955823293175,25.83157315193818
india,connors_rsi2_bull,"bull,pullback",equal_slot,0.15,none,none,-6.203388251558439,-0.46205254286806874,-0.6044528007833306,-0.21935760275611862,-28.279795975229337,-17.269597754585963,1878.0,60.14725568942436,25.83157315193818
india,connors_rsi2_bull,"bull,pullback",equal_slot,0.15,none,0.15,-6.834539043579168,-0.5048540413618345,-0.6606035271135883,-0.22880905259541862,-29.870055253731753,-18.90672250045461,1892.0,60.08701472556894,25.83157315193818
india,connors_rsi2_bull,"bull,pullback",equal_slot,0.15,none,0.25,-6.203388251558439,-0.46205254286806874,-0.6044528007833306,-0.21935760275611862,-28.279795975229337,-17.269597754585963,1878.0,60.14725568942436,25.83157315193818
india,connors_rsi2_bull,"bull,pullback",equal_slot,0.15,0.25,none,-6.281549339827686,-0.46872239703348983,-0.6126293953003895,-0.22183377080115643,-28.31647010796311,-17.47351412893896,1878.0,60.14725568942436,25.83157315193818
india,connors_rsi2_bull,"bull,pullback",equal_slot,0.15,0.25,0.15,-6.927790691126301,-0.5126254571869033,-0.6701807407812094,-0.23140466532417764,-29.93799058208733,-19.146770766231203,1892.0,60.08701472556894,25.83157315193818
india,connors_rsi2_bull,"bull,pullback",equal_slot,0.15,0.25,0.25,-6.281549339827686,-0.46872239703348983,-0.6126293953003895,-0.22183377080115643,-28.31647010796311,-17.47351412893896,1878.0,60.14725568942436,25.83157315193818
india,connors_rsi2_bull,"bull,pullback",equal_slot,0.25,none,none,-5.302568282369203,-0.38090785964827956,-0.5003568765061185,-0.1998231271734845,-26.536309171888618,-14.895296622632037,1849.0,60.54216867469879,25.83157315193818
india,connors_rsi2_bull,"bull,pullback",equal_slot,0.25,none,0.15,-7.034856661022237,-0.5204159899272285,-0.6804372500717902,-0.23307395185443336,-30.1829380977582,-19.42179902146073,1892.0,60.08701472556894,25.83157315193818
india,connors_rsi2_bull,"bull,pullback",equal_slot,0.25,none,0.25,-5.551046135019022,-0.40352575074297137,-0.528566039154163,-0.20803488932769507,-26.683246031270524,-15.554658592228899,1848.0,60.51539491298528,25.83157315193818
india,connors_rsi2_bull,"bull,pullback",equal_slot,0.25,0.25,none,-5.384328789200287,-0.3876519499112924,-0.5087596835797044,-0.20256193841996104,-26.58114762921177,-15.112631609419358,1849.0,60.54216867469879,25.83157315193818
india,connors_rsi2_bull,"bull,pullback",equal_slot,0.25,0.25,0.15,-7.115610905181169,-0.5271446633520099,-0.6886526527531861,-0.23543738731395975,-30.222943714935052,-19.628828051427906,1892.0,60.08701472556894,25.83157315193818
india,connors_rsi2_bull,"bull,pullback",equal_slot,0.25,0.25,0.25,-5.645885619265356,-0.41145074577341995,-0.5384061496789276,-0.21103561839163684,-26.753235602095394,-15.805430280381527,1848.0,60.51539491298528,25.83157315193818
india,bollinger_mean_reversion,none,equal_slot,none,none,none,1.6155466618724912,0.18111993436124754,0.25294810960415726,0.050956667868868766,-31.70432309329798,4.8586535718250445,1023.0,90.78982597054886,25.83157315193818
india,bollinger_mean_reversion,none,equal_slot,none,none,0.15,-1.171278529952413,0.0010347840836309262,0.001415156384667027,-0.031901408117866785,-36.71557461115404,-3.42769895048034,1102.0,90.94377510040161,25.83157315193818
india,bollinger_mean_reversion,none,equal_slot,none,none,0.25,1.5549411213127362,0.17742517608493394,0.24604490412665558,0.0490292275055015,-31.714575171274284,4.673624135161147,1037.0,90.92369477911646,25.83157315193818
india,bollinger_mean_reversion,none,equal_slot,none,0.25,none,1.597887894312433,0.1801051839452183,0.25177661336272394,0.05061022231768754,-31.572433811538392,4.804718803292896,1023.0,90.81659973226238,25.83157315193818
india,bollinger_mean_reversion,none,equal_slot,none,0.25,0.15,-1.9367431174425298,-0.04830446283869843,-0.06581837685548807,-0.05209654415826925,-37.176038233144716,-5.625211802935937,1101.0,90.99062918340026,25.83157315193818
india,bollinger_mean_reversion,none,equal_slot,none,0.25,0.25,2.0281490304388416,0.20861865893797796,0.2896886723080817,0.0662487069722829,-30.614167779717988,6.124092998909125,1036.0,90.85006693440428,25.83157315193818
india,bollinger_mean_reversion,none,equal_slot,0.08,none,none,-5.916842968052083,-0.30045448876052255,-0.41130493372233223,-0.13791020669735773,-42.903590022430485,-16.519169303881075,1315.0,90.48192771084338,25.83157315193818
india,bollinger_mean_reversion,none,equal_slot,0.08,none,0.15,-5.920769579075625,-0.30397835752621427,-0.4150881920586418,-0.1398752178045579,-42.328939121642556,-16.529482975083486,1318.0,90.56224899598394,25.83157315193818
india,bollinger_mean_reversion,none,equal_slot,0.08,none,0.25,-5.916842968052083,-0.30045448876052255,-0.41130493372233223,-0.13791020669735773,-42.903590022430485,-16.519169303881075,1315.0,90.48192771084338,25.83157315193818
india,bollinger_mean_reversion,none,equal_slot,0.08,0.25,none,-7.282825135373317,-0.3894133548758204,-0.5328354248000281,-0.16740387833724665,-43.50451857932205,-20.05639343445904,1314.0,90.54886211512718,25.83157315193818
india,bollinger_mean_reversion,none,equal_slot,0.08,0.25,0.15,-7.143256877066162,-0.3849128558204916,-0.5257233456357492,-0.16699679540355694,-42.774814090318856,-19.699622795539838,1317.0,90.61579651941099,25.83157315193818
india,bollinger_mean_reversion,none,equal_slot,0.08,0.25,0.25,-7.282825135373317,-0.3894133548758204,-0.5328354248000281,-0.16740387833724665,-43.50451857932205,-20.05639343445904,1314.0,90.54886211512718,25.83157315193818
india,bollinger_mean_reversion,none,equal_slot,0.15,none,none,-2.658573923010743,-0.09444509427236075,-0.1281398515268186,-0.06739604686951356,-39.447030597477706,-7.666884395080764,1077.0,91.03748326639894,25.83157315193818
india,bollinger_mean_reversion,none,equal_slot,0.15,none,0.15,-1.7666531746894476,-0.0356384169353729,-0.048509612829693516,-0.046780944414962174,-37.764376003585134,-5.139806277895154,1102.0,90.94377510040161,25.83157315193818
india,bollinger_mean_reversion,none,equal_slot,0.15,none,0.25,-1.3859378480877815,-0.012387110312112152,-0.016913569095723002,-0.03747447986621662,-36.98351125981097,-4.047329051812221,1076.0,91.00401606425702,25.83157315193818
india,bollinger_mean_reversion,none,equal_slot,0.15,0.25,none,-0.33186463563604773,0.05412358700458025,0.07421859229682642,-0.009578215125812781,-34.647857797815604,-0.9792324390447416,1075.0,90.85676037483266,25.83157315193818
india,bollinger_mean_reversion,none,equal_slot,0.15,0.25,0.15,-2.658676778377289,-0.09257577647769556,-0.12552631377067916,-0.06905292010098109,-38.502018082498374,-7.667173213295331,1101.0,90.99062918340026,25.83157315193818
india,bollinger_mean_reversion,none,equal_slot,0.15,0.25,0.25,-0.33186463563604773,0.05412358700458025,0.07421859229682642,-0.009578215125812781,-34.647857797815604,-0.9792324390447416,1075.0,90.85676037483266,25.83157315193818
india,bollinger_mean_reversion,none,equal_slot,0.25,none,none,1.516411202370782,0.17478678799305325,0.24387628062907782,0.04759136061927723,-31.86316135194816,4.556104327478905,1035.0,90.91700133868808,25.83157315193818
india,bollinger_mean_reversion,none,equal_slot,0.25,none,0.15,-1.831917570097319,-0.03974810154922289,-0.054203065082863246,-0.04848657273879854,-37.781956253456414,-5.326253891125276,1102.0,90.94377510040161,25.83157315193818
india,bollinger_mean_reversion,none,equal_slot,0.25,none,0.25,1.447391475572024,0.17047868707936994,0.23639006636651497,0.04530969719473818,-31.944408486139913,4.345806293036891,1037.0,90.92369477911646,25.83157315193818
india,bollinger_mean_reversion,none,equal_slot,0.25,0.25,none,2.5963082583259744,0.24523385445310794,0.34318383384288176,0.08728001146430954,-29.746882645491567,7.883112043785134,1035.0,90.82998661311915,25.83157315193818
india,bollinger_mean_reversion,none,equal_slot,0.25,0.25,0.15,-2.6780763670472774,-0.0938764400716326,-0.12756244696647695,-0.06967804760772565,-38.435008715002255,-7.721636626692796,1101.0,90.99062918340026,25.83157315193818
india,bollinger_mean_reversion,none,equal_slot,0.25,0.25,0.25,1.9274078711174703,0.20199790731113815,0.28048851186480234,0.06250401588790513,-30.836544560178158,5.814194954125962,1036.0,90.85006693440428,25.83157315193818
india,bollinger_mean_reversion,bull,equal_slot,none,none,none,-5.084545556882592,-0.4211198276333647,-0.555194204791162,-0.16393481944957547,-31.015653501521932,-14.313950111590279,751.0,67.48326639892906,25.83157315193818
india,bollinger_mean_reversion,bull,equal_slot,none,none,0.15,-8.295900961120884,-0.6956423106516952,-0.9043660528486229,-0.23675627354395137,-35.03983584866162,-22.61464926824547,795.0,67.4364123159304,25.83157315193818
india,bollinger_mean_reversion,bull,equal_slot,none,none,0.25,-5.845545281958353,-0.4821252346759274,-0.6321790426393455,-0.18017246502535633,-32.44416554513859,-16.331751370131343,760.0,67.65060240963855,25.83157315193818
india,bollinger_mean_reversion,bull,equal_slot,none,0.25,none,-4.453553079534367,-0.3631700240178457,-0.4808076535936472,-0.1473827254653974,-30.217605662204793,-12.61663553196355,753.0,67.50334672021418,25.83157315193818
india,bollinger_mean_reversion,bull,equal_slot,none,0.25,0.15,-8.848332781618417,-0.7481542761826976,-0.9656545217545774,-0.24952107536831586,-35.46126421809249,-23.986541645748826,795.0,67.429718875502,25.83157315193818
india,bollinger_mean_reversion,bull,equal_slot,none,0.25,0.25,-5.221215460892514,-0.42540724149007136,-0.560545359693693,-0.164784066956379,-31.685196010331833,-14.67867993707469,760.0,67.60374832663989,25.83157315193818
india,bollinger_mean_reversion,bull,equal_slot,0.08,none,none,-9.528909673040554,-0.8203738000063578,-1.0708849041482382,-0.27981365809655295,-34.05448375129885,-25.65439951476325,926.0,65.97724230254352,25.83157315193818
india,bollinger_mean_reversion,bull,equal_slot,0.08,none,0.15,-9.363937168368608,-0.8139643957697014,-1.0610202461269118,-0.28299527829710136,-33.088669269378826,-25.25235764949705,930.0,66.09103078982596,25.83157315193818
india,bollinger_mean_reversion,bull,equal_slot,0.08,none,0.25,-9.616386807023803,-0.8281947378703509,-1.0811984893817632,-0.28081918254800303,-34.24405241753734,-25.86700116120998,927.0,66.07095046854083,25.83157315193818
india,bollinger_mean_reversion,bull,equal_slot,0.08,0.25,none,-9.922834876493681,-0.8661899367830708,-1.1195010000546453,-0.2895849728618656,-34.265710607942886,-26.608606663546077,925.0,65.99062918340027,25.83157315193818
india,bollinger_mean_reversion,bull,equal_slot,0.08,0.25,0.15,-10.075559121947109,-0.8903235278932442,-1.1464502145269928,-0.2952440331063023,-34.12620744927777,-26.976358424668067,928.0,66.11111111111111,25.83157315193818
india,bollinger_mean_reversion,bull,equal_slot,0.08,0.25,0.25,-9.922834876493681,-0.8661899367830708,-1.1195010000546453,-0.2895849728618656,-34.265710607942886,-26.608606663546077,925.0,65.99062918340027,25.83157315193818
india,bollinger_mean_reversion,bull,equal_slot,0.15,none,none,-7.336913584992399,-0.6088429577554478,-0.801634543132998,-0.21352601980421057,-34.36074719006082,-20.194374029840347,786.0,67.46987951807229,25.83157315193818
india,bollinger_mean_reversion,bull,equal_slot,0.15,none,0.15,-8.649953599805771,-0.7224766907313543,-0.9366158351913394,-0.24362346446078822,-35.50542070711749,-23.495762225557158,795.0,67.4364123159304,25.83157315193818
india,bollinger_mean_reversion,bull,equal_slot,0.15,none,0.25,-6.901627436695734,-0.5733192185468525,-0.7563176144022676,-0.20295666865580772,-34.005423336939664,-19.079468908300612,786.0,67.51673360107094,25.83157315193818
india,bollinger_mean_reversion,bull,equal_slot,0.15,0.25,none,-6.482271901576253,-0.5389596936866192,-0.7095195416450496,-0.19168330504423567,-33.817613380989584,-17.995658617618858,787.0,67.45649263721553,25.83157315193818
india,bollinger_mean_reversion,bull,equal_slot,0.15,0.25,0.15,-9.182610566423733,-0.7733164983964309,-0.9959368850685362,-0.2559000997456776,-35.883575565424664,-24.8088025280795,795.0,67.429718875502,25.83157315193818
india,bollinger_mean_reversion,bull,equal_slot,0.15,0.25,0.25,-6.482271901576253,-0.5389596936866192,-0.7095195416450496,-0.19168330504423567,-33.817613380989584,-17.995658617618858,787.0,67.45649263721553,25.83157315193818
india,bollinger_mean_reversion,bull,equal_slot,0.25,none,none,-5.230954523186327,-0.4215934732051666,-0.5583975224009408,-0.1679893882141006,-31.138600948528566,-14.704631177427208,759.0,67.71084337349397,25.83157315193818
india,bollinger_mean_reversion,bull,equal_slot,0.25,none,0.15,-8.90805734388217,-0.7410854574901998,-0.9597535865464045,-0.24804382536144487,-35.913239649894585,-24.133887592339164,795.0,67.4364123159304,25.83157315193818
india,bollinger_mean_reversion,bull,equal_slot,0.25,none,0.25,-5.905919493126488,-0.48724678945065025,-0.6386163398848094,-0.18139270129752647,-32.5587493371048,-16.49047316901312,760.0,67.65060240963855,25.83157315193818
india,bollinger_mean_reversion,bull,equal_slot,0.25,0.25,none,-4.693196988877391,-0.37398670964352165,-0.4965857284881285,-0.1537145375166305,-30.531900656238385,-13.263853832301242,761.0,67.69076305220884,25.83157315193818
india,bollinger_mean_reversion,bull,equal_slot,0.25,0.25,0.15,-9.432437789831793,-0.7913289483562653,-1.0183967567712575,-0.26003778899478536,-36.2733348345034,-25.419469599491627,795.0,67.429718875502,25.83157315193818
india,bollinger_mean_reversion,bull,equal_slot,0.25,0.25,0.25,-5.280811795681162,-0.4305143727056258,-0.5670290429686312,-0.16607040697580094,-31.79863222982683,-14.837401735956457,760.0,67.60374832663989,25.83157315193818
india,bollinger_mean_reversion,"bull,pullback",equal_slot,none,none,none,-3.957771552312417,-0.2620213867829767,-0.34701773945352454,-0.12338581662074923,-32.07638982102305,-11.267518264607524,827.0,73.82195448460509,25.83157315193818
india,bollinger_mean_reversion,"bull,pullback",equal_slot,none,none,0.15,-8.375434227801282,-0.629428956243624,-0.8143358269348134,-0.22646807406939065,-36.98284741554793,-22.81316177682634,876.0,73.37349397590361,25.83157315193818
india,bollinger_mean_reversion,"bull,pullback",equal_slot,none,none,0.25,-5.627673638349484,-0.3886279014458202,-0.5099121158017249,-0.1617152569400531,-34.799893002276406,-15.757313022150843,834.0,73.93574297188754,25.83157315193818
india,bollinger_mean_reversion,"bull,pullback",equal_slot,none,0.25,none,-3.622055764555432,-0.23516817586651945,-0.312337989554884,-0.11341178799674642,-31.937207132818873,-10.34618335997617,828.0,73.80856760374833,25.83157315193818
india,bollinger_mean_reversion,"bull,pullback",equal_slot,none,0.25,0.15,-8.943936702940992,-0.6762860631346086,-0.8712088085178818,-0.2391053569651794,-37.40583990447142,-24.22231423814306,876.0,73.39357429718876,25.83157315193818
india,bollinger_mean_reversion,"bull,pullback",equal_slot,none,0.25,0.25,-4.747206642472779,-0.3223317197874448,-0.42492592821520586,-0.14153950842081817,-33.539798855020905,-13.409280698991587,834.0,73.83534136546184,25.83157315193818
india,bollinger_mean_reversion,"bull,pullback",equal_slot,0.08,none,none,-11.540030017076264,-0.9015407003815746,-1.1545184392672896,-0.2926972825461426,-39.4265020730318,-30.44095901821027,1036.0,72.66398929049531,25.83157315193818
india,bollinger_mean_reversion,"bull,pullback",equal_slot,0.08,none,0.15,-11.914074239040517,-0.9456142906169461,-1.2030483780003263,-0.30085502009740345,-39.60071610300294,-31.30805426613783,1038.0,72.74431057563588,25.83157315193818
india,bollinger_mean_reversion,"bull,pullback",equal_slot,0.08,none,0.25,-11.540030017076264,-0.9015407003815746,-1.1545184392672896,-0.2926972825461426,-39.4265020730318,-30.44095901821027,1036.0,72.66398929049531,25.83157315193818
india,bollinger_mean_reversion,"bull,pullback",equal_slot,0.08,0.25,none,-12.266786221590332,-0.964454818268031,-1.2307727796597936,-0.30406706411245354,-40.34237071152727,-32.11911270216301,1034.0,72.72423025435073,25.83157315193818
india,bollinger_mean_reversion,"bull,pullback",equal_slot,0.08,0.25,0.15,-12.605582179583163,-1.0072813733504373,-1.27788783100654,-0.31103367086155204,-40.52803075842611,-32.89217604017127,1036.0,72.79116465863453,25.83157315193818
india,bollinger_mean_reversion,"bull,pullback",equal_slot,0.08,0.25,0.25,-12.266786221590332,-0.964454818268031,-1.2307727796597936,-0.30406706411245354,-40.34237071152727,-32.11911270216301,1034.0,72.72423025435073,25.83157315193818
india,bollinger_mean_reversion,"bull,pullback",equal_slot,0.15,none,none,-8.63541624794606,-0.6575190911787325,-0.8508255085541995,-0.22547940631129076,-38.29802636620498,-23.4597153149803,856.0,73.39357429718876,25.83157315193818
india,bollinger_mean_reversion,"bull,pullback",equal_slot,0.15,none,0.15,-8.892084756118413,-0.6656529139511429,-0.8577856643238518,-0.23544696717376143,-37.76682648690053,-24.094500304720157,876.0,73.37349397590361,25.83157315193818
india,bollinger_mean_reversion,"bull,pullback",equal_slot,0.15,none,0.25,-8.437217069537617,-0.6449737262914234,-0.8339111768371182,-0.21958088483631644,-38.42418740514241,-22.967136850171265,855.0,73.38688085676037,25.83157315193818
india,bollinger_mean_reversion,"bull,pullback",equal_slot,0.15,0.25,none,-7.412836083655172,-0.5658938269547023,-0.7346687687553816,-0.20019625973274224,-37.02784504341465,-20.38778749390663,856.0,73.29317269076306,25.83157315193818
india,bollinger_mean_reversion,"bull,pullback",equal_slot,0.15,0.25,0.15,-9.407632599183756,-0.7078013899585187,-0.9086613745757076,-0.2472145982404081,-38.054518892266806,-25.35898424542432,876.0,73.39357429718876,25.83157315193818
india,bollinger_mean_reversion,"bull,pullback",equal_slot,0.15,0.25,0.25,-7.412836083655172,-0.5658938269547023,-0.7346687687553816,-0.20019625973274224,-37.02784504341465,-20.38778749390663,856.0,73.29317269076306,25.83157315193818
india,bollinger_mean_reversion,"bull,pullback",equal_slot,0.25,none,none,-5.2615969328230765,-0.3642756912211817,-0.47996279761725835,-0.15530751578618263,-33.87857249656162,-14.786248529474932,832.0,73.855421686747,25.83157315193818
india,bollinger_mean_reversion,"bull,pullback",equal_slot,0.25,none,0.15,-8.947481072276842,-0.668531946565067,-0.8624046139569728,-0.23714750615594998,-37.7296022096598,-24.2310458245344,876.0,73.37349397590361,25.83157315193818
india,bollinger_mean_reversion,"bull,pullback",equal_slot,0.25,none,0.25,-5.715357607363214,-0.39532280508673356,-0.5185634029547475,-0.16349039182690642,-34.95836999041683,-15.988812739359881,834.0,73.93574297188754,25.83157315193818
india,bollinger_mean_reversion,"bull,pullback",equal_slot,0.25,0.25,none,-4.476899565377512,-0.3045792600526474,-0.4023425438531178,-0.1365054820292073,-32.79648186158279,-12.679828682626448,833.0,73.76840696117804,25.83157315193818
india,bollinger_mean_reversion,"bull,pullback",equal_slot,0.25,0.25,0.15,-9.457920125599173,-0.7103873094321531,-0.9132118221539399,-0.24887118859455415,-38.003274621745966,-25.481572306997457,876.0,73.39357429718876,25.83157315193818
india,bollinger_mean_reversion,"bull,pullback",equal_slot,0.25,0.25,0.25,-4.841994106430336,-0.3296936138858541,-0.4344787475818889,-0.14356650372130475,-33.726488985409496,-13.664115741389471,834.0,73.83534136546184,25.83157315193818
india,williams_percent_r,none,equal_slot,none,none,none,2.76311330977963,0.2456563997115025,0.3549243713725484,0.08150677352829208,-33.90041330516557,8.40318121340693,990.0,98.44712182061579,25.83157315193818
india,williams_percent_r,none,equal_slot,none,none,0.15,-1.3976257467516406,-0.003799306347938909,-0.005167727558958087,-0.034563800832334325,-40.43611272763052,-4.080991251404365,1086.0,98.87550200803213,25.83157315193818
india,williams_percent_r,none,equal_slot,none,none,0.25,4.417366144535806,0.34242346538171525,0.49679186991579616,0.13370712700015172,-33.03762666690754,13.650997791626684,1001.0,98.44042838018743,25.83157315193818
india,williams_percent_r,none,equal_slot,none,0.25,none,2.642265980044689,0.23881187163746947,0.343925563888511,0.07783378505047557,-33.94754576474943,8.026234959895007,994.0,98.47389558232932,25.83157315193818
india,williams_percent_r,none,equal_slot,none,0.25,0.15,-1.1061244891473088,0.013518221302107601,0.018379234324859,-0.02824335918288738,-39.16405559213751,-3.239104179856378,1085.0,98.86880856760374,25.83157315193818
india,williams_percent_r,none,equal_slot,none,0.25,0.25,3.9446318790678836,0.31370853061844356,0.45565818183512874,0.11836452683929276,-33.32613228305837,12.13455087461357,1004.0,98.46050870147256,25.83157315193818
india,williams_percent_r,none,equal_slot,0.08,none,none,-0.5550068575161715,0.0476790689970172,0.06551036058732276,-0.01653092363134447,-33.57385648215184,-1.6340745550335711,1249.0,99.06961178045515,25.83157315193818
india,williams_percent_r,none,equal_slot,0.08,none,0.15,-1.5976019391111373,-0.019443309123630213,-0.026692671099249825,-0.043898386733313983,-36.39318111657929,-4.655729729804747,1273.0,99.07630522088354,25.83157315193818
india,williams_percent_r,none,equal_slot,0.08,none,0.25,-0.8268455471544423,0.029540463931127182,0.04079461273791273,-0.02465142944317194,-33.541484848192674,-2.427940477531443,1260.0,99.03614457831326,25.83157315193818
india,williams_percent_r,none,equal_slot,0.08,0.25,none,-0.9135835534961667,0.024307414930678936,0.03336095871647021,-0.026909051349685593,-33.95079007520795,-2.6803505661355254,1264.0,99.0227576974565,25.83157315193818
india,williams_percent_r,none,equal_slot,0.08,0.25,0.15,-2.0838655090547498,-0.04913130880843415,-0.06727088922762084,-0.057193504462327384,-36.43535273183627,-6.043743101864541,1267.0,99.05622489959839,25.83157315193818
india,williams_percent_r,none,equal_slot,0.08,0.25,0.25,-0.9135835534961667,0.024307414930678936,0.03336095871647021,-0.026909051349685593,-33.95079007520795,-2.6803505661355254,1264.0,99.0227576974565,25.83157315193818
india,williams_percent_r,none,equal_slot,0.15,none,none,5.132128508775224,0.3907280678286432,0.5649782080817746,0.17055018946196687,-30.09160250695413,15.969518391122905,1048.0,98.77510040160642,25.83157315193818
india,williams_percent_r,none,equal_slot,0.15,none,0.15,-1.9214619116091014,-0.034185447732841996,-0.046260883654735026,-0.046715478139167335,-41.1311622645708,-5.581669447273296,1086.0,98.87550200803213,25.83157315193818
india,williams_percent_r,none,equal_slot,0.15,none,0.25,4.325267124711218,0.34087022225981195,0.48761584596932106,0.1355470279322667,-31.909715695666662,13.354502160859694,1048.0,98.76840696117804,25.83157315193818
india,williams_percent_r,none,equal_slot,0.15,0.25,none,4.554217507738212,0.35532581713912204,0.5106283446523785,0.15019203184254054,-30.322630647362153,14.092513042820688,1048.0,98.76840696117804,25.83157315193818
india,williams_percent_r,none,equal_slot,0.15,0.25,0.15,-1.5709601554995456,-0.01342746348157834,-0.01817964143595436,-0.03946508739495523,-39.80632653306525,-4.579292358327902,1085.0,98.86880856760374,25.83157315193818
india,williams_percent_r,none,equal_slot,0.15,0.25,0.25,3.9088282777860472,0.31549783581200425,0.4503207820295764,0.12335182660152383,-31.68845071433875,12.020248369562637,1053.0,98.76840696117804,25.83157315193818
india,williams_percent_r,none,equal_slot,0.25,none,none,2.911528133711405,0.25432711865070745,0.36879422929595357,0.08277401340904214,-35.17442266963164,8.867306224378236,998.0,98.45381526104418,25.83157315193818
india,williams_percent_r,none,equal_slot,0.25,none,0.15,-2.3910423259959956,-0.06218150490779866,-0.08417832687858218,-0.05742148474711707,-41.64020377609691,-6.913628510375435,1086.0,98.87550200803213,25.83157315193818
india,williams_percent_r,none,equal_slot,0.25,none,0.25,4.204021053137774,0.32944685332262125,0.4774866018850922,0.1260897313942362,-33.341502171920304,12.964954667340356,1001.0,98.44042838018743,25.83157315193818
india,williams_percent_r,none,equal_slot,0.25,0.25,none,1.8575839942139627,0.192761557349023,0.27857807318342453,0.05076708638263152,-36.59032114258739,5.59975605949925,999.0,98.46050870147256,25.83157315193818
india,williams_percent_r,none,equal_slot,0.25,0.25,0.15,-1.8515683748069556,-0.030202102757575525,-0.040930720269534364,-0.04626527096857188,-40.02069664878286,-5.382344824579299,1085.0,98.86880856760374,25.83157315193818
india,williams_percent_r,none,equal_slot,0.25,0.25,0.25,3.7222508206954164,0.3004169008089418,0.4358902349445985,0.11075526954019826,-33.60788914286771,11.425850881712662,1004.0,98.46050870147256,25.83157315193818
india,williams_percent_r,bull,equal_slot,none,none,none,-6.189226671120229,-0.4673623565714618,-0.6076543177456001,-0.18922012396557325,-32.70913548416392,-17.232615595407786,715.0,72.44979919678715,25.83157315193818
india,williams_percent_r,bull,equal_slot,none,none,0.15,-6.19888112055974,-0.48201767890921493,-0.6190984779717555,-0.17977149062314107,-34.48200323128316,-17.257828826539946,776.0,72.93172690763052,25.83157315193818
india,williams_percent_r,bull,equal_slot,none,none,0.25,-5.68944057075087,-0.4329180799320881,-0.5638681964598108,-0.17060923228026728,-33.34778836238226,-15.920431526716838,719.0,72.20883534136546,25.83157315193818
india,williams_percent_r,bull,equal_slot,none,0.25,none,-5.418492288461929,-0.40387716877318414,-0.5269420976035547,-0.17451593646914304,-31.048696171194646,-15.203335709395581,717.0,72.48995983935743,25.83157315193818
india,williams_percent_r,bull,equal_slot,none,0.25,0.15,-6.533477061272475,-0.5135698006508479,-0.6557590417255865,-0.18898432595816936,-34.57152876645772,-18.12850869437408,777.0,72.96519410977243,25.83157315193818
india,williams_percent_r,bull,equal_slot,none,0.25,0.25,-5.112350512338137,-0.38130005825117114,-0.4988312512227277,-0.1616682840658176,-31.622470306277407,-14.388236453906389,721.0,72.21552878179385,25.83157315193818
india,williams_percent_r,bull,equal_slot,0.08,none,none,-4.758383169797053,-0.36263734111854634,-0.4754065315952096,-0.17095823714715924,-27.833599884988764,-13.439354536552228,879.0,71.760374832664,25.83157315193818
india,williams_percent_r,bull,equal_slot,0.08,none,0.15,-5.105253538539179,-0.3921084690442733,-0.5119387340207359,-0.17341538101121065,-29.439450576815577,-14.369279564311977,896.0,71.73360107095047,25.83157315193818
india,williams_percent_r,bull,equal_slot,0.08,none,0.25,-4.561411297949114,-0.34532907612514546,-0.4530646396061473,-0.1665424783472674,-27.388876058622415,-12.908327941871411,879.0,71.72690763052209,25.83157315193818
india,williams_percent_r,bull,equal_slot,0.08,0.25,none,-4.7189163524272715,-0.3593178918346884,-0.4654605828654786,-0.16705536211275485,-28.247619787518197,-13.333126170365617,888.0,71.67336010709505,25.83157315193818
india,williams_percent_r,bull,equal_slot,0.08,0.25,0.15,-4.947738195506846,-0.37816932066291253,-0.4893892960013625,-0.17558986907611937,-28.17781129139044,-13.947820926752518,895.0,71.74698795180723,25.83157315193818
india,williams_percent_r,bull,equal_slot,0.08,0.25,0.25,-4.7189163524272715,-0.3593178918346884,-0.4654605828654786,-0.16705536211275485,-28.247619787518197,-13.333126170365617,888.0,71.67336010709505,25.83157315193818
india,williams_percent_r,bull,equal_slot,0.15,none,none,-5.851098123140663,-0.4591364524132703,-0.593619404076998,-0.16998803791912925,-34.420646268793845,-16.34635793997833,757.0,73.05220883534137,25.83157315193818
india,williams_percent_r,bull,equal_slot,0.15,none,0.15,-6.535010565254751,-0.5070928335299268,-0.6491234409820729,-0.18722232675192207,-34.905081453847814,-18.132485119645246,776.0,72.93172690763052,25.83157315193818
india,williams_percent_r,bull,equal_slot,0.15,none,0.25,-6.2962333743346255,-0.5002796096697261,-0.6439462372901034,-0.17816026293405127,-35.34027886266239,-17.51178648842886,757.0,73.05220883534137,25.83157315193818
india,williams_percent_r,bull,equal_slot,0.15,0.25,none,-5.879804377036035,-0.4613370135724023,-0.5928185633574388,-0.17493173599236167,-33.61199352239193,-16.421841887891276,762.0,73.07228915662651,25.83157315193818
india,williams_percent_r,bull,equal_slot,0.15,0.25,0.15,-6.8383516933057775,-0.5353609986231389,-0.6811522126239927,-0.1958040182595235,-34.92447067272162,-18.9165462592494,777.0,72.96519410977243,25.83157315193818
india,williams_percent_r,bull,equal_slot,0.15,0.25,0.25,-5.740929382825,-0.44962367356783206,-0.5772268370423091,-0.17229844510553227,-33.319681900255674,-16.056246887557503,763.0,73.19946452476573,25.83157315193818
india,williams_percent_r,bull,equal_slot,0.25,none,none,-5.77853233520802,-0.43738699457884445,-0.5701164886270581,-0.17448969246764884,-33.11675465460165,-16.155342775335534,717.0,72.34939759036145,25.83157315193818
india,williams_percent_r,bull,equal_slot,0.25,none,0.15,-6.714632497896067,-0.5193971121565466,-0.6648499905000542,-0.19213514100504517,-34.947446171337035,-18.59736629373471,776.0,72.93172690763052,25.83157315193818
india,williams_percent_r,bull,equal_slot,0.25,none,0.25,-5.80548882193781,-0.441253292522184,-0.5741058043932362,-0.17361808123272704,-33.4382731378987,-16.226334105535123,719.0,72.20883534136546,25.83157315193818
india,williams_percent_r,bull,equal_slot,0.25,0.25,none,-5.615390301604661,-0.4208245448757022,-0.5500404193166583,-0.17403012914476237,-32.26677087008105,-15.724849353378678,719.0,72.30254350736278,25.83157315193818
india,williams_percent_r,bull,equal_slot,0.25,0.25,0.15,-7.020944287830466,-0.5480256471182068,-0.6975444551709357,-0.20073827954650322,-34.97561254232025,-19.386096356792482,777.0,72.96519410977243,25.83157315193818
india,williams_percent_r,bull,equal_slot,0.25,0.25,0.25,-5.258343316568581,-0.392174045303569,-0.5124444020660521,-0.16547816641094618,-31.77665930567592,-14.777584840354141,721.0,72.21552878179385,25.83157315193818
india,williams_percent_r,"bull,pullback",equal_slot,none,none,none,-4.090969186666571,-0.2495349585270092,-0.32774109600826185,-0.12885276766493725,-31.749175906756903,-11.63131994588824,801.0,79.81927710843372,25.83157315193818
india,williams_percent_r,"bull,pullback",equal_slot,none,none,0.15,-6.159337940407605,-0.4390258911618186,-0.5628931628883393,-0.16793977037465438,-36.675874491592005,-17.154526949850712,868.0,79.56492637215528,25.83157315193818
india,williams_percent_r,"bull,pullback",equal_slot,none,none,0.25,-4.265895097959338,-0.2695265853116342,-0.35375765681467897,-0.12616298873458182,-33.81257166421294,-12.107591534475937,805.0,79.54484605087015,25.83157315193818
india,williams_percent_r,"bull,pullback",equal_slot,none,0.25,none,-3.8196476159990667,-0.23089073846921,-0.30254869848333343,-0.12258272689350255,-31.159754010999453,-10.889215360430404,804.0,79.73226238286479,25.83157315193818
india,williams_percent_r,"bull,pullback",equal_slot,none,0.25,0.15,-6.555126865259608,-0.4718318395062928,-0.602265406980613,-0.177524559700196,-36.92518306385283,-18.184635492233745,869.0,79.63186077643908,25.83157315193818
india,williams_percent_r,"bull,pullback",equal_slot,none,0.25,0.25,-3.548959121047368,-0.20945359792617715,-0.27662011624398986,-0.1115082266353827,-31.826881550650064,-10.144741531791169,810.0,79.58500669344043,25.83157315193818
india,williams_percent_r,"bull,pullback",equal_slot,0.08,none,none,-6.078221574358745,-0.4263584239239281,-0.5547084925710505,-0.18448792345046705,-32.94644690383042,-16.942352836544494,997.0,79.87282463186077,25.83157315193818
india,williams_percent_r,"bull,pullback",equal_slot,0.08,none,0.15,-5.678076322251336,-0.3946505674971172,-0.5088465306509036,-0.17121195088904137,-33.16401859080018,-15.890435726398467,1010.0,79.81258366800536,25.83157315193818
india,williams_percent_r,"bull,pullback",equal_slot,0.08,none,0.25,-5.931067199326822,-0.4153817939092384,-0.5407456035827796,-0.181724747726517,-32.63764167251817,-16.55652678732369,997.0,79.85943775100401,25.83157315193818
india,williams_percent_r,"bull,pullback",equal_slot,0.08,0.25,none,-5.97757144462342,-0.4195708465552229,-0.5412477865390658,-0.18002793870046002,-33.20357655468809,-16.678584881886348,1000.0,79.82597054886212,25.83157315193818
india,williams_percent_r,"bull,pullback",equal_slot,0.08,0.25,0.15,-6.057208407533854,-0.424266355654902,-0.5445958927362583,-0.18257181830886152,-33.17712702672828,-16.8873305865885,1004.0,79.77242302543507,25.83157315193818
india,williams_percent_r,"bull,pullback",equal_slot,0.08,0.25,0.25,-5.97757144462342,-0.4195708465552229,-0.5412477865390658,-0.18002793870046002,-33.20357655468809,-16.678584881886348,1000.0,79.82597054886212,25.83157315193818
india,williams_percent_r,"bull,pullback",equal_slot,0.15,none,none,-2.542242205862255,-0.14725539698238632,-0.194575283701883,-0.08553334009793553,-29.7222370008162,-7.339841415732618,838.0,79.41097724230255,25.83157315193818
india,williams_percent_r,"bull,pullback",equal_slot,0.15,none,0.15,-6.508083740153503,-0.46311656524309924,-0.5917503176243106,-0.1751771703493134,-37.15143775399504,-18.062644398984396,868.0,79.56492637215528,25.83157315193818
india,williams_percent_r,"bull,pullback",equal_slot,0.15,none,0.25,-2.8362892479930957,-0.17162423264459079,-0.22501633858227255,-0.09349729426498447,-30.335522223291868,-8.165017673057228,839.0,79.47791164658635,25.83157315193818
india,williams_percent_r,"bull,pullback",equal_slot,0.15,0.25,none,-3.126412743027962,-0.19283517508589926,-0.252706795100515,-0.10420563409204688,-30.002338839628774,-8.974399698715875,842.0,79.50468540829986,25.83157315193818
india,williams_percent_r,"bull,pullback",equal_slot,0.15,0.25,0.15,-6.924762119068739,-0.49720403952130454,-0.6325215886071984,-0.18500633016169934,-37.42986584846235,-19.13898202283173,869.0,79.63186077643908,25.83157315193818
india,williams_percent_r,"bull,pullback",equal_slot,0.15,0.25,0.25,-3.4471742639717085,-0.2205560978901678,-0.2871192821127888,-0.11240715558216205,-30.66685787144624,-9.863740979145474,843.0,79.41097724230255,25.83157315193818
india,williams_percent_r,"bull,pullback",equal_slot,0.25,none,none,-4.997147168294058,-0.3262031567113131,-0.42655031106913893,-0.1436488162542011,-34.787249199820074,-14.080170406395819,803.0,79.56492637215528,25.83157315193818
india,williams_percent_r,"bull,pullback",equal_slot,0.25,none,0.15,-6.69156754698903,-0.47566034864809853,-0.6080512251525406,-0.17982739574699239,-37.211057409760365,-18.537769760711342,868.0,79.56492637215528,25.83157315193818
india,williams_percent_r,"bull,pullback",equal_slot,0.25,none,0.25,-4.436971861848105,-0.2815290458079422,-0.3691542820097447,-0.1304056070421643,-34.024394828463855,-12.571735898217373,805.0,79.54484605087015,25.83157315193818
india,williams_percent_r,"bull,pullback",equal_slot,0.25,0.25,none,-5.0172834140200795,-0.32423718031913096,-0.42428556495212444,-0.14612764078003893,-34.33493750557726,-14.134069730827104,805.0,79.62516733601072,25.83157315193818
india,williams_percent_r,"bull,pullback",equal_slot,0.25,0.25,0.15,-7.128995989758213,-0.5115735957442034,-0.6510567148715787,-0.189926120309167,-37.53562689615013,-19.663109221352514,869.0,79.63186077643908,25.83157315193818
india,williams_percent_r,"bull,pullback",equal_slot,0.25,0.25,0.25,-3.75169242638701,-0.2241943919114459,-0.29570055358934283,-0.11701078200533432,-32.06279252296576,-10.702703892209176,810.0,79.58500669344043,25.83157315193818
india,cci_reversion,none,equal_slot,none,none,none,5.69473939873073,0.4563074602511175,0.6465260282332865,0.24165703815104042,-23.565377786230275,17.816364648539682,800.0,98.17938420348058,25.83157315193818
india,cci_reversion,none,equal_slot,none,none,0.15,4.368638243195444,0.35774210729005246,0.509525899029617,0.18992138741783993,-23.002350091220343,13.494063501185893,861.0,98.56091030789827,25.83157315193818
india,cci_reversion,none,equal_slot,none,none,0.25,8.625518485952943,0.6504743800745649,0.9381866744436009,0.40951607573916077,-21.062710347534498,27.7525917931426,813.0,98.33333333333334,25.83157315193818
india,cci_reversion,none,equal_slot,none,0.25,none,4.4584891695832685,0.36817823625711493,0.5181661874187202,0.1799459937089368,-24.77681818687716,13.783551381620995,803.0,98.20615796519411,25.83157315193818
india,cci_reversion,none,equal_slot,none,0.25,0.15,4.191647143702304,0.3488102359699217,0.49217470378839645,0.18296251665124033,-22.909868209193593,12.925248869663996,864.0,98.40696117804552,25.83157315193818
india,cci_reversion,none,equal_slot,none,0.25,0.25,7.728841715113655,0.5914074527308208,0.8435238134344671,0.36204620566326545,-21.347666663028505,24.655933610218117,815.0,98.35341365461846,25.83157315193818
india,cci_reversion,none,equal_slot,0.08,none,none,4.468902222495008,0.3658524102334957,0.5216870867764962,0.18893665873143967,-23.652912317282176,13.8171324523787,988.0,98.60107095046853,25.83157315193818
india,cci_reversion,none,equal_slot,0.08,none,0.15,4.966225907259192,0.39820102881211483,0.5679954395747174,0.23537797056139823,-21.098940973168745,15.42860471333849,987.0,98.70816599732262,25.83157315193818
india,cci_reversion,none,equal_slot,0.08,none,0.25,4.494986468991469,0.3679907346706058,0.5237899890663162,0.19013687605167756,-23.640792687525643,13.90128038904117,988.0,98.60776439089692,25.83157315193818
india,cci_reversion,none,equal_slot,0.08,0.25,none,4.2272731803428165,0.3569818888726391,0.5051743691271651,0.17243689671324977,-24.51489942649843,13.03959184585215,987.0,98.42704149933066,25.83157315193818
india,cci_reversion,none,equal_slot,0.08,0.25,0.15,5.07576031816952,0.4134794902796311,0.596219073666165,0.22784645733523345,-22.27710879305658,15.785546055012055,993.0,98.63453815261045,25.83157315193818
india,cci_reversion,none,equal_slot,0.08,0.25,0.25,4.2272731803428165,0.3569818888726391,0.5051743691271651,0.17243689671324977,-24.51489942649843,13.03959184585215,987.0,98.42704149933066,25.83157315193818
india,cci_reversion,none,equal_slot,0.15,none,none,7.945264900643645,0.6017161095165621,0.8592689575840039,0.37715632951316996,-21.066237734626707,25.398743906950962,835.0,98.39357429718876,25.83157315193818
india,cci_reversion,none,equal_slot,0.15,none,0.15,3.7072756295921883,0.31315154916438204,0.44279201890907216,0.15800495933878603,-23.46303334468914,11.378233750531441,861.0,98.56091030789827,25.83157315193818
india,cci_reversion,none,equal_slot,0.15,none,0.25,5.834967075267494,0.4617618662963278,0.6443980575958896,0.24708916910930653,-23.61482332997866,18.27969302521606,836.0,98.4805890227577,25.83157315193818
india,cci_reversion,none,equal_slot,0.15,0.25,none,7.694560694445141,0.591338991206908,0.8388681750703644,0.3668957829584651,-20.972060873526623,24.538541872531617,840.0,98.11244979919678,25.83157315193818
india,cci_reversion,none,equal_slot,0.15,0.25,0.15,3.6325310653247067,0.3109003698679084,0.43615270307852166,0.1558693316650516,-23.30497620359771,11.140767351008707,864.0,98.40696117804552,25.83157315193818
india,cci_reversion,none,equal_slot,0.15,0.25,0.25,6.2837714179350135,0.4949817395795631,0.695356590656085,0.26289424117955945,-23.902278687204614,19.770701721130358,841.0,98.10575635876842,25.83157315193818
india,cci_reversion,none,equal_slot,0.25,none,none,7.029326651481793,0.5471337326182215,0.7866238060615538,0.32459117976046015,-21.655938576856133,22.274989380663012,808.0,98.44712182061579,25.83157315193818
india,cci_reversion,none,equal_slot,0.25,none,0.15,3.685365504439808,0.3120110811144611,0.44267330552188955,0.1581293021299543,-23.306025226185405,11.308589653768086,861.0,98.56091030789827,25.83157315193818
india,cci_reversion,none,equal_slot,0.25,none,0.25,8.560164019201522,0.6449747107141833,0.9294868967564661,0.40571355726882996,-21.09903370453423,27.52518926709202,813.0,98.33333333333334,25.83157315193818
india,cci_reversion,none,equal_slot,0.25,0.25,none,4.9315523513487225,0.40158832736252076,0.5685657313039387,0.2027197558655925,-24.3269449999656,15.315765536129412,810.0,98.29986613119142,25.83157315193818
india,cci_reversion,none,equal_slot,0.25,0.25,0.15,3.4996375803678648,0.3021924038783783,0.4246734178864019,0.1509395099893529,-23.18569591629604,10.719387975720473,864.0,98.40696117804552,25.83157315193818
india,cci_reversion,none,equal_slot,0.25,0.25,0.25,7.5851958489405735,0.5800686354563528,0.8261566358056049,0.3535453112163439,-21.45466396611038,24.164522856063208,815.0,98.35341365461846,25.83157315193818
india,cci_reversion,bull,equal_slot,none,none,none,-2.474950987250113,-0.16156645135104883,-0.21775260281843142,-0.09547262847258725,-25.923147051102063,-7.150316119179245,600.0,73.26639892904953,25.83157315193818
india,cci_reversion,bull,equal_slot,none,none,0.15,-4.232640394787046,-0.32052804552806696,-0.43378773358898665,-0.15488420381234744,-27.327773204781895,-12.017179986808191,637.0,72.96519410977243,25.83157315193818
india,cci_reversion,bull,equal_slot,none,none,0.25,-2.2233893179097963,-0.14863780423325482,-0.19998189814541165,-0.08630795944886911,-25.761115569265485,-6.439520827447554,603.0,72.8380187416332,25.83157315193818
india,cci_reversion,bull,equal_slot,none,0.25,none,-2.354904794638002,-0.15342255449799508,-0.20701640960938755,-0.09200335383753748,-25.595858155305617,-6.811569634016623,602.0,73.29986613119142,25.83157315193818
india,cci_reversion,bull,equal_slot,none,0.25,0.15,-4.2445634031108455,-0.32843498363284296,-0.44001313827759114,-0.15207109854222975,-27.911703432142577,-12.0496028601771,641.0,73.02543507362785,25.83157315193818
india,cci_reversion,bull,equal_slot,none,0.25,0.25,-1.7019834478960272,-0.09926531268731548,-0.13371951283071118,-0.06670642077714398,-25.51453710253913,-4.9548178407687775,603.0,73.05890227576974,25.83157315193818
india,cci_reversion,bull,equal_slot,0.08,none,none,-2.3798330323479555,-0.15273915729620707,-0.21132627699089407,-0.0992429841670912,-23.979861673054206,-6.881979375498881,713.0,72.48995983935743,25.83157315193818
india,cci_reversion,bull,equal_slot,0.08,none,0.15,-1.9871837133143,-0.12406889879254349,-0.1723898519666378,-0.08217037342154214,-24.183700652300207,-5.768843138256885,717.0,72.52342704149932,25.83157315193818
india,cci_reversion,bull,equal_slot,0.08,none,0.25,-1.905771836594472,-0.11224295054709099,-0.15578480046688573,-0.08051686514229882,-23.669225487435078,-5.536948217681303,713.0,72.55689424364122,25.83157315193818
india,cci_reversion,bull,equal_slot,0.08,0.25,none,-1.7786213266339002,-0.10612309185933676,-0.14648105489003163,-0.07298385336023969,-24.37006604535986,-5.174015136529264,716.0,72.44979919678715,25.83157315193818
india,cci_reversion,bull,equal_slot,0.08,0.25,0.15,-2.102138232756512,-0.14022988161988986,-0.19346891317055992,-0.08025900271906526,-26.19193064377756,-6.095639065406189,722.0,72.43641231593038,25.83157315193818
india,cci_reversion,bull,equal_slot,0.08,0.25,0.25,-1.7786213266339002,-0.10612309185933676,-0.14648105489003163,-0.07298385336023969,-24.37006604535986,-5.174015136529264,716.0,72.44979919678715,25.83157315193818
india,cci_reversion,bull,equal_slot,0.15,none,none,-4.146433787474857,-0.31792028203156875,-0.425076392737952,-0.1407358761684694,-29.462521571339234,-11.782518225175387,618.0,72.76439089692101,25.83157315193818
india,cci_reversion,bull,equal_slot,0.15,none,0.15,-4.720788591036651,-0.3575619684009575,-0.48045202522797453,-0.16891327447182655,-27.948002344978768,-13.338167412563184,637.0,72.96519410977243,25.83157315193818
india,cci_reversion,bull,equal_slot,0.15,none,0.25,-2.6912052914633833,-0.18302049232047227,-0.2466290163623228,-0.10390067237305944,-25.901711990857045,-7.758483378378466,620.0,73.01204819277109,25.83157315193818
india,cci_reversion,bull,equal_slot,0.15,0.25,none,-4.214144058670999,-0.33016196558794375,-0.4377843119547607,-0.1397816233424633,-30.14805492955534,-11.966866250242747,623.0,72.91164658634538,25.83157315193818
india,cci_reversion,bull,equal_slot,0.15,0.25,0.15,-4.647515474503372,-0.36020555713577584,-0.48009332049754705,-0.1629479434670554,-28.521473641322757,-13.14072521164661,641.0,73.02543507362785,25.83157315193818
india,cci_reversion,bull,equal_slot,0.15,0.25,0.25,-2.6199245287777284,-0.18270344933178997,-0.24551437580874802,-0.09788080559057967,-26.76647901465451,-7.55831441261906,624.0,72.99196787148594,25.83157315193818
india,cci_reversion,bull,equal_slot,0.25,none,none,-2.800797864911453,-0.19310081783846456,-0.261114527471725,-0.105833814608076,-26.4641114494774,-8.065678453387704,603.0,73.08567603748327,25.83157315193818
india,cci_reversion,bull,equal_slot,0.25,none,0.15,-4.644836307249212,-0.3523449362682502,-0.47525881568829004,-0.1671528968365144,-27.78794980617142,-13.13350027141139,637.0,72.96519410977243,25.83157315193818
india,cci_reversion,bull,equal_slot,0.25,none,0.25,-2.303732562875682,-0.15528567900101595,-0.20869206758883635,-0.08921178359794227,-25.823186915061513,-6.666923353498144,603.0,72.8380187416332,25.83157315193818
india,cci_reversion,bull,equal_slot,0.25,0.25,none,-2.0940333683779677,-0.1329903462170846,-0.18052920728188615,-0.08234123312095594,-25.43116357392799,-6.072622960158669,605.0,73.12583668005355,25.83157315193818
india,cci_reversion,bull,equal_slot,0.25,0.25,0.15,-4.670016033619662,-0.361825878570959,-0.48302738901254677,-0.16445793373513742,-28.39641680735701,-13.20138701682273,641.0,73.02543507362785,25.83157315193818
india,cci_reversion,bull,equal_slot,0.25,0.25,0.25,-1.8122261261096173,-0.10854751672236637,-0.1460086827487938,-0.0706669858687905,-25.644593494824182,-5.270024874464275,603.0,73.05890227576974,25.83157315193818
india,cci_reversion,"bull,pullback",equal_slot,none,none,none,0.37411671882507935,0.0915661879712285,0.12508665858823975,0.01617273558797521,-23.13255644290898,1.111570267345785,662.0,79.45113788487282,25.83157315193818
india,cci_reversion,"bull,pullback",equal_slot,none,none,0.15,-1.5859595243740365,-0.06597021789773087,-0.09071460416519146,-0.06466936520318269,-24.524123893765758,-4.622331716577155,711.0,79.80589022757697,25.83157315193818
india,cci_reversion,"bull,pullback",equal_slot,none,none,0.25,-1.3375375904358222,-0.048520968238065,-0.06541039971247749,-0.04842466832778792,-27.620996418230337,-3.9078486830527503,666.0,79.35742971887551,25.83157315193818
india,cci_reversion,"bull,pullback",equal_slot,none,0.25,none,0.12631688364381777,0.0718836353586149,0.09793287589500804,0.005337382520471696,-23.666447581623657,0.3744012383460005,665.0,79.57831325301206,25.83157315193818
india,cci_reversion,"bull,pullback",equal_slot,none,0.25,0.15,-1.276021398991234,-0.04260343019955321,-0.058284450620555164,-0.05162950084962429,-24.71496679210137,-3.7303769970709277,716.0,79.8326639892905,25.83157315193818
india,cci_reversion,"bull,pullback",equal_slot,none,0.25,0.25,0.09150000430204752,0.06810588431696031,0.09235703953943497,0.0036262013907179865,-25.233017817559922,0.27111205914489567,668.0,79.65194109772422,25.83157315193818
india,cci_reversion,"bull,pullback",equal_slot,0.08,none,none,-3.211314920127184,-0.19640044534558954,-0.26752296219504396,-0.1129126233274286,-28.440707739247923,-9.210361745250328,806.0,79.90629183400267,25.83157315193818
india,cci_reversion,"bull,pullback",equal_slot,0.08,none,0.15,-1.8459933399377682,-0.08929632575413322,-0.1223397965056257,-0.07026565701049366,-26.271629960879505,-5.366433773467549,808.0,79.90629183400267,25.83157315193818
india,cci_reversion,"bull,pullback",equal_slot,0.08,none,0.25,-2.712145465483551,-0.15741519249210711,-0.21497386102426022,-0.09657314981443137,-28.08384598301942,-7.817232490657999,805.0,79.90629183400267,25.83157315193818
india,cci_reversion,"bull,pullback",equal_slot,0.08,0.25,none,-4.010537180690987,-0.2695994987902569,-0.3632690058886645,-0.12532166662697972,-32.001945781876344,-11.411755009239034,815.0,80.15394912985275,25.83157315193818
india,cci_reversion,"bull,pullback",equal_slot,0.08,0.25,0.15,-2.336062866676425,-0.13134447552473613,-0.17989511256680224,-0.08094025924498434,-28.861568871503025,-6.758327270450549,819.0,80.07362784471216,25.83157315193818
india,cci_reversion,"bull,pullback",equal_slot,0.08,0.25,0.25,-4.010537180690987,-0.2695994987902569,-0.3632690058886645,-0.12532166662697972,-32.001945781876344,-11.411755009239034,815.0,80.15394912985275,25.83157315193818
india,cci_reversion,"bull,pullback",equal_slot,0.15,none,none,-1.7208240462317836,-0.08800957884243792,-0.1200881537286798,-0.06541890945934503,-26.304688666526914,-5.00873620879505,683.0,79.04953145917001,25.83157315193818
india,cci_reversion,"bull,pullback",equal_slot,0.15,none,0.15,-2.128041427698568,-0.1065889705209838,-0.14562354527611315,-0.08461929132841273,-25.14841940048289,-6.169173632327762,711.0,79.80589022757697,25.83157315193818
india,cci_reversion,"bull,pullback",equal_slot,0.15,none,0.25,-1.9969407710306974,-0.11179845335195653,-0.15033883664143396,-0.07615651052956719,-26.22153716267502,-5.7966099770495605,685.0,79.19678714859437,25.83157315193818
india,cci_reversion,"bull,pullback",equal_slot,0.15,0.25,none,-1.6341301542363351,-0.08434315998180834,-0.1143016609665488,-0.0628199552272563,-26.012914977808187,-4.760466126500895,687.0,79.04953145917001,25.83157315193818
india,cci_reversion,"bull,pullback",equal_slot,0.15,0.25,0.15,-1.805980325825185,-0.08400417688904507,-0.11433138969710117,-0.07150216712655,-25.257700548136157,-5.252185342063909,716.0,79.8326639892905,25.83157315193818
india,cci_reversion,"bull,pullback",equal_slot,0.15,0.25,0.25,-1.7569401646440275,-0.09363493869406139,-0.12632522738429083,-0.06608760507827446,-26.585017910137605,-5.112037339308895,690.0,79.20348058902276,25.83157315193818
india,cci_reversion,"bull,pullback",equal_slot,0.25,none,none,-0.9258706666430916,-0.013751251855051598,-0.01874522615929718,-0.035310604324884164,-26.22075391642646,-2.716071415029453,665.0,79.49799196787149,25.83157315193818
india,cci_reversion,"bull,pullback",equal_slot,0.25,none,0.15,-2.019722789998657,-0.0986990490489302,-0.13534956318108357,-0.08102865899139991,-24.9260300631783,-5.861422426782282,711.0,79.80589022757697,25.83157315193818
india,cci_reversion,"bull,pullback",equal_slot,0.25,none,0.25,-1.430761800729352,-0.05566431643250321,-0.07495808112546004,-0.0516169239643173,-27.71885054054045,-4.176383552462115,666.0,79.35742971887551,25.83157315193818
india,cci_reversion,"bull,pullback",equal_slot,0.25,0.25,none,-0.29619194817689376,0.03673858597314799,0.05020867288366173,-0.011702372009263776,-25.31041979715084,-0.8742790619251317,668.0,79.59170013386881,25.83157315193818
india,cci_reversion,"bull,pullback",equal_slot,0.25,0.25,0.15,-1.7994816649511858,-0.08343868098838433,-0.11376910161383413,-0.07180039768514812,-25.062279917196168,-5.233621216553653,716.0,79.8326639892905,25.83157315193818
india,cci_reversion,"bull,pullback",equal_slot,0.25,0.25,0.25,-0.07447540833421806,0.05468944399108746,0.07403761949433661,-0.0029204449851578484,-25.501390614345954,-0.22030995132550357,668.0,79.65194109772422,25.83157315193818
india,short_term_reversal,none,equal_slot,none,none,none,16.668932497514067,1.0161723310131865,1.5014415978841078,0.8629182157962206,-19.31693200164227,57.83696417550017,718.0,99.81927710843375,25.83157315193818
india,short_term_reversal,none,equal_slot,none,none,0.15,15.429149417071898,0.8936915421125039,1.3200549630748293,0.5845406120725193,-26.395342083019763,52.92329571309069,819.0,99.8259705488621,25.83157315193818
india,short_term_reversal,none,equal_slot,none,none,0.25,12.253521277779654,0.7564743701889698,1.0939061990729009,0.5095607576613914,-24.047223208507457,40.80168669649811,724.0,99.85274431057563,25.83157315193818
india,short_term_reversal,none,equal_slot,none,0.25,none,16.648375681592764,0.9629839977222732,1.4377790871640335,0.786664858823584,-21.163238061109706,57.75465038087566,730.0,99.80589022757698,25.83157315193818
india,short_term_reversal,none,equal_slot,none,0.25,0.15,16.689320246136475,1.0041713361295057,1.459363263576795,0.8216550712748815,-20.311832579869915,57.91862907580831,849.0,99.83935742971887,25.83157315193818
india,short_term_reversal,none,equal_slot,none,0.25,0.25,12.385977397342241,0.7646165540377783,1.1025184668135877,0.5031585693073719,-24.616449272427744,41.29408935134147,743.0,99.80589022757698,25.83157315193818
india,short_term_reversal,none,equal_slot,0.08,none,none,11.159113275869714,0.6909927509326524,0.9937765157876417,0.4516609204779721,-24.706838183078876,36.77666303104825,962.0,99.8259705488621,25.83157315193818
india,short_term_reversal,none,equal_slot,0.08,none,0.15,7.607575414134837,0.4919713382005955,0.6975077459204758,0.2676528112409048,-28.423297251630693,24.240998560389215,1008.0,99.79919678714859,25.83157315193818
india,short_term_reversal,none,equal_slot,0.08,none,0.25,9.643274677521418,0.6018678624077032,0.8619447061197812,0.377277507276041,-25.560163252631344,31.328627863350267,966.0,99.83266398929051,25.83157315193818
india,short_term_reversal,none,equal_slot,0.08,0.25,none,12.292117015031522,0.7635860840436545,1.1006337670807045,0.5415087572572008,-22.699756652676122,40.945047974093505,1025.0,99.81927710843375,25.83157315193818
india,short_term_reversal,none,equal_slot,0.08,0.25,0.15,13.432288745402655,0.8336749937745056,1.214769048418207,0.5698721829744853,-23.570704355653827,45.22386601944641,1046.0,99.79250334672022,25.83157315193818
india,short_term_reversal,none,equal_slot,0.08,0.25,0.25,12.292117015031522,0.7635860840436545,1.1006337670807045,0.5415087572572008,-22.699756652676122,40.945047974093505,1025.0,99.81927710843375,25.83157315193818
india,short_term_reversal,none,equal_slot,0.15,none,none,15.210556303421296,0.9209119475188857,1.3347908339917545,0.668585840197088,-22.75034167480645,52.06758585864113,763.0,99.83266398929051,25.83157315193818
india,short_term_reversal,none,equal_slot,0.15,none,0.15,14.612927562228561,0.8406392304117865,1.2353629116938363,0.5370539558933691,-27.20942170125254,49.74429230864435,819.0,99.8259705488621,25.83157315193818
india,short_term_reversal,none,equal_slot,0.15,none,0.25,11.516904994763898,0.6955074503482148,0.9984728305944423,0.4064861293862688,-28.33283638030317,38.084052237119906,767.0,99.8259705488621,25.83157315193818
india,short_term_reversal,none,equal_slot,0.15,0.25,none,15.582677886626062,0.9327887860849682,1.3525791293744613,0.7002780857413252,-22.252128410001575,53.52620422122054,791.0,99.80589022757698,25.83157315193818
india,short_term_reversal,none,equal_slot,0.15,0.25,0.15,15.795781270347241,0.9418609486629901,1.3603315185353595,0.7492784530914126,-21.08132324528508,54.36566997102514,849.0,99.83935742971887,25.83157315193818
india,short_term_reversal,none,equal_slot,0.15,0.25,0.25,14.685933718443644,0.8742719746004612,1.263247875524286,0.6074645564217022,-24.175786987395302,50.02683596477509,791.0,99.80589022757698,25.83157315193818
india,short_term_reversal,none,equal_slot,0.25,none,none,13.186853830385648,0.8243557956961034,1.1930467895708827,0.6002580685647014,-21.968640691356647,44.29563827021352,720.0,99.83935742971887,25.83157315193818
india,short_term_reversal,none,equal_slot,0.25,none,0.15,15.075251343070528,0.8697411509005653,1.2823508886876367,0.5658478024221781,-26.64188369830039,51.539509942610984,819.0,99.8259705488621,25.83157315193818
india,short_term_reversal,none,equal_slot,0.25,none,0.25,12.055312036508091,0.7431737974860185,1.0733722570342938,0.4975498278832943,-24.229356259240422,40.06697286919412,724.0,99.85274431057563,25.83157315193818
india,short_term_reversal,none,equal_slot,0.25,0.25,none,11.34184692581728,0.7080045563149543,1.0175595277199663,0.46394939816922565,-24.446301623782553,37.44335207551042,736.0,99.80589022757698,25.83157315193818
india,short_term_reversal,none,equal_slot,0.25,0.25,0.15,16.35925890278145,0.9800334812081247,1.421390568767848,0.7985197816330769,-20.4869801338229,56.59997592572166,849.0,99.83935742971887,25.83157315193818
india,short_term_reversal,none,equal_slot,0.25,0.25,0.25,12.209564152332542,0.7522926687665004,1.0831832898883544,0.493742211655612,-24.72862126045804,40.638528553492684,743.0,99.80589022757698,25.83157315193818
india,short_term_reversal,bull,equal_slot,none,none,none,3.632352744938383,0.3274923821227766,0.452496861235418,0.14940144751668963,-24.312701150587,11.140201221442902,518.0,73.74832663989291,25.83157315193818
india,short_term_reversal,bull,equal_slot,none,none,0.15,0.4424111413406484,0.10082563724386892,0.13651837388300117,0.014942595515734854,-29.607382524326553,1.3153646641621108,581.0,72.94511378848728,25.83157315193818
india,short_term_reversal,bull,equal_slot,none,none,0.25,0.9581135207630931,0.1382662794733446,0.1889970190467774,0.03325116179847481,-28.814437419357798,2.863037846020111,522.0,73.45381526104417,25.83157315193818
india,short_term_reversal,bull,equal_slot,none,0.25,none,1.3441954196551364,0.1668031593858562,0.22930011888174506,0.049999415498571606,-26.884222670433772,4.0318982736180065,529.0,73.64123159303882,25.83157315193818
india,short_term_reversal,bull,equal_slot,none,0.25,0.15,4.107219832510456,0.3695529341253556,0.5058038609538158,0.17886486807410962,-22.96269735210773,12.654582423832505,599.0,72.91164658634538,25.83157315193818
india,short_term_reversal,bull,equal_slot,none,0.25,0.25,0.5020345322568565,0.10409300921743248,0.1422126947690796,0.017883175432276445,-28.07300829531424,1.4935064496187644,538.0,73.20615796519412,25.83157315193818
india,short_term_reversal,bull,equal_slot,0.08,none,none,-0.8504828417594257,0.007882318522425194,0.010641671342862384,-0.026376562388607576,-32.24388490164896,-2.4967686023918745,688.0,71.77376171352076,25.83157315193818
india,short_term_reversal,bull,equal_slot,0.08,none,0.15,-2.815868808283639,-0.13658578598249305,-0.1819360125753016,-0.08138449344215533,-34.59957406118207,-8.107870218645996,709.0,71.86746987951807,25.83157315193818
india,short_term_reversal,bull,equal_slot,0.08,none,0.25,-1.8945109400569038,-0.06827849804521946,-0.091508843139625,-0.05849409739369092,-32.38807032624189,-5.504842776803076,688.0,71.72690763052209,25.83157315193818
india,short_term_reversal,bull,equal_slot,0.08,0.25,none,0.024678597418104076,0.0674832269466695,0.09162622737939183,0.0007878864167732919,-31.322531893839145,0.0730741558197412,719.0,71.65327978580991,25.83157315193818
india,short_term_reversal,bull,equal_slot,0.08,0.25,0.15,1.0591278908829382,0.1460649797967452,0.20119119097406862,0.035371583843218105,-29.94290262990324,3.168013666528635,727.0,71.93440428380187,25.83157315193818
india,short_term_reversal,bull,equal_slot,0.08,0.25,0.25,0.024678597418104076,0.0674832269466695,0.09162622737939183,0.0007878864167732919,-31.322531893839145,0.0730741558197412,719.0,71.65327978580991,25.83157315193818
india,short_term_reversal,bull,equal_slot,0.15,none,none,0.6555791041383152,0.11578514350851757,0.15570656036549738,0.020953833769361635,-31.286833300018476,1.9532189666795041,545.0,73.01874163319947,25.83157315193818
india,short_term_reversal,bull,equal_slot,0.15,none,0.15,-0.33885475693181677,0.045206321169485496,0.06079120637634158,-0.011038265158783651,-30.69818962105423,-0.9997895982291505,581.0,72.94511378848728,25.83157315193818
india,short_term_reversal,bull,equal_slot,0.15,none,0.25,0.5692371232139726,0.10920630256004274,0.14704822114493585,0.018725557133674364,-30.39894189264508,1.694541745047351,544.0,72.81124497991968,25.83157315193818
india,short_term_reversal,bull,equal_slot,0.15,0.25,none,1.3160590931684757,0.16551802700773535,0.22437143155897232,0.04449194679150152,-29.579714714121213,3.9464201188351478,562.0,72.95180722891567,25.83157315193818
india,short_term_reversal,bull,equal_slot,0.15,0.25,0.15,3.2559547439029224,0.30475218147756444,0.41385879295411016,0.13673104839182232,-23.812841210523885,9.949468251946914,599.0,72.91164658634538,25.83157315193818
india,short_term_reversal,bull,equal_slot,0.15,0.25,0.25,1.3873388187135793,0.17109074684183131,0.2320094332063796,0.04713595878897866,-29.43270603499355,4.163058298840894,561.0,72.85809906291834,25.83157315193818
india,short_term_reversal,bull,equal_slot,0.25,none,none,-0.28511865731754016,0.048576763205186065,0.06571884848068885,-0.00894786895570055,-31.86442031383299,-0.841685120334934,522.0,73.66131191432397,25.83157315193818
india,short_term_reversal,bull,equal_slot,0.25,none,0.15,0.09866621117546881,0.07623360820353317,0.10296761669980796,0.0032770784029871095,-30.10798004879376,0.29236586642589213,581.0,72.94511378848728,25.83157315193818
india,short_term_reversal,bull,equal_slot,0.25,none,0.25,0.7845081207225268,0.12583156485906932,0.1717401758379477,0.027078339929708782,-28.97179527101697,2.34029579681152,522.0,73.45381526104417,25.83157315193818
india,short_term_reversal,bull,equal_slot,0.25,0.25,none,-1.5679136455136966,-0.05182231262717226,-0.06970724844967499,-0.0474952767377048,-33.01199094328018,-4.570549097141674,535.0,73.35341365461846,25.83157315193818
india,short_term_reversal,bull,equal_slot,0.25,0.25,0.15,3.792372723197124,0.34512654403936854,0.4710799086698899,0.16401694103444067,-23.12183545967238,11.648999268753979,599.0,72.91164658634538,25.83157315193818
india,short_term_reversal,bull,equal_slot,0.25,0.25,0.25,0.3064804359381501,0.08956330205019412,0.12213682305839586,0.010823674766445813,-28.315746966849186,0.9100075220298098,538.0,73.20615796519412,25.83157315193818
india,short_term_reversal,"bull,pullback",equal_slot,none,none,none,9.513497818356287,0.7515581739906035,1.0778538870443792,0.6868317720011837,-13.851278007476758,30.86899718375602,578.0,80.17402945113788,25.83157315193818
india,short_term_reversal,"bull,pullback",equal_slot,none,none,0.15,7.389424908281383,0.5884222603947672,0.8221591879995855,0.3538034374800316,-20.88567867206897,23.496860815083267,649.0,80.43507362784472,25.83157315193818
india,short_term_reversal,"bull,pullback",equal_slot,none,none,0.25,8.00083287230402,0.6323054719662529,0.8961978688142989,0.4549493702565936,-17.58620496120593,25.589936706204995,586.0,80.66934404283803,25.83157315193818
india,short_term_reversal,"bull,pullback",equal_slot,none,0.25,none,7.469464859318942,0.6004124320171979,0.8444156682426888,0.4175102345201589,-17.890495230382882,23.769542978084246,598.0,81.08433734939759,25.83157315193818
india,short_term_reversal,"bull,pullback",equal_slot,none,0.25,0.15,10.45288729431888,0.8085736469443546,1.1402966472778684,0.5831189055283719,-17.925824724971623,34.220188122293884,670.0,80.45515394912985,25.83157315193818
india,short_term_reversal,"bull,pullback",equal_slot,none,0.25,0.25,7.479958384663177,0.5978323798223638,0.8365866894412531,0.3886916014424548,-19.243941358405124,23.805322123787185,610.0,81.23828647925035,25.83157315193818
india,short_term_reversal,"bull,pullback",equal_slot,0.08,none,none,3.506421825775119,0.31284750191412797,0.43264685937493924,0.1416464077380358,-24.754752921514097,10.740873828005416,766.0,80.34136546184737,25.83157315193818
india,short_term_reversal,"bull,pullback",equal_slot,0.08,none,0.15,2.4101240948022795,0.23906017396671908,0.3250521419145099,0.09572059407001436,-25.178741505087253,7.30457652085863,796.0,80.38152610441767,25.83157315193818
india,short_term_reversal,"bull,pullback",equal_slot,0.08,none,0.25,2.1847477102375112,0.22248765355855935,0.30517258263835073,0.08629931734063996,-25.31593270447196,6.607011173917354,769.0,80.41499330655958,25.83157315193818
india,short_term_reversal,"bull,pullback",equal_slot,0.08,0.25,none,4.452705302347604,0.3918684565286497,0.5397088559835282,0.1983123561347192,-22.452989763899307,13.76490181359764,809.0,80.40160642570282,25.83157315193818
india,short_term_reversal,"bull,pullback",equal_slot,0.08,0.25,0.15,6.66985643036393,0.5490060372961036,0.7716388147190023,0.3409140829870408,-19.564625702533597,21.06326026518184,818.0,80.29451137884874,25.83157315193818
india,short_term_reversal,"bull,pullback",equal_slot,0.08,0.25,0.25,4.452705302347604,0.3918684565286497,0.5397088559835282,0.1983123561347192,-22.452989763899307,13.76490181359764,809.0,80.40160642570282,25.83157315193818
india,short_term_reversal,"bull,pullback",equal_slot,0.15,none,none,6.71265330298787,0.5462849005876712,0.7595614196856659,0.31079733827094874,-21.59816856969307,21.20710426457959,617.0,80.88353413654617,25.83157315193818
india,short_term_reversal,"bull,pullback",equal_slot,0.15,none,0.15,6.646948001751318,0.5316887467826186,0.7374261464096072,0.3061816766834644,-21.70916324500712,20.986309521791814,649.0,80.43507362784472,25.83157315193818
india,short_term_reversal,"bull,pullback",equal_slot,0.15,none,0.25,5.196919942092726,0.43393652604131616,0.6010731798933523,0.21634581803127553,-24.021356129663875,16.18122118137397,620.0,81.0508701472557,25.83157315193818
india,short_term_reversal,"bull,pullback",equal_slot,0.15,0.25,none,8.616537996255724,0.6863528648295414,0.9615131901352807,0.46819556982391464,-18.403715352318155,27.7213280502832,635.0,80.7362784471218,25.83157315193818
india,short_term_reversal,"bull,pullback",equal_slot,0.15,0.25,0.15,9.692741638075276,0.746330585880372,1.0439571758116437,0.5225564757399437,-18.548696816646054,31.504105976906782,670.0,80.45515394912985,25.83157315193818
india,short_term_reversal,"bull,pullback",equal_slot,0.15,0.25,0.25,8.162061899427563,0.6519652652680475,0.9121938820482831,0.43883819597751,-18.599251328263737,26.145770014613245,636.0,80.79651941097724,25.83157315193818
india,short_term_reversal,"bull,pullback",equal_slot,0.25,none,none,9.093995426760348,0.7166246084633814,1.0232714634118083,0.6381035239615716,-14.251598816288649,29.39053510445284,582.0,80.34805890227578,25.83157315193818
india,short_term_reversal,"bull,pullback",equal_slot,0.25,none,0.15,7.088098341486204,0.5647107969846011,0.7870755540960581,0.33709527564132574,-21.026988076296995,22.473862017347045,649.0,80.43507362784472,25.83157315193818
india,short_term_reversal,"bull,pullback",equal_slot,0.25,none,0.25,7.835242598855596,0.618896249900777,0.875808000195559,0.44235766700868445,-17.712460262843763,25.020758824987265,586.0,80.66934404283803,25.83157315193818
india,short_term_reversal,"bull,pullback",equal_slot,0.25,0.25,none,6.441396883447337,0.5263104460777227,0.7293743352699733,0.3337874849434262,-19.29789813581265,20.297300021924624,605.0,81.08433734939759,25.83157315193818
india,short_term_reversal,"bull,pullback",equal_slot,0.25,0.25,0.15,10.172654216402567,0.7847716995117476,1.103644937754279,0.5638752016697114,-18.040612863058968,33.21460496721536,670.0,80.45515394912985,25.83157315193818
india,short_term_reversal,"bull,pullback",equal_slot,0.25,0.25,0.25,7.305175576667344,0.5837415405034284,0.8154659831897736,0.3771260618787384,-19.37064635701645,23.210268094807706,610.0,81.23828647925035,25.83157315193818
india,turn_of_month,none,equal_slot,none,none,none,-2.4725129574571736,-0.17373372409800011,-0.20947530241394993,-0.12671943353364495,-19.511710938959517,-7.143444609084937,720.0,21.02409638554217,25.83157315193818
india,turn_of_month,none,equal_slot,none,none,0.15,-1.8839493622492043,-0.133928510096364,-0.16642317613099003,-0.10462753940250284,-18.00624742785586,-5.474724566600752,729.0,21.02409638554217,25.83157315193818
india,turn_of_month,none,equal_slot,none,none,0.25,-2.838336570023603,-0.1985483423968389,-0.23657973380011071,-0.13948640525463468,-20.34848173800288,-8.170745890973485,722.0,21.02409638554217,25.83157315193818
india,turn_of_month,none,equal_slot,none,0.25,none,-2.1622366866704934,-0.14571098831078524,-0.17603287078098626,-0.10582740687476332,-20.4317270027158,-6.2661894861848255,724.0,21.05087014725569,25.83157315193818
india,turn_of_month,none,equal_slot,none,0.25,0.15,-1.6190601533347504,-0.10821909578612818,-0.13463212501221009,-0.08494826868411903,-19.05936611086497,-4.717265543968974,733.0,21.05087014725569,25.83157315193818
india,turn_of_month,none,equal_slot,none,0.25,0.25,-2.522699727271427,-0.17127955307914147,-0.20448098596496395,-0.11882643546658987,-21.230122046206866,-7.284826568623492,726.0,21.05087014725569,25.83157315193818
india,turn_of_month,none,equal_slot,0.08,none,none,-2.8329056827374854,-0.2319515865644676,-0.2839905842447122,-0.1457608405016815,-19.43530013264986,-8.155550251376042,753.0,21.09772423025435,25.83157315193818
india,turn_of_month,none,equal_slot,0.08,none,0.15,-2.8488598892569827,-0.23376531454201768,-0.2860563692459862,-0.14628815597704603,-19.47430309876895,-8.200185432510931,753.0,21.09772423025435,25.83157315193818
india,turn_of_month,none,equal_slot,0.08,none,0.25,-2.8329056827374854,-0.2319515865644676,-0.2839905842447122,-0.1457608405016815,-19.43530013264986,-8.155550251376042,753.0,21.09772423025435,25.83157315193818
india,turn_of_month,none,equal_slot,0.08,0.25,none,-2.809798232076033,-0.22927937155348005,-0.2803260301092268,-0.13924491018329518,-20.178821821044316,-8.090876917553857,757.0,21.12449799196787,25.83157315193818
india,turn_of_month,none,equal_slot,0.08,0.25,0.15,-2.845561054806378,-0.23317177901464475,-0.28490187184081367,-0.1404147072137055,-20.26540603382486,-8.190957441464008,757.0,21.12449799196787,25.83157315193818
india,turn_of_month,none,equal_slot,0.08,0.25,0.25,-2.809798232076033,-0.22927937155348005,-0.2803260301092268,-0.13924491018329518,-20.178821821044316,-8.090876917553857,757.0,21.12449799196787,25.83157315193818
india,turn_of_month,none,equal_slot,0.15,none,none,-2.797676866710719,-0.19693449733817792,-0.2355056848654123,-0.13823937397154887,-20.237916205310004,-8.05693947936177,727.0,21.02409638554217,25.83157315193818
india,turn_of_month,none,equal_slot,0.15,none,0.15,-2.9403851879851506,-0.21070149812275007,-0.2513653425950784,-0.14273480130214822,-20.60033825780718,-8.45596877160989,729.0,21.02409638554217,25.83157315193818
india,turn_of_month,none,equal_slot,0.15,none,0.25,-2.797676866710719,-0.19693449733817792,-0.2355056848654123,-0.13823937397154887,-20.237916205310004,-8.05693947936177,727.0,21.02409638554217,25.83157315193818
india,turn_of_month,none,equal_slot,0.15,0.25,none,-2.506725250337105,-0.17136930905752534,-0.20528171718010282,-0.11828590213928923,-21.1920880257165,-7.239840088553551,731.0,21.05087014725569,25.83157315193818
india,turn_of_month,none,equal_slot,0.15,0.25,0.15,-2.6871377160269994,-0.18875430292011372,-0.22552104747950957,-0.12428411405600558,-21.62092666819918,-7.747068638008536,733.0,21.05087014725569,25.83157315193818
india,turn_of_month,none,equal_slot,0.15,0.25,0.25,-2.506725250337105,-0.17136930905752534,-0.20528171718010282,-0.11828590213928923,-21.1920880257165,-7.239840088553551,731.0,21.05087014725569,25.83157315193818
india,turn_of_month,none,equal_slot,0.25,none,none,-2.4899974631442,-0.17532477988140818,-0.21159581678633627,-0.12776186262316716,-19.489364134338217,-7.1927166853755224,722.0,21.02409638554217,25.83157315193818
india,turn_of_month,none,equal_slot,0.25,none,0.15,-1.8839493622492043,-0.133928510096364,-0.16642317613099003,-0.10462753940250284,-18.00624742785586,-5.474724566600752,729.0,21.02409638554217,25.83157315193818
india,turn_of_month,none,equal_slot,0.25,none,0.25,-2.838336570023603,-0.1985483423968389,-0.23657973380011071,-0.13948640525463468,-20.34848173800288,-8.170745890973485,722.0,21.02409638554217,25.83157315193818
india,turn_of_month,none,equal_slot,0.25,0.25,none,-2.18016870384814,-0.14735667874473843,-0.17818689497486145,-0.10680870474822053,-20.411900968066576,-6.3170381058210605,726.0,21.05087014725569,25.83157315193818
india,turn_of_month,none,equal_slot,0.25,0.25,0.15,-1.6190601533347504,-0.10821909578612818,-0.13463212501221009,-0.08494826868411903,-19.05936611086497,-4.717265543968974,733.0,21.05087014725569,25.83157315193818
india,turn_of_month,none,equal_slot,0.25,0.25,0.25,-2.522699727271427,-0.17127955307914147,-0.20448098596496395,-0.11882643546658987,-21.230122046206866,-7.284826568623492,726.0,21.05087014725569,25.83157315193818
india,turn_of_month,bull,equal_slot,none,none,none,-3.5289832293253554,-0.30886740345451663,-0.3634848241334986,-0.14498457520261812,-24.340404656105992,-10.089639298704833,500.0,14.725568942436412,25.83157315193818
india,turn_of_month,bull,equal_slot,none,none,0.15,-3.372030475083243,-0.3289595771973527,-0.39765081931038787,-0.15045458888132626,-22.412280676550132,-9.6559162786372,507.0,14.698795180722893,25.83157315193818
india,turn_of_month,bull,equal_slot,none,none,0.25,-3.879998185528022,-0.32810823454931465,-0.3814954576132006,-0.15467989054338402,-25.084050498728374,-11.05463856656228,501.0,14.725568942436412,25.83157315193818
india,turn_of_month,bull,equal_slot,none,0.25,none,-2.885348166962376,-0.246905725097284,-0.29193732312973414,-0.11805140621769929,-24.44145528975308,-8.30221491088663,504.0,14.752342704149932,25.83157315193818
india,turn_of_month,bull,equal_slot,none,0.25,0.15,-2.7702693281568713,-0.2654040121377903,-0.3224685594358304,-0.12233710298574085,-22.644555580818057,-7.980173171794968,511.0,14.725568942436412,25.83157315193818
india,turn_of_month,bull,equal_slot,none,0.25,0.25,-3.2513855274397097,-0.2704318636088077,-0.3158102141747353,-0.12894477432865964,-25.215333807576002,-9.321586040842822,505.0,14.752342704149932,25.83157315193818
india,turn_of_month,bull,equal_slot,0.08,none,none,-3.945203094737848,-0.3969923862314664,-0.4710042149523166,-0.17126266543699245,-23.035978592714876,-11.233139016455285,523.0,14.738955823293171,25.83157315193818
india,turn_of_month,bull,equal_slot,0.08,none,0.15,-3.9223959333701486,-0.3943477280810703,-0.46792424227468893,-0.17066334451582596,-22.98323605750277,-11.17073071039255,523.0,14.738955823293171,25.83157315193818
india,turn_of_month,bull,equal_slot,0.08,none,0.25,-3.945203094737848,-0.3969923862314664,-0.4710042149523166,-0.17126266543699245,-23.035978592714876,-11.233139016455285,523.0,14.738955823293171,25.83157315193818
india,turn_of_month,bull,equal_slot,0.08,0.25,none,-3.5926311914068476,-0.35943062904325745,-0.4273681806095742,-0.15627096176077443,-22.989755428181116,-10.265130277374334,527.0,14.765729585006692,25.83157315193818
india,turn_of_month,bull,equal_slot,0.08,0.25,0.15,-3.5926311914068476,-0.35943062904325745,-0.4273681806095742,-0.15627096176077443,-22.989755428181116,-10.265130277374334,527.0,14.765729585006692,25.83157315193818
india,turn_of_month,bull,equal_slot,0.08,0.25,0.25,-3.5926311914068476,-0.35943062904325745,-0.4273681806095742,-0.15627096176077443,-22.989755428181116,-10.265130277374334,527.0,14.765729585006692,25.83157315193818
india,turn_of_month,bull,equal_slot,0.15,none,none,-4.372624264710612,-0.38489063777941296,-0.44663715887555466,-0.17477360171486817,-25.01879129231579,-12.397346864363822,505.0,14.698795180722893,25.83157315193818
india,turn_of_month,bull,equal_slot,0.15,none,0.15,-4.48808251382502,-0.39664212744987976,-0.4598072032586162,-0.17965755535387812,-24.981317957848635,-12.710087429840645,507.0,14.698795180722893,25.83157315193818
india,turn_of_month,bull,equal_slot,0.15,none,0.25,-4.372624264710612,-0.38489063777941296,-0.44663715887555466,-0.17477360171486817,-25.01879129231579,-12.397346864363822,505.0,14.698795180722893,25.83157315193818
india,turn_of_month,bull,equal_slot,0.15,0.25,none,-3.7293729509819795,-0.32527592765142066,-0.3791222447167869,-0.1483935370886973,-25.131639990176062,-10.641388969505517,509.0,14.725568942436412,25.83157315193818
india,turn_of_month,bull,equal_slot,0.15,0.25,0.15,-3.8663189666106823,-0.3393639245608224,-0.3951004349833639,-0.15375188985652075,-25.14648093248597,-11.017161145431508,511.0,14.725568942436412,25.83157315193818
india,turn_of_month,bull,equal_slot,0.15,0.25,0.25,-3.7293729509819795,-0.32527592765142066,-0.3791222447167869,-0.1483935370886973,-25.131639990176062,-10.641388969505517,509.0,14.725568942436412,25.83157315193818
india,turn_of_month,bull,equal_slot,0.25,none,none,-3.5579570870801214,-0.3111309710778374,-0.36634441343650587,-0.14614050970006315,-24.34613848263172,-10.16955454477052,501.0,14.725568942436412,25.83157315193818
india,turn_of_month,bull,equal_slot,0.25,none,0.15,-3.372030475083243,-0.3289595771973527,-0.39765081931038787,-0.15045458888132626,-22.412280676550132,-9.6559162786372,507.0,14.698795180722893,25.83157315193818
india,turn_of_month,bull,equal_slot,0.25,none,0.25,-3.879998185528022,-0.32810823454931465,-0.3814954576132006,-0.15467989054338402,-25.084050498728374,-11.05463856656228,501.0,14.725568942436412,25.83157315193818
india,turn_of_month,bull,equal_slot,0.25,0.25,none,-2.915355269950204,-0.24942141132762694,-0.2950656796755485,-0.11923563893025757,-24.450368162621512,-8.38606526638176,505.0,14.752342704149932,25.83157315193818
india,turn_of_month,bull,equal_slot,0.25,0.25,0.15,-2.7702693281568713,-0.2654040121377903,-0.3224685594358304,-0.12233710298574085,-22.644555580818057,-7.980173171794968,511.0,14.725568942436412,25.83157315193818
india,turn_of_month,bull,equal_slot,0.25,0.25,0.25,-3.2513855274397097,-0.2704318636088077,-0.3158102141747353,-0.12894477432865964,-25.215333807576002,-9.321586040842822,505.0,14.752342704149932,25.83157315193818
india,turn_of_month,"bull,pullback",equal_slot,none,none,none,-1.6926632969643696,-0.11657418942498358,-0.1394773684695961,-0.08716708106844577,-19.41860707295278,-4.928137771991581,580.0,16.867469879518072,25.83157315193818
india,turn_of_month,"bull,pullback",equal_slot,none,none,0.15,-1.077378467081913,-0.06738393796603567,-0.083372375233668,-0.06039309567032416,-17.83943106614608,-3.155818515761666,587.0,16.867469879518072,25.83157315193818
india,turn_of_month,"bull,pullback",equal_slot,none,none,0.25,-2.1018977567053287,-0.14830953675735833,-0.174993398893911,-0.10394416457546057,-20.221411805945195,-6.094956217913127,581.0,16.867469879518072,25.83157315193818
india,turn_of_month,"bull,pullback",equal_slot,none,0.25,none,-1.3185770930833618,-0.07981844065229507,-0.09582989739266126,-0.06492996921572498,-20.307680860012233,-3.8531715442843506,584.0,16.894243641231594,25.83157315193818
india,turn_of_month,"bull,pullback",equal_slot,none,0.25,0.15,-0.7880571182534934,-0.036575601650328346,-0.045353720982089646,-0.041622481937933276,-18.93344850094789,-2.3149249023221463,591.0,16.894243641231594,25.83157315193818
india,turn_of_month,"bull,pullback",equal_slot,none,0.25,0.25,-1.7170707841897004,-0.11211498101473345,-0.13273926267398953,-0.08149489625992573,-21.06967261745018,-4.997996671039839,585.0,16.894243641231594,25.83157315193818
india,turn_of_month,"bull,pullback",equal_slot,0.08,none,none,-1.8078458137347875,-0.14913566784791876,-0.18158829674379692,-0.09690319051445881,-18.656205271848517,-5.257513864533559,607.0,16.927710843373493,25.83157315193818
india,turn_of_month,"bull,pullback",equal_slot,0.08,none,0.15,-1.8281109171783383,-0.15153710513720114,-0.1843799006527243,-0.09776420983909284,-18.699183680686122,-5.315385698481279,607.0,16.927710843373493,25.83157315193818
india,turn_of_month,"bull,pullback",equal_slot,0.08,none,0.25,-1.8078458137347875,-0.14913566784791876,-0.18158829674379692,-0.09690319051445881,-18.656205271848517,-5.257513864533559,607.0,16.927710843373493,25.83157315193818
india,turn_of_month,"bull,pullback",equal_slot,0.08,0.25,none,-1.7339893760205172,-0.1405059048822196,-0.17099230419717645,-0.08980593110302162,-19.308183264993453,-5.046400965300457,611.0,16.954484605087014,25.83157315193818
india,turn_of_month,"bull,pullback",equal_slot,0.08,0.25,0.15,-1.778507396542195,-0.1455994003658752,-0.1770378583779464,-0.09166724807433232,-19.401775813101928,-5.173689525907477,611.0,16.954484605087014,25.83157315193818
india,turn_of_month,"bull,pullback",equal_slot,0.08,0.25,0.25,-1.7339893760205172,-0.1405059048822196,-0.17099230419717645,-0.08980593110302162,-19.308183264993453,-5.046400965300457,611.0,16.954484605087014,25.83157315193818
india,turn_of_month,"bull,pullback",equal_slot,0.15,none,none,-2.0508967402011247,-0.14542773619534807,-0.17228195379010214,-0.10163676581229218,-20.17868951073101,-5.950061182058297,585.0,16.867469879518072,25.83157315193818
india,turn_of_month,"bull,pullback",equal_slot,0.15,none,0.15,-2.198593962451767,-0.16049901424450824,-0.18957967123069513,-0.10866703864667783,-20.232390519082045,-6.3692663468172706,587.0,16.867469879518072,25.83157315193818
india,turn_of_month,"bull,pullback",equal_slot,0.15,none,0.25,-2.0508967402011247,-0.14542773619534807,-0.17228195379010214,-0.10163676581229218,-20.17868951073101,-5.950061182058297,585.0,16.867469879518072,25.83157315193818
india,turn_of_month,"bull,pullback",equal_slot,0.15,0.25,none,-1.6941482906190908,-0.11138490508192284,-0.1323511589739357,-0.08031304811584036,-21.094309459846652,-4.932389079548272,589.0,16.894243641231594,25.83157315193818
india,turn_of_month,"bull,pullback",equal_slot,0.15,0.25,0.15,-1.8904339594014496,-0.13128377885876785,-0.1554990691793429,-0.08911247694257222,-21.214021024460173,-5.493217297370445,591.0,16.894243641231594,25.83157315193818
india,turn_of_month,"bull,pullback",equal_slot,0.15,0.25,0.25,-1.6941482906190908,-0.11138490508192284,-0.1323511589739357,-0.08031304811584036,-21.094309459846652,-4.932389079548272,589.0,16.894243641231594,25.83157315193818
india,turn_of_month,"bull,pullback",equal_slot,0.25,none,none,-1.7259922535936,-0.11958224369144517,-0.14313808268562705,-0.08885952686724709,-19.42382898540716,-5.023523137912777,581.0,16.867469879518072,25.83157315193818
india,turn_of_month,"bull,pullback",equal_slot,0.25,none,0.15,-1.077378467081913,-0.06738393796603567,-0.083372375233668,-0.06039309567032416,-17.83943106614608,-3.155818515761666,587.0,16.867469879518072,25.83157315193818
india,turn_of_month,"bull,pullback",equal_slot,0.25,none,0.25,-2.1018977567053287,-0.14830953675735833,-0.174993398893911,-0.10394416457546057,-20.221411805945195,-6.094956217913127,581.0,16.867469879518072,25.83157315193818
india,turn_of_month,"bull,pullback",equal_slot,0.25,0.25,none,-1.3519708581073098,-0.08289993863930717,-0.09956948815566864,-0.06655317511750927,-20.314145128616467,-3.9494566643061835,585.0,16.894243641231594,25.83157315193818
india,turn_of_month,"bull,pullback",equal_slot,0.25,0.25,0.15,-0.7880571182534934,-0.036575601650328346,-0.045353720982089646,-0.041622481937933276,-18.93344850094789,-2.3149249023221463,591.0,16.894243641231594,25.83157315193818
india,turn_of_month,"bull,pullback",equal_slot,0.25,0.25,0.25,-1.7170707841897004,-0.11211498101473345,-0.13273926267398953,-0.08149489625992573,-21.06967261745018,-4.997996671039839,585.0,16.894243641231594,25.83157315193818
us,golden_cross_50_200,none,equal_slot,none,none,none,9.105500537508027,0.564572758014021,0.7978866230656565,0.3869653013221246,-23.53053492496027,29.565281328467652,52.0,99.10666666666665,79.05818586120633
us,golden_cross_50_200,none,equal_slot,none,none,0.15,0.37286833366811933,0.09514208219673236,0.13055972456929785,0.016633864899913874,-22.41621751238643,1.1123273822116975,100.0,98.17333333333333,79.05818586120633
us,golden_cross_50_200,none,equal_slot,none,none,0.25,8.914305042126337,0.6135561166089583,0.8786911504508783,0.4756857410283022,-18.739903834107054,28.891606650489244,58.0,99.10666666666665,79.05818586120633
us,golden_cross_50_200,none,equal_slot,none,0.25,none,12.471145722340381,0.986580821074188,1.4053032103970742,0.8286469410140991,-15.050011174938001,41.80957284401159,93.0,98.81333333333335,79.05818586120633
us,golden_cross_50_200,none,equal_slot,none,0.25,0.15,-4.907958430112758,-0.328272382132801,-0.43783541691072536,-0.20540442275241488,-23.894122455330898,-13.892769519233827,122.0,97.63999999999999,79.05818586120633
us,golden_cross_50_200,none,equal_slot,none,0.25,0.25,0.19194544947045422,0.0834883606501198,0.11692062432690191,0.008829557095909882,-21.73896690235676,0.571585050429646,93.0,98.56,79.05818586120633
us,golden_cross_50_200,none,equal_slot,0.08,none,none,14.469717151872686,0.9518986876685316,1.3896595175581017,0.782768325098532,-18.48531256045815,49.43128614008614,74.0,98.44,79.05818586120633
us,golden_cross_50_200,none,equal_slot,0.08,none,0.15,9.712984363919052,0.799590501348584,1.1143494153966151,0.8859789677963871,-10.962996546156454,31.721239122967006,104.0,97.86666666666667,79.05818586120633
us,golden_cross_50_200,none,equal_slot,0.08,none,0.25,10.711390721516967,0.8173517727229409,1.1974643729133938,0.6985008593612491,-15.334828265368353,35.316063368694905,75.0,98.57333333333334,79.05818586120633
us,golden_cross_50_200,none,equal_slot,0.08,0.25,none,6.936911063301476,0.6369758321933991,0.8992730785596073,0.3598784106779626,-19.275707732045575,22.060123290622812,130.0,97.10666666666667,79.05818586120633
us,golden_cross_50_200,none,equal_slot,0.08,0.25,0.15,4.224759566876357,0.37381693898554824,0.5486803613166846,0.16789811921772538,-25.162637833946267,13.087216371473541,141.0,96.67999999999999,79.05818586120633
us,golden_cross_50_200,none,equal_slot,0.08,0.25,0.25,6.936911063301476,0.6369758321933991,0.8992730785596073,0.3598784106779626,-19.275707732045575,22.060123290622812,130.0,97.10666666666667,79.05818586120633
us,golden_cross_50_200,none,equal_slot,0.15,none,none,17.169167314566813,0.9805277915050883,1.4367971616056692,0.7863333566993774,-21.834463930964517,60.150592169318394,62.0,98.97333333333333,79.05818586120633
us,golden_cross_50_200,none,equal_slot,0.15,none,0.15,0.07290417148557715,0.07316926083529257,0.10012524203038883,0.0031503055481435635,-23.141936669774363,0.21684321545427654,100.0,98.17333333333333,79.05818586120633
us,golden_cross_50_200,none,equal_slot,0.15,none,0.25,12.607785777736513,0.8528650499023839,1.2623660381459922,0.6656519672188853,-18.940507049670767,42.32224994639138,65.0,98.94666666666666,79.05818586120633
us,golden_cross_50_200,none,equal_slot,0.15,0.25,none,6.967286878785672,0.6073874998619456,0.8634073861567194,0.4088107208859992,-17.04281840673295,22.163203913905317,94.0,98.53333333333335,79.05818586120633
us,golden_cross_50_200,none,equal_slot,0.15,0.25,0.15,-5.535086887546181,-0.3740620957963783,-0.49543745057556676,-0.2182110716989307,-25.36574723020026,-15.569663905978114,122.0,97.63999999999999,79.05818586120633
us,golden_cross_50_200,none,equal_slot,0.15,0.25,0.25,6.144888605427612,0.5461485076149761,0.7742547330271741,0.360555892738962,-17.04281840673295,19.392717631379707,96.0,98.54666666666667,79.05818586120633
us,golden_cross_50_200,none,equal_slot,0.25,none,none,9.888764658271265,0.6217850631644583,0.8850788912973023,0.428824101122363,-23.060188623702267,32.34949305085235,54.0,99.18666666666667,79.05818586120633
us,golden_cross_50_200,none,equal_slot,0.25,none,0.15,0.12718205696389262,0.07699642886079741,0.10554082410319802,0.005673662690577311,-22.41621751238643,0.3784876192189701,100.0,98.17333333333333,79.05818586120633
us,golden_cross_50_200,none,equal_slot,0.25,none,0.25,8.847091931779572,0.6085696747697901,0.8701029130980349,0.4667687441379256,-18.95390821019786,28.65533551630042,58.0,99.10666666666665,79.05818586120633
us,golden_cross_50_200,none,equal_slot,0.25,0.25,none,9.59493457636671,0.7699993974232281,1.0900084432141532,0.5358237844417925,-17.906884417910764,31.300431714976185,88.0,98.69333333333333,79.05818586120633
us,golden_cross_50_200,none,equal_slot,0.25,0.25,0.15,-5.168061975324312,-0.34861601068650455,-0.4641727394255645,-0.21062475838014472,-24.536820908759303,-14.590923208896855,122.0,97.63999999999999,79.05818586120633
us,golden_cross_50_200,none,equal_slot,0.25,0.25,0.25,0.030155786185814826,0.0721843054563195,0.10079327247859968,0.0013680293827542658,-22.043229894011425,0.08965635357842672,93.0,98.56,79.05818586120633
us,golden_cross_50_200,bull,equal_slot,none,none,none,27.31864122394192,1.0748331120285874,1.6244732450354566,1.15271965057412,-23.69929341478276,105.00399229858317,44.0,95.57333333333334,79.05818586120633
us,golden_cross_50_200,bull,equal_slot,none,none,0.15,7.918230571841667,0.6800198704478446,0.9588505183283245,0.5183305598072419,-15.276410819354968,25.419523842118387,80.0,93.38666666666666,79.05818586120633
us,golden_cross_50_200,bull,equal_slot,none,none,0.25,7.672577278075932,0.5818331037429038,0.8231859693921197,0.45228626337722333,-16.963984757761082,24.572883468388063,56.0,95.58666666666667,79.05818586120633
us,golden_cross_50_200,bull,equal_slot,none,0.25,none,10.653289202261407,0.8677141650646928,1.2427127560081266,0.7410459791732114,-14.376016470863703,35.10510291968447,83.0,96.52,79.05818586120633
us,golden_cross_50_200,bull,equal_slot,none,0.25,0.15,3.630397094173654,0.3667650010855186,0.5079798839290627,0.18661366562101295,-19.454079539632957,11.181182283991031,106.0,93.43999999999998,79.05818586120633
us,golden_cross_50_200,bull,equal_slot,none,0.25,0.25,0.14088133359297927,0.07665951779201043,0.10547580808247924,0.006714810420357149,-20.980686687128546,0.4193126160448202,89.0,96.33333333333333,79.05818586120633
us,golden_cross_50_200,bull,equal_slot,0.08,none,none,19.568987046634877,1.199414280651478,1.7834144588005825,1.0654726383693969,-18.366484827412673,70.09814572304252,62.0,95.26666666666668,79.05818586120633
us,golden_cross_50_200,bull,equal_slot,0.08,none,0.15,10.342691023600569,0.8869733603863428,1.2489748663900357,1.0467870102151804,-9.880415903780175,33.98105474530648,94.0,93.45333333333332,79.05818586120633
us,golden_cross_50_200,bull,equal_slot,0.08,none,0.25,14.72466950624083,1.0828000060947085,1.6252546089395201,0.9323274677961564,-15.793452424014845,50.42267655607651,66.0,94.33333333333334,79.05818586120633
us,golden_cross_50_200,bull,equal_slot,0.08,0.25,none,12.696606450774105,1.0260081811026232,1.62637550678126,0.7464540930316101,-17.009226112229843,42.65616613180696,121.0,92.25333333333333,79.05818586120633
us,golden_cross_50_200,bull,equal_slot,0.08,0.25,0.15,3.8975582208967907,0.36578851023888154,0.5546510716998835,0.17954512972279674,-21.707958477705898,12.035269570285934,136.0,92.12,79.05818586120633
us,golden_cross_50_200,bull,equal_slot,0.08,0.25,0.25,12.288258099322057,1.0020751569032724,1.581672348646492,0.7224466309191251,-17.009226112229843,41.12529348596077,121.0,92.13333333333334,79.05818586120633
us,golden_cross_50_200,bull,equal_slot,0.15,none,none,19.744883414807223,1.1524645343269593,1.6946306813553864,0.9482343864728792,-20.822787800653078,70.84296178479237,51.0,96.28,79.05818586120633
us,golden_cross_50_200,bull,equal_slot,0.15,none,0.15,7.6311256564547625,0.6559595659082783,0.9238279191779677,0.4917606223667555,-15.517968111654662,24.430396112297647,80.0,93.38666666666666,79.05818586120633
us,golden_cross_50_200,bull,equal_slot,0.15,none,0.25,13.130108078732938,0.9569431341116278,1.3963105112383059,0.7473449635903854,-17.56900590545688,44.29335210209609,57.0,96.45333333333333,79.05818586120633
us,golden_cross_50_200,bull,equal_slot,0.15,0.25,none,8.067323264937286,0.7199730736407497,1.0062182717601256,0.45776706785984467,-17.62320584277433,25.93522664198509,87.0,95.13333333333334,79.05818586120633
us,golden_cross_50_200,bull,equal_slot,0.15,0.25,0.15,3.325671643888617,0.33944706445640255,0.4677388907601512,0.16608690227367737,-20.023683977250585,10.212292901051967,106.0,93.43999999999998,79.05818586120633
us,golden_cross_50_200,bull,equal_slot,0.15,0.25,0.25,7.261538257768829,0.6582322084560897,0.9182329895094539,0.41204411516001926,-17.62320584277433,23.1647403594595,89.0,95.14666666666668,79.05818586120633
us,golden_cross_50_200,bull,equal_slot,0.25,none,none,26.077834350922657,1.0557083269754572,1.5853249224321133,1.12621374393045,-23.15531531333639,99.12266693507836,47.0,95.42666666666668,79.05818586120633
us,golden_cross_50_200,bull,equal_slot,0.25,none,0.15,7.707933510706089,0.6634127346176671,0.9343637535877157,0.5045644295543729,-15.276410819354968,24.69450382937861,80.0,93.38666666666666,79.05818586120633
us,golden_cross_50_200,bull,equal_slot,0.25,none,0.25,7.557467182380662,0.5733902454568968,0.8096737073743395,0.44001621957867987,-17.175428645828138,24.177466617797293,56.0,95.58666666666667,79.05818586120633
us,golden_cross_50_200,bull,equal_slot,0.25,0.25,none,10.140470742641083,0.8178208162411964,1.1570782030919387,0.6039446075853694,-16.79039868107059,33.25256959055856,81.0,94.89333333333333,79.05818586120633
us,golden_cross_50_200,bull,equal_slot,0.25,0.25,0.15,3.630397094173654,0.3667650010855186,0.5079798839290627,0.18661366562101295,-19.454079539632957,11.181182283991031,106.0,93.43999999999998,79.05818586120633
us,golden_cross_50_200,bull,equal_slot,0.25,0.25,0.25,0.012254692024304958,0.06722971090931269,0.0922115005778308,0.0005770945232479718,-21.235155647178512,0.03642806974970547,89.0,96.33333333333333,79.05818586120633
us,golden_cross_50_200,"bull,pullback",equal_slot,none,none,none,12.53953314546441,0.7019668842279106,1.0112662726329218,0.5329047208426598,-23.53053492496027,42.06601080908226,53.0,98.65333333333334,79.05818586120633
us,golden_cross_50_200,"bull,pullback",equal_slot,none,none,0.15,2.9250942222733167,0.2829441311715536,0.393919809623712,0.13841241304843174,-21.133178432846194,8.947183305581996,98.0,97.16,79.05818586120633
us,golden_cross_50_200,"bull,pullback",equal_slot,none,none,0.25,3.545278687657838,0.30576428611316636,0.4228642249750714,0.18918339811356713,-18.739903834107054,10.909977667179493,61.0,98.75999999999999,79.05818586120633
us,golden_cross_50_200,"bull,pullback",equal_slot,none,0.25,none,12.664068337072298,0.9888752657686102,1.4054863883842965,0.8414657098833993,-15.050011174938001,42.53378070589371,89.0,98.54666666666667,79.05818586120633
us,golden_cross_50_200,"bull,pullback",equal_slot,none,0.25,0.15,-0.5412141907968793,0.022961540937875138,0.03092770897680559,-0.025087002212164575,-21.573489977788057,-1.6000388007380795,117.0,96.53333333333333,79.05818586120633
us,golden_cross_50_200,"bull,pullback",equal_slot,none,0.25,0.25,3.5646549273784744,0.3265427092349517,0.45545699867703593,0.1737942922602474,-20.510770986889487,10.97167568757811,95.0,98.27999999999999,79.05818586120633
us,golden_cross_50_200,"bull,pullback",equal_slot,0.08,none,none,14.424384054505946,0.9568784174747872,1.3968198336699973,0.7803159404164515,-18.48531256045815,49.25546221144232,75.0,97.77333333333334,79.05818586120633
us,golden_cross_50_200,"bull,pullback",equal_slot,0.08,none,0.15,10.03581903747257,0.8329087950309497,1.1678075627074076,0.9454103851695124,-10.615304416899487,32.87660299107213,101.0,96.65333333333332,79.05818586120633
us,golden_cross_50_200,"bull,pullback",equal_slot,0.08,none,0.25,12.495133390078394,0.9327568916573764,1.3811886881615336,0.814820562307631,-15.334828265368353,41.89948637787657,77.0,97.93333333333332,79.05818586120633
us,golden_cross_50_200,"bull,pullback",equal_slot,0.08,0.25,none,7.510857949555816,0.6794827005832919,0.96735331149879,0.42047103503692673,-17.8629615923394,24.017595554938765,128.0,95.83999999999999,79.05818586120633
us,golden_cross_50_200,"bull,pullback",equal_slot,0.08,0.25,0.15,1.6815293063578096,0.19838093359072745,0.2682342487570353,0.07000226476143773,-24.02107006235199,5.081203893318653,140.0,95.39999999999999,79.05818586120633
us,golden_cross_50_200,"bull,pullback",equal_slot,0.08,0.25,0.25,7.510857949555816,0.6794827005832919,0.96735331149879,0.42047103503692673,-17.8629615923394,24.017595554938765,128.0,95.83999999999999,79.05818586120633
us,golden_cross_50_200,"bull,pullback",equal_slot,0.15,none,none,17.77256948485273,0.987900786930994,1.4434367620787238,0.8139686662812262,-21.834463930964517,62.61440046888704,61.0,98.70666666666666,79.05818586120633
us,golden_cross_50_200,"bull,pullback",equal_slot,0.15,none,0.15,2.65956079245675,0.26318579454236046,0.3657204940134163,0.12439020439105226,-21.380789632724966,8.113905390498344,98.0,97.16,79.05818586120633
us,golden_cross_50_200,"bull,pullback",equal_slot,0.15,none,0.25,8.637965496096566,0.645856691590247,0.9297596696539797,0.4560577746648401,-18.940507049670767,27.922041567204193,64.0,98.80000000000001,79.05818586120633
us,golden_cross_50_200,"bull,pullback",equal_slot,0.15,0.25,none,8.12928675304272,0.6917254601583844,0.9773195519808953,0.4896145686823713,-16.603441304697878,26.149967903859995,92.0,98.44,79.05818586120633
us,golden_cross_50_200,"bull,pullback",equal_slot,0.15,0.25,0.15,-1.3264419665994787,-0.036364690642700224,-0.04860260335366861,-0.059613934291239234,-22.250535589871483,-3.8911335871891883,117.0,96.53333333333333,79.05818586120633
us,golden_cross_50_200,"bull,pullback",equal_slot,0.15,0.25,0.25,7.324422350154225,0.6355432674187088,0.8945075380237324,0.4411388106682323,-16.603441304697878,23.379481621334406,94.0,98.45333333333332,79.05818586120633
us,golden_cross_50_200,"bull,pullback",equal_slot,0.25,none,none,10.842120681101019,0.6673358777829049,0.9549129495745629,0.4701661750484129,-23.060188623702267,35.791528914282324,54.0,98.93333333333332,79.05818586120633
us,golden_cross_50_200,"bull,pullback",equal_slot,0.25,none,0.15,2.694134977572027,0.26597945512285304,0.37001386171146605,0.1274836620593083,-21.133178432846194,8.222163292842243,98.0,97.16,79.05818586120633
us,golden_cross_50_200,"bull,pullback",equal_slot,0.25,none,0.25,3.4449499166332442,0.29906086018597006,0.41285357551328855,0.18175406773257147,-18.95390821019786,10.590873806362877,61.0,98.75999999999999,79.05818586120633
us,golden_cross_50_200,"bull,pullback",equal_slot,0.25,0.25,none,10.49766639551224,0.8397455468869344,1.186685968614372,0.586236340756871,-17.906884417910764,34.54112838628469,88.0,98.13333333333333,79.05818586120633
us,golden_cross_50_200,"bull,pullback",equal_slot,0.25,0.25,0.15,-0.5789793968957402,0.020097040597048598,0.027054347615151634,-0.02683753984598014,-21.573489977788057,-1.7110488474478158,117.0,96.53333333333333,79.05818586120633
us,golden_cross_50_200,"bull,pullback",equal_slot,0.25,0.25,0.25,3.3546204734652862,0.31055252191575516,0.431608245662552,0.1616720760488633,-20.749535451325528,10.304095308032757,95.0,98.27999999999999,79.05818586120633
us,fifty_two_week_high,none,equal_slot,none,none,none,20.264555087491697,0.8982309290995387,1.286059848721181,1.0175074816689382,-19.915878214726565,73.05609557304307,195.0,97.76,79.05818586120633
us,fifty_two_week_high,none,equal_slot,none,none,0.15,15.248005282198672,0.8475693404756944,1.2626733297027328,1.072367553232631,-14.21901029757368,52.47133842532685,232.0,97.68,79.05818586120633
us,fifty_two_week_high,none,equal_slot,none,none,0.25,12.296673445786377,0.6059303283053701,0.8593657946672093,0.5081355687755896,-24.199592001434986,41.15673155667041,207.0,97.81333333333333,79.05818586120633
us,fifty_two_week_high,none,equal_slot,none,0.25,none,12.408189005707682,0.6808517145790277,0.9610093857916745,0.48473117284280065,-25.59808343444766,41.57377054754263,258.0,97.88,79.05818586120633
us,fifty_two_week_high,none,equal_slot,none,0.25,0.15,5.97917907213894,0.41418136225065283,0.5766506358568503,0.3202617740521561,-18.66966199707994,18.839572927124326,289.0,97.68,79.05818586120633
us,fifty_two_week_high,none,equal_slot,none,0.25,0.25,15.0931340091228,0.8321378009521213,1.1880361177651362,0.7516035057518555,-20.081244823392094,51.86315958400598,258.0,97.78666666666666,79.05818586120633
us,fifty_two_week_high,none,equal_slot,0.08,none,none,12.807492664313758,0.6154481161044482,0.8665258766710111,0.5226163156357115,-24.506492203050907,43.07376551935804,232.0,97.61333333333333,79.05818586120633
us,fifty_two_week_high,none,equal_slot,0.08,none,0.15,7.67970757709886,0.4904425808951485,0.701169350824505,0.4092886952311758,-18.763546774144793,24.59740433352753,261.0,97.65333333333332,79.05818586120633
us,fifty_two_week_high,none,equal_slot,0.08,none,0.25,12.320285756741356,0.6115475511916069,0.8682607629848635,0.61934579454344,-19.892418524975113,41.24496729410132,239.0,97.73333333333333,79.05818586120633
us,fifty_two_week_high,none,equal_slot,0.08,0.25,none,3.9841364460100115,0.31166212218400857,0.4251038949795823,0.22593243282139583,-17.63419441935347,12.312982564152808,299.0,97.77333333333334,79.05818586120633
us,fifty_two_week_high,none,equal_slot,0.08,0.25,0.15,4.647221540026569,0.35004685169325106,0.47948221566794824,0.2850959348820307,-16.30055350297974,14.455090803754667,314.0,97.66666666666669,79.05818586120633
us,fifty_two_week_high,none,equal_slot,0.08,0.25,0.25,3.9841364460100115,0.31166212218400857,0.4251038949795823,0.22593243282139583,-17.63419441935347,12.312982564152808,299.0,97.77333333333334,79.05818586120633
us,fifty_two_week_high,none,equal_slot,0.15,none,none,24.166126022051102,1.0544307931171948,1.5246737267149642,1.2681506470787303,-19.05619500153187,90.28221402089048,196.0,97.82666666666667,79.05818586120633
us,fifty_two_week_high,none,equal_slot,0.15,none,0.15,14.742653886428503,0.8189687392344813,1.2169259675641302,1.0123048408214887,-14.56345291647997,50.492773709462455,232.0,97.68,79.05818586120633
us,fifty_two_week_high,none,equal_slot,0.15,none,0.25,14.014228164854137,0.673841527902988,0.95704174947928,0.5931540252520116,-23.6266257468285,47.67091261930412,210.0,97.81333333333333,79.05818586120633
us,fifty_two_week_high,none,equal_slot,0.15,0.25,none,8.383500137575982,0.5021905382017242,0.6940348640219419,0.41923989062487005,-19.996904695973743,27.03351549430706,261.0,97.98666666666668,79.05818586120633
us,fifty_two_week_high,none,equal_slot,0.15,0.25,0.15,4.910089451660071,0.35444625040371175,0.48970019630317607,0.24932217239704438,-19.693753686057157,15.31173717380998,289.0,97.68,79.05818586120633
us,fifty_two_week_high,none,equal_slot,0.15,0.25,0.25,7.1302147874987565,0.4402736272275142,0.6083024318196152,0.30144256445445655,-23.6536429432348,22.71708729777979,265.0,97.98666666666668,79.05818586120633
us,fifty_two_week_high,none,equal_slot,0.25,none,none,20.234860267921697,0.8958942178392924,1.2815038222244282,1.0132065534315475,-19.97111072701798,72.92912430055797,196.0,97.8,79.05818586120633
us,fifty_two_week_high,none,equal_slot,0.25,none,0.15,14.947650777648702,0.8301992210209418,1.2350265587528837,1.0509630754835706,-14.222812510107424,51.293315857974406,232.0,97.68,79.05818586120633
us,fifty_two_week_high,none,equal_slot,0.25,none,0.25,12.296673445786377,0.6059303283053701,0.8593657946672093,0.5081355687755896,-24.199592001434986,41.15673155667041,207.0,97.81333333333333,79.05818586120633
us,fifty_two_week_high,none,equal_slot,0.25,0.25,none,13.240758630378124,0.7244173507545487,1.0259785280210916,0.5237075827960299,-25.28273232113014,44.71322881430018,257.0,97.88,79.05818586120633
us,fifty_two_week_high,none,equal_slot,0.25,0.25,0.15,5.701236348766536,0.3982951682988791,0.5539007060893237,0.3042521961731135,-18.738521596480588,17.91561233074699,289.0,97.68,79.05818586120633
us,fifty_two_week_high,none,equal_slot,0.25,0.25,0.25,15.0931340091228,0.8321378009521213,1.1880361177651362,0.7516035057518555,-20.081244823392094,51.86315958400598,258.0,97.78666666666666,79.05818586120633
us,fifty_two_week_high,none,inverse_vol,0.15,none,none,24.23851020631842,1.0579252361779965,1.5301252022600376,1.272688274971346,-19.045127297070557,90.61210440944959,196.0,97.82666666666667,79.05818586120633
us,fifty_two_week_high,bull,equal_slot,none,none,none,10.025179652821592,0.48967053517123615,0.6904297122879632,0.4318936687933188,-23.21214775116119,32.838419923657284,188.0,90.01333333333334,79.05818586120633
us,fifty_two_week_high,bull,equal_slot,none,none,0.15,11.92798305148186,0.6983648519551663,1.0288217464487721,0.6839779069016595,-17.439134994161197,39.78373022620101,213.0,90.05333333333333,79.05818586120633
us,fifty_two_week_high,bull,equal_slot,none,none,0.25,4.346902653419504,0.2970226222796253,0.4187797432580974,0.1740836423564882,-24.97019590455216,13.481577925750642,200.0,90.21333333333332,79.05818586120633
us,fifty_two_week_high,bull,equal_slot,none,0.25,none,17.35449705622503,0.9508948017325014,1.3875671395045535,0.6950959673249311,-24.967051848989446,60.90467458983404,235.0,89.74666666666667,79.05818586120633
us,fifty_two_week_high,bull,equal_slot,none,0.25,0.15,9.428124251011782,0.6179403715019205,0.893666072769072,0.5047468558519628,-18.678916256145946,30.70733179068408,266.0,89.85333333333332,79.05818586120633
us,fifty_two_week_high,bull,equal_slot,none,0.25,0.25,11.815895102793172,0.6778620521535799,0.9754264419212435,0.46835997597834056,-25.22823406955594,39.36807887290217,243.0,89.77333333333334,79.05818586120633
us,fifty_two_week_high,bull,equal_slot,0.08,none,none,12.494057963572214,0.6144187742130905,0.8684356256160318,0.5638806961093402,-22.157272007675775,41.89545452192256,215.0,89.89333333333333,79.05818586120633
us,fifty_two_week_high,bull,equal_slot,0.08,none,0.15,13.162467329507543,0.7767221897139365,1.1420394288227755,0.8211774310621142,-16.028773845480817,44.41605938728102,231.0,89.78666666666668,79.05818586120633
us,fifty_two_week_high,bull,equal_slot,0.08,none,0.25,14.139332389121995,0.6626524421707479,0.9583928317323489,0.6740076806731619,-20.977998907965567,48.153036885073995,216.0,90.09333333333333,79.05818586120633
us,fifty_two_week_high,bull,equal_slot,0.08,0.25,none,7.507878042528615,0.5106286836912877,0.719344501733576,0.38427611375628096,-19.537717213644793,24.00737903233128,273.0,89.84,79.05818586120633
us,fifty_two_week_high,bull,equal_slot,0.08,0.25,0.15,7.744448283524719,0.5329124089796028,0.7546946132169164,0.41736370148143004,-18.555634464702713,24.820192078835966,288.0,89.77333333333334,79.05818586120633
us,fifty_two_week_high,bull,equal_slot,0.08,0.25,0.25,5.705687924807568,0.4091583050924087,0.5710256406548717,0.29203452288800746,-19.537717213644793,17.930372942349404,275.0,89.76,79.05818586120633
us,fifty_two_week_high,bull,equal_slot,0.15,none,none,11.660567084282935,0.5538054958241089,0.7871743860769154,0.5202693757260145,-22.412557087395534,38.79343895541254,193.0,90.18666666666665,79.05818586120633
us,fifty_two_week_high,bull,equal_slot,0.15,none,0.15,11.09967960854734,0.6538176460755966,0.9599772064119929,0.6132225026215001,-18.10057452408658,36.73151295657257,213.0,90.05333333333333,79.05818586120633
us,fifty_two_week_high,bull,equal_slot,0.15,none,0.25,7.610020297961029,0.4215959577825536,0.5986960347453701,0.33580469376584265,-22.66204266718056,24.357889330246007,200.0,90.12,79.05818586120633
us,fifty_two_week_high,bull,equal_slot,0.15,0.25,none,13.061213809234395,0.7236314608443564,1.0237526281299378,0.680940227003498,-19.181145849923915,44.03233337595678,244.0,91.08000000000001,79.05818586120633
us,fifty_two_week_high,bull,equal_slot,0.15,0.25,0.15,8.23777679826585,0.5447890043547018,0.780933605206118,0.41745519242743573,-19.733319761492208,26.526536927060885,266.0,89.85333333333332,79.05818586120633
us,fifty_two_week_high,bull,equal_slot,0.15,0.25,0.25,10.937735705829654,0.6254102433687605,0.8818111099361865,0.45706034658888434,-23.930616137365128,36.13998226581956,246.0,90.17333333333333,79.05818586120633
us,fifty_two_week_high,bull,equal_slot,0.25,none,none,10.371136965589645,0.5012781084547989,0.7067170742848035,0.4460786984310518,-23.249567849948928,34.08374088267534,188.0,90.01333333333334,79.05818586120633
us,fifty_two_week_high,bull,equal_slot,0.25,none,0.15,11.681752331070271,0.6844090253931288,1.0072809121918658,0.6570947846951996,-17.777880152387723,38.871721541290526,213.0,90.05333333333333,79.05818586120633
us,fifty_two_week_high,bull,equal_slot,0.25,none,0.25,4.346902653419504,0.2970226222796253,0.4187797432580974,0.1740836423564882,-24.97019590455216,13.481577925750642,200.0,90.21333333333332,79.05818586120633
us,fifty_two_week_high,bull,equal_slot,0.25,0.25,none,15.184811759643079,0.8360346072472864,1.2002477493246202,0.5885435825097256,-25.800658117603643,52.222982922339135,234.0,89.72,79.05818586120633
us,fifty_two_week_high,bull,equal_slot,0.25,0.25,0.15,9.134975205271733,0.5995752561369417,0.8658596685949101,0.487217291007033,-18.74928368488439,29.66934230110936,266.0,89.85333333333332,79.05818586120633
us,fifty_two_week_high,bull,equal_slot,0.25,0.25,0.25,11.468867435820185,0.657711233285878,0.9449106825220674,0.45151498013560126,-25.400856982365895,38.08641155767438,243.0,89.77333333333334,79.05818586120633
us,fifty_two_week_high,bull,atr_risk,none,0.25,none,17.078594251511593,0.9703042763685187,1.4214672762250395,0.7110938649689664,-24.01735564440137,59.782916880309834,235.0,89.74666666666667,79.05818586120633
us,fifty_two_week_high,"bull,pullback",equal_slot,none,none,none,22.745842534382675,1.0027885367783114,1.4281380198328801,1.2742444927930887,-17.850453867393043,83.885702365082,190.0,96.53333333333333,79.05818586120633
us,fifty_two_week_high,"bull,pullback",equal_slot,none,none,0.15,17.65982165516249,1.0159966489479018,1.5201629879315988,1.3715136368130327,-12.876154623003512,62.152132009504555,220.0,96.44,79.05818586120633
us,fifty_two_week_high,"bull,pullback",equal_slot,none,none,0.25,12.942112585746202,0.6401191434351994,0.9084911723857879,0.5887682683472093,-21.981674763277088,43.58183562121391,199.0,96.57333333333334,79.05818586120633
us,fifty_two_week_high,"bull,pullback",equal_slot,none,0.25,none,10.039539046280431,0.568420030117534,0.7965493634158859,0.418944778664635,-23.963871988764122,32.88995523198768,253.0,96.86666666666667,79.05818586120633
us,fifty_two_week_high,"bull,pullback",equal_slot,none,0.25,0.15,8.251503753112587,0.5517083123734335,0.7714092410475274,0.5169656871576757,-15.961414767158155,26.574236287087103,276.0,96.45333333333333,79.05818586120633
us,fifty_two_week_high,"bull,pullback",equal_slot,none,0.25,0.25,13.492441798671152,0.758421060987002,1.0766406828105923,0.7699932017377112,-17.522806393902666,45.67128811209056,249.0,96.56,79.05818586120633
us,fifty_two_week_high,"bull,pullback",equal_slot,0.08,none,none,19.400867311291826,0.866747772693179,1.2301800359313253,0.8437919170777436,-22.99247826227317,69.38827591880002,220.0,96.38666666666667,79.05818586120633
us,fifty_two_week_high,"bull,pullback",equal_slot,0.08,none,0.15,15.488446040786986,0.9166857247183938,1.3266625184539165,0.9741039094869585,-15.900199034150727,53.4187470341915,239.0,96.42666666666668,79.05818586120633
us,fifty_two_week_high,"bull,pullback",equal_slot,0.08,none,0.25,14.918685882261462,0.7389541525110785,1.041663375834205,0.8480403985794114,-17.59195187782609,51.180032800235445,229.0,96.50666666666666,79.05818586120633
us,fifty_two_week_high,"bull,pullback",equal_slot,0.08,0.25,none,1.895365795351922,0.19499465380034905,0.26281974979664224,0.11343275479203288,-16.709157763353957,5.739386466949314,294.0,96.54666666666667,79.05818586120633
us,fifty_two_week_high,"bull,pullback",equal_slot,0.08,0.25,0.15,6.0723674999972,0.43680810777669077,0.6029041106923656,0.38640078803308536,-15.715204751283418,19.150429684445314,306.0,96.42666666666668,79.05818586120633
us,fifty_two_week_high,"bull,pullback",equal_slot,0.08,0.25,0.25,1.895365795351922,0.19499465380034905,0.26281974979664224,0.11343275479203288,-16.709157763353957,5.739386466949314,294.0,96.54666666666667,79.05818586120633
us,fifty_two_week_high,"bull,pullback",equal_slot,0.15,none,none,25.84795298162088,1.1272454031487178,1.6408893131411322,1.4724806658575251,-17.55401858982499,98.04549282126072,191.0,96.61333333333333,79.05818586120633
us,fifty_two_week_high,"bull,pullback",equal_slot,0.15,none,0.15,17.182384807084915,0.9871322843568416,1.473390505034256,1.327887535454104,-12.939638597638448,60.20429459039565,220.0,96.44,79.05818586120633
us,fifty_two_week_high,"bull,pullback",equal_slot,0.15,none,0.25,18.745915832225602,0.8420218146169073,1.2225279989468083,0.889135721659693,-21.083300755517723,66.64155245796476,201.0,96.57333333333334,79.05818586120633
us,fifty_two_week_high,"bull,pullback",equal_slot,0.15,0.25,none,3.567300839939036,0.27318809133355443,0.37158138711796623,0.19521883513894045,-18.27334353982867,10.980102596261432,254.0,96.97333333333333,79.05818586120633
us,fifty_two_week_high,"bull,pullback",equal_slot,0.15,0.25,0.15,7.013262484155658,0.47773138516538094,0.6621593040871265,0.41038111476089906,-17.08963261684643,22.319332427550243,276.0,96.45333333333333,79.05818586120633
us,fifty_two_week_high,"bull,pullback",equal_slot,0.15,0.25,0.25,2.326425642960195,0.2149974147047295,0.2924838099051701,0.10622152407285702,-21.90164058806487,7.07447982585061,258.0,96.97333333333333,79.05818586120633
us,fifty_two_week_high,"bull,pullback",equal_slot,0.25,none,none,22.34060499572117,0.9834527694523956,1.3990052300916447,1.241414412480099,-17.996089598387282,82.08717335624114,191.0,96.57333333333334,79.05818586120633
us,fifty_two_week_high,"bull,pullback",equal_slot,0.25,none,0.15,17.46253917183602,1.0041373969919145,1.5011135651049845,1.3093526935943591,-13.336772633734666,61.345368956439984,220.0,96.44,79.05818586120633
us,fifty_two_week_high,"bull,pullback",equal_slot,0.25,none,0.25,12.942112585746202,0.6401191434351994,0.9084911723857879,0.5887682683472093,-21.981674763277088,43.58183562121391,199.0,96.57333333333334,79.05818586120633
us,fifty_two_week_high,"bull,pullback",equal_slot,0.25,0.25,none,10.993050211722831,0.6169157354406759,0.8678117823084527,0.46512523831001495,-23.634602696824103,36.34183759694907,252.0,96.86666666666667,79.05818586120633
us,fifty_two_week_high,"bull,pullback",equal_slot,0.25,0.25,0.15,7.991606485531633,0.5359254896028463,0.7487400593140467,0.4976122988716985,-16.05990547993297,25.673151307833653,276.0,96.45333333333333,79.05818586120633
us,fifty_two_week_high,"bull,pullback",equal_slot,0.25,0.25,0.25,13.492441798671152,0.758421060987002,1.0766406828105923,0.7699932017377112,-17.522806393902666,45.67128811209056,249.0,96.56,79.05818586120633
us,fifty_two_week_high,"bull,pullback",inverse_vol,0.15,none,none,25.910612454509096,1.1304672575220984,1.645964641856927,1.4778679432123192,-17.5324274225675,98.33871717282943,191.0,96.61333333333333,79.05818586120633
us,bll_trading_range_break,none,equal_slot,none,none,none,35.32883397111768,1.2711183029846973,1.8622656321411104,0.8707246733607562,-40.574058657093246,145.76570954595897,31.0,99.60000000000001,79.05818586120633
us,bll_trading_range_break,none,equal_slot,none,none,0.15,9.84058238120431,0.7641256580905581,1.0651317794259916,0.6481418581202013,-15.182760159550323,32.17708807468076,98.0,99.45333333333333,79.05818586120633
us,bll_trading_range_break,none,equal_slot,none,none,0.25,9.763453374556374,0.6877951874786353,0.9840408060738332,0.4186999097611762,-23.31849887458869,31.90141673903797,47.0,99.82666666666667,79.05818586120633
us,bll_trading_range_break,none,equal_slot,none,0.25,none,9.457861452349903,0.633812274937445,0.8903205081181196,0.49716023203519866,-19.02376908473301,30.812932963124773,60.0,99.70666666666666,79.05818586120633
us,bll_trading_range_break,none,equal_slot,none,0.25,0.15,10.019552850391623,0.8251313108957409,1.17012440438883,0.7038284765532924,-14.235787815034454,32.818229164144164,145.0,99.36,79.05818586120633
us,bll_trading_range_break,none,equal_slot,none,0.25,0.25,12.826951635030316,0.9805771052839569,1.3941337305791075,0.8699807949267448,-14.743948038658008,43.14713189655697,76.0,99.83999999999999,79.05818586120633
us,bll_trading_range_break,none,equal_slot,0.08,none,none,23.287044479966212,1.3067847123399308,1.837484858612828,1.0894194657980525,-21.37564566363547,86.30599932345298,48.0,99.46666666666667,79.05818586120633
us,bll_trading_range_break,none,equal_slot,0.08,none,0.15,10.7606905192285,0.8431153199240662,1.1689655892105462,0.8960568381129587,-12.008937448532686,35.49523702397459,109.0,99.36,79.05818586120633
us,bll_trading_range_break,none,equal_slot,0.08,none,0.25,19.30257048947781,1.3843570905255813,1.9686219449557394,1.4594200151167813,-13.226192795453226,68.9741389476565,58.0,99.48,79.05818586120633
us,bll_trading_range_break,none,equal_slot,0.08,0.25,none,14.891278360361593,1.2437658264251978,1.8252747453517517,1.2252237533541468,-12.15392561529724,51.0728925421295,136.0,99.70666666666666,79.05818586120633
us,bll_trading_range_break,none,equal_slot,0.08,0.25,0.15,18.860664457647204,1.4042476706366966,2.140181598631607,1.804912150959288,-10.44963016489362,67.1206314960729,171.0,99.57333333333332,79.05818586120633
us,bll_trading_range_break,none,equal_slot,0.08,0.25,0.25,14.973734584904165,1.2223255704980438,1.7853877348261968,1.2320080819038288,-12.15392561529724,51.39537903381739,145.0,99.70666666666666,79.05818586120633
us,bll_trading_range_break,none,equal_slot,0.15,none,none,43.30519112384113,1.4655086142224758,2.175422628507943,1.172563541362803,-36.93206346285506,191.37021811264137,35.0,99.49333333333334,79.05818586120633
us,bll_trading_range_break,none,equal_slot,0.15,none,0.15,9.537750433565307,0.7396659721646262,1.0284530881693403,0.6134821862492765,-15.546906898597095,31.096910780902377,98.0,99.45333333333333,79.05818586120633
us,bll_trading_range_break,none,equal_slot,0.15,none,0.25,12.840836141802292,0.9190561974290525,1.3199575791047369,0.8144157100141636,-15.766930799479514,43.199496067378476,51.0,99.82666666666667,79.05818586120633
us,bll_trading_range_break,none,equal_slot,0.15,0.25,none,15.404408842756357,1.1113434779870475,1.5760102117366384,1.1066702239435253,-13.919601801396675,53.087172580048446,95.0,99.73333333333333,79.05818586120633
us,bll_trading_range_break,none,equal_slot,0.15,0.25,0.15,9.733967656423538,0.8012263478616408,1.134267661793098,0.67925543351746,-14.330349344453685,31.796130979329806,145.0,99.36,79.05818586120633
us,bll_trading_range_break,none,equal_slot,0.15,0.25,0.25,11.146311467670579,0.8573257912682999,1.2166036075433537,0.7772765894501239,-14.340212504735177,36.90216031186833,93.0,99.78666666666666,79.05818586120633
us,bll_trading_range_break,none,equal_slot,0.25,none,none,35.51177564111268,1.2846523093956839,1.8802934425926365,0.8845048301154661,-40.148763954716735,146.75449864639108,31.0,99.49333333333334,79.05818586120633
us,bll_trading_range_break,none,equal_slot,0.25,none,0.15,9.84058238120431,0.7641256580905581,1.0651317794259916,0.6481418581202013,-15.182760159550323,32.17708807468076,98.0,99.45333333333333,79.05818586120633
us,bll_trading_range_break,none,equal_slot,0.25,none,0.25,9.733782638525978,0.6856674970967214,0.9807284331479991,0.4161071091259037,-23.392493002518677,31.795470505102653,47.0,99.82666666666667,79.05818586120633
us,bll_trading_range_break,none,equal_slot,0.25,0.25,none,10.08920233787629,0.7628962050530921,1.0582847067862708,0.5496163663934097,-18.356808411805087,33.0682971527446,70.0,99.77333333333334,79.05818586120633
us,bll_trading_range_break,none,equal_slot,0.25,0.25,0.15,10.004952749681006,0.8237994616735894,1.1681278547864933,0.7025456700922007,-14.240999803426268,32.765848849264415,145.0,99.36,79.05818586120633
us,bll_trading_range_break,none,equal_slot,0.25,0.25,0.25,12.798849383041787,0.9780562121375297,1.3900196150206023,0.8634998570173377,-14.82206311793843,43.04118566262163,76.0,99.83999999999999,79.05818586120633
us,bll_trading_range_break,none,atr_risk,0.15,none,none,42.81153310857731,1.4661444041836402,2.176814478597753,1.1591968900312217,-36.93206346285506,188.39708353784056,35.0,99.49333333333334,79.05818586120633
us,bll_trading_range_break,bull,equal_slot,none,none,none,37.76184986439981,1.2732767629667752,1.8597261304194164,0.9322864736082904,-40.50455619960634,159.13269040168342,31.0,95.32000000000001,79.05818586120633
us,bll_trading_range_break,bull,equal_slot,none,none,0.15,14.21524195949424,0.9460483437576822,1.3723473051911308,0.7786306793622515,-18.25671956714759,48.446084255785095,105.0,94.21333333333332,79.05818586120633
us,bll_trading_range_break,bull,equal_slot,none,none,0.25,16.184974312377733,0.9559622480421514,1.4045630749028943,0.8067666633424774,-20.061530858653132,56.18530773824166,46.0,95.09333333333333,79.05818586120633
us,bll_trading_range_break,bull,equal_slot,none,0.25,none,14.689739270189861,0.8301073904416351,1.2105493315068598,0.7904458149481474,-18.58411923042884,50.286591983262106,69.0,95.98666666666666,79.05818586120633
us,bll_trading_range_break,bull,equal_slot,none,0.25,0.15,16.93758586705234,1.3295594994055415,1.8975485157774283,1.330971377897487,-12.72573261027473,59.21161828129562,144.0,93.30666666666667,79.05818586120633
us,bll_trading_range_break,bull,equal_slot,none,0.25,0.25,19.12186588353828,1.3433388054301891,1.9634504248358073,1.5148890394336332,-12.622618149437079,68.21456144085055,93.0,95.58666666666667,79.05818586120633
us,bll_trading_range_break,bull,equal_slot,0.08,none,none,19.784476871835423,1.049028727785267,1.485633572870676,0.9821572833336056,-20.14389874978436,71.01091426545463,48.0,94.67999999999999,79.05818586120633
us,bll_trading_range_break,bull,equal_slot,0.08,none,0.15,18.037450126437093,1.235254678821034,1.8156214782283975,1.4812665254596367,-12.177045667618849,63.70385518193578,114.0,93.94666666666666,79.05818586120633
us,bll_trading_range_break,bull,equal_slot,0.08,none,0.25,20.987640892197202,1.3928771369972073,2.038094451498656,1.580845841628737,-13.276209697065559,76.1670429198932,60.0,95.62666666666667,79.05818586120633
us,bll_trading_range_break,bull,equal_slot,0.08,0.25,none,20.94022330820038,1.4973599406631748,2.309758747584275,1.878021094527549,-11.150153408403689,75.96190946299212,158.0,95.87999999999998,79.05818586120633
us,bll_trading_range_break,bull,equal_slot,0.08,0.25,0.15,21.134298158698673,1.517504124653781,2.3218103881766035,2.0944942550771395,-10.09040636300065,76.80250192498168,182.0,92.90666666666667,79.05818586120633
us,bll_trading_range_break,bull,equal_slot,0.08,0.25,0.25,21.834357431203255,1.5684275095952762,2.438183748754271,1.9582113923873958,-11.150153408403689,79.856789788866,161.0,95.64,79.05818586120633
us,bll_trading_range_break,bull,equal_slot,0.15,none,none,39.359179708801825,1.3495443059627563,1.9570656455342095,1.0178308259090003,-38.66966759790468,168.16554543156172,34.0,94.16,79.05818586120633
us,bll_trading_range_break,bull,equal_slot,0.15,none,0.15,13.892627306161675,0.9218347095916711,1.3335607853500067,0.7412656990225391,-18.74176469312018,47.20328841313568,105.0,94.21333333333332,79.05818586120633
us,bll_trading_range_break,bull,equal_slot,0.15,none,0.25,20.296908338379826,1.1606718984899282,1.6618266255063983,1.1584413734465657,-17.520876587818144,73.19450435905077,48.0,96.28,79.05818586120633
us,bll_trading_range_break,bull,equal_slot,0.15,0.25,none,21.797319565270847,1.6288952216121717,2.4092587133660017,2.1076594366394596,-10.341955244925813,79.69432692921328,93.0,94.96,79.05818586120633
us,bll_trading_range_break,bull,equal_slot,0.15,0.25,0.15,16.443781115135934,1.2844804987681684,1.8270074128004925,1.2814554190921423,-12.832113290984143,57.22164422624627,144.0,93.30666666666667,79.05818586120633
us,bll_trading_range_break,bull,equal_slot,0.15,0.25,0.25,21.429434053176855,1.659663613029616,2.4715410614289683,2.1729030622884475,-9.86212152078607,78.08591834761913,93.0,94.82666666666667,79.05818586120633
us,bll_trading_range_break,bull,equal_slot,0.25,none,none,37.129049073710306,1.2553277111468577,1.836011107500192,0.9216412978951282,-40.285791401173896,155.61082460685483,34.0,95.06666666666665,79.05818586120633
us,bll_trading_range_break,bull,equal_slot,0.25,none,0.15,14.21524195949424,0.9460483437576822,1.3723473051911308,0.7786306793622515,-18.25671956714759,48.446084255785095,105.0,94.21333333333332,79.05818586120633
us,bll_trading_range_break,bull,equal_slot,0.25,none,0.25,16.158451974619183,0.9540920732566021,1.4014597451864346,0.802484761901466,-20.13552498658313,56.07936150430635,46.0,95.09333333333333,79.05818586120633
us,bll_trading_range_break,bull,equal_slot,0.25,0.25,none,14.330125775903513,0.9168596618185006,1.313174646803451,0.7582857128880003,-18.898055880976475,48.890322055595114,80.0,96.61333333333333,79.05818586120633
us,bll_trading_range_break,bull,equal_slot,0.25,0.25,0.15,16.924640522746248,1.3282338641684197,1.8955185471273466,1.3294635337474856,-12.73042854739998,59.159237966415844,144.0,93.30666666666667,79.05818586120633
us,bll_trading_range_break,bull,equal_slot,0.25,0.25,0.25,19.066013638737612,1.3383976939733853,1.9549302860060034,1.5011742468244003,-12.700733228717489,67.98025016105535,93.0,95.58666666666667,79.05818586120633
us,bll_trading_range_break,"bull,pullback",equal_slot,none,none,none,34.337852506858525,1.2406042181365735,1.8191508793464333,0.8463006572021974,-40.574058657093246,140.45518026058375,32.0,99.38666666666667,79.05818586120633
us,bll_trading_range_break,"bull,pullback",equal_slot,none,none,0.15,9.089065996684088,0.7125639588274377,0.989092033658876,0.5990434359123444,-15.172632653659612,29.507282885175744,98.0,99.02666666666666,79.05818586120633
us,bll_trading_range_break,"bull,pullback",equal_slot,none,none,0.25,10.100935617567286,0.7372477875108127,1.050499364358526,0.4581297164115077,-22.04820000913078,33.11045478564627,44.0,99.66666666666667,79.05818586120633
us,bll_trading_range_break,"bull,pullback",equal_slot,none,0.25,none,9.448794444841834,0.6261427233014657,0.8748581321504926,0.49668361736080463,-19.02376908473301,30.780728690040917,60.0,99.48,79.05818586120633
us,bll_trading_range_break,"bull,pullback",equal_slot,none,0.25,0.15,12.324957194587194,1.0241150895182876,1.4724478349845866,0.9617233415351589,-12.815491381246272,41.262428106488635,140.0,98.57333333333334,79.05818586120633
us,bll_trading_range_break,"bull,pullback",equal_slot,none,0.25,0.25,12.826951635030316,0.9805771052839569,1.3941337305791075,0.8699807949267448,-14.743948038658008,43.14713189655697,76.0,99.83999999999999,79.05818586120633
us,bll_trading_range_break,"bull,pullback",equal_slot,0.08,none,none,22.84560219313334,1.2467114554598016,1.7542932220700187,1.06876781888271,-21.37564566363547,84.33025728300704,49.0,99.03999999999999,79.05818586120633
us,bll_trading_range_break,"bull,pullback",equal_slot,0.08,none,0.15,14.402466094340705,1.060390475947536,1.509264303810424,1.2257246786455085,-11.750164082733654,49.170502892101275,103.0,98.72,79.05818586120633
us,bll_trading_range_break,"bull,pullback",equal_slot,0.08,none,0.25,20.686786254495225,1.3293843129140546,1.9284522888616191,1.5640771743178228,-13.226192795453226,74.86820112824913,65.0,99.05333333333333,79.05818586120633
us,bll_trading_range_break,"bull,pullback",equal_slot,0.08,0.25,none,17.200237780181183,1.3885602571625926,2.048843658843383,1.415200185077036,-12.15392561529724,60.27684984898038,146.0,99.49333333333334,79.05818586120633
us,bll_trading_range_break,"bull,pullback",equal_slot,0.08,0.25,0.15,19.70602957809513,1.4798903781787924,2.261143279043149,1.885811197825846,-10.44963016489362,70.67825315769308,164.0,99.21333333333334,79.05818586120633
us,bll_trading_range_break,"bull,pullback",equal_slot,0.08,0.25,0.25,16.318754692105998,1.3141692507100642,1.9363735955990589,1.3426735697285161,-12.15392561529724,56.72043482776068,147.0,99.49333333333334,79.05818586120633
us,bll_trading_range_break,"bull,pullback",equal_slot,0.15,none,none,44.09511333746443,1.462645106139774,2.1647665197326305,1.1939520623269182,-36.93206346285506,196.16984300228623,36.0,99.28000000000002,79.05818586120633
us,bll_trading_range_break,"bull,pullback",equal_slot,0.15,none,0.15,8.796510126131697,0.6891145025541897,0.9541934528628876,0.5661744459313499,-15.536748769474304,28.47771728331383,98.0,99.02666666666666,79.05818586120633
us,bll_trading_range_break,"bull,pullback",equal_slot,0.15,none,0.25,12.840836141802292,0.9190561974290525,1.3199575791047369,0.8144157100141636,-15.766930799479514,43.199496067378476,51.0,99.82666666666667,79.05818586120633
us,bll_trading_range_break,"bull,pullback",equal_slot,0.15,0.25,none,15.404408842756357,1.1113434779870475,1.5760102117366384,1.1066702239435253,-13.919601801396675,53.087172580048446,95.0,99.73333333333333,79.05818586120633
us,bll_trading_range_break,"bull,pullback",equal_slot,0.15,0.25,0.15,12.104957516217919,1.0044378922949204,1.4420759244374928,0.9378694224177608,-12.906868724872378,40.44167099361,140.0,98.57333333333334,79.05818586120633
us,bll_trading_range_break,"bull,pullback",equal_slot,0.15,0.25,0.25,11.146311467670579,0.8573257912682999,1.2166036075433537,0.7772765894501239,-14.340212504735177,36.90216031186833,93.0,99.78666666666666,79.05818586120633
us,bll_trading_range_break,"bull,pullback",equal_slot,0.25,none,none,33.52516150347631,1.2264438857124766,1.7957696664265743,0.8350235026236149,-40.148763954716735,136.15735259953158,34.0,99.28000000000002,79.05818586120633
us,bll_trading_range_break,"bull,pullback",equal_slot,0.25,none,0.15,9.089065996684088,0.7125639588274377,0.989092033658876,0.5990434359123444,-15.172632653659612,29.507282885175744,98.0,99.02666666666666,79.05818586120633
us,bll_trading_range_break,"bull,pullback",equal_slot,0.25,none,0.25,10.071444053331579,0.7350184623091055,1.0470056355411006,0.455264246888564,-22.122194137060774,33.004508551710956,44.0,99.66666666666667,79.05818586120633
us,bll_trading_range_break,"bull,pullback",equal_slot,0.25,0.25,none,7.778621968235466,0.6229085902004131,0.8597391425017875,0.4237458818403917,-18.356808411805087,24.93789814796097,67.0,99.54666666666667,79.05818586120633
us,bll_trading_range_break,"bull,pullback",equal_slot,0.25,0.25,0.15,12.310942299255645,1.0227321368951736,1.4703091411707425,0.9602781755553165,-12.820183372527847,41.21004779160886,140.0,98.57333333333334,79.05818586120633
us,bll_trading_range_break,"bull,pullback",equal_slot,0.25,0.25,0.25,12.798849383041787,0.9780562121375297,1.3900196150206023,0.8634998570173377,-14.82206311793843,43.04118566262163,76.0,99.83999999999999,79.05818586120633
us,bll_trading_range_break,"bull,pullback",inverse_vol,0.08,0.25,0.15,19.727157310539756,1.482054698063024,2.264970558595155,1.8890187416044235,-10.443071249671481,70.76780446146971,164.0,99.21333333333334,79.05818586120633
us,keltner_breakout,none,equal_slot,none,none,none,4.126139809670093,0.3254903380079561,0.4493667931453356,0.18550234635113616,-22.24305994415699,12.76946859379966,143.0,99.17333333333333,79.05818586120633
us,keltner_breakout,none,equal_slot,none,none,0.15,8.571463431251992,0.6706377078802513,0.9448012247704288,0.49564781449895035,-17.29345551521673,27.68943713832177,170.0,98.98666666666666,79.05818586120633
us,keltner_breakout,none,equal_slot,none,none,0.25,12.09236860097931,0.7740605059242974,1.12212076417962,0.5566940419522207,-21.72174963212047,40.39480124080268,139.0,99.16,79.05818586120633
us,keltner_breakout,none,equal_slot,none,0.25,none,6.979039199100345,0.5021539183306988,0.6781764980553434,0.2640833238467206,-26.427413505106905,22.20310101876022,166.0,99.14666666666668,79.05818586120633
us,keltner_breakout,none,equal_slot,none,0.25,0.15,2.1557420264459948,0.22289914847438078,0.3005616063782832,0.09883871787513224,-21.810704072157723,6.544503187807238,193.0,98.94666666666666,79.05818586120633
us,keltner_breakout,none,equal_slot,none,0.25,0.25,8.868427944349522,0.6142845141399318,0.8444539735018903,0.33227462528274243,-26.690054760585795,28.73030585125209,169.0,99.22666666666666,79.05818586120633
us,keltner_breakout,none,equal_slot,0.08,none,none,11.368433397927769,0.6593244851123636,0.928457211570215,0.48831983002148727,-23.280712146028414,37.71694627963109,171.0,98.98666666666666,79.05818586120633
us,keltner_breakout,none,equal_slot,0.08,none,0.15,6.694023257503412,0.5197733415356898,0.715062083606292,0.33337395937898834,-20.079622505528302,21.23795624841931,198.0,98.84,79.05818586120633
us,keltner_breakout,none,equal_slot,0.08,none,0.25,15.903928438852555,0.9173481810465187,1.3160093673334456,0.6863629948608753,-23.171308124028826,55.06506450001214,177.0,98.97333333333333,79.05818586120633
us,keltner_breakout,none,equal_slot,0.08,0.25,none,9.285567906906799,0.6974046107863698,0.9510873054944945,0.39634680976787023,-23.427886078722597,30.20187878544853,205.0,98.94666666666666,79.05818586120633
us,keltner_breakout,none,equal_slot,0.08,0.25,0.15,2.0553111987963613,0.2154367573367173,0.29033973695521637,0.08414376455284868,-24.426185466250082,6.233478055660924,226.0,98.89333333333333,79.05818586120633
us,keltner_breakout,none,equal_slot,0.08,0.25,0.25,9.285567906906799,0.6974046107863698,0.9510873054944945,0.39634680976787023,-23.427886078722597,30.20187878544853,205.0,98.94666666666666,79.05818586120633
us,keltner_breakout,none,equal_slot,0.15,none,none,13.697937561696438,0.8461146035338543,1.227365766384533,0.6299335432168618,-21.745051853796532,46.45664375459224,137.0,99.16,79.05818586120633
us,keltner_breakout,none,equal_slot,0.15,none,0.15,7.95386738482442,0.6209032122008984,0.8679723511021195,0.4273198323898723,-18.613382253617424,25.542661780915175,170.0,98.98666666666666,79.05818586120633
us,keltner_breakout,none,equal_slot,0.15,none,0.25,12.32655777863172,0.7951545065920714,1.1629232797649747,0.5718210564732024,-21.556669939119995,41.26841106881134,144.0,99.14666666666668,79.05818586120633
us,keltner_breakout,none,equal_slot,0.15,0.25,none,6.681203018945259,0.4900694873027598,0.661949588578482,0.2618592532079616,-25.514481299002355,21.194662574916844,173.0,99.12,79.05818586120633
us,keltner_breakout,none,equal_slot,0.15,0.25,0.15,1.5066728250362038,0.17678489699384506,0.2370336677806352,0.06647072933477222,-22.666711199271163,4.545025502683853,193.0,98.94666666666666,79.05818586120633
us,keltner_breakout,none,equal_slot,0.15,0.25,0.25,5.98955059710311,0.44878879295432716,0.6070363498584219,0.2347510234251679,-25.514481299002355,18.874143480863825,175.0,99.12,79.05818586120633
us,keltner_breakout,none,equal_slot,0.25,none,none,4.77504736637,0.3645919076708462,0.5055190277527611,0.21565196474274573,-22.142378216058553,14.871126226751553,143.0,99.17333333333333,79.05818586120633
us,keltner_breakout,none,equal_slot,0.25,none,0.15,8.571463431251992,0.6706377078802513,0.9448012247704288,0.49564781449895035,-17.29345551521673,27.68943713832177,170.0,98.98666666666666,79.05818586120633
us,keltner_breakout,none,equal_slot,0.25,none,0.25,12.049628239807507,0.7714978106184375,1.1182415123437555,0.5547264121850219,-21.72174963212047,40.235752168792295,139.0,99.16,79.05818586120633
us,keltner_breakout,none,equal_slot,0.25,0.25,none,8.427150176181431,0.5953477565968054,0.8100103600202991,0.3216087873192252,-26.20310920738847,27.185638017163207,166.0,99.14666666666668,79.05818586120633
us,keltner_breakout,none,equal_slot,0.25,0.25,0.15,2.1557420264459948,0.22289914847438078,0.3005616063782832,0.09883871787513224,-21.810704072157723,6.544503187807238,193.0,98.94666666666666,79.05818586120633
us,keltner_breakout,none,equal_slot,0.25,0.25,0.25,8.868427944349522,0.6142845141399318,0.8444539735018903,0.33227462528274243,-26.690054760585795,28.73030585125209,169.0,99.22666666666666,79.05818586120633
us,keltner_breakout,bull,equal_slot,none,none,none,22.720892803355298,1.1910730139323014,1.7270037387069792,1.3494372174374916,-16.837310035439103,83.77463121634146,121.0,94.33333333333334,79.05818586120633
us,keltner_breakout,bull,equal_slot,none,none,0.15,9.613159489337297,0.7575872728748956,1.1081816122942112,0.580354936155191,-16.564276256567705,31.36533902749472,146.0,93.43999999999998,79.05818586120633
us,keltner_breakout,bull,equal_slot,none,none,0.25,18.037884999871356,1.004433369482748,1.4404430397435892,0.9346555179787865,-19.298965932259925,63.70564778783252,131.0,94.18666666666667,79.05818586120633
us,keltner_breakout,bull,equal_slot,none,0.25,none,12.807360319985172,0.869321054182036,1.2097730576963908,0.5824776215603468,-21.987729392378526,43.07326662548494,147.0,93.52000000000001,79.05818586120633
us,keltner_breakout,bull,equal_slot,none,0.25,0.15,3.4402609936834194,0.3175080351322245,0.42804992297585825,0.15572777369514862,-22.091505657931293,10.575975223636469,175.0,93.45333333333332,79.05818586120633
us,keltner_breakout,bull,equal_slot,none,0.25,0.25,10.949094813679716,0.7510015659896511,1.0503759372388868,0.48147697737372647,-22.740640421485693,36.18141806713422,150.0,94.13333333333334,79.05818586120633
us,keltner_breakout,bull,equal_slot,0.08,none,none,8.114375626630421,0.5275592490024911,0.7380169283111127,0.43294680393925866,-18.742200087401148,26.098269578448008,149.0,94.14666666666666,79.05818586120633
us,keltner_breakout,bull,equal_slot,0.08,none,0.15,4.285939773310421,0.3694772612975052,0.5187170152663855,0.19209814922687474,-22.311197638081218,13.284634119463368,174.0,92.74666666666667,79.05818586120633
us,keltner_breakout,bull,equal_slot,0.08,none,0.25,11.615499613987602,0.7410074679299978,1.051931766904472,0.6062904898194637,-19.158307459921353,38.62700547231852,150.0,93.50666666666667,79.05818586120633
us,keltner_breakout,bull,equal_slot,0.08,0.25,none,7.568500782197685,0.5892320757488128,0.8066695754043947,0.3659321683744005,-20.682797076353328,24.215332202358255,186.0,93.37333333333333,79.05818586120633
us,keltner_breakout,bull,equal_slot,0.08,0.25,0.15,2.7842061657589845,0.2770795368312676,0.3829770262193033,0.1318377194119082,-21.118433921479852,8.504529879815736,200.0,92.26666666666667,79.05818586120633
us,keltner_breakout,bull,equal_slot,0.08,0.25,0.25,7.568500782197685,0.5892320757488128,0.8066695754043947,0.3659321683744005,-20.682797076353328,24.215332202358255,186.0,93.37333333333333,79.05818586120633
us,keltner_breakout,bull,equal_slot,0.15,none,none,15.954953423082152,0.9447540068049712,1.3414462257312014,0.9603514104287595,-16.613661676155488,55.26805162210837,129.0,95.14666666666668,79.05818586120633
us,keltner_breakout,bull,equal_slot,0.15,none,0.15,9.491646729940806,0.7472576129163992,1.0918619225148056,0.5685010119210934,-16.69591879505436,30.93297812829703,146.0,93.43999999999998,79.05818586120633
us,keltner_breakout,bull,equal_slot,0.15,none,0.25,16.58388567792981,0.9839191902754786,1.4023277559427696,0.8690359770016212,-19.083082998644223,57.78456175102076,132.0,94.36,79.05818586120633
us,keltner_breakout,bull,equal_slot,0.15,0.25,none,7.466524180558776,0.5409762113375313,0.7384835113299338,0.2994842565508331,-24.9312744067114,23.86565619332506,155.0,94.17333333333333,79.05818586120633
us,keltner_breakout,bull,equal_slot,0.15,0.25,0.15,3.197806171241435,0.2998325154790918,0.4037234649688341,0.14374853151367925,-22.24583540136637,9.807412942031291,175.0,93.45333333333332,79.05818586120633
us,keltner_breakout,bull,equal_slot,0.15,0.25,0.25,6.713302503541363,0.4946468388311763,0.6774761618213063,0.25406900752517336,-26.42314609300075,21.3030811710899,157.0,94.18666666666667,79.05818586120633
us,keltner_breakout,bull,equal_slot,0.25,none,none,22.748114903093896,1.1962751702772174,1.736056529943021,1.3568021680544933,-16.765977707503385,83.89582070296191,121.0,94.33333333333334,79.05818586120633
us,keltner_breakout,bull,equal_slot,0.25,none,0.15,9.613159489337297,0.7575872728748956,1.1081816122942112,0.580354936155191,-16.564276256567705,31.36533902749472,146.0,93.43999999999998,79.05818586120633
us,keltner_breakout,bull,equal_slot,0.25,none,0.25,17.999288523159596,1.0021680971618658,1.4369293033967219,0.9326555933793425,-19.298965932259925,63.546598715822135,131.0,94.18666666666667,79.05818586120633
us,keltner_breakout,bull,equal_slot,0.25,0.25,none,13.432654367762463,0.9142623927269498,1.2757349877064303,0.6153009598918627,-21.831031061812762,45.44332080866149,147.0,93.52000000000001,79.05818586120633
us,keltner_breakout,bull,equal_slot,0.25,0.25,0.15,3.4402609936834194,0.3175080351322245,0.42804992297585825,0.15572777369514862,-22.091505657931293,10.575975223636469,175.0,93.45333333333332,79.05818586120633
us,keltner_breakout,bull,equal_slot,0.25,0.25,0.25,10.797969296438037,0.7417545042671475,1.036847478779713,0.47483136342263943,-22.740640421485693,35.630826331323995,150.0,94.13333333333334,79.05818586120633
us,keltner_breakout,bull,inverse_vol,0.25,none,none,22.81353471564669,1.201916299536826,1.7451587348890274,1.363466028584962,-16.732015493868317,84.18727859981135,121.0,94.33333333333334,79.05818586120633
us,keltner_breakout,"bull,pullback",equal_slot,none,none,none,13.715222935755067,0.7615888496561333,1.0599276575347913,0.6467798033581151,-21.205397670961432,46.52283212008417,141.0,98.56,79.05818586120633
us,keltner_breakout,"bull,pullback",equal_slot,none,none,0.15,5.265841578671271,0.4497037378893222,0.620756810625618,0.2922168098704599,-18.020323954003967,16.47783894345003,170.0,98.38666666666667,79.05818586120633
us,keltner_breakout,"bull,pullback",equal_slot,none,none,0.25,17.041616198280618,0.9877711487317269,1.4097747635621505,0.8299187939418153,-20.5340767345912,59.632968114170225,141.0,98.54666666666667,79.05818586120633
us,keltner_breakout,"bull,pullback",equal_slot,none,0.25,none,8.556420833170453,0.5836874192831005,0.7922837133152419,0.32519833722322844,-26.311391707076908,27.636861558321456,163.0,98.56,79.05818586120633
us,keltner_breakout,"bull,pullback",equal_slot,none,0.25,0.15,3.169486470944838,0.2923534902754548,0.3934046417048211,0.14220337197170743,-22.28840587250937,9.717873662674892,192.0,98.37333333333333,79.05818586120633
us,keltner_breakout,"bull,pullback",equal_slot,none,0.25,0.25,5.699869522606904,0.4171668363469285,0.5650881899055545,0.2239056324737829,-25.45657051871753,17.911080431306026,171.0,98.62666666666667,79.05818586120633
us,keltner_breakout,"bull,pullback",equal_slot,0.08,none,none,11.478972969574762,0.664840526020534,0.9362719800960795,0.45524865991616115,-25.214732036089327,38.123623018015266,168.0,98.37333333333333,79.05818586120633
us,keltner_breakout,"bull,pullback",equal_slot,0.08,none,0.15,8.759714856534817,0.6419215156724297,0.8875551341001023,0.4433053708797348,-19.76000164209889,28.348612817393892,196.0,98.27999999999999,79.05818586120633
us,keltner_breakout,"bull,pullback",equal_slot,0.08,none,0.25,17.40685215230522,0.9917989761722078,1.4236832133837363,0.7115626140407272,-24.462853737434997,61.1181265798584,173.0,98.38666666666667,79.05818586120633
us,keltner_breakout,"bull,pullback",equal_slot,0.08,0.25,none,8.518948408969763,0.642632092801208,0.8715476158128538,0.343732100127665,-24.78368591646155,27.505953666875005,205.0,98.36,79.05818586120633
us,keltner_breakout,"bull,pullback",equal_slot,0.08,0.25,0.15,-1.1867720971560525,-0.0160289093221102,-0.021278010599694735,-0.041333787739227745,-28.711912507107325,-3.486228978436212,222.0,98.29333333333332,79.05818586120633
us,keltner_breakout,"bull,pullback",equal_slot,0.08,0.25,0.25,8.518948408969763,0.642632092801208,0.8715476158128538,0.343732100127665,-24.78368591646155,27.505953666875005,205.0,98.36,79.05818586120633
us,keltner_breakout,"bull,pullback",equal_slot,0.15,none,none,16.89866752957714,0.9454008273901591,1.3473521469509218,0.821475859393496,-20.571106668981844,59.054178800019955,139.0,98.54666666666667,79.05818586120633
us,keltner_breakout,"bull,pullback",equal_slot,0.15,none,0.15,4.587286279771052,0.3970934295119272,0.5438160530426491,0.23717496300422775,-19.341359735720847,14.260363980270796,170.0,98.38666666666667,79.05818586120633
us,keltner_breakout,"bull,pullback",equal_slot,0.15,none,0.25,17.26441579886069,1.0045998857752654,1.4556507248486243,0.8476040202686268,-20.36849210954564,60.53785217596399,145.0,98.53333333333335,79.05818586120633
us,keltner_breakout,"bull,pullback",equal_slot,0.15,0.25,none,4.924966284793708,0.3854087905070046,0.5141412968249478,0.19457192480249924,-25.311803281962742,15.360345286022126,173.0,98.52000000000001,79.05818586120633
us,keltner_breakout,"bull,pullback",equal_slot,0.15,0.25,0.15,2.6380533266833206,0.25460767948590174,0.34080461030677445,0.11445910126085224,-23.04799965772227,8.046597970185875,192.0,98.37333333333333,79.05818586120633
us,keltner_breakout,"bull,pullback",equal_slot,0.15,0.25,0.25,4.719388009500602,0.37266399167042225,0.49729704008584186,0.18490257025901982,-25.5236474154441,14.689848290318409,174.0,98.52000000000001,79.05818586120633
us,keltner_breakout,"bull,pullback",equal_slot,0.25,none,none,13.885874295873379,0.7771349829055527,1.0830467612279857,0.6578048566886909,-21.109412851971282,47.17734810111831,141.0,98.56,79.05818586120633
us,keltner_breakout,"bull,pullback",equal_slot,0.25,none,0.15,5.265841578671271,0.4497037378893222,0.620756810625618,0.2922168098704599,-18.020323954003967,16.47783894345003,170.0,98.38666666666667,79.05818586120633
us,keltner_breakout,"bull,pullback",equal_slot,0.25,none,0.25,16.949687404987902,0.9827572393498015,1.4022947008108937,0.8254419044044418,-20.5340767345912,59.2605946740876,141.0,98.54666666666667,79.05818586120633
us,keltner_breakout,"bull,pullback",equal_slot,0.25,0.25,none,9.634095577330392,0.6550930398537606,0.8952902051661369,0.3683727799749595,-26.153114727926642,31.43992835682985,163.0,98.56,79.05818586120633
us,keltner_breakout,"bull,pullback",equal_slot,0.25,0.25,0.15,3.169486470944838,0.2923534902754548,0.3934046417048211,0.14220337197170743,-22.28840587250937,9.717873662674892,192.0,98.37333333333333,79.05818586120633
us,keltner_breakout,"bull,pullback",equal_slot,0.25,0.25,0.25,5.699869522606904,0.4171668363469285,0.5650881899055545,0.2239056324737829,-25.45657051871753,17.911080431306026,171.0,98.62666666666667,79.05818586120633
us,keltner_breakout,"bull,pullback",atr_risk,0.15,none,0.25,17.996166954007897,1.0554863174373272,1.5372762858240008,0.8864723317650709,-20.300878334437588,63.53373977979941,145.0,98.53333333333335,79.05818586120633
us,adx_trend,none,equal_slot,none,none,none,11.459748401238068,0.5898004453589519,0.826584781886829,0.4139939719185647,-27.68095474465574,38.0528383792075,424.0,99.86666666666666,79.05818586120633
us,adx_trend,none,equal_slot,none,none,0.15,13.551807824427286,0.7207855713020552,1.038800745317028,0.5981874955541889,-22.654782865148757,45.89788308514573,472.0,99.86666666666666,79.05818586120633
us,adx_trend,none,equal_slot,none,none,0.25,12.135674459022972,0.6196902846699945,0.8774384091080295,0.43800699002693,-27.706577144526467,40.55607672316066,430.0,99.86666666666666,79.05818586120633
us,adx_trend,none,equal_slot,none,0.25,none,8.540266835055,0.5087692198208812,0.7070998288573435,0.3297456483236492,-25.89955888264711,27.580417507339593,480.0,99.86666666666666,79.05818586120633
us,adx_trend,none,equal_slot,none,0.25,0.15,11.262452950148006,0.6612396617930875,0.9500670409999378,0.5289936401564713,-21.290337151911086,37.32778941853467,529.0,99.86666666666666,79.05818586120633
us,adx_trend,none,equal_slot,none,0.25,0.25,8.016134230023031,0.48635903970011696,0.6763721538068883,0.3047449012459479,-26.304408038490912,25.758008500503138,485.0,99.86666666666666,79.05818586120633
us,adx_trend,none,equal_slot,0.08,none,none,9.242732821499411,0.4903279927765483,0.6970554061466051,0.2888749733628491,-31.995616352302797,30.050254949164955,462.0,99.86666666666666,79.05818586120633
us,adx_trend,none,equal_slot,0.08,none,0.15,8.146487060256735,0.4705606884129361,0.6723482143720861,0.29241556615497927,-27.859279748257737,26.2096205082631,500.0,99.86666666666666,79.05818586120633
us,adx_trend,none,equal_slot,0.08,none,0.25,9.898926243477014,0.5200044488710919,0.7430069119748303,0.32512185835202845,-30.44681859796356,32.38587209906987,465.0,99.86666666666666,79.05818586120633
us,adx_trend,none,equal_slot,0.08,0.25,none,7.95732548151864,0.4969182561321518,0.6973846397746227,0.3046832679336549,-26.116713055773566,25.55461501034044,544.0,99.86666666666666,79.05818586120633
us,adx_trend,none,equal_slot,0.08,0.25,0.15,6.0283195323897365,0.39836436741510434,0.5585204508831204,0.23487050464563122,-25.666566951372488,19.003427886030444,563.0,99.86666666666666,79.05818586120633
us,adx_trend,none,equal_slot,0.08,0.25,0.25,7.95732548151864,0.4969182561321518,0.6973846397746227,0.3046832679336549,-26.116713055773566,25.55461501034044,544.0,99.86666666666666,79.05818586120633
us,adx_trend,none,equal_slot,0.15,none,none,10.764433322586274,0.5556929033381655,0.780363582335614,0.37150589728149863,-28.975134449695734,35.50884617812715,431.0,99.86666666666666,79.05818586120633
us,adx_trend,none,equal_slot,0.15,none,0.15,12.180480965299246,0.6518734294061773,0.9341294489027606,0.4998790827536684,-24.366854676536988,40.72307011912972,472.0,99.86666666666666,79.05818586120633
us,adx_trend,none,equal_slot,0.15,none,0.25,11.272880620304026,0.5793851699227578,0.8169050928804081,0.4073699783764674,-27.672340178898242,37.366047086862466,434.0,99.86666666666666,79.05818586120633
us,adx_trend,none,equal_slot,0.15,0.25,none,8.99197369192908,0.5310131965435716,0.7427330179799332,0.3666262290741773,-24.526269477871388,29.16499003101727,499.0,99.86666666666666,79.05818586120633
us,adx_trend,none,equal_slot,0.15,0.25,0.15,10.074706711321246,0.5958979267717044,0.8515625603653771,0.43927740562540313,-22.934725488504917,33.01622665227444,529.0,99.86666666666666,79.05818586120633
us,adx_trend,none,equal_slot,0.15,0.25,0.25,8.514620259477624,0.5092816318132938,0.7108654468228451,0.35157377027101294,-24.218587902374153,27.49083925210485,501.0,99.86666666666666,79.05818586120633
us,adx_trend,none,equal_slot,0.25,none,none,11.059994972246301,0.5727070414523757,0.8027691248171324,0.381511581030263,-28.98993247434074,36.58639989320625,426.0,99.86666666666666,79.05818586120633
us,adx_trend,none,equal_slot,0.25,none,0.15,12.896812625640486,0.685083051683459,0.9838887787499343,0.5594457052174265,-23.052840526549733,43.41073526754684,472.0,99.86666666666666,79.05818586120633
us,adx_trend,none,equal_slot,0.25,none,0.25,12.03565292063673,0.6152606721228738,0.8704905496370734,0.43309772229365284,-27.789693413525292,40.183771971393575,430.0,99.86666666666666,79.05818586120633
us,adx_trend,none,equal_slot,0.25,0.25,none,8.34800153333337,0.5006630032810296,0.6970014078435963,0.30723725847552,-27.171188724815813,26.909890175782447,482.0,99.86666666666666,79.05818586120633
us,adx_trend,none,equal_slot,0.25,0.25,0.15,10.615518153501124,0.6229542028236702,0.8913004601213755,0.4890632632238067,-21.70581794168256,34.96807737056245,529.0,99.86666666666666,79.05818586120633
us,adx_trend,none,equal_slot,0.25,0.25,0.25,7.896021161409483,0.4803195764660418,0.6673531868717092,0.29979154449383555,-26.33837180011541,25.34282293510788,485.0,99.86666666666666,79.05818586120633
us,adx_trend,none,atr_risk,none,none,0.15,13.64638968117422,0.782958134341671,1.130806842591823,0.685575952135026,-19.905000516247,46.25937677179051,472.0,99.86666666666666,79.05818586120633
us,adx_trend,bull,equal_slot,none,none,none,12.12817991825732,0.6214589523096122,0.8880899748226301,0.48188535250970377,-25.16818545135815,40.52815748863019,374.0,90.67999999999999,79.05818586120633
us,adx_trend,bull,equal_slot,none,none,0.15,14.219134841567715,0.7830816328562614,1.1451431463798674,0.696989460527449,-20.400788888267176,48.461123007992725,418.0,90.62666666666667,79.05818586120633
us,adx_trend,bull,equal_slot,none,none,0.25,12.831818222460534,0.6637761139511935,0.955686738655338,0.5329247104690529,-24.07810703910995,43.16548434765686,380.0,90.67999999999999,79.05818586120633
us,adx_trend,bull,equal_slot,none,0.25,none,9.054274994439648,0.5413518764711202,0.7589018358795295,0.39839599960502703,-22.726822065021057,29.384560271774205,427.0,90.64,79.05818586120633
us,adx_trend,bull,equal_slot,none,0.25,0.15,12.52816245691748,0.7469511086154421,1.0889510200514132,0.6537689833618899,-19.162980771118335,42.023351890064255,473.0,90.58666666666667,79.05818586120633
us,adx_trend,bull,equal_slot,none,0.25,0.25,8.836303316642713,0.5356102818751121,0.7525747424728577,0.38580894918584513,-22.90331350604893,28.617437585363458,434.0,90.64,79.05818586120633
us,adx_trend,bull,equal_slot,0.08,none,none,11.506749161429862,0.5962779291713053,0.854574755350831,0.40815014165145963,-28.192441915789086,38.22593716420562,407.0,90.66666666666666,79.05818586120633
us,adx_trend,bull,equal_slot,0.08,none,0.15,10.211710619213843,0.5804252347251111,0.8411858093719585,0.41324909540129984,-24.710787592402127,33.50890586817843,447.0,90.48,79.05818586120633
us,adx_trend,bull,equal_slot,0.08,none,0.25,11.798154768378467,0.6173179361914547,0.8878805867790823,0.4424576178685989,-26.665050598998352,39.30236835359236,412.0,90.66666666666666,79.05818586120633
us,adx_trend,bull,equal_slot,0.08,0.25,none,7.683529116790666,0.4927311973710089,0.6935903032808368,0.33602536920657483,-22.86591972187416,24.61054780170622,493.0,90.66666666666666,79.05818586120633
us,adx_trend,bull,equal_slot,0.08,0.25,0.15,8.023506494548904,0.512827421407686,0.7268161308658868,0.3590687402504438,-22.34532164775095,25.78352131885515,509.0,90.48,79.05818586120633
us,adx_trend,bull,equal_slot,0.08,0.25,0.25,7.683529116790666,0.4927311973710089,0.6935903032808368,0.33602536920657483,-22.86591972187416,24.61054780170622,493.0,90.66666666666666,79.05818586120633
us,adx_trend,bull,equal_slot,0.15,none,none,11.722085691939398,0.6031660232897905,0.8623753171244154,0.46632643160151627,-25.137081875633672,39.020840184816244,381.0,90.74666666666667,79.05818586120633
us,adx_trend,bull,equal_slot,0.15,none,0.15,13.371859396441653,0.7369586454903231,1.0732110270233377,0.6251003281794032,-21.39154115530066,45.211754660884566,418.0,90.62666666666667,79.05818586120633
us,adx_trend,bull,equal_slot,0.15,none,0.25,12.351105252956884,0.6391504193651356,0.9190569405451297,0.5155095993768259,-23.959020875435737,41.360190273330424,385.0,90.74666666666667,79.05818586120633
us,adx_trend,bull,equal_slot,0.15,0.25,none,9.671428127292003,0.5718363997235955,0.8145514839360597,0.4425831089426553,-21.852230534503096,31.57300334331503,446.0,90.70666666666666,79.05818586120633
us,adx_trend,bull,equal_slot,0.15,0.25,0.15,11.701875841045005,0.6982516448050734,1.013850112329541,0.5812035854390551,-20.133867261340324,38.94610798128792,473.0,90.58666666666667,79.05818586120633
us,adx_trend,bull,equal_slot,0.15,0.25,0.25,9.441129572234752,0.5627537968704478,0.8015111946364172,0.4373136962509882,-21.58891809968876,30.753508635168146,448.0,90.70666666666666,79.05818586120633
us,adx_trend,bull,equal_slot,0.25,none,none,11.558743248769598,0.5962383902061601,0.8520509421831742,0.4361491293967279,-26.501814332995238,38.41759355351058,376.0,90.67999999999999,79.05818586120633
us,adx_trend,bull,equal_slot,0.25,none,0.15,13.728018922975703,0.7525954512927798,1.0967320335074706,0.6618336773067353,-20.74240008281307,46.57184271361847,418.0,90.62666666666667,79.05818586120633
us,adx_trend,bull,equal_slot,0.25,none,0.25,12.727633475216527,0.6589223411081596,0.9478974880870419,0.526906882364005,-24.15537526880101,42.77293283428272,380.0,90.67999999999999,79.05818586120633
us,adx_trend,bull,equal_slot,0.25,0.25,none,8.9016141981193,0.5349006757447603,0.7516470387091371,0.369107901787181,-24.116563625483593,28.846973083825223,431.0,90.64,79.05818586120633
us,adx_trend,bull,equal_slot,0.25,0.25,0.15,11.952558054856354,0.7096757864792222,1.0302145182135931,0.6132137614675769,-19.491666374627396,39.87497055406286,473.0,90.58666666666667,79.05818586120633
us,adx_trend,bull,equal_slot,0.25,0.25,0.25,8.506724396220179,0.5170780963850645,0.7250838437942426,0.36894184594914614,-23.05708742345459,27.463269017710235,434.0,90.64,79.05818586120633
us,adx_trend,bull,atr_risk,none,none,0.15,13.93455660469125,0.8386835732718037,1.223276450356494,0.781484884643163,-17.830871560687914,47.364419162996455,418.0,90.62666666666667,79.05818586120633
us,adx_trend,"bull,pullback",equal_slot,none,none,none,11.03211973556839,0.5726747072979212,0.7996119402022329,0.44778330027258556,-24.637184389977584,36.48453086719674,406.0,98.26666666666665,79.05818586120633
us,adx_trend,"bull,pullback",equal_slot,none,none,0.15,13.57607453169194,0.7262915620570499,1.0485762507114957,0.6552947946941347,-20.717507054254426,45.99057430223144,457.0,98.26666666666665,79.05818586120633
us,adx_trend,"bull,pullback",equal_slot,none,none,0.25,12.054776863577255,0.6181206854075078,0.8727427676807518,0.4880854849341854,-24.698085142201574,40.25490532897764,412.0,98.26666666666665,79.05818586120633
us,adx_trend,"bull,pullback",equal_slot,none,0.25,none,10.022730443113748,0.5859028961270952,0.8151269083622671,0.4291345810895157,-23.355681142422423,32.8296311287402,464.0,98.26666666666665,79.05818586120633
us,adx_trend,"bull,pullback",equal_slot,none,0.25,0.15,13.813716548341603,0.7998437797155495,1.1522213147002736,0.7091231102196178,-19.479997689066217,46.90035816954661,515.0,98.26666666666665,79.05818586120633
us,adx_trend,"bull,pullback",equal_slot,none,0.25,0.25,9.606299420804687,0.5694100657081171,0.793207951893603,0.4063412257562839,-23.640966783336847,31.34090466438837,469.0,98.26666666666665,79.05818586120633
us,adx_trend,"bull,pullback",equal_slot,0.08,none,none,11.138772738084635,0.5704100736256842,0.8144473054019558,0.38636946925527077,-28.82932950047704,36.87456307247319,444.0,98.26666666666665,79.05818586120633
us,adx_trend,"bull,pullback",equal_slot,0.08,none,0.15,11.529763593973863,0.6271945133388587,0.8995789442828653,0.4626609959430025,-24.92054375682508,38.31074936339838,484.0,98.26666666666665,79.05818586120633
us,adx_trend,"bull,pullback",equal_slot,0.08,none,0.25,11.888270357326004,0.6059521347502403,0.8698442102930929,0.4343972649896784,-27.36727718027524,39.6363712427864,447.0,98.26666666666665,79.05818586120633
us,adx_trend,"bull,pullback",equal_slot,0.08,0.25,none,9.774149747022243,0.5918611734556456,0.8310202363504634,0.4143940345390031,-23.586608233623817,31.939624468099726,530.0,98.26666666666665,79.05818586120633
us,adx_trend,"bull,pullback",equal_slot,0.08,0.25,0.15,7.9285421687645075,0.4963897292865075,0.6995061988142292,0.3444666570681649,-23.016863914336895,25.455145855022778,549.0,98.26666666666665,79.05818586120633
us,adx_trend,"bull,pullback",equal_slot,0.08,0.25,0.25,9.774149747022243,0.5918611734556456,0.8310202363504634,0.4143940345390031,-23.586608233623817,31.939624468099726,530.0,98.26666666666665,79.05818586120633
us,adx_trend,"bull,pullback",equal_slot,0.15,none,none,10.299035776312216,0.5370224732500065,0.7519015580984724,0.3975414216571201,-25.906824333880724,33.82356651444469,413.0,98.26666666666665,79.05818586120633
us,adx_trend,"bull,pullback",equal_slot,0.15,none,0.15,12.352966967859636,0.6647401601408958,0.9552708007941411,0.5616167302079074,-21.995368555503386,41.36715255069141,457.0,98.26666666666665,79.05818586120633
us,adx_trend,"bull,pullback",equal_slot,0.15,none,0.25,11.017486458801628,0.5697244908191055,0.8011825623711732,0.44473702495794964,-24.773036290026322,36.431074281029076,416.0,98.26666666666665,79.05818586120633
us,adx_trend,"bull,pullback",equal_slot,0.15,0.25,none,10.67666615117966,0.6172730821273156,0.8623034224043337,0.4811750981742267,-22.188733772157487,35.189955880749004,483.0,98.26666666666665,79.05818586120633
us,adx_trend,"bull,pullback",equal_slot,0.15,0.25,0.15,12.81821591007175,0.7422441305061307,1.064063303316582,0.616699642873523,-20.78518458409518,43.11419240689878,515.0,98.26666666666665,79.05818586120633
us,adx_trend,"bull,pullback",equal_slot,0.15,0.25,0.25,10.355745471130916,0.6039054039941867,0.8429261486879426,0.4725033435910978,-21.9167665405829,34.02817311561665,485.0,98.26666666666665,79.05818586120633
us,adx_trend,"bull,pullback",equal_slot,0.25,none,none,10.39211301879115,0.5450422402297419,0.7607553637138583,0.40162380843724244,-25.87524145848793,34.15949513972467,408.0,98.26666666666665,79.05818586120633
us,adx_trend,"bull,pullback",equal_slot,0.25,none,0.15,12.742381482936317,0.6815347192120392,0.979570754096774,0.6063442022469125,-21.01509577516736,42.8284575254974,457.0,98.26666666666665,79.05818586120633
us,adx_trend,"bull,pullback",equal_slot,0.25,none,0.25,11.943429938064188,0.6131615151941839,0.8650484295613855,0.48214294969550703,-24.771553634885567,39.84107571839755,412.0,98.26666666666665,79.05818586120633
us,adx_trend,"bull,pullback",equal_slot,0.25,0.25,none,9.788445946673829,0.5758557286965127,0.8024477844650929,0.39671102960855414,-24.673994963871717,31.990702342497745,466.0,98.26666666666665,79.05818586120633
us,adx_trend,"bull,pullback",equal_slot,0.25,0.25,0.15,13.194635084647977,0.7604310605171872,1.090699194644354,0.6658557110248442,-19.81605754246608,44.53810912386793,515.0,98.26666666666665,79.05818586120633
us,adx_trend,"bull,pullback",equal_slot,0.25,0.25,0.25,9.490284250994762,0.5633653330224447,0.7840479355796316,0.40108450166113224,-23.661558129745192,30.92813558172174,469.0,98.26666666666665,79.05818586120633
us,adx_trend,"bull,pullback",atr_risk,none,0.25,0.15,13.965087518843777,0.8724097234080853,1.2508578038748865,0.8105264879158603,-17.22964977338714,47.48182049139065,515.0,98.26666666666665,79.05818586120633
us,long_term_reversal,none,equal_slot,none,none,none,12.87359429103827,0.9616536553950142,1.5072790890374093,1.0594332575451484,-12.15139717330391,43.32309085293815,10.0,32.4,79.05818586120633
us,long_term_reversal,none,equal_slot,none,none,0.15,11.59893434855741,0.8748788328529331,1.4623856873297976,0.6487073904266017,-17.880071230466083,38.56586349933511,75.0,32.4,79.05818586120633
us,long_term_reversal,none,equal_slot,none,none,0.25,15.932761007992324,1.1320011983787466,1.846344267105842,1.4246428524190242,-11.183687884257246,55.17974430830843,26.0,32.4,79.05818586120633
us,long_term_reversal,none,equal_slot,none,0.25,none,13.784493372882945,1.2601540506539715,2.082741101947329,1.6387681654242094,-8.411496918061443,46.78827846819706,30.0,32.4,79.05818586120633
us,long_term_reversal,none,equal_slot,none,0.25,0.15,11.029040306511796,0.8621117467038542,1.4143942724263214,0.8495542178565304,-12.982150020205466,36.47328030039396,99.0,32.4,79.05818586120633
us,long_term_reversal,none,equal_slot,none,0.25,0.25,14.803356437446503,1.191428380267988,2.016712305498793,1.5887943556313033,-9.3173521072615,50.72953217696599,51.0,32.4,79.05818586120633
us,long_term_reversal,none,equal_slot,0.08,none,none,13.741095764220645,1.0502216376950604,1.6299459526960396,0.9840529462066946,-13.963776865045235,46.621940258643015,32.0,32.4,79.05818586120633
us,long_term_reversal,none,equal_slot,0.08,none,0.15,11.800759015901875,0.8969617132739677,1.500565427942322,0.8293691810651985,-14.228596004430253,39.31201324577878,93.0,32.4,79.05818586120633
us,long_term_reversal,none,equal_slot,0.08,none,0.25,11.693248697990022,0.8931708254270007,1.450576995528477,0.7543068307964124,-15.501979062875588,38.91421455926529,49.0,32.4,79.05818586120633
us,long_term_reversal,none,equal_slot,0.08,0.25,none,11.816714044707144,0.928464027927724,1.5175673217156447,0.8597678839482958,-13.744074726822165,39.37111274509528,97.0,32.4,79.05818586120633
us,long_term_reversal,none,equal_slot,0.08,0.25,0.15,11.174775987502695,0.8680702297315408,1.4278769604206674,0.9406669004562407,-11.879631336111352,37.00639446897569,130.0,32.4,79.05818586120633
us,long_term_reversal,none,equal_slot,0.08,0.25,0.25,11.816714044707144,0.928464027927724,1.5175673217156447,0.8597678839482958,-13.744074726822165,39.37111274509528,97.0,32.4,79.05818586120633
us,long_term_reversal,none,equal_slot,0.15,none,none,13.791115539279563,1.024138133254738,1.6097682273635705,1.1359744780859187,-12.140339246456628,46.813671501797714,16.0,32.4,79.05818586120633
us,long_term_reversal,none,equal_slot,0.15,none,0.15,11.304407337863886,0.8511785088185331,1.4196328776723528,0.619013040505101,-18.261985771155548,37.48175723130134,75.0,32.4,79.05818586120633
us,long_term_reversal,none,equal_slot,0.15,none,0.25,15.513541299738032,1.1034342127418744,1.7990814721432749,1.3668951301121832,-11.34947440954363,53.51785439445338,31.0,32.4,79.05818586120633
us,long_term_reversal,none,equal_slot,0.15,0.25,none,13.624134817835976,1.1121359337736154,1.8932909890496912,1.4412551913981466,-9.452964956621834,46.17426484623424,52.0,32.4,79.05818586120633
us,long_term_reversal,none,equal_slot,0.15,0.25,0.15,10.774908916430226,0.8410326845270688,1.3768798494544434,0.8285693874901429,-13.004232450668967,35.54694115801178,99.0,32.4,79.05818586120633
us,long_term_reversal,none,equal_slot,0.15,0.25,0.25,14.596514877184896,1.154106549897883,1.9577670878013684,1.5162467634868422,-9.626740995389147,49.92379943742189,63.0,32.4,79.05818586120633
us,long_term_reversal,none,equal_slot,0.25,none,none,12.887043722681524,0.9625485270482551,1.5087853706908414,1.0603469682371482,-12.153610194318317,43.373855345353405,11.0,32.4,79.05818586120633
us,long_term_reversal,none,equal_slot,0.25,none,0.15,11.59893434855741,0.8748788328529331,1.4623856873297976,0.6487073904266017,-17.880071230466083,38.56586349933511,75.0,32.4,79.05818586120633
us,long_term_reversal,none,equal_slot,0.25,none,0.25,15.932761007992324,1.1320011983787466,1.846344267105842,1.4246428524190242,-11.183687884257246,55.17974430830843,26.0,32.4,79.05818586120633
us,long_term_reversal,none,equal_slot,0.25,0.25,none,16.524844470567103,1.3722504460201692,2.4000165452166846,2.3882242160654186,-6.919301948035541,57.54718095241898,39.0,32.4,79.05818586120633
us,long_term_reversal,none,equal_slot,0.25,0.25,0.15,11.029040306511796,0.8621117467038542,1.4143942724263214,0.8495542178565304,-12.982150020205466,36.47328030039396,99.0,32.4,79.05818586120633
us,long_term_reversal,none,equal_slot,0.25,0.25,0.25,14.73076308866894,1.1841064944946063,2.000888583689252,1.5777623465740287,-9.336490454760495,50.44642489349685,51.0,32.4,79.05818586120633
us,long_term_reversal,bull,equal_slot,none,none,none,12.87359429103827,0.9616536553950142,1.5072790890374093,1.0594332575451484,-12.15139717330391,43.32309085293815,10.0,32.4,79.05818586120633
us,long_term_reversal,bull,equal_slot,none,none,0.15,11.135478747253714,0.8416339647977401,1.4044379255719392,0.6361975279724583,-17.50317827034339,36.862505826554816,73.0,31.466666666666665,79.05818586120633
us,long_term_reversal,bull,equal_slot,none,none,0.25,15.608063046239472,1.115708462348765,1.8249051451567708,1.3956096779319291,-11.183687884257246,53.891525395964514,26.0,32.17333333333333,79.05818586120633
us,long_term_reversal,bull,equal_slot,none,0.25,none,13.784493372882945,1.2601540506539715,2.082741101947329,1.6387681654242094,-8.411496918061443,46.78827846819706,30.0,32.4,79.05818586120633
us,long_term_reversal,bull,equal_slot,none,0.25,0.15,9.97420696074347,0.776392984845319,1.2794609712658165,0.7941336491923582,-12.559859377432675,32.65558799488086,98.0,31.466666666666665,79.05818586120633
us,long_term_reversal,bull,equal_slot,none,0.25,0.25,14.80599415944479,1.1695285566099238,1.9878561268353478,1.5344520565901294,-9.64904318506163,50.73982569675366,50.0,32.21333333333333,79.05818586120633
us,long_term_reversal,bull,equal_slot,0.08,none,none,14.04317934038235,1.073804510316825,1.66718750837154,1.006897489953403,-13.946980184678223,47.782391379215206,30.0,32.14666666666667,79.05818586120633
us,long_term_reversal,bull,equal_slot,0.08,none,0.15,11.719178764437066,0.8999814383296739,1.5186676867273614,0.8925662836472124,-13.129757396335936,39.010089275250934,89.0,31.586666666666662,79.05818586120633
us,long_term_reversal,bull,equal_slot,0.08,none,0.25,11.782816453120404,0.905101198435269,1.4663739615668534,0.770251174333123,-15.297369021633584,39.245571530556546,51.0,31.933333333333337,79.05818586120633
us,long_term_reversal,bull,equal_slot,0.08,0.25,none,12.166290870791263,0.960931012941068,1.5791109480720527,0.9373696615917239,-12.979181393743842,40.67016954383262,91.0,31.906666666666666,79.05818586120633
us,long_term_reversal,bull,equal_slot,0.08,0.25,0.15,10.188822906562866,0.8059373535436872,1.3282334416107644,0.9944800149646913,-10.245377235584385,33.426515352276965,121.0,31.306666666666665,79.05818586120633
us,long_term_reversal,bull,equal_slot,0.08,0.25,0.25,12.166290870791263,0.960931012941068,1.5791109480720527,0.9373696615917239,-12.979181393743842,40.67016954383262,91.0,31.906666666666666,79.05818586120633
us,long_term_reversal,bull,equal_slot,0.15,none,none,12.066394164702876,0.9071672444712864,1.404412877657043,0.9939091420550431,-12.140339246456628,40.29812869725375,18.0,32.17333333333333,79.05818586120633
us,long_term_reversal,bull,equal_slot,0.15,none,0.15,10.975003233278645,0.8285513634526032,1.3807286676305228,0.6136491509546688,-17.884817759797386,36.27595821781328,73.0,31.466666666666665,79.05818586120633
us,long_term_reversal,bull,equal_slot,0.15,none,0.25,15.414526242636883,1.1026875158579377,1.8035199147794323,1.3581709325389557,-11.34947440954363,53.127066263608015,31.0,32.13333333333333,79.05818586120633
us,long_term_reversal,bull,equal_slot,0.15,0.25,none,14.376384302042112,1.1602808193001144,1.9820390504609533,1.617521053322451,-8.887911704464347,49.06944537209566,52.0,32.06666666666666,79.05818586120633
us,long_term_reversal,bull,equal_slot,0.15,0.25,0.15,9.878294483999174,0.7687949413754074,1.2659680346192184,0.7821188434109586,-12.630170679583916,32.31201617562212,98.0,31.466666666666665,79.05818586120633
us,long_term_reversal,bull,equal_slot,0.15,0.25,0.25,13.721101447584228,1.0951263458481253,1.861646043314001,1.4258637506447234,-9.623010221965492,46.54534637139991,64.0,32.16,79.05818586120633
us,long_term_reversal,bull,equal_slot,0.25,none,none,12.887043722681524,0.9625485270482551,1.5087853706908414,1.0603469682371482,-12.153610194318317,43.373855345353405,11.0,32.4,79.05818586120633
us,long_term_reversal,bull,equal_slot,0.25,none,0.15,11.135478747253714,0.8416339647977401,1.4044379255719392,0.6361975279724583,-17.50317827034339,36.862505826554816,73.0,31.466666666666665,79.05818586120633
us,long_term_reversal,bull,equal_slot,0.25,none,0.25,15.608063046239472,1.115708462348765,1.8249051451567708,1.3956096779319291,-11.183687884257246,53.891525395964514,26.0,32.17333333333333,79.05818586120633
us,long_term_reversal,bull,equal_slot,0.25,0.25,none,16.649761311028243,1.3790367985941256,2.411765385829467,2.5703026199176238,-6.477743586302634,58.049701003293876,40.0,32.25333333333333,79.05818586120633
us,long_term_reversal,bull,equal_slot,0.25,0.25,0.15,9.97420696074347,0.776392984845319,1.2794609712658165,0.7941336491923582,-12.559859377432675,32.65558799488086,98.0,31.466666666666665,79.05818586120633
us,long_term_reversal,bull,equal_slot,0.25,0.25,0.25,14.733404103127356,1.1623586934615702,1.9724024648163467,1.5237990589744326,-9.66886284405729,50.45671841328454,50.0,32.21333333333333,79.05818586120633
us,long_term_reversal,"bull,pullback",equal_slot,none,none,none,12.87359429103827,0.9616536553950142,1.5072790890374093,1.0594332575451484,-12.15139717330391,43.32309085293815,10.0,32.4,79.05818586120633
us,long_term_reversal,"bull,pullback",equal_slot,none,none,0.15,11.59893434855741,0.8748788328529331,1.4623856873297976,0.6487073904266017,-17.880071230466083,38.56586349933511,75.0,32.4,79.05818586120633
us,long_term_reversal,"bull,pullback",equal_slot,none,none,0.25,15.932761007992324,1.1320011983787466,1.846344267105842,1.4246428524190242,-11.183687884257246,55.17974430830843,26.0,32.4,79.05818586120633
us,long_term_reversal,"bull,pullback",equal_slot,none,0.25,none,13.784493372882945,1.2601540506539715,2.082741101947329,1.6387681654242094,-8.411496918061443,46.78827846819706,30.0,32.4,79.05818586120633
us,long_term_reversal,"bull,pullback",equal_slot,none,0.25,0.15,11.029040306511796,0.8621117467038542,1.4143942724263214,0.8495542178565304,-12.982150020205466,36.47328030039396,99.0,32.4,79.05818586120633
us,long_term_reversal,"bull,pullback",equal_slot,none,0.25,0.25,14.803356437446503,1.191428380267988,2.016712305498793,1.5887943556313033,-9.3173521072615,50.72953217696599,51.0,32.4,79.05818586120633
us,long_term_reversal,"bull,pullback",equal_slot,0.08,none,none,13.741095764220645,1.0502216376950604,1.6299459526960396,0.9840529462066946,-13.963776865045235,46.621940258643015,32.0,32.4,79.05818586120633
us,long_term_reversal,"bull,pullback",equal_slot,0.08,none,0.15,11.800759015901875,0.8969617132739677,1.500565427942322,0.8293691810651985,-14.228596004430253,39.31201324577878,93.0,32.4,79.05818586120633
us,long_term_reversal,"bull,pullback",equal_slot,0.08,none,0.25,11.693248697990022,0.8931708254270007,1.450576995528477,0.7543068307964124,-15.501979062875588,38.91421455926529,49.0,32.4,79.05818586120633
us,long_term_reversal,"bull,pullback",equal_slot,0.08,0.25,none,11.816714044707144,0.928464027927724,1.5175673217156447,0.8597678839482958,-13.744074726822165,39.37111274509528,97.0,32.4,79.05818586120633
us,long_term_reversal,"bull,pullback",equal_slot,0.08,0.25,0.15,11.174775987502695,0.8680702297315408,1.4278769604206674,0.9406669004562407,-11.879631336111352,37.00639446897569,130.0,32.4,79.05818586120633
us,long_term_reversal,"bull,pullback",equal_slot,0.08,0.25,0.25,11.816714044707144,0.928464027927724,1.5175673217156447,0.8597678839482958,-13.744074726822165,39.37111274509528,97.0,32.4,79.05818586120633
us,long_term_reversal,"bull,pullback",equal_slot,0.15,none,none,13.791115539279563,1.024138133254738,1.6097682273635705,1.1359744780859187,-12.140339246456628,46.813671501797714,16.0,32.4,79.05818586120633
us,long_term_reversal,"bull,pullback",equal_slot,0.15,none,0.15,11.304407337863886,0.8511785088185331,1.4196328776723528,0.619013040505101,-18.261985771155548,37.48175723130134,75.0,32.4,79.05818586120633
us,long_term_reversal,"bull,pullback",equal_slot,0.15,none,0.25,15.513541299738032,1.1034342127418744,1.7990814721432749,1.3668951301121832,-11.34947440954363,53.51785439445338,31.0,32.4,79.05818586120633
us,long_term_reversal,"bull,pullback",equal_slot,0.15,0.25,none,13.624134817835976,1.1121359337736154,1.8932909890496912,1.4412551913981466,-9.452964956621834,46.17426484623424,52.0,32.4,79.05818586120633
us,long_term_reversal,"bull,pullback",equal_slot,0.15,0.25,0.15,10.774908916430226,0.8410326845270688,1.3768798494544434,0.8285693874901429,-13.004232450668967,35.54694115801178,99.0,32.4,79.05818586120633
us,long_term_reversal,"bull,pullback",equal_slot,0.15,0.25,0.25,14.596514877184896,1.154106549897883,1.9577670878013684,1.5162467634868422,-9.626740995389147,49.92379943742189,63.0,32.4,79.05818586120633
us,long_term_reversal,"bull,pullback",equal_slot,0.25,none,none,12.887043722681524,0.9625485270482551,1.5087853706908414,1.0603469682371482,-12.153610194318317,43.373855345353405,11.0,32.4,79.05818586120633
us,long_term_reversal,"bull,pullback",equal_slot,0.25,none,0.15,11.59893434855741,0.8748788328529331,1.4623856873297976,0.6487073904266017,-17.880071230466083,38.56586349933511,75.0,32.4,79.05818586120633
us,long_term_reversal,"bull,pullback",equal_slot,0.25,none,0.25,15.932761007992324,1.1320011983787466,1.846344267105842,1.4246428524190242,-11.183687884257246,55.17974430830843,26.0,32.4,79.05818586120633
us,long_term_reversal,"bull,pullback",equal_slot,0.25,0.25,none,16.524844470567103,1.3722504460201692,2.4000165452166846,2.3882242160654186,-6.919301948035541,57.54718095241898,39.0,32.4,79.05818586120633
us,long_term_reversal,"bull,pullback",equal_slot,0.25,0.25,0.15,11.029040306511796,0.8621117467038542,1.4143942724263214,0.8495542178565304,-12.982150020205466,36.47328030039396,99.0,32.4,79.05818586120633
us,long_term_reversal,"bull,pullback",equal_slot,0.25,0.25,0.25,14.73076308866894,1.1841064944946063,2.000888583689252,1.5777623465740287,-9.336490454760495,50.44642489349685,51.0,32.4,79.05818586120633
us,macd_signal_cross,none,equal_slot,none,none,none,11.943504159244656,0.8846955241509012,1.2558263721037142,0.6785678889834938,-17.60104530902019,39.84135129704538,808.0,99.37777777777778,79.05818586120633
us,macd_signal_cross,none,equal_slot,none,none,0.15,13.751454859330359,1.0440523020740158,1.532542523229316,0.7991839550430194,-17.206870549084197,46.661634148078804,831.0,99.37777777777778,79.05818586120633
us,macd_signal_cross,none,equal_slot,none,none,0.25,12.212803255692695,0.9216212728642348,1.3167647792088928,0.7023868818809894,-17.38757310356773,40.84361667223564,814.0,99.38666666666667,79.05818586120633
us,macd_signal_cross,none,equal_slot,none,0.25,none,11.223397598176676,0.8854997794834742,1.2589435381168543,0.6912466720435975,-16.23645805772329,37.18456360619358,821.0,99.40444444444444,79.05818586120633
us,macd_signal_cross,none,equal_slot,none,0.25,0.15,10.597707507853782,0.8366743544425913,1.19136235811527,0.6343900052360353,-16.705350683938864,34.9034960404732,868.0,99.34222222222222,79.05818586120633
us,macd_signal_cross,none,equal_slot,none,0.25,0.25,11.598902871041439,0.92115931130977,1.3080902641004248,0.7020877699418177,-16.520588119634454,38.56574733366185,829.0,99.36888888888889,79.05818586120633
us,macd_signal_cross,none,equal_slot,0.08,none,none,8.833610299901196,0.6793876732812527,0.9773690786108554,0.4297814776451924,-20.55372499601719,28.60797879056216,859.0,99.32444444444445,79.05818586120633
us,macd_signal_cross,none,equal_slot,0.08,none,0.15,10.313191603803018,0.8000248680462427,1.1631224098878685,0.5426559593550166,-19.00502781921154,33.874620821351996,859.0,99.30666666666667,79.05818586120633
us,macd_signal_cross,none,equal_slot,0.08,none,0.25,9.193696981664147,0.701203004941436,1.010529229183712,0.4379801093974318,-20.991129013399107,29.876826117773604,862.0,99.32444444444445,79.05818586120633
us,macd_signal_cross,none,equal_slot,0.08,0.25,none,5.280399657835977,0.44477779895962233,0.6228744944721858,0.24661815802890122,-21.411236301656125,16.52572404554238,917.0,99.29777777777777,79.05818586120633
us,macd_signal_cross,none,equal_slot,0.08,0.25,0.15,5.579449798818259,0.4869960561750036,0.6888136174601427,0.29148113106922413,-19.141718636645436,17.5122658076722,906.0,99.32444444444445,79.05818586120633
us,macd_signal_cross,none,equal_slot,0.08,0.25,0.25,5.280399657835977,0.44477779895962233,0.6228744944721858,0.24661815802890122,-21.411236301656125,16.52572404554238,917.0,99.29777777777777,79.05818586120633
us,macd_signal_cross,none,equal_slot,0.15,none,none,14.115366750531466,0.9962537650774754,1.4615505208286408,0.7621824183882863,-18.519669845415578,48.06059781069425,826.0,99.39555555555555,79.05818586120633
us,macd_signal_cross,none,equal_slot,0.15,none,0.15,13.363108485410091,1.0105934090318622,1.477924359316459,0.7706501591012288,-17.34004506142557,45.178442869189084,831.0,99.37777777777778,79.05818586120633
us,macd_signal_cross,none,equal_slot,0.15,none,0.25,12.224605986971504,0.8947235642715154,1.282144073271738,0.6654091925302767,-18.37156162584164,40.88765223973532,827.0,99.40444444444444,79.05818586120633
us,macd_signal_cross,none,equal_slot,0.15,0.25,none,10.637102032001145,0.8242999097499715,1.168115383520489,0.5771821893224146,-18.429366374746618,35.04636791802187,867.0,99.36,79.05818586120633
us,macd_signal_cross,none,equal_slot,0.15,0.25,0.15,10.177201234827793,0.8009204725507959,1.1365855038233685,0.6042242987617563,-16.84341602230173,33.384692917609925,868.0,99.34222222222222,79.05818586120633
us,macd_signal_cross,none,equal_slot,0.15,0.25,0.25,10.639831772753162,0.8245327924703186,1.168479544817676,0.5775440970734231,-18.422544402528143,35.05627156983846,867.0,99.36,79.05818586120633
us,macd_signal_cross,none,equal_slot,0.25,none,none,13.69693277419004,0.9945658565027377,1.453038872803838,0.7781885981039224,-17.60104530902019,46.452796878399624,811.0,99.37777777777778,79.05818586120633
us,macd_signal_cross,none,equal_slot,0.25,none,0.15,13.712544354527001,1.041318434608981,1.5283055584417944,0.7969226196832652,-17.206870549084197,46.51257411978589,831.0,99.37777777777778,79.05818586120633
us,macd_signal_cross,none,equal_slot,0.25,none,0.25,12.049589787494641,0.9108838647137378,1.3009972172070932,0.6930000935565991,-17.38757310356773,40.23560913062882,814.0,99.38666666666667,79.05818586120633
us,macd_signal_cross,none,equal_slot,0.25,0.25,none,10.71933488938599,0.8523712477573062,1.2042611984088574,0.6329219825608173,-16.93626574007638,35.34492477361939,827.0,99.37777777777778,79.05818586120633
us,macd_signal_cross,none,equal_slot,0.25,0.25,0.15,10.556577184874705,0.833681419441321,1.1868751879236479,0.6319279005034109,-16.705350683938864,34.75443601218029,868.0,99.34222222222222,79.05818586120633
us,macd_signal_cross,none,equal_slot,0.25,0.25,0.25,11.36785014239814,0.903626047732986,1.2818309928882163,0.6868650306281816,-16.550340511587144,37.71480258375502,829.0,99.36888888888889,79.05818586120633
us,macd_signal_cross,bull,equal_slot,none,none,none,7.492766315522581,0.6419450818150751,0.8909091796125891,0.5734683680658956,-13.065701148945688,23.955577522841608,740.0,90.83555555555556,79.05818586120633
us,macd_signal_cross,bull,equal_slot,none,none,0.15,8.233730089089853,0.7294929724562518,1.040790449016418,0.7519468533303019,-10.949883030460779,26.512477422480394,759.0,90.83555555555556,79.05818586120633
us,macd_signal_cross,bull,equal_slot,none,none,0.25,8.235566139030182,0.7037962620913665,0.9808803567599876,0.7185745071107811,-11.460977334338585,26.51885629269566,751.0,90.8088888888889,79.05818586120633
us,macd_signal_cross,bull,equal_slot,none,0.25,none,10.053164809809667,0.8822202235874942,1.2526610517261012,1.0660173329241474,-9.430582880142532,32.9388698364629,770.0,90.68444444444445,79.05818586120633
us,macd_signal_cross,bull,equal_slot,none,0.25,0.15,9.791642938808852,0.8802454929953467,1.2526562404082577,1.038489449956562,-9.428736073552233,32.00212644306715,779.0,90.76444444444445,79.05818586120633
us,macd_signal_cross,bull,equal_slot,none,0.25,0.25,10.50995452709329,0.9318350966637644,1.3237056462647663,1.1260544649885995,-9.333433553944209,34.585603463887615,775.0,90.68444444444445,79.05818586120633
us,macd_signal_cross,bull,equal_slot,0.08,none,none,4.049165747283023,0.38275501825211306,0.5324214022557978,0.3244996728788956,-12.478181291708687,12.52187419131021,784.0,90.38222222222223,79.05818586120633
us,macd_signal_cross,bull,equal_slot,0.08,none,0.15,8.522246859931615,0.7661296317692408,1.0949269224873726,1.0153460588620309,-8.393440626029602,27.51747304974035,777.0,90.96,79.05818586120633
us,macd_signal_cross,bull,equal_slot,0.08,none,0.25,4.863231788941191,0.4480436713110991,0.6269445186833233,0.4364727490385829,-11.142120097196024,15.158724691671877,786.0,90.61333333333333,79.05818586120633
us,macd_signal_cross,bull,equal_slot,0.08,0.25,none,2.771660844195334,0.2875441328714496,0.39861960869784935,0.20038966361065846,-13.831356339718475,8.465171946501847,819.0,90.56,79.05818586120633
us,macd_signal_cross,bull,equal_slot,0.08,0.25,0.15,5.890936035266736,0.5575910246426582,0.7868491851746149,0.5213693034568385,-11.29896984001172,18.545709449901683,813.0,90.78222222222222,79.05818586120633
us,macd_signal_cross,bull,equal_slot,0.08,0.25,0.25,2.771660844195334,0.2875441328714496,0.39861960869784935,0.20038966361065846,-13.831356339718475,8.465171946501847,819.0,90.56,79.05818586120633
us,macd_signal_cross,bull,equal_slot,0.15,none,none,9.221297867478162,0.7417409173701865,1.0775928259177567,0.8035086217081534,-11.4762898845751,29.974425403961312,744.0,90.85333333333332,79.05818586120633
us,macd_signal_cross,bull,equal_slot,0.15,none,0.15,7.92612365866916,0.7004002508742657,0.9953196877208934,0.7181965594726993,-11.03614818830172,25.4467903682986,759.0,90.83555555555556,79.05818586120633
us,macd_signal_cross,bull,equal_slot,0.15,none,0.25,7.474568393700909,0.6366242866583972,0.8952658688808626,0.6839689618313414,-10.928227464719441,23.89321590106601,744.0,90.84444444444445,79.05818586120633
us,macd_signal_cross,bull,equal_slot,0.15,0.25,none,10.485271770830229,0.9277501725997216,1.3163177948059746,1.0499418084129464,-9.986526573962593,34.49627775321935,774.0,90.5511111111111,79.05818586120633
us,macd_signal_cross,bull,equal_slot,0.15,0.25,0.15,9.440890496454934,0.8452690780915182,1.1975483827781193,0.9930048761835317,-9.507395908003604,30.75265967227745,779.0,90.76444444444445,79.05818586120633
us,macd_signal_cross,bull,equal_slot,0.15,0.25,0.25,10.487755131655296,0.9279909972025775,1.3166918792942333,1.050918726764165,-9.979606285966238,34.50526313646962,774.0,90.5511111111111,79.05818586120633
us,macd_signal_cross,bull,equal_slot,0.25,none,none,7.727885145327273,0.6617935402369093,0.9177504419488626,0.6418640290433018,-12.039754209073976,24.763169348199487,745.0,90.81777777777779,79.05818586120633
us,macd_signal_cross,bull,equal_slot,0.25,none,0.15,8.190808179630915,0.7259638514338752,1.0354844219701183,0.7480270023748592,-10.949883030460779,26.363417394187483,759.0,90.83555555555556,79.05818586120633
us,macd_signal_cross,bull,equal_slot,0.25,none,0.25,8.06028460614927,0.6905099195464871,0.9622122640093912,0.6942520244020778,-11.610026795515884,25.910848751088842,751.0,90.8088888888889,79.05818586120633
us,macd_signal_cross,bull,equal_slot,0.25,0.25,none,10.032240380874558,0.8858985004484696,1.2543101186085677,1.067906650763641,-9.394304618011958,32.86375894628779,775.0,90.68444444444445,79.05818586120633
us,macd_signal_cross,bull,equal_slot,0.25,0.25,0.15,9.749914603592202,0.8767171935751875,1.247375670008315,1.034063794715909,-9.428736073552233,31.853066414774254,779.0,90.76444444444445,79.05818586120633
us,macd_signal_cross,bull,equal_slot,0.25,0.25,0.25,10.274375754454756,0.9113276909306939,1.2932911447441926,1.0987864339224227,-9.350657632145607,33.73465871398085,775.0,90.68444444444445,79.05818586120633
us,macd_signal_cross,bull,atr_risk,none,0.25,0.25,10.515666132104862,0.935558522443124,1.3264465603880002,1.1225155035825864,-9.36794734553187,34.60627909538119,775.0,90.68444444444445,79.05818586120633
us,macd_signal_cross,"bull,pullback",equal_slot,none,none,none,11.899786741099906,0.889757962980406,1.2512449638133958,0.6822061196001018,-17.4430958609333,39.679093626763404,805.0,98.69333333333333,79.05818586120633
us,macd_signal_cross,"bull,pullback",equal_slot,none,none,0.15,13.209877203102849,1.0146953637218528,1.4681798122905305,0.774851832362805,-17.048262198491717,44.595964110890904,831.0,98.55111111111111,79.05818586120633
us,macd_signal_cross,"bull,pullback",equal_slot,none,none,0.25,12.169292635623075,0.9274858862170784,1.312272095662683,0.7062948591648386,-17.229762439461485,40.68135900195362,811.0,98.70222222222222,79.05818586120633
us,macd_signal_cross,"bull,pullback",equal_slot,none,0.25,none,12.044767946857204,0.9506313257925207,1.3430439098236824,0.7493952045252228,-16.072651484990665,40.217673207479265,819.0,98.50666666666666,79.05818586120633
us,macd_signal_cross,"bull,pullback",equal_slot,none,0.25,0.15,10.874979224212389,0.8703241214910724,1.2326346923966485,0.6576520175280499,-16.53606912830394,35.911209686367144,854.0,98.28444444444445,79.05818586120633
us,macd_signal_cross,"bull,pullback",equal_slot,none,0.25,0.25,12.376122550939538,0.9819657196602866,1.3852203209360308,0.7565916245254931,-16.35773137021097,41.45376677566679,826.0,98.4888888888889,79.05818586120633
us,macd_signal_cross,"bull,pullback",equal_slot,0.08,none,none,6.021249264936945,0.48920901522062615,0.6857639891888068,0.29601477208437854,-20.341043193684257,18.97984341421224,862.0,97.95555555555555,79.05818586120633
us,macd_signal_cross,"bull,pullback",equal_slot,0.08,none,0.15,7.577576808744291,0.6109781419637658,0.8650796101706946,0.4031927078389795,-18.793933177408803,24.246485445002186,862.0,97.93777777777778,79.05818586120633
us,macd_signal_cross,"bull,pullback",equal_slot,0.08,none,0.25,6.400317446780113,0.5134692259568981,0.7211078200115052,0.3080267443359018,-20.778447211066172,20.248690741423747,865.0,97.95555555555555,79.05818586120633
us,macd_signal_cross,"bull,pullback",equal_slot,0.08,0.25,none,0.9517045128727863,0.13783979965214205,0.18867363410182073,0.04349788158951668,-21.879330167245534,2.8553059246016366,908.0,97.72444444444444,79.05818586120633
us,macd_signal_cross,"bull,pullback",equal_slot,0.08,0.25,0.15,2.356547919598495,0.24438114448016607,0.3389761511266487,0.12156963203861174,-19.38434689717603,7.168191414868286,898.0,97.76,79.05818586120633
us,macd_signal_cross,"bull,pullback",equal_slot,0.08,0.25,0.25,0.9517045128727863,0.13783979965214205,0.18867363410182073,0.04349788158951668,-21.879330167245534,2.8553059246016366,908.0,97.72444444444444,79.05818586120633
us,macd_signal_cross,"bull,pullback",equal_slot,0.15,none,none,13.434217000842729,0.9658308509759163,1.3985912543960533,0.7317201740079552,-18.35977396558247,45.4492760570131,827.0,98.56888888888889,79.05818586120633
us,macd_signal_cross,"bull,pullback",equal_slot,0.15,none,0.15,12.793206349623688,0.9788199594100556,1.4105942083656213,0.74464788191231,-17.180209143642227,43.019917552234176,831.0,98.55111111111111,79.05818586120633
us,macd_signal_cross,"bull,pullback",equal_slot,0.15,none,0.25,11.636071493704447,0.8682563427761254,1.2272452237250193,0.6389511279744711,-18.211207374485394,38.70296067350405,828.0,98.57777777777777,79.05818586120633
us,macd_signal_cross,"bull,pullback",equal_slot,0.15,0.25,none,10.06341949881362,0.7954180617014677,1.1126133235690925,0.5510496572597262,-18.2622734017425,32.975690628122514,852.0,98.30222222222223,79.05818586120633
us,macd_signal_cross,"bull,pullback",equal_slot,0.15,0.25,0.15,10.36612764485505,0.8265556598120035,1.166533821504505,0.6217412678095393,-16.67273539904472,34.065654101648214,854.0,98.28444444444445,79.05818586120633
us,macd_signal_cross,"bull,pullback",equal_slot,0.15,0.25,0.25,10.066177370794072,0.795654958714049,1.1129775492084772,0.5514066529472027,-18.25545142952403,32.98559427993912,852.0,98.30222222222223,79.05818586120633
us,macd_signal_cross,"bull,pullback",equal_slot,0.25,none,none,13.654535811521118,1.0008663030240397,1.448893856534571,0.7828046076443751,-17.4430958609333,46.29053920811761,808.0,98.69333333333333,79.05818586120633
us,macd_signal_cross,"bull,pullback",equal_slot,0.25,none,0.15,13.170598542796586,1.011902667453511,1.4639269001803286,0.7725478637911731,-17.048262198491717,44.446904082597996,831.0,98.55111111111111,79.05818586120633
us,macd_signal_cross,"bull,pullback",equal_slot,0.25,none,0.25,12.005954010333554,0.9166181473600629,1.2964665101191306,0.6968148314590923,-17.229762439461485,40.07335146034681,811.0,98.70222222222222,79.05818586120633
us,macd_signal_cross,"bull,pullback",equal_slot,0.25,0.25,none,11.540779553913127,0.9156887299735526,1.2853495001542565,0.6880779225356894,-16.772489242763818,38.35135731444985,824.0,98.49777777777777,79.05818586120633
us,macd_signal_cross,"bull,pullback",equal_slot,0.25,0.25,0.15,10.834051622960228,0.8672876926011318,1.228106038455683,0.6551769673250905,-16.53606912830394,35.76214965807423,854.0,98.28444444444445,79.05818586120633
us,macd_signal_cross,"bull,pullback",equal_slot,0.25,0.25,0.25,12.14822039184753,0.9645337588854952,1.3592098308033973,0.7413241711525324,-16.387190468861636,40.602822025759956,826.0,98.4888888888889,79.05818586120633
us,stochastic_cross,none,equal_slot,none,none,none,17.913858585483624,1.1538196470121458,1.675200583536455,0.987073590770512,-18.148452914741668,63.19492217431544,699.0,99.44888888888889,79.05818586120633
us,stochastic_cross,none,equal_slot,none,none,0.15,14.940154276886153,0.9481712309735513,1.4143463474083635,0.7753268034513056,-19.26949282596867,51.26399129303041,766.0,99.52888888888889,79.05818586120633
us,stochastic_cross,none,equal_slot,none,none,0.25,19.495535937352404,1.2419813258599615,1.818758543862831,1.022165009830278,-19.072787416768918,69.78776298738758,718.0,99.39555555555555,79.05818586120633
us,stochastic_cross,none,equal_slot,none,0.25,none,17.297193107360197,1.0896941658469088,1.6104765411098718,0.9435958193103192,-18.33114640122382,60.67126128087344,700.0,99.45777777777778,79.05818586120633
us,stochastic_cross,none,equal_slot,none,0.25,0.15,14.907285663895653,0.935207596617158,1.404071295161046,0.749272366923069,-19.895683228134114,51.13546145461561,776.0,99.45777777777778,79.05818586120633
us,stochastic_cross,none,equal_slot,none,0.25,0.25,17.77538175963358,1.1612333769504823,1.6932314759024605,1.0081796377331584,-17.631165215358482,62.62594201809715,716.0,99.48444444444445,79.05818586120633
us,stochastic_cross,none,equal_slot,0.08,none,none,17.885613107831233,1.2676081618858226,1.9033416051147136,1.0306407581936088,-17.353877154226975,63.078758751873345,896.0,99.33333333333334,79.05818586120633
us,stochastic_cross,none,equal_slot,0.08,none,0.15,14.558066440883088,1.017159876670819,1.4843338544046012,0.7341302308820202,-19.830359558129505,49.77434272212069,899.0,99.30666666666667,79.05818586120633
us,stochastic_cross,none,equal_slot,0.08,none,0.25,17.58974788013612,1.2497002386785112,1.8747576208749257,1.013053201731535,-17.363103783761108,61.865267919529934,898.0,99.33333333333334,79.05818586120633
us,stochastic_cross,none,equal_slot,0.08,0.25,none,16.172993417691075,1.1373580394636174,1.7002097034742618,0.9146513648273061,-17.6821399274298,56.13744290214606,903.0,99.32444444444445,79.05818586120633
us,stochastic_cross,none,equal_slot,0.08,0.25,0.15,15.078598546434563,1.0566474802335242,1.5723792201883697,0.8434627923876892,-17.877016843564377,51.80616165645107,909.0,99.32444444444445,79.05818586120633
us,stochastic_cross,none,equal_slot,0.08,0.25,0.25,16.172993417691075,1.1373580394636174,1.7002097034742618,0.9146513648273061,-17.6821399274298,56.13744290214606,903.0,99.32444444444445,79.05818586120633
us,stochastic_cross,none,equal_slot,0.15,none,none,15.502452670282207,0.9645323618977819,1.401308138979143,0.7155892252101312,-21.66389895785525,53.47405742803089,740.0,99.46666666666667,79.05818586120633
us,stochastic_cross,none,equal_slot,0.15,none,0.15,13.972151547077004,0.8746642682069553,1.2931208435045982,0.6712192714156224,-20.81607626909952,47.50899282324372,766.0,99.52888888888889,79.05818586120633
us,stochastic_cross,none,equal_slot,0.15,none,0.25,15.045666113522671,0.9374223394699315,1.3559641066990424,0.6941541843685154,-21.674818725194296,51.67707618519866,745.0,99.46666666666667,79.05818586120633
us,stochastic_cross,none,equal_slot,0.15,0.25,none,13.97574450020549,0.9214767705232692,1.339938669820342,0.690619301016967,-20.23653911731919,47.52281467021169,738.0,99.46666666666667,79.05818586120633
us,stochastic_cross,none,equal_slot,0.15,0.25,0.15,13.756408369025674,0.848899631824567,1.2598783118142962,0.6176374541015431,-22.272626567047602,46.68061748271115,776.0,99.45777777777778,79.05818586120633
us,stochastic_cross,none,equal_slot,0.15,0.25,0.25,14.153286462839421,0.9276674068143506,1.343994496673482,0.6993926372877913,-20.23653911731919,48.20687748322954,742.0,99.46666666666667,79.05818586120633
us,stochastic_cross,none,equal_slot,0.25,none,none,19.062921452298397,1.189094166817667,1.7127828596777905,0.9028548771349793,-21.11404826519915,67.96728415452256,712.0,99.50222222222222,79.05818586120633
us,stochastic_cross,none,equal_slot,0.25,none,0.15,14.531453902897272,0.9157160698042198,1.3615103366815473,0.7464050135365623,-19.468590965172364,49.670952414642386,766.0,99.52888888888889,79.05818586120633
us,stochastic_cross,none,equal_slot,0.25,none,0.25,19.372336649017985,1.229631147132998,1.798335704669974,1.011637346536957,-19.149487427815394,69.26800332994978,718.0,99.39555555555555,79.05818586120633
us,stochastic_cross,none,equal_slot,0.25,0.25,none,16.43159892762458,1.0368946117134086,1.5040331976599206,0.8520876299862344,-19.283930841584958,57.17276123352737,711.0,99.47555555555554,79.05818586120633
us,stochastic_cross,none,equal_slot,0.25,0.25,0.15,14.498353466975455,0.903041220377981,1.351185822366969,0.7212319985847601,-20.102204970695837,49.54242257622783,776.0,99.45777777777778,79.05818586120633
us,stochastic_cross,none,equal_slot,0.25,0.25,0.25,17.648602832639114,1.148888448978269,1.6729994360024514,0.9969348890633204,-17.702864074925724,62.10618236065939,716.0,99.48444444444445,79.05818586120633
us,stochastic_cross,none,atr_risk,0.08,none,none,17.661653283778598,1.2682761087130194,1.9004347787675084,1.0176513971527148,-17.355307852172277,62.15963474854691,896.0,99.33333333333334,79.05818586120633
us,stochastic_cross,bull,equal_slot,none,none,none,13.141389056480012,0.9008131237190902,1.3111921452987076,0.6931529819632863,-18.958858143058617,44.33612206212636,633.0,91.64444444444445,79.05818586120633
us,stochastic_cross,bull,equal_slot,none,none,0.15,6.7005584505543725,0.5237297294629407,0.7468085529458851,0.3701218618850779,-18.10365487849751,21.260029405019853,696.0,90.91555555555556,79.05818586120633
us,stochastic_cross,bull,equal_slot,none,none,0.25,9.810244546942414,0.7101805417741233,1.0174969498339357,0.5230227612074146,-18.756821451317247,32.06861026359085,653.0,91.57333333333334,79.05818586120633
us,stochastic_cross,bull,equal_slot,none,0.25,none,13.867618523922998,0.9710705829646392,1.4369183834464618,0.8056465066819478,-17.213031284696726,47.10723745972716,635.0,91.43111111111111,79.05818586120633
us,stochastic_cross,bull,equal_slot,none,0.25,0.15,7.713627545884516,0.5899330375501689,0.8370855226268824,0.39332056935209864,-19.61155390014529,24.714097855418025,702.0,90.97777777777777,79.05818586120633
us,stochastic_cross,bull,equal_slot,none,0.25,0.25,11.414101630435013,0.8282716948385382,1.2006311208487788,0.6989098668375422,-16.331292734615463,37.88486393326347,654.0,91.37777777777778,79.05818586120633
us,stochastic_cross,bull,equal_slot,0.08,none,none,13.333334475882431,1.0824025762065317,1.615330295190145,0.808248042684869,-16.496587398580335,45.06514114918965,807.0,90.46222222222222,79.05818586120633
us,stochastic_cross,bull,equal_slot,0.08,none,0.15,12.106697936865407,0.9760791014656087,1.4144938092499826,0.6664935036861096,-18.16476510259754,40.44815156534418,804.0,90.3111111111111,79.05818586120633
us,stochastic_cross,bull,equal_slot,0.08,none,0.25,13.28605104526066,1.0781692124320275,1.6095574982189251,0.8049283767775168,-16.505879813121485,44.88532985474612,808.0,90.46222222222222,79.05818586120633
us,stochastic_cross,bull,equal_slot,0.08,0.25,none,12.060775231207232,0.9765388398709482,1.424202557676573,0.7221760661494716,-16.700602244426868,40.27722177154853,812.0,90.36444444444443,79.05818586120633
us,stochastic_cross,bull,equal_slot,0.08,0.25,0.15,12.114867788149564,0.9774654102853667,1.4214390287126615,0.7314640091436342,-16.562493351290268,40.47857520052449,807.0,90.35555555555555,79.05818586120633
us,stochastic_cross,bull,equal_slot,0.08,0.25,0.25,12.060775231207232,0.9765388398709482,1.424202557676573,0.7221760661494716,-16.700602244426868,40.27722177154853,812.0,90.36444444444443,79.05818586120633
us,stochastic_cross,bull,equal_slot,0.15,none,none,7.339017088642907,0.5635138588647839,0.8080715616297808,0.4523660963647777,-16.223623184008225,23.429356311753182,672.0,90.93333333333334,79.05818586120633
us,stochastic_cross,bull,equal_slot,0.15,none,0.15,5.6654717761440265,0.44791223308649875,0.6328570317634022,0.2921578368855874,-19.391818602362857,17.79706803882788,696.0,90.91555555555556,79.05818586120633
us,stochastic_cross,bull,equal_slot,0.15,none,0.25,7.0793396656611,0.5406807602820818,0.7725199244951948,0.4360779321893851,-16.234115838236455,22.543955671659056,677.0,90.93333333333334,79.05818586120633
us,stochastic_cross,bull,equal_slot,0.15,0.25,none,7.685958075770594,0.5991714612960903,0.8595395912103895,0.4454991541292405,-17.25246390376058,24.61890222820433,676.0,90.97777777777777,79.05818586120633
us,stochastic_cross,bull,equal_slot,0.15,0.25,0.15,6.597756228030627,0.506833886961733,0.7115976055861188,0.30682268236389093,-21.503482653885754,20.91311520688688,702.0,90.97777777777777,79.05818586120633
us,stochastic_cross,bull,equal_slot,0.15,0.25,0.25,7.604056263842041,0.5838599017141192,0.8298212428166524,0.4407519010768402,-17.25246390376058,24.337405164106784,682.0,90.95111111111112,79.05818586120633
us,stochastic_cross,bull,equal_slot,0.25,none,none,11.13746356484484,0.7960513334653381,1.1480846898643302,0.6396136038065943,-17.412799694317595,36.86977092140032,641.0,91.39555555555555,79.05818586120633
us,stochastic_cross,bull,equal_slot,0.25,none,0.15,6.330000201890362,0.4949458976592962,0.7034653308702082,0.3461792118132674,-18.28532732723659,20.012644278759993,696.0,90.91555555555556,79.05818586120633
us,stochastic_cross,bull,equal_slot,0.25,none,0.25,9.62996544213226,0.6959400206770747,0.9956717130603453,0.5113033702246202,-18.83415209624323,31.425211634796412,653.0,91.57333333333334,79.05818586120633
us,stochastic_cross,bull,equal_slot,0.25,0.25,none,12.165390291985867,0.878472337654163,1.2855282696168657,0.7298149578762982,-16.669143542064628,40.666812637584805,644.0,91.30666666666667,79.05818586120633
us,stochastic_cross,bull,equal_slot,0.25,0.25,0.15,7.305704886543607,0.5575848033427677,0.7881143677336857,0.3665415361150361,-19.93145160021038,23.31553789159384,702.0,90.97777777777777,79.05818586120633
us,stochastic_cross,bull,equal_slot,0.25,0.25,0.25,11.23891700462709,0.8135572024093415,1.1774723541550212,0.685423057411526,-16.397051256300646,37.24146530446908,654.0,91.37777777777778,79.05818586120633
us,stochastic_cross,bull,atr_risk,0.08,none,none,13.162940003972622,1.089211053576698,1.617341192645093,0.8029369533892224,-16.393491354970564,44.41785229645554,807.0,90.46222222222222,79.05818586120633
us,stochastic_cross,"bull,pullback",equal_slot,none,none,none,17.251525771768293,1.125484392676787,1.632493776538774,0.9505783139098973,-18.148452914741668,60.4854077622879,688.0,98.02666666666667,79.05818586120633
us,stochastic_cross,"bull,pullback",equal_slot,none,none,0.15,13.262480892490046,0.8573449649330728,1.27644306752073,0.6882631012797996,-19.26949282596867,44.795751611105274,761.0,98.25777777777778,79.05818586120633
us,stochastic_cross,"bull,pullback",equal_slot,none,none,0.25,16.306513908289034,1.0492039817153151,1.528744970161836,0.854962284849473,-19.072787416768918,56.671420695322425,706.0,98.18666666666667,79.05818586120633
us,stochastic_cross,"bull,pullback",equal_slot,none,0.25,none,18.189727569546154,1.1493801061125697,1.7015059856066603,0.9922853252828626,-18.33114640122382,64.33235956715376,694.0,98.12444444444445,79.05818586120633
us,stochastic_cross,"bull,pullback",equal_slot,none,0.25,0.15,13.323343876978534,0.8528908437607211,1.281150923684212,0.6696600324907788,-19.895683228134114,45.027136174663966,767.0,98.21333333333332,79.05818586120633
us,stochastic_cross,"bull,pullback",equal_slot,none,0.25,0.25,16.726314837124455,1.1083760710750914,1.6131094210116455,0.9486789235321887,-17.631165215358482,58.35818832807234,706.0,98.1688888888889,79.05818586120633
us,stochastic_cross,"bull,pullback",equal_slot,0.08,none,none,17.632166750254964,1.2539783723943898,1.8741552544519446,1.016036162613967,-17.353877154226975,62.038879649577304,883.0,98.21333333333332,79.05818586120633
us,stochastic_cross,"bull,pullback",equal_slot,0.08,none,0.15,14.682946435328525,1.031307752820952,1.4967316592953332,0.7404276454134799,-19.830359558129505,50.26013729556329,885.0,98.09777777777778,79.05818586120633
us,stochastic_cross,"bull,pullback",equal_slot,0.08,none,0.25,17.33503825534899,1.2359239992511606,1.8454819345252285,0.9983836110892589,-17.363103783761108,60.82538881723396,885.0,98.21333333333332,79.05818586120633
us,stochastic_cross,"bull,pullback",equal_slot,0.08,0.25,none,15.224477571673646,1.0859307071718034,1.6165785707616431,0.8610087712322843,-17.6821399274298,52.378841284567315,891.0,98.10666666666667,79.05818586120633
us,stochastic_cross,"bull,pullback",equal_slot,0.08,0.25,0.15,13.52521239182769,0.9613122645124733,1.4196173257987035,0.7565698746151088,-17.877016843564377,45.79634172783251,894.0,98.04444444444445,79.05818586120633
us,stochastic_cross,"bull,pullback",equal_slot,0.08,0.25,0.25,15.224477571673646,1.0859307071718034,1.6165785707616431,0.8610087712322843,-17.6821399274298,52.378841284567315,891.0,98.10666666666667,79.05818586120633
us,stochastic_cross,"bull,pullback",equal_slot,0.15,none,none,12.891698709607091,0.8176046358702758,1.1806150056879636,0.595077494346077,-21.66389895785525,43.39142823839928,730.0,98.48,79.05818586120633
us,stochastic_cross,"bull,pullback",equal_slot,0.15,none,0.15,12.213239724439195,0.7806939267580323,1.1518857694409872,0.5867215111317196,-20.81607626909952,40.8452449588429,761.0,98.25777777777778,79.05818586120633
us,stochastic_cross,"bull,pullback",equal_slot,0.15,none,0.25,12.61135811986589,0.8007890768913462,1.1512306829699763,0.5818437644051317,-21.674818725194296,42.335669939417045,732.0,98.48,79.05818586120633
us,stochastic_cross,"bull,pullback",equal_slot,0.15,0.25,none,12.911089855919421,0.8626376215135031,1.2492163890425119,0.638008790982922,-20.23653911731919,43.464646514983876,729.0,98.33777777777777,79.05818586120633
us,stochastic_cross,"bull,pullback",equal_slot,0.15,0.25,0.15,12.087528548961624,0.7633652328453963,1.1332713117797482,0.5427078172650345,-22.272626567047602,40.37678402028377,767.0,98.21333333333332,79.05818586120633
us,stochastic_cross,"bull,pullback",equal_slot,0.15,0.25,0.25,12.926560934080289,0.8617237724533209,1.2441994698430565,0.6387733030406002,-20.23653911731919,43.52308094733595,732.0,98.33777777777777,79.05818586120633
us,stochastic_cross,"bull,pullback",equal_slot,0.25,none,none,15.001416242349276,0.9470132454999908,1.3594564429449203,0.7104945510177264,-21.11404826519915,51.503744387971736,695.0,98.00888888888888,79.05818586120633
us,stochastic_cross,"bull,pullback",equal_slot,0.25,none,0.15,12.924150277919644,0.8302091340479468,1.232561734880844,0.6638462075164987,-19.468590965172364,43.51397483400588,761.0,98.25777777777778,79.05818586120633
us,stochastic_cross,"bull,pullback",equal_slot,0.25,none,0.25,16.167706785743174,1.0368758834240337,1.5088490072251817,0.8442892712762083,-19.149487427815394,56.11632539028524,706.0,98.18666666666667,79.05818586120633
us,stochastic_cross,"bull,pullback",equal_slot,0.25,0.25,none,16.891443138420527,1.0724922890846453,1.5554822374538564,0.8759336090334271,-19.283930841584958,59.02496476234542,700.0,97.96444444444444,79.05818586120633
us,stochastic_cross,"bull,pullback",equal_slot,0.25,0.25,0.15,12.985373132966771,0.826008939558115,1.23730646356715,0.6459676016584405,-20.102204970695837,43.74535939756461,767.0,98.21333333333332,79.05818586120633
us,stochastic_cross,"bull,pullback",equal_slot,0.25,0.25,0.25,16.597275219184482,1.0960275087191538,1.5929897990182997,0.9375474583625599,-17.702864074925724,57.8384286706346,706.0,98.1688888888889,79.05818586120633
us,stochastic_cross,"bull,pullback",atr_risk,0.08,none,none,17.42127954593633,1.2554097468169418,1.871963799220475,1.0038012401926824,-17.355307852172277,61.176980140485405,883.0,98.21333333333332,79.05818586120633
us,connors_rsi2,none,equal_slot,none,none,none,11.464581654125695,0.7239727607791456,1.1742045669204784,0.7136290006768723,-16.06518463130228,38.07063209495665,2711.0,87.32,79.05818586120633
us,connors_rsi2,none,equal_slot,none,none,0.15,12.414297299003163,0.7957892059447892,1.3079668584318176,0.8662128842030892,-14.331693196210358,41.59663755210321,2826.0,87.26,79.05818586120633
us,connors_rsi2,none,equal_slot,none,none,0.25,12.206068253918856,0.7890852196970578,1.2699604042954018,0.8554246640006232,-14.269016042668092,40.81849271511173,2734.0,87.27333333333334,79.05818586120633
us,connors_rsi2,none,equal_slot,none,0.25,none,11.543353701935711,0.7292440119234159,1.183165003944998,0.7202673712230354,-16.0264842794902,38.36084749392808,2711.0,87.32,79.05818586120633
us,connors_rsi2,none,equal_slot,none,0.25,0.15,12.470267594158102,0.8017190710331142,1.3149865630660853,0.8715549305339317,-14.308068438691029,41.806282053182976,2826.0,87.26,79.05818586120633
us,connors_rsi2,none,equal_slot,none,0.25,0.25,12.337957618724648,0.7981086547109358,1.2853662859329464,0.8680566336007604,-14.213309525146911,41.311028386257796,2734.0,87.27333333333334,79.05818586120633
us,connors_rsi2,none,equal_slot,0.08,none,none,12.437233229667788,0.8262823593301926,1.3729793751324344,0.7609581541800374,-16.344174986953654,41.682522372132766,3052.0,87.12666666666668,79.05818586120633
us,connors_rsi2,none,equal_slot,0.08,none,0.15,13.68272706547713,0.8444164991328342,1.5076585836097636,0.8371622964388866,-16.344174986953654,46.39841682952508,3053.0,87.12666666666668,79.05818586120633
us,connors_rsi2,none,equal_slot,0.08,none,0.25,12.437233229667788,0.8262823593301926,1.3729793751324344,0.7609581541800374,-16.344174986953654,41.682522372132766,3052.0,87.12666666666668,79.05818586120633
us,connors_rsi2,none,equal_slot,0.08,0.25,none,12.51834823936646,0.8338313231490356,1.3839609958558325,0.7695583257720212,-16.266925871808414,41.98653915061359,3052.0,87.12666666666668,79.05818586120633
us,connors_rsi2,none,equal_slot,0.08,0.25,0.15,13.762100541554577,0.851368837772179,1.5187399559228176,0.8460172899296938,-16.266925871808414,46.7024336080059,3053.0,87.12666666666668,79.05818586120633
us,connors_rsi2,none,equal_slot,0.08,0.25,0.25,12.51834823936646,0.8338313231490356,1.3839609958558325,0.7695583257720212,-16.266925871808414,41.98653915061359,3052.0,87.12666666666668,79.05818586120633
us,connors_rsi2,none,equal_slot,0.15,none,none,12.541591053831924,0.8114637349879068,1.3265346952998882,0.8142593004909676,-15.402453550447404,42.07373228315796,2806.0,87.27333333333334,79.05818586120633
us,connors_rsi2,none,equal_slot,0.15,none,0.15,11.97466022096969,0.7646686428254182,1.2500100486651506,0.7980532278716099,-15.004839029228464,39.95706365275582,2826.0,87.26,79.05818586120633
us,connors_rsi2,none,equal_slot,0.15,none,0.25,12.541591053831924,0.8114637349879068,1.3265346952998882,0.8142593004909676,-15.402453550447404,42.07373228315796,2806.0,87.27333333333334,79.05818586120633
us,connors_rsi2,none,equal_slot,0.15,0.25,none,12.59743665420514,0.8174909815701874,1.333601348825457,0.8192112750528119,-15.377518642419838,42.28337678423777,2806.0,87.27333333333334,79.05818586120633
us,connors_rsi2,none,equal_slot,0.15,0.25,0.15,12.031064418163972,0.7704627341942754,1.2568945860945249,0.8031459062532157,-14.979923728044032,40.166708153835586,2826.0,87.26,79.05818586120633
us,connors_rsi2,none,equal_slot,0.15,0.25,0.25,12.59743665420514,0.8174909815701874,1.333601348825457,0.8192112750528119,-15.377518642419838,42.28337678423777,2806.0,87.27333333333334,79.05818586120633
us,connors_rsi2,none,equal_slot,0.25,none,none,12.032468204189662,0.7749133582556574,1.2497535582607908,0.831302720989483,-14.474231709319627,40.1719284359008,2731.0,87.29333333333334,79.05818586120633
us,connors_rsi2,none,equal_slot,0.25,none,0.15,11.96707759004707,0.7633299307235687,1.2513833617088264,0.8195762132952016,-14.601543329243343,39.92889622024845,2826.0,87.26,79.05818586120633
us,connors_rsi2,none,equal_slot,0.25,none,0.25,12.043606955451391,0.7776650089054327,1.2495185512182307,0.8298554509439283,-14.512897326579294,40.213354865632226,2734.0,87.27333333333334,79.05818586120633
us,connors_rsi2,none,equal_slot,0.25,0.25,none,12.164760228131865,0.7838907778045717,1.2650724393424408,0.8437382336991319,-14.417694662003061,40.66446410704687,2731.0,87.29333333333334,79.05818586120633
us,connors_rsi2,none,equal_slot,0.25,0.25,0.15,12.023489315353398,0.7691426453788563,1.2582775323294753,0.8291884134052924,-14.50031032871721,40.13854072132823,2826.0,87.26,79.05818586120633
us,connors_rsi2,none,equal_slot,0.25,0.25,0.25,12.175873087934196,0.7866703250460338,1.2648515745596491,0.8422665025330138,-14.456081360610618,40.70589053677829,2734.0,87.27333333333334,79.05818586120633
us,connors_rsi2,bull,equal_slot,none,none,none,8.577302734440039,0.6014850195737832,0.9630149884087142,0.4275055299092284,-20.063606513490587,27.709850034001015,2438.0,79.06,79.05818586120633
us,connors_rsi2,bull,equal_slot,none,none,0.15,8.940992984413242,0.6242895360367622,1.0184513862304656,0.4430784231951319,-20.179256123414582,28.985501336669728,2531.0,78.90666666666665,79.05818586120633
us,connors_rsi2,bull,equal_slot,none,none,0.25,9.365186200589415,0.6579484088910367,1.0627985686800512,0.4922434140007815,-19.02551854269105,30.484016111523093,2453.0,78.94,79.05818586120633
us,connors_rsi2,bull,equal_slot,none,0.25,none,8.664341535030818,0.6074785978633611,0.9730142791733941,0.4331554927808673,-20.002843504085714,28.014374915164165,2438.0,79.06,79.05818586120633
us,connors_rsi2,bull,equal_slot,none,0.25,0.15,9.08748229054619,0.6343525500428729,1.0354617229931697,0.45514962361952743,-19.965922894275916,29.501694805009283,2531.0,78.90666666666665,79.05818586120633
us,connors_rsi2,bull,equal_slot,none,0.25,0.25,9.503904929949126,0.6676551652304377,1.079288881399479,0.5052061395724792,-18.811934744086088,30.976551782669226,2453.0,78.94,79.05818586120633
us,connors_rsi2,bull,equal_slot,0.08,none,none,8.666556009626781,0.6276396078319444,1.0413279461997471,0.4160750783929085,-20.829308121749047,28.022129032959263,2721.0,78.62666666666667,79.05818586120633
us,connors_rsi2,bull,equal_slot,0.08,none,0.15,9.997195360839783,0.6563707514006357,1.1987950070229454,0.4799581101016578,-20.829308121749047,32.73802349035157,2722.0,78.62666666666667,79.05818586120633
us,connors_rsi2,bull,equal_slot,0.08,none,0.25,8.666556009626781,0.6276396078319444,1.0413279461997471,0.4160750783929085,-20.829308121749047,28.022129032959263,2721.0,78.62666666666667,79.05818586120633
us,connors_rsi2,bull,equal_slot,0.08,0.25,none,8.802816449228201,0.6373238481733595,1.0581287363351097,0.4242339230911835,-20.749911711648178,28.499853080406123,2721.0,78.62666666666667,79.05818586120633
us,connors_rsi2,bull,equal_slot,0.08,0.25,0.15,10.130229848535045,0.6652133552975753,1.2154552091691864,0.4882059253701949,-20.749911711648178,33.215747537798414,2722.0,78.62666666666667,79.05818586120633
us,connors_rsi2,bull,equal_slot,0.08,0.25,0.25,8.802816449228201,0.6373238481733595,1.0581287363351097,0.4242339230911835,-20.749911711648178,28.499853080406123,2721.0,78.62666666666667,79.05818586120633
us,connors_rsi2,bull,equal_slot,0.15,none,none,8.838687337434582,0.623443585272967,1.008118320908188,0.4186326529962574,-21.113229639814072,28.625811466022345,2513.0,78.90666666666665,79.05818586120633
us,connors_rsi2,bull,equal_slot,0.15,none,0.15,8.587296829907398,0.5999488301080339,0.9768636701982548,0.40814837133657633,-21.039644974660334,27.744792176939015,2531.0,78.90666666666665,79.05818586120633
us,connors_rsi2,bull,equal_slot,0.15,none,0.25,8.838687337434582,0.623443585272967,1.008118320908188,0.4186326529962574,-21.113229639814072,28.625811466022345,2513.0,78.90666666666665,79.05818586120633
us,connors_rsi2,bull,equal_slot,0.15,0.25,none,8.991776429062881,0.6339920752502859,1.0257595165391558,0.43018941181860804,-20.901900841888498,29.164295204893453,2513.0,78.90666666666665,79.05818586120633
us,connors_rsi2,bull,equal_slot,0.15,0.25,0.15,8.743159956092361,0.6104085606574069,0.9944979748975236,0.42051850130140966,-20.7913799964431,28.290554321652706,2531.0,78.90666666666665,79.05818586120633
us,connors_rsi2,bull,equal_slot,0.15,0.25,0.25,8.991776429062881,0.6339920752502859,1.0257595165391558,0.43018941181860804,-20.901900841888498,29.164295204893453,2513.0,78.90666666666665,79.05818586120633
us,connors_rsi2,bull,equal_slot,0.25,none,none,9.104183824978328,0.6399829212107357,1.0329507127845474,0.4686820882146238,-19.425073101597274,29.560633938960024,2451.0,78.96,79.05818586120633
us,connors_rsi2,bull,equal_slot,0.25,none,0.15,8.411379623116266,0.5870406525444472,0.9550486905001871,0.4013193882065364,-20.95931537398688,27.130662928423078,2531.0,78.90666666666665,79.05818586120633
us,connors_rsi2,bull,equal_slot,0.25,none,0.25,9.234910511988792,0.6487221425215499,1.0474737479371232,0.47580241057022693,-19.409129308363916,30.022578889459783,2453.0,78.94,79.05818586120633
us,connors_rsi2,bull,equal_slot,0.25,0.25,none,9.243556551499022,0.6496678758599318,1.0493550264207911,0.48117750268953996,-19.21028414635388,30.05316961010609,2451.0,78.96,79.05818586120633
us,connors_rsi2,bull,equal_slot,0.25,0.25,0.15,8.573775821361295,0.5978214362204844,0.9731046224756615,0.4140559257008841,-20.706806228767828,27.69752047712586,2531.0,78.90666666666665,79.05818586120633
us,connors_rsi2,bull,equal_slot,0.25,0.25,0.25,9.373955096153663,0.6584164142111456,1.063919860641653,0.4883636152737486,-19.194622209722077,30.51511456060585,2453.0,78.94,79.05818586120633
us,connors_rsi2,"bull,pullback",equal_slot,none,none,none,10.240855296254846,0.6540801542820022,1.0601668777718283,0.6374564333547096,-16.06518463130228,33.61386887506548,2662.0,85.88,79.05818586120633
us,connors_rsi2,"bull,pullback",equal_slot,none,none,0.15,11.253964341701717,0.7268821758811763,1.1949391926371244,0.7586565049305635,-14.834070845713953,37.2966511182121,2775.0,85.82000000000001,79.05818586120633
us,connors_rsi2,"bull,pullback",equal_slot,none,none,0.25,10.880352126939897,0.7094805816503703,1.140555401635087,0.7123285135964884,-15.2743459222289,35.93078608205096,2685.0,85.83333333333334,79.05818586120633
us,connors_rsi2,"bull,pullback",equal_slot,none,0.25,none,10.321359305143885,0.6593386242548825,1.0690526795831041,0.6440189329828615,-16.0264842794902,33.904084274036904,2662.0,85.88,79.05818586120633
us,connors_rsi2,"bull,pullback",equal_slot,none,0.25,0.15,11.31109087435227,0.7325526586001361,1.2018136650892064,0.7638106871716589,-14.808762255260529,37.50629561929186,2775.0,85.82000000000001,79.05818586120633
us,connors_rsi2,"bull,pullback",equal_slot,none,0.25,0.25,11.015363955686187,0.7185166752192957,1.1558544320005997,0.7308667337351334,-15.07164500344896,36.423321753197,2685.0,85.83333333333334,79.05818586120633
us,connors_rsi2,"bull,pullback",equal_slot,0.08,none,none,11.458603403524537,0.7661586447997795,1.2738032071756553,0.7010817867938328,-16.344174986953654,38.04862327050795,2999.0,85.68666666666667,79.05818586120633
us,connors_rsi2,"bull,pullback",equal_slot,0.08,none,0.15,12.725397992402199,0.7877557894186765,1.4116543771064245,0.7785891917187587,-16.344174986953654,42.764517727900284,3000.0,85.68666666666667,79.05818586120633
us,connors_rsi2,"bull,pullback",equal_slot,0.08,none,0.25,11.458603403524537,0.7661586447997795,1.2738032071756553,0.7010817867938328,-16.344174986953654,38.04862327050795,2999.0,85.68666666666667,79.05818586120633
us,connors_rsi2,"bull,pullback",equal_slot,0.08,0.25,none,11.541127493967629,0.773544386907712,1.2846493871828053,0.7037503368705295,-16.39946283406309,38.35264004898886,2999.0,85.68666666666667,79.05818586120633
us,connors_rsi2,"bull,pullback",equal_slot,0.08,0.25,0.15,12.806104989430445,0.7945458825505992,1.4225967337332688,0.7808856374753365,-16.39946283406309,43.0685345063812,3000.0,85.68666666666667,79.05818586120633
us,connors_rsi2,"bull,pullback",equal_slot,0.08,0.25,0.25,11.541127493967629,0.773544386907712,1.2846493871828053,0.7037503368705295,-16.39946283406309,38.35264004898886,2999.0,85.68666666666667,79.05818586120633
us,connors_rsi2,"bull,pullback",equal_slot,0.15,none,none,11.383885197875564,0.7420467508364731,1.2127991197682741,0.7145142214583764,-15.932342360716367,37.773745849266845,2755.0,85.83333333333334,79.05818586120633
us,connors_rsi2,"bull,pullback",equal_slot,0.15,none,0.15,10.805183829397835,0.6958529933344858,1.1377848521510159,0.6910419058620945,-15.636076101518128,35.65707721886464,2775.0,85.82000000000001,79.05818586120633
us,connors_rsi2,"bull,pullback",equal_slot,0.15,none,0.25,11.383885197875564,0.7420467508364731,1.2127991197682741,0.7145142214583764,-15.932342360716367,37.773745849266845,2755.0,85.83333333333334,79.05818586120633
us,connors_rsi2,"bull,pullback",equal_slot,0.15,0.25,none,11.440880488311489,0.7478165354640512,1.2197239399176762,0.7192960105345998,-15.90566376116604,37.98339035034666,2755.0,85.83333333333334,79.05818586120633
us,connors_rsi2,"bull,pullback",equal_slot,0.15,0.25,0.15,10.862767226297464,0.7013862678061976,1.1445202324159787,0.693447221877716,-15.664879580717434,35.86672171994445,2775.0,85.82000000000001,79.05818586120633
us,connors_rsi2,"bull,pullback",equal_slot,0.15,0.25,0.25,11.440880488311489,0.7478165354640512,1.2197239399176762,0.7192960105345998,-15.90566376116604,37.98339035034666,2755.0,85.83333333333334,79.05818586120633
us,connors_rsi2,"bull,pullback",equal_slot,0.25,none,none,10.7026249529524,0.6956869265849887,1.1207391918061798,0.6934892114341771,-15.433008583967345,35.28422180284008,2682.0,85.85333333333332,79.05818586120633
us,connors_rsi2,"bull,pullback",equal_slot,0.25,none,0.15,10.703455113452588,0.6890661727601578,1.129569816357143,0.6973217872631964,-15.34937715837163,35.28723713932609,2775.0,85.82000000000001,79.05818586120633
us,connors_rsi2,"bull,pullback",equal_slot,0.25,none,0.25,10.714029101953827,0.6980973037901747,1.1204873592205444,0.679270364305725,-15.772849317376773,35.325648232571474,2685.0,85.83333333333334,79.05818586120633
us,connors_rsi2,"bull,pullback",equal_slot,0.25,0.25,none,10.8380638269991,0.7046745515567115,1.1359516684467292,0.7116404976632519,-15.229689516809469,35.776757473986095,2682.0,85.85333333333332,79.05818586120633
us,connors_rsi2,"bull,pullback",equal_slot,0.25,0.25,0.15,10.761142836555582,0.6945928421776717,1.1362979039701342,0.6997265864847306,-15.37906811661559,35.49688164040583,2775.0,85.82000000000001,79.05818586120633
us,connors_rsi2,"bull,pullback",equal_slot,0.25,0.25,0.25,10.849440512948538,0.7071129792362989,1.1357113156871572,0.6968635606045558,-15.568959443848998,35.81818390371756,2685.0,85.83333333333334,79.05818586120633
us,connors_rsi2_bull,none,equal_slot,none,none,none,14.410732649996415,1.1339351964575353,1.8800124653731107,1.49288995898792,-9.652910158070815,49.2025422927828,2332.0,71.21333333333332,79.05818586120633
us,connors_rsi2_bull,none,equal_slot,none,none,0.15,13.567823583331041,1.0776411942601793,1.7658029670515007,1.450430764176372,-9.354340736860706,45.959053882184556,2382.0,71.05333333333334,79.05818586120633
us,connors_rsi2_bull,none,equal_slot,none,none,0.25,14.570867534994282,1.142988767657368,1.8897472124143848,1.5917026649646977,-9.154264710185334,49.824092136114494,2339.0,71.22666666666666,79.05818586120633
us,connors_rsi2_bull,none,equal_slot,none,0.25,none,14.347133622011388,1.1368013897352949,1.8730394051873953,1.4836175303311183,-9.670372133449616,48.956163612179914,2332.0,71.21333333333332,79.05818586120633
us,connors_rsi2_bull,none,equal_slot,none,0.25,0.15,13.50328944846142,1.0786478658840941,1.7589035162661797,1.4478945857479022,-9.32615508157755,45.71267520158167,2382.0,71.05333333333334,79.05818586120633
us,connors_rsi2_bull,none,equal_slot,none,0.25,0.25,14.507443846825563,1.1459342206137355,1.8827888665880248,1.58190588696477,-9.170864061111274,49.577713455511606,2339.0,71.22666666666666,79.05818586120633
us,connors_rsi2_bull,none,equal_slot,0.08,none,none,12.389727504637804,1.01785558183169,1.6992575171496818,1.212341837724149,-10.219665047521778,41.50467297407396,2539.0,70.36,79.05818586120633
us,connors_rsi2_bull,none,equal_slot,0.08,none,0.15,12.210154339949518,1.0044261310853275,1.6772811626094455,1.19477050208318,-10.219665047521778,40.833734917547446,2539.0,70.36,79.05818586120633
us,connors_rsi2_bull,none,equal_slot,0.08,none,0.25,12.389727504637804,1.01785558183169,1.6992575171496818,1.212341837724149,-10.219665047521778,41.50467297407396,2539.0,70.36,79.05818586120633
us,connors_rsi2_bull,none,equal_slot,0.08,0.25,none,12.323851275476173,1.017084121215389,1.691374673036703,1.2094714927335322,-10.189451631987604,41.258294293471145,2539.0,70.36,79.05818586120633
us,connors_rsi2_bull,none,equal_slot,0.08,0.25,0.15,12.144069848083138,1.003567953411183,1.669347229379219,1.191827616116203,-10.189451631987604,40.58735623694461,2539.0,70.36,79.05818586120633
us,connors_rsi2_bull,none,equal_slot,0.08,0.25,0.25,12.323851275476173,1.017084121215389,1.691374673036703,1.2094714927335322,-10.189451631987604,41.258294293471145,2539.0,70.36,79.05818586120633
us,connors_rsi2_bull,none,equal_slot,0.15,none,none,13.38202908028714,1.060465071774877,1.7343164571297636,1.3701186678174035,-9.767058426847571,45.2504736177068,2373.0,71.10666666666667,79.05818586120633
us,connors_rsi2_bull,none,equal_slot,0.15,none,0.15,13.215772477641408,1.0461971860849428,1.7095710732727287,1.3483751662424,-9.801257697789417,44.618345109728644,2382.0,71.05333333333334,79.05818586120633
us,connors_rsi2_bull,none,equal_slot,0.15,none,0.25,13.38202908028714,1.060465071774877,1.7343164571297636,1.3701186678174035,-9.767058426847571,45.2504736177068,2373.0,71.10666666666667,79.05818586120633
us,connors_rsi2_bull,none,equal_slot,0.15,0.25,none,13.317286040751931,1.0612972626842696,1.7273257370543842,1.3609323894965841,-9.78541340005734,45.00409493710404,2373.0,71.10666666666667,79.05818586120633
us,connors_rsi2_bull,none,equal_slot,0.15,0.25,0.15,13.150841635847987,1.0470059215311949,1.7026129307081053,1.345811730140327,-9.771680051025234,44.371966429125756,2382.0,71.05333333333334,79.05818586120633
us,connors_rsi2_bull,none,equal_slot,0.15,0.25,0.25,13.317286040751931,1.0612972626842696,1.7273257370543842,1.3609323894965841,-9.78541340005734,45.00409493710404,2373.0,71.10666666666667,79.05818586120633
us,connors_rsi2_bull,none,equal_slot,0.25,none,none,14.429237640992287,1.13414999523464,1.8801105629677564,1.5403172331320896,-9.367705126334137,49.27428022884077,2337.0,71.22,79.05818586120633
us,connors_rsi2_bull,none,equal_slot,0.25,none,0.15,13.567823583331041,1.0776411942601793,1.7658029670515007,1.450430764176372,-9.354340736860706,45.959053882184556,2382.0,71.05333333333334,79.05818586120633
us,connors_rsi2_bull,none,equal_slot,0.25,none,0.25,14.461424202227647,1.1334678379058314,1.872899082745159,1.5502736760997664,-9.328304044102852,49.399111758858496,2339.0,71.22666666666666,79.05818586120633
us,connors_rsi2_bull,none,equal_slot,0.25,0.25,none,14.365658912388612,1.1370648087689317,1.8731471266027153,1.530750280502125,-9.384717478331156,49.027901548237885,2337.0,71.22,79.05818586120633
us,connors_rsi2_bull,none,equal_slot,0.25,0.25,0.15,13.50328944846142,1.0786478658840941,1.7589035162661797,1.4478945857479022,-9.32615508157755,45.71267520158167,2382.0,71.05333333333334,79.05818586120633
us,connors_rsi2_bull,none,equal_slot,0.25,0.25,0.25,14.397880757981829,1.1363380680505857,1.8659265695151608,1.5406638352037987,-9.345244841213061,49.15273307825561,2339.0,71.22666666666666,79.05818586120633
us,connors_rsi2_bull,bull,equal_slot,none,none,none,11.034026822410237,0.9418028987705768,1.5025205250175346,0.8556150026037227,-12.896018406447505,36.49149863873835,2136.0,66.31333333333333,79.05818586120633
us,connors_rsi2_bull,bull,equal_slot,none,none,0.15,10.433062149154804,0.886034822228199,1.4235359376818866,0.8385988724775626,-12.441063888306084,34.30746326788574,2177.0,66.08,79.05818586120633
us,connors_rsi2_bull,bull,equal_slot,none,none,0.25,10.912461632988668,0.9289023882975573,1.4769337501681836,0.8336026075982067,-13.090723965499437,36.04781741372018,2141.0,66.28,79.05818586120633
us,connors_rsi2_bull,bull,equal_slot,none,0.25,none,11.113401787726884,0.9492235585588121,1.5149813568830395,0.8637261486966064,-12.866811783454054,36.781714037709754,2136.0,66.31333333333333,79.05818586120633
us,connors_rsi2_bull,bull,equal_slot,none,0.25,0.15,10.513290350327287,0.8934267939800961,1.4359872353813994,0.8470091275581607,-12.41225154283285,34.59767866685712,2177.0,66.08,79.05818586120633
us,connors_rsi2_bull,bull,equal_slot,none,0.25,0.25,10.992008087661077,0.9363033261724683,1.4893106652643153,0.8415885090347741,-13.061024443249487,36.33803281269152,2141.0,66.28,79.05818586120633
us,connors_rsi2_bull,bull,equal_slot,0.08,none,none,8.635133294718212,0.7478124790284106,1.2337641014200225,0.48579377217891584,-17.775306702651445,27.91212964237111,2309.0,65.16666666666666,79.05818586120633
us,connors_rsi2_bull,bull,equal_slot,0.08,none,0.15,8.44308208199065,0.732776878721636,1.209449326239915,0.47498938967569215,-17.775306702651445,27.241191585844547,2309.0,65.16666666666666,79.05818586120633
us,connors_rsi2_bull,bull,equal_slot,0.08,none,0.25,8.635133294718212,0.7478124790284106,1.2337641014200225,0.48579377217891584,-17.775306702651445,27.91212964237111,2309.0,65.16666666666666,79.05818586120633
us,connors_rsi2_bull,bull,equal_slot,0.08,0.25,none,8.717998291604733,0.7553251031659262,1.2465405497302111,0.49157240876066666,-17.734921928560258,28.202345041342447,2309.0,65.16666666666666,79.05818586120633
us,connors_rsi2_bull,bull,equal_slot,0.08,0.25,0.15,8.526236427645784,0.7402932223949319,1.22222678530957,0.4807597384409774,-17.734921928560258,27.531406984815888,2309.0,65.16666666666666,79.05818586120633
us,connors_rsi2_bull,bull,equal_slot,0.08,0.25,0.25,8.717998291604733,0.7553251031659262,1.2465405497302111,0.49157240876066666,-17.734921928560258,28.202345041342447,2309.0,65.16666666666666,79.05818586120633
us,connors_rsi2_bull,bull,equal_slot,0.15,none,none,10.212793264892861,0.8648733404286669,1.3866531563231863,0.7315125489519371,-13.961200364265899,33.51280398027989,2166.0,66.06666666666666,79.05818586120633
us,connors_rsi2_bull,bull,equal_slot,0.15,none,0.15,10.082899333932339,0.8537489415704279,1.367964070442807,0.7572122005400612,-13.315817318766102,33.045654140036326,2177.0,66.08,79.05818586120633
us,connors_rsi2_bull,bull,equal_slot,0.15,none,0.25,10.212793264892861,0.8648733404286669,1.3866531563231863,0.7315125489519371,-13.961200364265899,33.51280398027989,2166.0,66.06666666666666,79.05818586120633
us,connors_rsi2_bull,bull,equal_slot,0.15,0.25,none,10.293337660893176,0.8722388824945085,1.3990134567797345,0.7389894604368727,-13.928937030858332,33.803019379251296,2166.0,66.06666666666666,79.05818586120633
us,connors_rsi2_bull,bull,equal_slot,0.15,0.25,0.15,10.163631072456303,0.8611106508236803,1.3803037130228692,0.7650495763247765,-13.28493131292405,33.33586953900767,2177.0,66.08,79.05818586120633
us,connors_rsi2_bull,bull,equal_slot,0.15,0.25,0.25,10.293337660893176,0.8722388824945085,1.3990134567797345,0.7389894604368727,-13.928937030858332,33.803019379251296,2166.0,66.06666666666666,79.05818586120633
us,connors_rsi2_bull,bull,equal_slot,0.25,none,none,10.863348457016443,0.9270314589887042,1.4782263367324435,0.8210553358682475,-13.230957747237213,35.86883890813775,2140.0,66.30666666666667,79.05818586120633
us,connors_rsi2_bull,bull,equal_slot,0.25,none,0.15,10.433062149154804,0.886034822228199,1.4235359376818866,0.8385988724775626,-12.441063888306084,34.30746326788574,2177.0,66.08,79.05818586120633
us,connors_rsi2_bull,bull,equal_slot,0.25,none,0.25,10.79577341416027,0.9182062201821733,1.458806035090149,0.8042319692163756,-13.423705880132337,35.62283703646418,2141.0,66.28,79.05818586120633
us,connors_rsi2_bull,bull,equal_slot,0.25,0.25,none,10.942964352856821,0.934450568203308,1.4906671493940318,0.828953415033555,-13.200940070213552,36.15905430710909,2140.0,66.30666666666667,79.05818586120633
us,connors_rsi2_bull,bull,equal_slot,0.25,0.25,0.15,10.513290350327287,0.8934267939800961,1.4359872353813994,0.8470091275581607,-12.41225154283285,34.59767866685712,2177.0,66.08,79.05818586120633
us,connors_rsi2_bull,bull,equal_slot,0.25,0.25,0.25,10.875485003736296,0.9255990901796249,1.4711506260747444,0.8120123396143261,-13.393250906632433,35.913052435435475,2141.0,66.28,79.05818586120633
us,connors_rsi2_bull,"bull,pullback",equal_slot,none,none,none,14.244227654074315,1.1207689858917227,1.8588565797404393,1.4686709254670303,-9.698719711186984,48.55808434048656,2318.0,70.83999999999999,79.05818586120633
us,connors_rsi2_bull,"bull,pullback",equal_slot,none,none,0.15,13.398867098174328,1.0640977566786791,1.74449422252767,1.4323689370621489,-9.354340736860706,45.31459592988831,2368.0,70.67999999999999,79.05818586120633
us,connors_rsi2_bull,"bull,pullback",equal_slot,none,none,0.25,14.404822198863654,1.1298746352242015,1.868671836343905,1.5661140797275503,-9.19781156770495,49.17963418381823,2325.0,70.85333333333334,79.05818586120633
us,connors_rsi2_bull,"bull,pullback",equal_slot,none,0.25,none,14.180445535050069,1.123494265781869,1.8518253920922116,1.4594419200059106,-9.716347968813064,48.31170565988363,2318.0,70.83999999999999,79.05818586120633
us,connors_rsi2_bull,"bull,pullback",equal_slot,none,0.25,0.15,13.334143033052626,1.0649826751343732,1.7375357732674923,1.4297578065576313,-9.32615508157755,45.06821724928549,2368.0,70.67999999999999,79.05818586120633
us,connors_rsi2_bull,"bull,pullback",equal_slot,none,0.25,0.25,14.341216685244152,1.1326795309487245,1.8616563374718198,1.5563632023380616,-9.214569365107014,48.93325550321536,2325.0,70.85333333333334,79.05818586120633
us,connors_rsi2_bull,"bull,pullback",equal_slot,0.08,none,none,12.21725235287745,1.0034250524532788,1.6761083128599237,1.1954650466592425,-10.219665047521778,40.86021502177773,2525.0,69.98666666666666,79.05818586120633
us,connors_rsi2_bull,"bull,pullback",equal_slot,0.08,none,0.15,12.037133147943035,0.989964361262371,1.6540668027292371,1.177840280671624,-10.219665047521778,40.18927696525119,2525.0,69.98666666666666,79.05818586120633
us,connors_rsi2_bull,"bull,pullback",equal_slot,0.08,none,0.25,12.21725235287745,1.0034250524532788,1.6761083128599237,1.1954650466592425,-10.219665047521778,40.86021502177773,2525.0,69.98666666666666,79.05818586120633
us,connors_rsi2_bull,"bull,pullback",equal_slot,0.08,0.25,none,12.151176111874129,1.0025472147712693,1.6681705779295115,1.1925250298777719,-10.189451631987604,40.6138363411749,2525.0,69.98666666666666,79.05818586120633
us,connors_rsi2_bull,"bull,pullback",equal_slot,0.08,0.25,0.15,11.970847051536971,0.9889999890999001,1.6460779378233001,1.1748274081754368,-10.189451631987604,39.94289828464832,2525.0,69.98666666666666,79.05818586120633
us,connors_rsi2_bull,"bull,pullback",equal_slot,0.08,0.25,0.25,12.151176111874129,1.0025472147712693,1.6681705779295115,1.1925250298777719,-10.189451631987604,40.6138363411749,2525.0,69.98666666666666,79.05818586120633
us,connors_rsi2_bull,"bull,pullback",equal_slot,0.15,none,none,13.212524911103163,1.0468983583752123,1.7129741986209577,1.3461267398485497,-9.8152161456875,44.60601566541056,2359.0,70.73333333333333,79.05818586120633
us,connors_rsi2_bull,"bull,pullback",equal_slot,0.15,none,0.15,13.045775943269323,1.0326543709017,1.6883049423095107,1.3310308070169072,-9.801257697789417,43.97388715743238,2368.0,70.67999999999999,79.05818586120633
us,connors_rsi2_bull,"bull,pullback",equal_slot,0.15,none,0.25,13.212524911103163,1.0468983583752123,1.7129741986209577,1.3461267398485497,-9.8152161456875,44.60601566541056,2359.0,70.73333333333333,79.05818586120633
us,connors_rsi2_bull,"bull,pullback",equal_slot,0.15,0.25,none,13.147590392706054,1.0476096545555305,1.70592558685852,1.3369860662983069,-9.833752739927641,44.35963698480778,2359.0,70.73333333333333,79.05818586120633
us,connors_rsi2_bull,"bull,pullback",equal_slot,0.15,0.25,0.15,12.98065222395477,1.0333416466919854,1.6812880772319057,1.3283951333008344,-9.771680051025234,43.727508476829556,2368.0,70.67999999999999,79.05818586120633
us,connors_rsi2_bull,"bull,pullback",equal_slot,0.15,0.25,0.25,13.147590392706054,1.0476096545555305,1.70592558685852,1.3369860662983069,-9.833752739927641,44.35963698480778,2359.0,70.73333333333333,79.05818586120633
us,connors_rsi2_bull,"bull,pullback",equal_slot,0.25,none,none,14.262785860864513,1.1210067055459956,1.8589826654112758,1.5153290728904942,-9.41233565436596,48.62982227654453,2323.0,70.84666666666666,79.05818586120633
us,connors_rsi2_bull,"bull,pullback",equal_slot,0.25,none,0.15,13.398867098174328,1.0640977566786791,1.74449422252767,1.4323689370621489,-9.354340736860706,45.31459592988831,2368.0,70.67999999999999,79.05818586120633
us,connors_rsi2_bull,"bull,pullback",equal_slot,0.25,none,0.25,14.295064921587453,1.120350641248462,1.851833934466834,1.5251734784633297,-9.372746853682687,48.75465380656225,2325.0,70.85333333333334,79.05818586120633
us,connors_rsi2_bull,"bull,pullback",equal_slot,0.25,0.25,none,14.199024188012043,1.1237801965523497,1.851961056923361,1.5058071115997032,-9.429510644910971,48.38344359594164,2323.0,70.84666666666666,79.05818586120633
us,connors_rsi2_bull,"bull,pullback",equal_slot,0.25,0.25,0.15,13.334143033052626,1.0649826751343732,1.7375357732674923,1.4297578065576313,-9.32615508157755,45.06821724928549,2368.0,70.67999999999999,79.05818586120633
us,connors_rsi2_bull,"bull,pullback",equal_slot,0.25,0.25,0.25,14.231338788074677,1.1230804034575148,1.844804255964712,1.5156088101859497,-9.389849605274224,48.508275125959365,2325.0,70.85333333333334,79.05818586120633
us,bollinger_mean_reversion,none,equal_slot,none,none,none,8.741371619999882,0.6055249812654071,0.8665355142570277,0.4797677589062711,-18.220006362927826,28.284283620435914,1075.0,96.36666666666667,79.05818586120633
us,bollinger_mean_reversion,none,equal_slot,none,none,0.15,9.794614830618276,0.6693709801436767,1.0064377920728198,0.6009340542941564,-16.298984490274577,32.01274676074637,1186.0,96.58,79.05818586120633
us,bollinger_mean_reversion,none,equal_slot,none,none,0.25,8.57976408061607,0.5894244786335322,0.8501763032971562,0.46362680961209324,-18.50575485010148,27.71845499746526,1100.0,96.48666666666668,79.05818586120633
us,bollinger_mean_reversion,none,equal_slot,none,0.25,none,8.77855179614253,0.6076365522200999,0.8696949147798041,0.4818083825702836,-18.220006362927826,28.414695689969772,1075.0,96.36666666666667,79.05818586120633
us,bollinger_mean_reversion,none,equal_slot,none,0.25,0.15,11.824711297382496,0.7924676903838884,1.190594179766656,0.7554962409221877,-15.651581909856757,39.40074186600335,1188.0,96.48666666666668,79.05818586120633
us,bollinger_mean_reversion,none,equal_slot,none,0.25,0.25,10.333164725921296,0.6862682441374969,0.9945539521138081,0.5583757490370425,-18.50575485010148,33.94667772170814,1102.0,96.48666666666668,79.05818586120633
us,bollinger_mean_reversion,none,equal_slot,0.08,none,none,9.808028059970987,0.6959959129846567,1.056954128381197,0.7357092434697381,-13.331391642864984,32.06068717404102,1396.0,96.74666666666667,79.05818586120633
us,bollinger_mean_reversion,none,equal_slot,0.08,none,0.15,10.903928856454993,0.7527957845507001,1.1496313758067769,0.7824238608819786,-13.936089377647123,36.01671100058525,1408.0,96.66666666666666,79.05818586120633
us,bollinger_mean_reversion,none,equal_slot,0.08,none,0.25,9.808028059970987,0.6959959129846567,1.056954128381197,0.7357092434697381,-13.331391642864984,32.06068717404102,1396.0,96.74666666666667,79.05818586120633
us,bollinger_mean_reversion,none,equal_slot,0.08,0.25,none,11.165831543903204,0.7792628823927448,1.1841088495674845,0.8574304612202653,-13.022433945269892,36.97363516052088,1397.0,96.75333333333333,79.05818586120633
us,bollinger_mean_reversion,none,equal_slot,0.08,0.25,0.15,11.154775116257376,0.776857235919455,1.177525121349445,0.8608426531616629,-12.95797213961069,36.93314782742889,1410.0,96.74666666666667,79.05818586120633
us,bollinger_mean_reversion,none,equal_slot,0.08,0.25,0.25,11.165831543903204,0.7792628823927448,1.1841088495674845,0.8574304612202653,-13.022433945269892,36.97363516052088,1397.0,96.75333333333333,79.05818586120633
us,bollinger_mean_reversion,none,equal_slot,0.15,none,none,9.96385319998987,0.6690102198654464,0.9879554804561617,0.5616701968849298,-17.739686483723435,32.61847091581236,1150.0,96.54,79.05818586120633
us,bollinger_mean_reversion,none,equal_slot,0.15,none,0.15,9.358255944884908,0.6418834842319896,0.9615040571114848,0.5604060805262668,-16.699062108849255,30.459441785483634,1186.0,96.58,79.05818586120633
us,bollinger_mean_reversion,none,equal_slot,0.15,none,0.25,10.343394316358667,0.6902515081203119,1.0197313532022867,0.5830652264260119,-17.739686483723435,33.98359291101938,1151.0,96.53333333333333,79.05818586120633
us,bollinger_mean_reversion,none,equal_slot,0.15,0.25,none,11.751480658865109,0.7650141340835215,1.1384057041800753,0.6624401547145357,-17.739686483723435,39.12958481012148,1152.0,96.54,79.05818586120633
us,bollinger_mean_reversion,none,equal_slot,0.15,0.25,0.15,11.468659996093677,0.7682166237864678,1.1523667360522738,0.7186294336670698,-15.95907356253228,38.08564777506385,1188.0,96.48666666666668,79.05818586120633
us,bollinger_mean_reversion,none,equal_slot,0.15,0.25,0.25,12.1191992337768,0.7851968610700245,1.168715136801573,0.6831687383481349,-17.739686483723435,40.49470680532852,1153.0,96.53333333333333,79.05818586120633
us,bollinger_mean_reversion,none,equal_slot,0.25,none,none,7.957411990087815,0.5515211307922451,0.7904492292456324,0.434688414403486,-18.306013517769063,25.554914044851863,1096.0,96.50666666666666,79.05818586120633
us,bollinger_mean_reversion,none,equal_slot,0.25,none,0.15,9.625502097357375,0.6583179573189367,0.9876130905368151,0.5879907609551819,-16.37015874487704,31.409308831599112,1186.0,96.58,79.05818586120633
us,bollinger_mean_reversion,none,equal_slot,0.25,none,0.25,8.488782586270283,0.583715116078652,0.8415570093245123,0.45667859697146407,-18.588089397149286,27.40063574395961,1100.0,96.48666666666668,79.05818586120633
us,bollinger_mean_reversion,none,equal_slot,0.25,0.25,none,8.00779068132529,0.5543118000243379,0.7946729038222289,0.4374404440132409,-18.306013517769063,25.72913855115044,1096.0,96.50666666666666,79.05818586120633
us,bollinger_mean_reversion,none,equal_slot,0.25,0.25,0.15,11.687435883925513,0.7820027778205058,1.1737185877107736,0.743495171596197,-15.719585453169731,38.89272808364994,1188.0,96.48666666666668,79.05818586120633
us,bollinger_mean_reversion,none,equal_slot,0.25,0.25,0.25,10.245016159466624,0.680690281527078,0.9860397595772414,0.5511602586244192,-18.588089397149286,33.628858468202495,1102.0,96.48666666666668,79.05818586120633
us,bollinger_mean_reversion,bull,equal_slot,none,none,none,5.937358051322761,0.4756693114682568,0.6712063187212548,0.4053226922163538,-14.648471860424502,18.7002420319738,978.0,87.86666666666667,79.05818586120633
us,bollinger_mean_reversion,bull,equal_slot,none,none,0.15,4.097519642576142,0.36063308426546464,0.5090517139759231,0.2650868089391427,-15.457274765855397,12.677366927092294,1060.0,86.96,79.05818586120633
us,bollinger_mean_reversion,bull,equal_slot,none,none,0.25,4.686828768446172,0.3882855977468408,0.5427216569617834,0.2687022466021128,-17.442462159188064,14.58389357942651,1000.0,87.69333333333333,79.05818586120633
us,bollinger_mean_reversion,bull,equal_slot,none,0.25,none,5.937358051322761,0.4756693114682568,0.6712063187212548,0.4053226922163538,-14.648471860424502,18.7002420319738,978.0,87.86666666666667,79.05818586120633
us,bollinger_mean_reversion,bull,equal_slot,none,0.25,0.15,6.40602307456597,0.5159366043149677,0.7413561756238323,0.42146240691504955,-15.199512387013856,20.26785734282932,1061.0,86.86,79.05818586120633
us,bollinger_mean_reversion,bull,equal_slot,none,0.25,0.25,6.613023879650237,0.5100379429694242,0.7217913150093549,0.3791336234126059,-17.442462159188064,20.96459540420179,1002.0,87.69333333333333,79.05818586120633
us,bollinger_mean_reversion,bull,equal_slot,0.08,none,none,5.057860550982496,0.4386016948065009,0.6354939579404002,0.2853640324325331,-17.724239834528884,15.79516330746018,1249.0,86.67333333333333,79.05818586120633
us,bollinger_mean_reversion,bull,equal_slot,0.08,none,0.15,5.7174075995516604,0.48065526246009105,0.6990871392230197,0.2831444280061692,-20.192548516007136,17.96923910213204,1258.0,86.53999999999999,79.05818586120633
us,bollinger_mean_reversion,bull,equal_slot,0.08,none,0.25,5.057860550982496,0.4386016948065009,0.6354939579404002,0.2853640324325331,-17.724239834528884,15.79516330746018,1249.0,86.67333333333333,79.05818586120633
us,bollinger_mean_reversion,bull,equal_slot,0.08,0.25,none,6.44527902576153,0.5317074044188466,0.7805560727536665,0.3531776322362505,-18.249397576373415,20.399782655262698,1248.0,86.63333333333334,79.05818586120633
us,bollinger_mean_reversion,bull,equal_slot,0.08,0.25,0.15,6.025569411980203,0.5032916682968225,0.7337633428566414,0.3053598520323056,-19.73268382165291,18.994253870498913,1258.0,86.53333333333335,79.05818586120633
us,bollinger_mean_reversion,bull,equal_slot,0.08,0.25,0.25,6.44527902576153,0.5317074044188466,0.7805560727536665,0.3531776322362505,-18.249397576373415,20.399782655262698,1248.0,86.63333333333334,79.05818586120633
us,bollinger_mean_reversion,bull,equal_slot,0.15,none,none,4.584580922549786,0.3894253236946065,0.5482160337763555,0.28488802625167825,-16.092571467007303,14.25157959194545,1035.0,87.30666666666667,79.05818586120633
us,bollinger_mean_reversion,bull,equal_slot,0.15,none,0.15,3.60176701752013,0.3244199142528355,0.4567620251018535,0.2256427962008192,-15.962251302339842,11.08991196019069,1060.0,86.96,79.05818586120633
us,bollinger_mean_reversion,bull,equal_slot,0.15,none,0.25,5.003357083732896,0.4177355379519878,0.588562184093015,0.31091097491725833,-16.092571467007303,15.616701587152448,1036.0,87.3,79.05818586120633
us,bollinger_mean_reversion,bull,equal_slot,0.15,0.25,none,6.514392390118751,0.5151546224571262,0.73500716908034,0.4048074233179227,-16.092571467007303,20.632281416720733,1037.0,87.30666666666667,79.05818586120633
us,bollinger_mean_reversion,bull,equal_slot,0.15,0.25,0.15,5.992327876214221,0.4853689586548394,0.6961264212488641,0.38448623705918683,-15.585285762235952,18.883401890166617,1061.0,86.86,79.05818586120633
us,bollinger_mean_reversion,bull,equal_slot,0.15,0.25,0.25,6.918420428662775,0.5417128133673127,0.7732886703788583,0.42991391666936474,-16.092571467007303,21.997403411927728,1038.0,87.3,79.05818586120633
us,bollinger_mean_reversion,bull,equal_slot,0.25,none,none,3.9672183385935034,0.33932495667494733,0.4731667844594478,0.24617821444622734,-16.115229154284332,12.258679261180916,995.0,87.7,79.05818586120633
us,bollinger_mean_reversion,bull,equal_slot,0.25,none,0.15,3.92946972286794,0.34800401783196105,0.4905549497598612,0.25323896085912584,-15.516845076038132,12.13757754237761,1060.0,86.96,79.05818586120633
us,bollinger_mean_reversion,bull,equal_slot,0.25,none,0.25,4.577546804307464,0.3807668454808452,0.5318713073832457,0.2610006335535926,-17.538450930110606,14.228741664455757,1000.0,87.69333333333333,79.05818586120633
us,bollinger_mean_reversion,bull,equal_slot,0.25,0.25,none,3.9808684564539565,0.3401878501607875,0.47445517953220273,0.24702524663731623,-16.115229154284332,12.302491697945662,995.0,87.7,79.05818586120633
us,bollinger_mean_reversion,bull,equal_slot,0.25,0.25,0.15,6.2641889756682945,0.504877137205768,0.724544594402383,0.41027910384878036,-15.268116062711137,19.79200270020982,1061.0,86.86,79.05818586120633
us,bollinger_mean_reversion,bull,equal_slot,0.25,0.25,0.25,6.507607427701911,0.5027908211625425,0.711109876787208,0.3710480163632599,-17.538450930110606,20.609443489231015,1002.0,87.69333333333333,79.05818586120633
us,bollinger_mean_reversion,bull,atr_risk,0.15,0.25,0.25,6.908974914619881,0.5455266055181845,0.7766731751484535,0.43147146521989826,-16.012588250995325,21.965372662978776,1038.0,87.3,79.05818586120633
us,bollinger_mean_reversion,"bull,pullback",equal_slot,none,none,none,7.852345695560459,0.5547688062457141,0.7954827779101318,0.43097381741521207,-18.220006362927826,25.19207912241328,1062.0,94.90666666666667,79.05818586120633
us,bollinger_mean_reversion,"bull,pullback",equal_slot,none,none,0.15,9.06367277668354,0.6284524934381925,0.9413139740493183,0.5560881895489704,-16.298984490274577,29.417702623279386,1173.0,95.36,79.05818586120633
us,bollinger_mean_reversion,"bull,pullback",equal_slot,none,none,0.25,7.44628758570105,0.5253757540296132,0.755765993599887,0.402376863090252,-18.50575485010148,23.79634302163418,1084.0,95.0,79.05818586120633
us,bollinger_mean_reversion,"bull,pullback",equal_slot,none,0.25,none,7.890132417473716,0.5569602343775204,0.7987210597455415,0.43304773117575507,-18.220006362927826,25.322491191947137,1062.0,94.90666666666667,79.05818586120633
us,bollinger_mean_reversion,"bull,pullback",equal_slot,none,0.25,0.15,11.119956413167165,0.7535232479563675,1.128170540209193,0.7104685313734486,-15.651581909856757,36.80569772853632,1175.0,95.26666666666668,79.05818586120633
us,bollinger_mean_reversion,"bull,pullback",equal_slot,none,0.25,0.25,9.231331283488364,0.6252949072807465,0.9042389712107542,0.49883570587977083,-18.50575485010148,30.009916548966963,1086.0,95.0,79.05818586120633
us,bollinger_mean_reversion,"bull,pullback",equal_slot,0.08,none,none,9.921043428632226,0.7082362438496324,1.075815734825861,0.744186630653973,-13.331391642864984,32.465075805816454,1380.0,95.32666666666667,79.05818586120633
us,bollinger_mean_reversion,"bull,pullback",equal_slot,0.08,none,0.15,10.990735740071989,0.7641548547980537,1.1664774459755984,0.7886527878976327,-13.936089377647123,36.33338758021858,1394.0,95.26666666666668,79.05818586120633
us,bollinger_mean_reversion,"bull,pullback",equal_slot,0.08,none,0.25,9.921043428632226,0.7082362438496324,1.075815734825861,0.744186630653973,-13.331391642864984,32.465075805816454,1380.0,95.32666666666667,79.05818586120633
us,bollinger_mean_reversion,"bull,pullback",equal_slot,0.08,0.25,none,11.276144645173858,0.7923321304314034,1.204224570925869,0.8659014660826646,-13.022433945269892,37.37802379229627,1381.0,95.33333333333334,79.05818586120633
us,bollinger_mean_reversion,"bull,pullback",equal_slot,0.08,0.25,0.15,11.241196512037277,0.7887852358955522,1.1948799571317787,0.8675120142969382,-12.95797213961069,37.24982440706219,1396.0,95.34666666666666,79.05818586120633
us,bollinger_mean_reversion,"bull,pullback",equal_slot,0.08,0.25,0.25,11.276144645173858,0.7923321304314034,1.204224570925869,0.8659014660826646,-13.022433945269892,37.37802379229627,1381.0,95.33333333333334,79.05818586120633
us,bollinger_mean_reversion,"bull,pullback",equal_slot,0.15,none,none,8.972782264076628,0.614132269156272,0.9033277087464306,0.5058027531833418,-17.739686483723435,29.097402987239327,1135.0,95.12,79.05818586120633
us,bollinger_mean_reversion,"bull,pullback",equal_slot,0.15,none,0.15,8.6214924692666,0.6005452322999149,0.8961092321132985,0.5162860293032777,-16.699062108849255,27.86439764801665,1173.0,95.36,79.05818586120633
us,bollinger_mean_reversion,"bull,pullback",equal_slot,0.15,none,0.25,9.359125491055487,0.6360194811737023,0.9359212249545561,0.5275812230189466,-17.739686483723435,30.462524982446347,1136.0,95.11333333333333,79.05818586120633
us,bollinger_mean_reversion,"bull,pullback",equal_slot,0.15,0.25,none,10.79183726069708,0.7131791258067534,1.0575793923182768,0.608344305892826,-17.739686483723435,35.608516881548425,1137.0,95.12,79.05818586120633
us,bollinger_mean_reversion,"bull,pullback",equal_slot,0.15,0.25,0.15,10.759416183693894,0.7290221773077151,1.0897719558753531,0.6741880185923937,-15.95907356253228,35.49060363759682,1175.0,95.26666666666668,79.05818586120633
us,bollinger_mean_reversion,"bull,pullback",equal_slot,0.15,0.25,0.25,11.165832558646471,0.7339372670963491,1.0886324526964184,0.6294267133126268,-17.739686483723435,36.973638876755466,1138.0,95.11333333333333,79.05818586120633
us,bollinger_mean_reversion,"bull,pullback",equal_slot,0.25,none,none,6.796741097255565,0.48561010869652455,0.694075472562518,0.37128461041822053,-18.306013517769063,21.58520277018536,1080.0,95.02000000000001,79.05818586120633
us,bollinger_mean_reversion,"bull,pullback",equal_slot,0.25,none,0.15,8.892312236049516,0.6172777673233122,0.9224977395500343,0.5432025660003035,-16.37015874487704,28.814264694132152,1173.0,95.36,79.05818586120633
us,bollinger_mean_reversion,"bull,pullback",equal_slot,0.25,none,0.25,7.351384789701987,0.5194470668472917,0.7468790872973122,0.39548899473387583,-18.588089397149286,23.47163100355707,1084.0,95.0,79.05818586120633
us,bollinger_mean_reversion,"bull,pullback",equal_slot,0.25,0.25,none,6.848204546100356,0.4885073814439198,0.698427786081127,0.3740958969276966,-18.306013517769063,21.75942727648399,1080.0,95.02000000000001,79.05818586120633
us,bollinger_mean_reversion,"bull,pullback",equal_slot,0.25,0.25,0.15,10.980955412789939,0.7430393158619372,1.1113795378579479,0.6985524806301883,-15.719585453169731,36.297683946182914,1175.0,95.26666666666668,79.05818586120633
us,bollinger_mean_reversion,"bull,pullback",equal_slot,0.25,0.25,0.25,9.139466711235578,0.6195158900240829,0.895473282000197,0.49168403034672453,-18.588089397149286,29.68520453088983,1086.0,95.0,79.05818586120633
us,williams_percent_r,none,equal_slot,none,none,none,20.545431593773934,1.346284414460172,2.0104504344757097,1.4304371948554502,-14.363043458087727,74.26014898104005,1058.0,99.80666666666667,79.05818586120633
us,williams_percent_r,none,equal_slot,none,none,0.15,19.280234193282663,1.2150208909343903,1.8431645631260594,1.2729842182173,-15.145697737150975,68.8801270770002,1198.0,99.8,79.05818586120633
us,williams_percent_r,none,equal_slot,none,none,0.25,18.301760420088776,1.148915913860749,1.72539508243644,1.0793217984539363,-16.956722681136384,64.79578078128145,1083.0,99.80666666666667,79.05818586120633
us,williams_percent_r,none,equal_slot,none,0.25,none,21.20246043859122,1.3606628276427692,2.0651692242364543,1.4722562724710886,-14.401338160376277,77.09836285951317,1059.0,99.80666666666667,79.05818586120633
us,williams_percent_r,none,equal_slot,none,0.25,0.15,17.714750142779835,1.139205408944052,1.7116601546836594,1.1918981424388566,-14.862637596306671,62.37723087743632,1200.0,99.8,79.05818586120633
us,williams_percent_r,none,equal_slot,none,0.25,0.25,16.718932190252133,1.0704479506437625,1.5963822683335056,0.9832440229027125,-17.003848282641833,58.32842112462053,1083.0,99.80666666666667,79.05818586120633
us,williams_percent_r,none,equal_slot,0.08,none,none,18.892907233780278,1.2577693879279535,1.9187704773077325,1.1979224266121127,-15.771394552827585,67.255410358536,1364.0,99.82666666666667,79.05818586120633
us,williams_percent_r,none,equal_slot,0.08,none,0.15,19.41817449203793,1.277617153043297,1.936950220890776,1.1631840498604311,-16.693982774581453,69.46126292459209,1397.0,99.82,79.05818586120633
us,williams_percent_r,none,equal_slot,0.08,none,0.25,18.700116104576068,1.252004793819811,1.9066843178397366,1.1856983250237314,-15.771394552827585,66.45059193105128,1362.0,99.82666666666667,79.05818586120633
us,williams_percent_r,none,equal_slot,0.08,0.25,none,19.49176244512707,1.3079685937110084,1.9812193392081268,1.2302751676302404,-15.843416950918519,69.77182747921213,1371.0,99.82666666666667,79.05818586120633
us,williams_percent_r,none,equal_slot,0.08,0.25,0.15,19.27317105822164,1.2783250879931056,1.9340634506003564,1.1657696962390076,-16.53257167380531,68.85040607190909,1399.0,99.82,79.05818586120633
us,williams_percent_r,none,equal_slot,0.08,0.25,0.25,19.49176244512707,1.3079685937110084,1.9812193392081268,1.2302751676302404,-15.843416950918519,69.77182747921213,1371.0,99.82666666666667,79.05818586120633
us,williams_percent_r,none,equal_slot,0.15,none,none,17.207833719408395,1.0740007278137813,1.6052606761841899,0.9158528173257409,-18.788863662236345,60.30772668701345,1132.0,99.78666666666666,79.05818586120633
us,williams_percent_r,none,equal_slot,0.15,none,0.15,18.622211834923853,1.1616570316648933,1.751118929753568,1.1699926040495627,-15.916520985234353,66.12610617852197,1198.0,99.8,79.05818586120633
us,williams_percent_r,none,equal_slot,0.15,none,0.25,17.110861490036868,1.0699527879686621,1.610608530236181,0.9049484542834151,-18.908106212067217,59.91383927707676,1141.0,99.79333333333334,79.05818586120633
us,williams_percent_r,none,equal_slot,0.15,0.25,none,17.255468553836995,1.0751327927006804,1.602565814510602,0.9338634991469206,-18.47750615544967,60.50144817350791,1133.0,99.79333333333334,79.05818586120633
us,williams_percent_r,none,equal_slot,0.15,0.25,0.15,17.08706991616036,1.0887179717952316,1.6260837079404267,1.0938196862333645,-15.621468630721703,59.81729949421628,1200.0,99.8,79.05818586120633
us,williams_percent_r,none,equal_slot,0.15,0.25,0.25,17.15340052979901,1.0726656556310048,1.6067229897511472,0.9223808922927941,-18.596873236565223,60.0865476469411,1138.0,99.78666666666666,79.05818586120633
us,williams_percent_r,none,equal_slot,0.25,none,none,19.401113296046766,1.1939070375698764,1.8015077097054426,1.085282369664251,-17.87655806299406,69.38931312765946,1073.0,99.80666666666667,79.05818586120633
us,williams_percent_r,none,equal_slot,0.25,none,0.15,19.170853489942985,1.208185151141177,1.832198316399418,1.265762318953367,-15.145697737150975,68.42025263673878,1198.0,99.8,79.05818586120633
us,williams_percent_r,none,equal_slot,0.25,none,0.25,18.09471440078836,1.1343829766972349,1.7016425391895853,1.0552781238204063,-17.14686772362944,63.94001819185717,1083.0,99.80666666666667,79.05818586120633
us,williams_percent_r,none,equal_slot,0.25,0.25,none,19.5190282118914,1.2007954863175898,1.8142937212490948,1.088630999254614,-17.929884621378672,69.88699350142129,1074.0,99.80666666666667,79.05818586120633
us,williams_percent_r,none,equal_slot,0.25,0.25,0.15,17.602477931268258,1.1320864763925031,1.7002752301031698,1.1843441527257872,-14.862637596306671,61.91735643717489,1200.0,99.8,79.05818586120633
us,williams_percent_r,none,equal_slot,0.25,0.25,0.25,16.526697543112377,1.0569927298064072,1.5748876567518868,0.9611585302606274,-17.194559505840317,57.55462780255232,1083.0,99.80666666666667,79.05818586120633
us,williams_percent_r,bull,equal_slot,none,none,none,15.643458200737669,1.091071291843474,1.5903646825088893,1.128101442797622,-13.86706692081065,54.03160754028935,969.0,91.56,79.05818586120633
us,williams_percent_r,bull,equal_slot,none,none,0.15,14.10208984729664,0.9950717184634723,1.446438127080801,0.9591341816557001,-14.702937416903424,48.00940327513619,1085.0,90.96,79.05818586120633
us,williams_percent_r,bull,equal_slot,none,none,0.25,13.042125614935895,0.9094274405111391,1.3134159403325876,0.8151858448536198,-15.998959865744267,43.960069679855195,985.0,91.41999999999999,79.05818586120633
us,williams_percent_r,bull,equal_slot,none,0.25,none,16.53928017871451,1.1218286807255968,1.669999160494486,1.1895092701703773,-13.904288594863607,57.605199189590635,969.0,91.56,79.05818586120633
us,williams_percent_r,bull,equal_slot,none,0.25,0.15,13.409939983353713,0.9644902204442112,1.3959545423794797,0.9207173262531821,-14.564665615585689,45.35677377750786,1089.0,90.96,79.05818586120633
us,williams_percent_r,bull,equal_slot,none,0.25,0.25,11.543409652688874,0.8156008198485211,1.173137025159274,0.7195072139767476,-16.04349397539456,38.36105377384334,984.0,91.41999999999999,79.05818586120633
us,williams_percent_r,bull,equal_slot,0.08,none,none,13.078856885683422,0.9686745387215556,1.4061024460692557,0.7998380742694524,-16.351880844918824,44.0991475761219,1237.0,90.56666666666666,79.05818586120633
us,williams_percent_r,bull,equal_slot,0.08,none,0.15,12.855642389586386,0.9465323424712029,1.3661148788601665,0.7798811794880276,-16.484103896475347,43.25535050413294,1269.0,90.55333333333333,79.05818586120633
us,williams_percent_r,bull,equal_slot,0.08,none,0.25,13.125582280993765,0.970110269312647,1.407631917043802,0.8026955678968515,-16.351880844918824,44.27619565300645,1238.0,90.56666666666666,79.05818586120633
us,williams_percent_r,bull,equal_slot,0.08,0.25,none,13.81006734924306,1.027790858367665,1.4959010236913772,0.8623703568458345,-16.014079379715827,46.88635928751444,1248.0,90.52,79.05818586120633
us,williams_percent_r,bull,equal_slot,0.08,0.25,0.15,13.789525692517524,1.0215164210303649,1.4756934748068524,0.8931372538934531,-15.439425051866158,46.807574887718694,1268.0,90.53999999999999,79.05818586120633
us,williams_percent_r,bull,equal_slot,0.08,0.25,0.25,13.81006734924306,1.027790858367665,1.4959010236913772,0.8623703568458345,-16.014079379715827,46.88635928751444,1248.0,90.52,79.05818586120633
us,williams_percent_r,bull,equal_slot,0.15,none,none,12.916379208148566,0.9221724287304465,1.3335083512988954,0.8715154762411621,-14.820596489986368,43.48462268017117,1032.0,91.16,79.05818586120633
us,williams_percent_r,bull,equal_slot,0.15,none,0.15,13.517983373423291,0.9464958446152656,1.368890304008522,0.8868237882027377,-15.243144752374338,45.76874944455081,1085.0,90.96,79.05818586120633
us,williams_percent_r,bull,equal_slot,0.15,none,0.25,12.918614472067013,0.9323574965578615,1.3552820870890887,0.8569874939609634,-15.074449234209558,43.49306510065627,1031.0,91.08000000000001,79.05818586120633
us,williams_percent_r,bull,equal_slot,0.15,0.25,none,11.955100573042188,0.8560992682536392,1.2297877867395162,0.8058102993732421,-14.836122822382444,39.884412490178974,1031.0,91.16,79.05818586120633
us,williams_percent_r,bull,equal_slot,0.15,0.25,0.15,12.77576127959341,0.9124044158589032,1.3135120769922308,0.8463461358519877,-15.095196561312932,42.95418184550939,1089.0,90.96,79.05818586120633
us,williams_percent_r,bull,equal_slot,0.15,0.25,0.25,11.58472666060506,0.8426419578760193,1.2068041075222695,0.7676965709845258,-15.090241507459554,38.51343754215433,1033.0,91.08000000000001,79.05818586120633
us,williams_percent_r,bull,equal_slot,0.25,none,none,14.072152671428672,0.9580662458656183,1.4040174001639727,0.9018129975932346,-15.60429125437817,47.89401134297761,977.0,91.48666666666668,79.05818586120633
us,williams_percent_r,bull,equal_slot,0.25,none,0.15,14.034931086380054,0.9906373373956802,1.4398460131280701,0.9545664712035441,-14.702937416903424,47.75062514729629,1085.0,90.96,79.05818586120633
us,williams_percent_r,bull,equal_slot,0.25,none,0.25,12.895364326598347,0.8984316522830941,1.296201661411852,0.7951280258131276,-16.217972336481367,43.405267198271936,985.0,91.41999999999999,79.05818586120633
us,williams_percent_r,bull,equal_slot,0.25,0.25,none,14.431092300444304,0.9753057996595118,1.4316961940124235,0.9220608049284954,-15.65091176558949,49.28147141243366,977.0,91.48666666666668,79.05818586120633
us,williams_percent_r,bull,equal_slot,0.25,0.25,0.15,13.34196973875914,0.9599304528220837,1.3891384828668567,0.9160505356526594,-14.564665615585689,45.09799564966792,1089.0,90.96,79.05818586120633
us,williams_percent_r,bull,equal_slot,0.25,0.25,0.25,11.411193882786375,0.8058717111326559,1.1582616759459887,0.7016594300579013,-16.263151885302413,37.874168380238295,984.0,91.41999999999999,79.05818586120633
us,williams_percent_r,"bull,pullback",equal_slot,none,none,none,20.0725646278886,1.3186332655117736,1.9607481392673054,1.3975147179956406,-14.363043458087727,72.23626083934158,1047.0,98.38,79.05818586120633
us,williams_percent_r,"bull,pullback",equal_slot,none,none,0.15,18.80838559611051,1.1878694772837743,1.794994108378369,1.2418302492578672,-15.145697737150975,66.90225246505963,1183.0,98.5,79.05818586120633
us,williams_percent_r,"bull,pullback",equal_slot,none,none,0.25,17.80345513568806,1.1193778134224688,1.675329070075888,1.049934911979992,-16.956722681136384,62.741184685776496,1069.0,98.48666666666666,79.05818586120633
us,williams_percent_r,"bull,pullback",equal_slot,none,0.25,none,20.753367465675552,1.3347922062052497,2.0181488388793323,1.4410721583342998,-14.401338160376277,75.15509437955919,1048.0,98.38,79.05818586120633
us,williams_percent_r,"bull,pullback",equal_slot,none,0.25,0.15,17.11674378019541,1.1049939161808155,1.654851997461498,1.1516625948310062,-14.862637596306671,59.93771398709795,1184.0,98.44666666666667,79.05818586120633
us,williams_percent_r,"bull,pullback",equal_slot,none,0.25,0.25,16.320512063278557,1.0473995374636869,1.556425064878338,0.9598128489501492,-17.003848282641833,56.72747246908716,1070.0,98.46000000000001,79.05818586120633
us,williams_percent_r,"bull,pullback",equal_slot,0.08,none,none,18.90215038807659,1.255084750330006,1.9097448181936474,1.198508497442143,-15.771394552827585,67.29406120435742,1353.0,98.64,79.05818586120633
us,williams_percent_r,"bull,pullback",equal_slot,0.08,none,0.15,18.459692536617833,1.2174297842369435,1.8391716226832113,1.105769233494411,-16.693982774581453,65.45053486011474,1382.0,98.49333333333334,79.05818586120633
us,williams_percent_r,"bull,pullback",equal_slot,0.08,none,0.25,18.709388887008306,1.2493063323328268,1.8976663334689754,1.1862862744533886,-15.771394552827585,66.48924277687271,1351.0,98.64,79.05818586120633
us,williams_percent_r,"bull,pullback",equal_slot,0.08,0.25,none,19.294792256368765,1.2932153193598939,1.9525077059523557,1.2178428628207094,-15.843416950918519,68.94139698185948,1359.0,98.57333333333334,79.05818586120633
us,williams_percent_r,"bull,pullback",equal_slot,0.08,0.25,0.15,18.812166573284507,1.2501160451788282,1.8870092958354472,1.1378850758645767,-16.53257167380531,66.9180399905468,1381.0,98.47333333333333,79.05818586120633
us,williams_percent_r,"bull,pullback",equal_slot,0.08,0.25,0.25,19.294792256368765,1.2932153193598939,1.9525077059523557,1.2178428628207094,-15.843416950918519,68.94139698185948,1359.0,98.57333333333334,79.05818586120633
us,williams_percent_r,"bull,pullback",equal_slot,0.15,none,none,16.93470858130366,1.0599074945058722,1.5827310912160852,0.9013162736041698,-18.788863662236345,59.1999750274262,1120.0,98.40666666666668,79.05818586120633
us,williams_percent_r,"bull,pullback",equal_slot,0.15,none,0.15,18.180710337443173,1.13685741055816,1.7074633360962317,1.1422540361872606,-15.916520985234353,64.29509764875291,1183.0,98.5,79.05818586120633
us,williams_percent_r,"bull,pullback",equal_slot,0.15,none,0.25,17.357401704915667,1.0856152951487403,1.6319622107286476,0.917987317727151,-18.908106212067217,60.916511937818555,1127.0,98.56666666666666,79.05818586120633
us,williams_percent_r,"bull,pullback",equal_slot,0.15,0.25,none,17.129747454464827,1.069811018071006,1.5931358541429377,0.9270594911647564,-18.47750615544967,59.99050096563418,1121.0,98.33333333333334,79.05818586120633
us,williams_percent_r,"bull,pullback",equal_slot,0.15,0.25,0.15,16.482675715235672,1.054509391119555,1.569942391213912,1.0551297131449147,-15.621468630721703,57.37778260387789,1184.0,98.44666666666667,79.05818586120633
us,williams_percent_r,"bull,pullback",equal_slot,0.15,0.25,0.25,17.264365435045683,1.0816245096565342,1.6189237139984953,0.928347750475625,-18.596873236565223,60.5376472434267,1128.0,98.49333333333334,79.05818586120633
us,williams_percent_r,"bull,pullback",equal_slot,0.25,none,none,18.640637974692666,1.1508137293515122,1.7302739574666555,1.0427420037462531,-17.87655806299406,66.2028165398579,1059.0,98.42,79.05818586120633
us,williams_percent_r,"bull,pullback",equal_slot,0.25,none,0.15,18.66440627191075,1.179624670282825,1.781569574294697,1.2323239639286285,-15.145697737150975,66.30180169018848,1183.0,98.5,79.05818586120633
us,williams_percent_r,"bull,pullback",equal_slot,0.25,none,0.25,17.677719710149063,1.110204810351228,1.6602887039302328,1.0309591229766166,-17.14686772362944,62.22545610877583,1069.0,98.48666666666666,79.05818586120633
us,williams_percent_r,"bull,pullback",equal_slot,0.25,0.25,none,18.512791640992464,1.142396050985491,1.718224466464555,1.0325103608820083,-17.929884621378672,65.67105994590673,1061.0,98.39333333333335,79.05818586120633
us,williams_percent_r,"bull,pullback",equal_slot,0.25,0.25,0.15,16.968626415551547,1.096365937970131,1.6409160728117091,1.1416968425421479,-14.862637596306671,59.33726321222685,1184.0,98.44666666666667,79.05818586120633
us,williams_percent_r,"bull,pullback",equal_slot,0.25,0.25,0.25,16.212099923464727,1.0394451929567698,1.5437533944535278,0.9428621837016595,-17.194559505840317,56.29371315944247,1070.0,98.46000000000001,79.05818586120633
us,cci_reversion,none,equal_slot,none,none,none,19.10477833516955,1.187891274274991,1.8391223908079344,1.1858941780972672,-16.11001950091585,68.14285276549685,812.0,99.48666666666665,79.05818586120633
us,cci_reversion,none,equal_slot,none,none,0.15,16.575536579931715,1.1191643267983524,1.723820614768312,1.103938621980071,-15.014907758368967,57.75097900946457,912.0,99.61333333333334,79.05818586120633
us,cci_reversion,none,equal_slot,none,none,0.25,18.39224464551168,1.1606395653595136,1.7670821755850155,1.058632580334026,-17.37358644271882,65.17069900383841,839.0,99.68666666666668,79.05818586120633
us,cci_reversion,none,equal_slot,none,0.25,none,20.78139464112747,1.3320943807346772,2.060463243159648,1.2944993553859625,-16.053615287379866,75.27595464078733,828.0,99.58,79.05818586120633
us,cci_reversion,none,equal_slot,none,0.25,0.15,18.547712474354494,1.2718883446853457,1.954133928544875,1.2007589173603426,-15.44665811446013,65.81619538921089,918.0,99.67333333333332,79.05818586120633
us,cci_reversion,none,equal_slot,none,0.25,0.25,19.210144610523237,1.2544841507719027,1.897419969824241,1.1258227456241163,-17.063205273822934,68.58535038452249,846.0,99.68666666666668,79.05818586120633
us,cci_reversion,none,equal_slot,0.08,none,none,17.324863543298097,1.1496718649511237,1.7432425122443211,0.99723489421396,-17.372901453627826,60.78394181183447,1012.0,99.80666666666667,79.05818586120633
us,cci_reversion,none,equal_slot,0.08,none,0.15,18.92851668567348,1.2740677037793287,1.9646860376167796,1.2190187856892352,-15.527666109732072,67.40434614262621,1035.0,99.78,79.05818586120633
us,cci_reversion,none,equal_slot,0.08,none,0.25,17.50689338862812,1.197733014453969,1.7903357944990224,0.997843315292691,-17.544731843488808,61.526517570040106,1019.0,99.80666666666667,79.05818586120633
us,cci_reversion,none,equal_slot,0.08,0.25,none,18.290980493549913,1.2899865693494101,1.963021090288727,1.312470274276876,-13.936300769651783,64.75115221506846,1030.0,99.84666666666668,79.05818586120633
us,cci_reversion,none,equal_slot,0.08,0.25,0.15,17.765652523750617,1.241502136698413,1.8948042064731743,1.12092310186582,-15.849126933131277,62.586015638100356,1044.0,99.82666666666667,79.05818586120633
us,cci_reversion,none,equal_slot,0.08,0.25,0.25,19.216335401400908,1.3425204403596622,2.0524760092750407,1.3788691647102744,-13.936300769651783,68.61137331905935,1036.0,99.84666666666668,79.05818586120633
us,cci_reversion,none,equal_slot,0.15,none,none,16.528610593326533,1.078680667178487,1.638042812962164,1.0217231439273007,-16.177191141813466,57.56231592697338,869.0,99.67333333333332,79.05818586120633
us,cci_reversion,none,equal_slot,0.15,none,0.15,16.02814122640208,1.0755596642803624,1.6499040707086303,1.0255815976576081,-15.628343237641731,55.5595143775516,912.0,99.61333333333334,79.05818586120633
us,cci_reversion,none,equal_slot,0.15,none,0.25,15.656293816475397,1.0407081597860715,1.5792009707901855,0.9826885215408951,-15.932102058061796,54.08242749747587,871.0,99.67333333333332,79.05818586120633
us,cci_reversion,none,equal_slot,0.15,0.25,none,15.62694090303902,1.0190722452012666,1.5268459042321567,0.9609328725369362,-16.26226071523883,53.96622709398844,879.0,99.73333333333333,79.05818586120633
us,cci_reversion,none,equal_slot,0.15,0.25,0.15,17.967220926789395,1.2234105436689995,1.870898123509474,1.1109519326592874,-16.17281576150755,63.414531986393285,918.0,99.67333333333332,79.05818586120633
us,cci_reversion,none,equal_slot,0.15,0.25,0.25,14.254683804445634,0.9538388749358943,1.4117707524803569,0.8662289631158541,-16.456023074050847,48.59850043250555,879.0,99.73333333333333,79.05818586120633
us,cci_reversion,none,equal_slot,0.25,none,none,18.24654719663943,1.1528503125832248,1.7484169119102237,1.1438947875046444,-15.951246037621573,64.56728437796744,830.0,99.71333333333334,79.05818586120633
us,cci_reversion,none,equal_slot,0.25,none,0.15,16.22262931536358,1.0902538072364925,1.6738162358146214,1.0435669328806512,-15.545365423358906,56.33580651322527,912.0,99.61333333333334,79.05818586120633
us,cci_reversion,none,equal_slot,0.25,none,0.25,18.06590088444611,1.1338145017557613,1.7211990283685203,1.0236316303260884,-17.648830252237346,63.82116042591597,839.0,99.68666666666668,79.05818586120633
us,cci_reversion,none,equal_slot,0.25,0.25,none,20.107723078025884,1.3312245490109345,2.0261959540860572,1.3004002190513997,-15.46271892563493,72.38620073153099,843.0,99.70000000000002,79.05818586120633
us,cci_reversion,none,equal_slot,0.25,0.25,0.15,18.21504419534621,1.242158360259682,1.9009070965584842,1.1403688505351892,-15.972940848741759,64.43700546073137,918.0,99.67333333333332,79.05818586120633
us,cci_reversion,none,equal_slot,0.25,0.25,0.25,18.888219797646745,1.226287208998889,1.8492674649078236,1.089119883586618,-17.34264527009212,67.23581180660005,846.0,99.68666666666668,79.05818586120633
us,cci_reversion,bull,equal_slot,none,none,none,16.882367463945336,1.0235982376879313,1.7470483005842943,1.0812443726441165,-15.613831517717447,58.98826954002834,745.0,91.41333333333334,79.05818586120633
us,cci_reversion,bull,equal_slot,none,none,0.15,12.09082714957399,0.9374660106083662,1.3597366392718273,0.715376939781848,-16.901337570737255,40.38906298102025,828.0,90.95333333333333,79.05818586120633
us,cci_reversion,bull,equal_slot,none,none,0.25,12.146918889684443,0.8845795450685537,1.291298489028578,0.7368205776114752,-16.485585851932466,40.597972236671076,766.0,91.56,79.05818586120633
us,cci_reversion,bull,equal_slot,none,0.25,none,16.05928202193305,1.06302754813432,1.705188477166027,1.0413867866153665,-15.421054144663838,55.68363934851461,753.0,91.49333333333333,79.05818586120633
us,cci_reversion,bull,equal_slot,none,0.25,0.15,14.450422907513595,1.1225991304024066,1.6653755014648484,0.9792976745079034,-14.755904444248705,49.35643683217912,832.0,91.17333333333333,79.05818586120633
us,cci_reversion,bull,equal_slot,none,0.25,0.25,12.86819075237653,0.9542221797082975,1.3942966059263164,0.811979050531388,-15.84793443125796,43.30269871084689,770.0,91.66000000000001,79.05818586120633
us,cci_reversion,bull,equal_slot,0.08,none,none,12.038423462884374,0.9384738191643117,1.3455950996447474,0.7190448650551822,-16.742242449586925,40.194075788385675,919.0,90.91333333333334,79.05818586120633
us,cci_reversion,bull,equal_slot,0.08,none,0.15,11.233390641351315,0.9127627905937633,1.296160521324297,0.6654486243151357,-16.88092849077937,37.22120117158314,935.0,90.73333333333335,79.05818586120633
us,cci_reversion,bull,equal_slot,0.08,none,0.25,11.83407819838762,0.9315029329299613,1.3346650098849384,0.7552662245938794,-15.668750717339469,39.435450728366874,921.0,90.79333333333332,79.05818586120633
us,cci_reversion,bull,equal_slot,0.08,0.25,none,14.58715862183617,1.1597482433516342,1.6835589432650648,0.9691356808704146,-15.051719702173111,49.88742070633161,931.0,90.98666666666666,79.05818586120633
us,cci_reversion,bull,equal_slot,0.08,0.25,0.15,12.903687343935122,1.05223722791972,1.4998104387519893,0.7408262393920222,-17.41796747713048,43.4366927305442,947.0,90.69333333333333,79.05818586120633
us,cci_reversion,bull,equal_slot,0.08,0.25,0.25,14.103889358755373,1.1271558668281039,1.6326334285345625,0.9370284351441321,-15.051719702173111,48.01634134000985,930.0,90.9,79.05818586120633
us,cci_reversion,bull,equal_slot,0.15,none,none,13.338690856930002,0.9141409714549391,1.3864082217000702,0.7623239854059889,-17.497404138250026,45.08551993854728,790.0,91.18666666666667,79.05818586120633
us,cci_reversion,bull,equal_slot,0.15,none,0.15,11.45843430553455,0.8837221168867684,1.2749186294583048,0.6535060067303193,-17.533785745695635,38.04800077308852,828.0,90.95333333333333,79.05818586120633
us,cci_reversion,bull,equal_slot,0.15,none,0.25,11.937541238492265,0.8397001260215518,1.271521924688167,0.7177326937372628,-16.632294087556488,39.81921248993518,794.0,91.22666666666667,79.05818586120633
us,cci_reversion,bull,equal_slot,0.15,0.25,none,12.573469969512452,0.868822939561897,1.295675645194382,0.7295940351448026,-17.233515302817676,42.193380673994874,800.0,91.29333333333334,79.05818586120633
us,cci_reversion,bull,equal_slot,0.15,0.25,0.15,13.919791091178602,1.0757810614924879,1.5893602878836683,0.9134423006568511,-15.238829076745144,47.307663199605734,832.0,91.17333333333333,79.05818586120633
us,cci_reversion,bull,equal_slot,0.15,0.25,0.25,10.950804350273714,0.8013989157793932,1.155192838058038,0.635436482798333,-17.233515302817676,36.18765484629334,800.0,91.32000000000001,79.05818586120633
us,cci_reversion,bull,equal_slot,0.25,none,none,13.586594056876212,0.9281523819680962,1.4056082568712625,0.7584728980479272,-17.913091017284692,46.030767729774816,759.0,91.54666666666668,79.05818586120633
us,cci_reversion,bull,equal_slot,0.25,none,0.15,11.716036437724743,0.9038781188701793,1.3053234908495728,0.6700250430163893,-17.48596796469018,38.998468391518685,828.0,90.95333333333333,79.05818586120633
us,cci_reversion,bull,equal_slot,0.25,none,0.25,12.020551102074894,0.8740801982809339,1.2742669111885956,0.7232930166793261,-16.619199722488457,40.12761621410665,766.0,91.56,79.05818586120633
us,cci_reversion,bull,equal_slot,0.25,0.25,none,13.235354004731526,0.9739293115611535,1.4277612246040283,0.83073561901727,-15.93208922519594,44.692701510102204,766.0,91.64666666666668,79.05818586120633
us,cci_reversion,bull,equal_slot,0.25,0.25,0.15,14.090790233747486,1.0884043033005044,1.6074241971128507,0.9195682725315664,-15.323267075054273,47.96584224267762,832.0,91.17333333333333,79.05818586120633
us,cci_reversion,bull,equal_slot,0.25,0.25,0.25,12.743413285213446,0.9432878572859253,1.3763023795890268,0.7973718494292373,-15.981769728057547,42.832342688282424,770.0,91.66000000000001,79.05818586120633
us,cci_reversion,"bull,pullback",equal_slot,none,none,none,16.465644232240972,1.046270674325579,1.6022082632484584,1.022074754863264,-16.11001950091585,57.30939880769921,805.0,98.43333333333334,79.05818586120633
us,cci_reversion,"bull,pullback",equal_slot,none,none,0.15,14.398346433254927,0.9850589801933224,1.4986815429995939,0.958936722420397,-15.014907758368967,49.15453767194706,904.0,98.78666666666666,79.05818586120633
us,cci_reversion,"bull,pullback",equal_slot,none,none,0.25,17.503406721548444,1.1118853088702898,1.688782930197154,1.0074722786373234,-17.37358644271882,61.51227266573649,826.0,98.80000000000001,79.05818586120633
us,cci_reversion,"bull,pullback",equal_slot,none,0.25,none,17.60505361556346,1.1402625633839156,1.7509173542506955,1.0966410556383033,-16.053615287379866,61.927896913048585,815.0,98.52000000000001,79.05818586120633
us,cci_reversion,"bull,pullback",equal_slot,none,0.25,0.15,16.487435142349582,1.1310718778603908,1.7179471549886574,1.0673787831760935,-15.44665811446013,57.39689589785088,908.0,98.80666666666667,79.05818586120633
us,cci_reversion,"bull,pullback",equal_slot,none,0.25,0.25,17.482040290155652,1.140923804261468,1.7066575429253954,1.024546092578237,-17.063205273822934,61.424997543967486,835.0,98.74000000000001,79.05818586120633
us,cci_reversion,"bull,pullback",equal_slot,0.08,none,none,17.246053657984817,1.1404608369210012,1.722989169376939,0.9926985255755008,-17.372901453627826,60.46314733705476,1003.0,99.03999999999999,79.05818586120633
us,cci_reversion,"bull,pullback",equal_slot,0.08,none,0.15,17.87937975210363,1.2066905975782831,1.8517512701232262,1.1514531305446867,-15.527666109732072,63.05313060911293,1023.0,98.84666666666666,79.05818586120633
us,cci_reversion,"bull,pullback",equal_slot,0.08,none,0.25,15.544951036188692,1.0630857701459873,1.5746434599398678,0.8860181606000279,-17.544731843488808,53.64195903134248,1009.0,98.86666666666667,79.05818586120633
us,cci_reversion,"bull,pullback",equal_slot,0.08,0.25,none,16.746745611773783,1.1725656211613946,1.7753873118672567,1.2016636185293972,-13.936300769651783,58.440585597097574,1022.0,98.90666666666667,79.05818586120633
us,cci_reversion,"bull,pullback",equal_slot,0.08,0.25,0.15,16.581175402992997,1.1651422254808614,1.7561764975948249,1.0461885675438332,-15.849126933131277,57.77365963870895,1033.0,98.89333333333333,79.05818586120633
us,cci_reversion,"bull,pullback",equal_slot,0.08,0.25,0.25,16.423391279948273,1.1528307128288453,1.7451126176478657,1.178461311319606,-13.936300769651783,57.13983241005833,1024.0,98.90666666666667,79.05818586120633
us,cci_reversion,"bull,pullback",equal_slot,0.15,none,none,17.53796259665763,1.142458004046756,1.7376291829282597,1.0841166703734466,-16.177191141813466,61.653488755457,861.0,98.79333333333334,79.05818586120633
us,cci_reversion,"bull,pullback",equal_slot,0.15,none,0.15,13.807682079640337,0.9399406568318494,1.4243132073144447,0.8835026125087764,-15.628343237641731,46.87720950942678,904.0,98.78666666666666,79.05818586120633
us,cci_reversion,"bull,pullback",equal_slot,0.15,none,0.25,14.559541105778706,0.9713012606159913,1.4753844108043697,0.9138493497417336,-15.932102058061796,49.78007321370861,862.0,98.78,79.05818586120633
us,cci_reversion,"bull,pullback",equal_slot,0.15,0.25,none,15.508568702911617,1.0119364772559034,1.5173517378002515,0.9536539214611807,-16.26226071523883,53.49821301059752,874.0,98.83333333333333,79.05818586120633
us,cci_reversion,"bull,pullback",equal_slot,0.15,0.25,0.15,15.883997370411219,1.0828354350581109,1.6374162957716136,0.9821417373847948,-16.17281576150755,54.985822757260784,908.0,98.80666666666667,79.05818586120633
us,cci_reversion,"bull,pullback",equal_slot,0.15,0.25,0.25,14.730607992663437,0.9860300432158156,1.464823019436765,0.895149935459912,-16.456023074050847,50.44582041159795,876.0,98.84,79.05818586120633
us,cci_reversion,"bull,pullback",equal_slot,0.25,none,none,17.196028655468965,1.0940837647524735,1.653440258685298,1.0780367010145495,-15.951246037621573,60.25974181929696,818.0,98.88,79.05818586120633
us,cci_reversion,"bull,pullback",equal_slot,0.25,none,0.15,14.096154913158498,0.9605423977268761,1.4572523625584175,0.9067753976356977,-15.545365423358906,47.986522506291564,904.0,98.78666666666666,79.05818586120633
us,cci_reversion,"bull,pullback",equal_slot,0.25,none,0.25,17.162641864022387,1.0843904166519318,1.6421413131719116,0.9724520899534786,-17.648830252237346,60.12408379262055,826.0,98.80000000000001,79.05818586120633
us,cci_reversion,"bull,pullback",equal_slot,0.25,0.25,none,18.69624499876892,1.2357718561392526,1.867582130270946,1.2091175613218497,-15.46271892563493,66.43445813539097,830.0,98.75333333333333,79.05818586120633
us,cci_reversion,"bull,pullback",equal_slot,0.25,0.25,0.15,16.195878811448683,1.1055430291711226,1.6733768315299178,1.013957227089117,-15.972940848741759,56.22888073219543,908.0,98.80666666666667,79.05818586120633
us,cci_reversion,"bull,pullback",equal_slot,0.25,0.25,0.25,17.12330097410508,1.111393869827938,1.657641359283986,0.9873523160641875,-17.34264527009212,59.964330746354165,835.0,98.74000000000001,79.05818586120633
us,short_term_reversal,none,equal_slot,none,none,none,21.152424795807146,1.0065818646953206,1.5671309796434132,1.0383267826171705,-20.371645179459858,76.88114923631126,720.0,99.86666666666666,79.05818586120633
us,short_term_reversal,none,equal_slot,none,none,0.15,11.093815781978321,0.5461124951380716,0.8246748203427052,0.45390180033494076,-24.441004141847497,36.710064521879104,878.0,99.86666666666666,79.05818586120633
us,short_term_reversal,none,equal_slot,none,none,0.25,18.321123837063922,0.7834530086387913,1.2493826775025338,0.7860026713577545,-23.309238638356916,64.875964879816,753.0,99.86666666666666,79.05818586120633
us,short_term_reversal,none,equal_slot,none,0.25,none,18.336386678013827,0.9568875095690308,1.483634276972741,1.0951959064518855,-16.742563198047698,64.9391866951871,749.0,99.86666666666666,79.05818586120633
us,short_term_reversal,none,equal_slot,none,0.25,0.15,14.613553358222585,0.7003278422035982,1.0922181269451394,0.8223606418148249,-17.770248982213808,49.99006303264619,914.0,99.86666666666666,79.05818586120633
us,short_term_reversal,none,equal_slot,none,0.25,0.25,11.867189020264446,0.6066785123249417,0.9259765268793626,0.6042692748671973,-19.63890853605381,39.55818817102301,778.0,99.86666666666666,79.05818586120633
us,short_term_reversal,none,equal_slot,0.08,none,none,14.210870275380172,0.7203536872309512,1.0637678866331155,0.6602904706106796,-21.52214958098219,48.42919702882544,990.0,99.86666666666666,79.05818586120633
us,short_term_reversal,none,equal_slot,0.08,none,0.15,13.005144363041786,0.67609887335046,0.9878119423227186,0.6406849772287702,-20.298812716499867,43.82013527449058,1054.0,99.86666666666666,79.05818586120633
us,short_term_reversal,none,equal_slot,0.08,none,0.25,13.704870190092455,0.6935329277792224,1.0194970250149478,0.6360045101707428,-21.54838522515072,46.483187475475106,1001.0,99.86666666666666,79.05818586120633
us,short_term_reversal,none,equal_slot,0.08,0.25,none,15.303647583845525,0.8095424369538728,1.1969665501968567,0.8654416629356778,-17.683049290617454,52.690239507686634,1059.0,99.86666666666666,79.05818586120633
us,short_term_reversal,none,equal_slot,0.08,0.25,0.15,14.346009434341344,0.758057785345798,1.1222314118654937,0.7731819491451298,-18.55450641366245,48.95181100894801,1097.0,99.86666666666666,79.05818586120633
us,short_term_reversal,none,equal_slot,0.08,0.25,0.25,15.303647583845525,0.8095424369538728,1.1969665501968567,0.8654416629356778,-17.683049290617454,52.690239507686634,1059.0,99.86666666666666,79.05818586120633
us,short_term_reversal,none,equal_slot,0.15,none,none,12.569356043318303,0.5946608340397455,0.8895535397361695,0.4717380289943052,-26.64478009143087,42.17793647285912,786.0,99.86666666666666,79.05818586120633
us,short_term_reversal,none,equal_slot,0.15,none,0.15,9.708180060761663,0.4927603140777579,0.7396721039818911,0.3750993235734873,-25.881625080722632,31.704095969767888,878.0,99.86666666666666,79.05818586120633
us,short_term_reversal,none,equal_slot,0.15,none,0.25,14.723422394367569,0.6833383209557132,1.0291384380035595,0.6261668361749332,-23.51357744256878,50.41781653075217,791.0,99.86666666666666,79.05818586120633
us,short_term_reversal,none,equal_slot,0.15,0.25,none,12.678434487883973,0.618615004834464,0.9474363211641774,0.5864035647208836,-21.62066407955527,42.58780743575912,837.0,99.86666666666666,79.05818586120633
us,short_term_reversal,none,equal_slot,0.15,0.25,0.15,13.024535550749672,0.6290988466370456,0.9664333773557126,0.6668702793992635,-19.530838235110075,43.89349887741692,914.0,99.86666666666666,79.05818586120633
us,short_term_reversal,none,equal_slot,0.15,0.25,0.25,13.66171680040431,0.6514114452626296,1.0031941537325295,0.6327414375412755,-21.591310430831577,46.31801321849049,845.0,99.86666666666666,79.05818586120633
us,short_term_reversal,none,equal_slot,0.25,none,none,18.160584686371205,0.8298497085067922,1.3050026124210632,0.8345609700152309,-21.760644624969427,64.21195261934282,738.0,99.86666666666666,79.05818586120633
us,short_term_reversal,none,equal_slot,0.25,none,0.15,9.490107165198891,0.4846657612453872,0.7277557867997644,0.37185203480900575,-25.52119197108412,30.92750618900615,878.0,99.86666666666666,79.05818586120633
us,short_term_reversal,none,equal_slot,0.25,none,0.25,18.015956798908462,0.7699832111561188,1.2256429723007494,0.759806789354035,-23.71123429184555,63.615273068593005,753.0,99.86666666666666,79.05818586120633
us,short_term_reversal,none,equal_slot,0.25,0.25,none,13.3072212982851,0.680757181294102,1.0262093246089132,0.6054543731099015,-21.97890029257347,44.965818632011874,772.0,99.86666666666666,79.05818586120633
us,short_term_reversal,none,equal_slot,0.25,0.25,0.15,13.488730533545512,0.6486362883940746,1.001787669693219,0.7388840549681899,-18.255544212719848,45.65713029577132,914.0,99.86666666666666,79.05818586120633
us,short_term_reversal,none,equal_slot,0.25,0.25,0.25,11.63576288700936,0.595358851214019,0.9074372637038823,0.5871370176943678,-19.817798122662943,38.701821036288564,778.0,99.86666666666666,79.05818586120633
us,short_term_reversal,bull,equal_slot,none,none,none,31.551373741851574,0.7241458292046403,2.7379003926968073,1.4278022405445054,-22.097859805724333,125.93210968527231,680.0,92.53333333333333,79.05818586120633
us,short_term_reversal,bull,equal_slot,none,none,0.15,5.197295760486154,0.34967806339566776,0.5136939805402233,0.2044347985484261,-25.42275482153313,16.252550363677653,787.0,90.7,79.05818586120633
us,short_term_reversal,bull,equal_slot,none,none,0.25,21.752914948735814,0.7287596709622346,1.8226830294670493,1.0160110063419756,-21.410117422895393,79.49967895338371,690.0,91.25333333333334,79.05818586120633
us,short_term_reversal,bull,equal_slot,none,0.25,none,28.490076588732506,0.8360670791949161,2.4971402175420647,1.4650871674586459,-19.445994219000404,110.66122667072177,693.0,92.24,79.05818586120633
us,short_term_reversal,bull,equal_slot,none,0.25,0.15,9.604292365102296,0.555387157190474,0.8360884069065889,0.5566269411353391,-17.25445115091383,31.333756453631302,814.0,90.66666666666666,79.05818586120633
us,short_term_reversal,bull,equal_slot,none,0.25,0.25,18.298366867235274,0.7269604970255501,1.5608410811226086,0.8547235570969898,-21.408520585748715,64.78173071119797,710.0,90.90666666666667,79.05818586120633
us,short_term_reversal,bull,equal_slot,0.08,none,none,11.596941751546863,0.6812568534922548,1.0106636513635325,0.6715033861712081,-17.2701165628822,38.558510080390754,907.0,90.33333333333333,79.05818586120633
us,short_term_reversal,bull,equal_slot,0.08,none,0.15,9.228554902335894,0.5782912729915372,0.8451950129156492,0.5778618404385322,-15.970175319644675,30.000095028368534,948.0,90.10000000000001,79.05818586120633
us,short_term_reversal,bull,equal_slot,0.08,none,0.25,11.671154343233226,0.6888587450684326,1.0260008111994137,0.6685378374771423,-17.457731917278757,38.83255676474893,905.0,90.20666666666666,79.05818586120633
us,short_term_reversal,bull,equal_slot,0.08,0.25,none,13.528129874920115,0.8066642938512641,1.2013042307569206,0.6934194154539848,-19.509303566389452,45.8074783871552,950.0,90.25999999999999,79.05818586120633
us,short_term_reversal,bull,equal_slot,0.08,0.25,0.15,12.39443724318392,0.757533992606528,1.1275357517859526,0.6728734657653298,-18.420160511287843,41.52229842292918,965.0,90.19999999999999,79.05818586120633
us,short_term_reversal,bull,equal_slot,0.08,0.25,0.25,13.528129874920115,0.8066642938512641,1.2013042307569206,0.6934194154539848,-19.509303566389452,45.8074783871552,950.0,90.25999999999999,79.05818586120633
us,short_term_reversal,bull,equal_slot,0.15,none,none,13.738142661211917,0.6371572048579318,1.0934010040212245,0.5284905920741455,-25.995056236090008,46.61062589043106,719.0,90.92,79.05818586120633
us,short_term_reversal,bull,equal_slot,0.15,none,0.15,3.814451786114348,0.28363549527363946,0.41395811689955786,0.13807464951164042,-27.626010999164404,11.76912185486183,787.0,90.7,79.05818586120633
us,short_term_reversal,bull,equal_slot,0.15,none,0.25,15.166541594800487,0.7342615852441186,1.1855671210962309,0.6875697587601532,-22.05818595359583,52.1512297969428,723.0,90.93333333333334,79.05818586120633
us,short_term_reversal,bull,equal_slot,0.15,0.25,none,16.713644572026976,0.7722522033950525,1.358927281279871,0.8555526132957384,-19.53549590321873,58.30710346411452,748.0,90.93333333333334,79.05818586120633
us,short_term_reversal,bull,equal_slot,0.15,0.25,0.15,8.660593852489452,0.5060346967030118,0.7578329233546385,0.46015104103052673,-18.821197998582605,28.001252886278127,814.0,90.66666666666666,79.05818586120633
us,short_term_reversal,bull,equal_slot,0.15,0.25,0.25,16.560948424580467,0.7658056965763053,1.3550799420558441,0.8320855182539464,-19.902940336387623,57.69231216855437,748.0,90.82666666666667,79.05818586120633
us,short_term_reversal,bull,equal_slot,0.25,none,none,25.552599723773085,0.6900852426958862,2.270361169421789,1.1400953355624521,-22.41268684005888,96.66721629611779,684.0,91.17333333333333,79.05818586120633
us,short_term_reversal,bull,equal_slot,0.25,none,0.15,3.7105182677457105,0.2785387993305983,0.40641437249753826,0.1362872073931507,-27.225726748086466,11.436866412243685,787.0,90.7,79.05818586120633
us,short_term_reversal,bull,equal_slot,0.25,none,0.25,21.502050295033605,0.7186920028791516,1.7969013157557536,0.984396000124651,-21.842886696320246,78.40263925673783,690.0,91.25333333333334,79.05818586120633
us,short_term_reversal,bull,equal_slot,0.25,0.25,none,23.1887536669092,0.7825466235208468,2.008469017763142,1.2439569104487789,-18.64112291360917,85.86487386383351,707.0,91.13333333333333,79.05818586120633
us,short_term_reversal,bull,equal_slot,0.25,0.25,0.15,8.496047417299678,0.497107073180798,0.7438981970023404,0.4681914956210526,-18.146522302866124,27.42599416636411,814.0,90.66666666666666,79.05818586120633
us,short_term_reversal,bull,equal_slot,0.25,0.25,0.25,18.000207644161502,0.7135576787738194,1.5318448149952637,0.8313341051864285,-21.65219438474128,63.550385054260474,710.0,90.90666666666667,79.05818586120633
us,short_term_reversal,"bull,pullback",equal_slot,none,none,none,11.985582556354068,0.6187143716884466,0.9438304547348979,0.5330547265810258,-22.484713029802254,39.99764380080719,700.0,97.6,79.05818586120633
us,short_term_reversal,"bull,pullback",equal_slot,none,none,0.15,6.227366067006246,0.3634651543632146,0.5408479010116323,0.2547917438606317,-24.441004141847497,19.66866613489886,870.0,98.94000000000001,79.05818586120633
us,short_term_reversal,"bull,pullback",equal_slot,none,none,0.25,9.533035479243201,0.4933594191386362,0.7344118900986264,0.4089809893471146,-23.309238638356916,31.080139394203464,746.0,99.14666666666668,79.05818586120633
us,short_term_reversal,"bull,pullback",equal_slot,none,0.25,none,18.030912856016123,0.89987740227036,1.4163102588022234,1.0769505626306164,-16.742563198047698,63.67690925694818,734.0,98.33999999999999,79.05818586120633
us,short_term_reversal,"bull,pullback",equal_slot,none,0.25,0.15,7.456771430618581,0.4197852154995119,0.6432185976778917,0.41962110030546235,-17.770248982213808,23.832248445017502,898.0,98.96000000000001,79.05818586120633
us,short_term_reversal,"bull,pullback",equal_slot,none,0.25,0.25,12.162353118524095,0.6066350256849843,0.9347598202991597,0.6192988320199166,-19.63890853605381,40.655491969638334,772.0,99.12,79.05818586120633
us,short_term_reversal,"bull,pullback",equal_slot,0.08,none,none,11.991870565553352,0.6239300287930738,0.9154761129008311,0.5571873999124063,-21.52214958098219,40.02100940980955,992.0,99.32000000000001,79.05818586120633
us,short_term_reversal,"bull,pullback",equal_slot,0.08,none,0.15,8.83703771642088,0.4938947956211064,0.7119128611159066,0.43534751711057984,-20.298812716499867,28.620017128378915,1046.0,98.73333333333333,79.05818586120633
us,short_term_reversal,"bull,pullback",equal_slot,0.08,none,0.25,10.440428372952603,0.5561492066093773,0.8092815390574598,0.48451093963026076,-21.54838522515072,34.334092324688605,994.0,99.12666666666667,79.05818586120633
us,short_term_reversal,"bull,pullback",equal_slot,0.08,0.25,none,13.98832462830535,0.7469739848416067,1.101748365978055,0.7910583971355829,-17.683049290617454,47.57121634188559,1044.0,98.88666666666668,79.05818586120633
us,short_term_reversal,"bull,pullback",equal_slot,0.08,0.25,0.15,12.404926111347647,0.6734674130719033,0.988449150504914,0.6273462842015819,-19.773650412443722,41.56155658154472,1077.0,98.64666666666666,79.05818586120633
us,short_term_reversal,"bull,pullback",equal_slot,0.08,0.25,0.25,13.98832462830535,0.7469739848416067,1.101748365978055,0.7910583971355829,-17.683049290617454,47.57121634188559,1044.0,98.88666666666668,79.05818586120633
us,short_term_reversal,"bull,pullback",equal_slot,0.15,none,none,5.756408145093017,0.3447509080443266,0.510991439762772,0.21604262168199745,-26.64478009143087,18.09863848771327,782.0,99.29333333333335,79.05818586120633
us,short_term_reversal,"bull,pullback",equal_slot,0.15,none,0.15,4.625058005153071,0.3031423096884659,0.44858182232364036,0.1787004483191415,-25.881625080722632,14.383056890191682,870.0,98.94000000000001,79.05818586120633
us,short_term_reversal,"bull,pullback",equal_slot,0.15,none,0.25,10.750026258178691,0.5349478134908353,0.7966394605298981,0.45718378177184277,-23.51357744256878,35.456465829217045,791.0,99.3,79.05818586120633
us,short_term_reversal,"bull,pullback",equal_slot,0.15,0.25,none,8.869131779118188,0.4706053665206707,0.7143221742097182,0.4102155117198706,-21.62066407955527,28.732779474828952,834.0,99.27333333333334,79.05818586120633
us,short_term_reversal,"bull,pullback",equal_slot,0.15,0.25,0.15,5.3663345259201245,0.33422415920453824,0.5044425393993593,0.2747621203616958,-19.530838235110075,16.808651112189498,898.0,98.96000000000001,79.05818586120633
us,short_term_reversal,"bull,pullback",equal_slot,0.15,0.25,0.25,8.865384189121507,0.469042645220089,0.7122509427491824,0.41059963532653726,-21.591310430831577,28.719608952693743,839.0,99.25333333333333,79.05818586120633
us,short_term_reversal,"bull,pullback",equal_slot,0.25,none,none,11.74809257070033,0.5899597067477772,0.8955641641964983,0.539877966538725,-21.760644624969427,39.117047937918414,727.0,98.79333333333334,79.05818586120633
us,short_term_reversal,"bull,pullback",equal_slot,0.25,none,0.15,4.35807610716985,0.2932272937253535,0.433901950569347,0.1707630314488294,-25.52119197108412,13.517698976359437,870.0,98.94000000000001,79.05818586120633
us,short_term_reversal,"bull,pullback",equal_slot,0.25,none,0.25,9.231282693377075,0.48065698720759364,0.7141757962735247,0.389321052618158,-23.71123429184555,30.00974465595052,746.0,99.14666666666668,79.05818586120633
us,short_term_reversal,"bull,pullback",equal_slot,0.25,0.25,none,11.744255519123037,0.6126029160758594,0.9244895326556963,0.5343422720331165,-21.97890029257347,39.102850680945764,761.0,99.09333333333332,79.05818586120633
us,short_term_reversal,"bull,pullback",equal_slot,0.25,0.25,0.15,5.959211046281787,0.3577418621253022,0.5426373263433029,0.3264329442520596,-18.255544212719848,18.773033930885163,898.0,98.96000000000001,79.05818586120633
us,short_term_reversal,"bull,pullback",equal_slot,0.25,0.25,0.25,11.935913901714802,0.59580326808766,0.9169985320363608,0.6022825456106199,-19.817798122662943,39.81317100664143,772.0,99.12,79.05818586120633
us,turn_of_month,none,equal_slot,none,none,none,3.438304136199899,0.3184841597365869,0.4384678776191891,0.16167366702777125,-21.26693975221883,10.569757899018928,720.0,20.666666666666668,79.05818586120633
us,turn_of_month,none,equal_slot,none,none,0.15,1.6298903188422864,0.18921964810913341,0.2578929297305566,0.08045699601671405,-20.257906702155456,4.922669150008363,748.0,20.8,79.05818586120633
us,turn_of_month,none,equal_slot,none,none,0.25,2.756066216674702,0.2680686977184524,0.36480769257914875,0.12228965142111478,-22.53719905688466,8.416260756355864,721.0,20.666666666666668,79.05818586120633
us,turn_of_month,none,equal_slot,none,0.25,none,3.7295003385505288,0.33991581553723693,0.4690341466933836,0.1855888741883281,-20.095495243782675,11.497499451070636,724.0,20.673333333333336,79.05818586120633
us,turn_of_month,none,equal_slot,none,0.25,0.15,2.2064417688143934,0.23190231626833135,0.3178499235169047,0.11477182927469394,-19.224593550160414,6.701744921506125,751.0,20.8,79.05818586120633
us,turn_of_month,none,equal_slot,none,0.25,0.25,3.0246103333194885,0.2878659025287099,0.39253755386311895,0.14161970720568132,-21.357270065010773,9.260572066132067,725.0,20.673333333333336,79.05818586120633
us,turn_of_month,none,equal_slot,0.08,none,none,3.5423984086317972,0.33416168930925666,0.471260099024723,0.17439797055643178,-20.31215384748727,10.900808196999389,792.0,20.85333333333333,79.05818586120633
us,turn_of_month,none,equal_slot,0.08,none,0.15,2.909332690469113,0.2888603264684909,0.4053219819384389,0.14689979309134815,-19.80487943002053,8.897603039996183,797.0,20.880000000000003,79.05818586120633
us,turn_of_month,none,equal_slot,0.08,none,0.25,3.5423984086317972,0.33416168930925666,0.471260099024723,0.17439797055643178,-20.31215384748727,10.900808196999389,792.0,20.85333333333333,79.05818586120633
us,turn_of_month,none,equal_slot,0.08,0.25,none,3.7153783201217427,0.3473113069399473,0.49074747011743786,0.19538110710240364,-19.01605725969415,11.452388437374283,796.0,20.86,79.05818586120633
us,turn_of_month,none,equal_slot,0.08,0.25,0.15,3.4490119929793783,0.32887720641351603,0.46434607657781785,0.18616179215940526,-18.52695954939069,10.603781723576255,800.0,20.880000000000003,79.05818586120633
us,turn_of_month,none,equal_slot,0.08,0.25,0.25,3.7153783201217427,0.3473113069399473,0.49074747011743786,0.19538110710240364,-19.01605725969415,11.452388437374283,796.0,20.86,79.05818586120633
us,turn_of_month,none,equal_slot,0.15,none,none,1.1331054037684751,0.1512730693080383,0.20251343458137375,0.048929306014649655,-23.158010935802324,3.405610408353099,739.0,20.74666666666667,79.05818586120633
us,turn_of_month,none,equal_slot,0.15,none,0.15,1.1328176763128361,0.1516388339204301,0.20438908944625253,0.05362255495157699,-21.12576838861575,3.404736004377651,748.0,20.8,79.05818586120633
us,turn_of_month,none,equal_slot,0.15,none,0.25,1.1331054037684751,0.1512730693080383,0.20251343458137375,0.048929306014649655,-23.158010935802324,3.405610408353099,739.0,20.74666666666667,79.05818586120633
us,turn_of_month,none,equal_slot,0.15,0.25,none,1.24980818420668,0.15977310396798625,0.21391881022801817,0.056502493520209904,-22.11952263238872,3.7606749779838022,743.0,20.753333333333334,79.05818586120633
us,turn_of_month,none,equal_slot,0.15,0.25,0.15,1.6961494151995993,0.19330345513156005,0.2618794036892604,0.0844035004356329,-20.095723594936715,5.126117344575154,751.0,20.8,79.05818586120633
us,turn_of_month,none,equal_slot,0.15,0.25,0.25,1.24980818420668,0.15977310396798625,0.21391881022801817,0.056502493520209904,-22.11952263238872,3.7606749779838022,743.0,20.753333333333334,79.05818586120633
us,turn_of_month,none,equal_slot,0.25,none,none,3.2456650581087487,0.3040129685892514,0.4171173697573579,0.149945893624611,-21.64557481136669,9.958840061120512,720.0,20.666666666666668,79.05818586120633
us,turn_of_month,none,equal_slot,0.25,none,0.15,1.6298903188422864,0.18921964810913341,0.2578929297305566,0.08045699601671405,-20.257906702155456,4.922669150008363,748.0,20.8,79.05818586120633
us,turn_of_month,none,equal_slot,0.25,none,0.25,2.756066216674702,0.2680686977184524,0.36480769257914875,0.12228965142111478,-22.53719905688466,8.416260756355864,721.0,20.666666666666668,79.05818586120633
us,turn_of_month,none,equal_slot,0.25,0.25,none,3.530492945111874,0.3249618817460934,0.44693085311051006,0.17247408494941077,-20.469700976511458,10.862912069503473,724.0,20.673333333333336,79.05818586120633
us,turn_of_month,none,equal_slot,0.25,0.25,0.15,2.2064417688143934,0.23190231626833135,0.3178499235169047,0.11477182927469394,-19.224593550160414,6.701744921506125,751.0,20.8,79.05818586120633
us,turn_of_month,none,equal_slot,0.25,0.25,0.25,3.0246103333194885,0.2878659025287099,0.39253755386311895,0.14161970720568132,-21.357270065010773,9.260572066132067,725.0,20.673333333333336,79.05818586120633
us,turn_of_month,bull,equal_slot,none,none,none,1.6227119463142037,0.19445254190856548,0.27611276954760483,0.10062148018679903,-16.12689401211069,4.900643694781248,640.0,17.866666666666667,79.05818586120633
us,turn_of_month,bull,equal_slot,none,none,0.15,-0.3482871900691298,0.027315794173618166,0.03820924082424513,-0.019526699537613167,-17.836459735463436,-1.0316355909566588,666.0,17.986666666666668,79.05818586120633
us,turn_of_month,bull,equal_slot,none,none,0.25,0.9894537491579536,0.1418943323034358,0.19896892066907318,0.05653228328283691,-17.502455087610972,2.969662890027469,641.0,17.866666666666667,79.05818586120633
us,turn_of_month,bull,equal_slot,none,0.25,none,1.8025195318075893,0.2096935496951871,0.2984831054247208,0.12101307636724712,-14.89524591819609,5.45327334803225,644.0,17.873333333333335,79.05818586120633
us,turn_of_month,bull,equal_slot,none,0.25,0.15,0.15694772529419865,0.07149705079609037,0.10069476783871187,0.00867561279987675,-18.090678885119022,0.46720585077750787,669.0,17.986666666666668,79.05818586120633
us,turn_of_month,bull,equal_slot,none,0.25,0.25,1.176032847040065,0.15740084222183734,0.2210863228534822,0.07219280024975912,-16.290168035752135,3.536121922715152,645.0,17.873333333333335,79.05818586120633
us,turn_of_month,bull,equal_slot,0.08,none,none,1.880542681452635,0.22129597366351275,0.3274059593004171,0.1262911001680049,-14.890540021830132,5.693673356439399,708.0,18.046666666666667,79.05818586120633
us,turn_of_month,bull,equal_slot,0.08,none,0.15,1.0034863155424123,0.14512135086461972,0.21183388465651393,0.06812047100908376,-14.731053685882456,3.0121944347358154,712.0,18.066666666666666,79.05818586120633
us,turn_of_month,bull,equal_slot,0.08,none,0.25,1.880542681452635,0.22129597366351275,0.3274059593004171,0.1262911001680049,-14.890540021830132,5.693673356439399,708.0,18.046666666666667,79.05818586120633
us,turn_of_month,bull,equal_slot,0.08,0.25,none,1.9565950175567837,0.22807415042534152,0.3380240055834979,0.1385529735664323,-14.121638584816445,5.928350735655874,712.0,18.05333333333333,79.05818586120633
us,turn_of_month,bull,equal_slot,0.08,0.25,0.15,1.4715399813218788,0.1860991633677716,0.27363989701368685,0.10027015858218698,-14.675752009664203,4.437513952315664,715.0,18.066666666666666,79.05818586120633
us,turn_of_month,bull,equal_slot,0.08,0.25,0.25,1.9565950175567837,0.22807415042534152,0.3380240055834979,0.1385529735664323,-14.121638584816445,5.928350735655874,712.0,18.05333333333333,79.05818586120633
us,turn_of_month,bull,equal_slot,0.15,none,none,-0.10493962341711072,0.05067810512452344,0.07082330824033864,-0.005580921701928014,-18.803278207765885,-0.3115812257041939,658.0,17.94,79.05818586120633
us,turn_of_month,bull,equal_slot,0.15,none,0.15,-0.5756485471947514,0.008074094035376334,0.011229673863588809,-0.03144392633682146,-18.307145902471337,-1.7012612264348692,666.0,17.986666666666668,79.05818586120633
us,turn_of_month,bull,equal_slot,0.15,none,0.25,-0.10493962341711072,0.05067810512452344,0.07082330824033864,-0.005580921701928014,-18.803278207765885,-0.3115812257041939,658.0,17.94,79.05818586120633
us,turn_of_month,bull,equal_slot,0.15,0.25,none,0.008744671487082023,0.060117027883557855,0.08405776791056094,0.00046020450742586595,-19.001707601681186,0.025993348253217086,662.0,17.946666666666665,79.05818586120633
us,turn_of_month,bull,equal_slot,0.15,0.25,0.15,-0.09723463407306232,0.04996619398972559,0.06993206778397847,-0.005218599195520959,-18.632324581760802,-0.2887259194608638,669.0,17.986666666666668,79.05818586120633
us,turn_of_month,bull,equal_slot,0.15,0.25,0.25,0.008744671487082023,0.060117027883557855,0.08405776791056094,0.00046020450742586595,-19.001707601681186,0.025993348253217086,662.0,17.946666666666665,79.05818586120633
us,turn_of_month,bull,equal_slot,0.25,none,none,1.3987580140052858,0.17565192699825855,0.24807450895734748,0.08435062699223617,-16.582662914100577,4.2150241417520995,640.0,17.866666666666667,79.05818586120633
us,turn_of_month,bull,equal_slot,0.25,none,0.15,-0.3482871900691298,0.027315794173618166,0.03820924082424513,-0.019526699537613167,-17.836459735463436,-1.0316355909566588,666.0,17.986666666666668,79.05818586120633
us,turn_of_month,bull,equal_slot,0.25,none,0.25,0.9894537491579536,0.1418943323034358,0.19896892066907318,0.05653228328283691,-17.502455087610972,2.969662890027469,641.0,17.866666666666667,79.05818586120633
us,turn_of_month,bull,equal_slot,0.25,0.25,none,1.5685815064789832,0.1899259194794296,0.2687856736645736,0.10206450182953841,-15.36853145179435,4.7346536407693485,644.0,17.873333333333335,79.05818586120633
us,turn_of_month,bull,equal_slot,0.25,0.25,0.15,0.15694772529419865,0.07149705079609037,0.10069476783871187,0.00867561279987675,-18.090678885119022,0.46720585077750787,669.0,17.986666666666668,79.05818586120633
us,turn_of_month,bull,equal_slot,0.25,0.25,0.25,1.176032847040065,0.15740084222183734,0.2210863228534822,0.07219280024975912,-16.290168035752135,3.536121922715152,645.0,17.873333333333335,79.05818586120633
us,turn_of_month,"bull,pullback",equal_slot,none,none,none,2.607494833201396,0.259219246909136,0.35382096429508136,0.11427416408326738,-22.81788586352214,7.951013267412121,700.0,20.0,79.05818586120633
us,turn_of_month,"bull,pullback",equal_slot,none,none,0.15,0.8280290355519915,0.12870094423117168,0.17424725701996666,0.0380595565811184,-21.75613984853366,2.481235696069839,728.0,20.13333333333333,79.05818586120633
us,turn_of_month,"bull,pullback",equal_slot,none,none,0.25,1.9536357030229379,0.2106859771801267,0.2845824585784685,0.08103158988174491,-24.10955660470214,5.919212615571134,701.0,20.0,79.05818586120633
us,turn_of_month,"bull,pullback",equal_slot,none,0.25,none,2.8691824782045794,0.27875897494764057,0.3814635809445362,0.1325593809954192,-21.64450721374241,8.77137216785675,704.0,20.006666666666668,79.05818586120633
us,turn_of_month,"bull,pullback",equal_slot,none,0.25,0.15,1.3732591658621285,0.16996554234519734,0.23141090432532757,0.06629183763154557,-20.71535825413068,4.13715025752639,731.0,20.13333333333333,79.05818586120633
us,turn_of_month,"bull,pullback",equal_slot,none,0.25,0.25,2.168856377255457,0.22663883746097388,0.3065809544761021,0.09454657324836456,-22.939555636332628,6.585161684518237,705.0,20.006666666666668,79.05818586120633
us,turn_of_month,"bull,pullback",equal_slot,0.08,none,none,2.778034811406971,0.27797580835161523,0.38942900287336346,0.12711702672554825,-21.854151902127803,8.485167553709449,770.0,20.18666666666667,79.05818586120633
us,turn_of_month,"bull,pullback",equal_slot,0.08,none,0.15,2.1063226039804928,0.22826437016342208,0.3179506255538533,0.09864650871431292,-21.35222656567145,6.391380334573338,775.0,20.213333333333335,79.05818586120633
us,turn_of_month,"bull,pullback",equal_slot,0.08,none,0.25,2.778034811406971,0.27797580835161523,0.38942900287336346,0.12711702672554825,-21.854151902127803,8.485167553709449,770.0,20.18666666666667,79.05818586120633
us,turn_of_month,"bull,pullback",equal_slot,0.08,0.25,none,2.891319669221204,0.28675875834072095,0.4023811657061175,0.1405955958651015,-20.5647954434886,8.840958711545866,774.0,20.193333333333335,79.05818586120633
us,turn_of_month,"bull,pullback",equal_slot,0.08,0.25,0.15,2.633774859483795,0.26822358874426766,0.3760112835278036,0.13118258561832627,-20.077168376195317,8.033211862265421,778.0,20.213333333333335,79.05818586120633
us,turn_of_month,"bull,pullback",equal_slot,0.08,0.25,0.25,2.891319669221204,0.28675875834072095,0.4023811657061175,0.1405955958651015,-20.5647954434886,8.840958711545866,774.0,20.193333333333335,79.05818586120633
us,turn_of_month,"bull,pullback",equal_slot,0.15,none,none,0.3554431621567433,0.09467163208145929,0.12588760273671767,0.014378340827711994,-24.720735613088436,1.060163277281978,719.0,20.080000000000002,79.05818586120633
us,turn_of_month,"bull,pullback",equal_slot,0.15,none,0.15,0.25892567167404845,0.08588215264500298,0.1148070001066955,0.011422197066669061,-22.668639856478705,0.7715512605181996,728.0,20.13333333333333,79.05818586120633
us,turn_of_month,"bull,pullback",equal_slot,0.15,none,0.25,0.3554431621567433,0.09467163208145929,0.12588760273671767,0.014378340827711994,-24.720735613088436,1.060163277281978,719.0,20.080000000000002,79.05818586120633
us,turn_of_month,"bull,pullback",equal_slot,0.15,0.25,none,0.4138396577254344,0.09890735434726187,0.13148068372587132,0.017477670255968976,-23.678193469984926,1.2350497847773534,723.0,20.086666666666666,79.05818586120633
us,turn_of_month,"bull,pullback",equal_slot,0.15,0.25,0.15,0.7890990532217979,0.1259399327666815,0.16926231688180193,0.0364538443551384,-21.646525001157237,2.3636747168221506,731.0,20.13333333333333,79.05818586120633
us,turn_of_month,"bull,pullback",equal_slot,0.15,0.25,0.25,0.4138396577254344,0.09890735434726187,0.13148068372587132,0.017477670255968976,-23.678193469984926,1.2350497847773534,723.0,20.086666666666666,79.05818586120633
us,turn_of_month,"bull,pullback",equal_slot,0.25,none,none,2.3938246122593876,0.24317368771580364,0.33074560929956015,0.10308298466998514,-23.22230598893788,7.284235999452848,700.0,20.0,79.05818586120633
us,turn_of_month,"bull,pullback",equal_slot,0.25,none,0.15,0.8280290355519915,0.12870094423117168,0.17424725701996666,0.0380595565811184,-21.75613984853366,2.481235696069839,728.0,20.13333333333333,79.05818586120633
us,turn_of_month,"bull,pullback",equal_slot,0.25,none,0.25,1.9536357030229379,0.2106859771801267,0.2845824585784685,0.08103158988174491,-24.10955660470214,5.919212615571134,701.0,20.0,79.05818586120633
us,turn_of_month,"bull,pullback",equal_slot,0.25,0.25,none,2.6476585492704707,0.2620342269920537,0.3572595918269655,0.12006206331537783,-22.052415860250775,8.076653990703653,704.0,20.006666666666668,79.05818586120633
us,turn_of_month,"bull,pullback",equal_slot,0.25,0.25,0.15,1.3732591658621285,0.16996554234519734,0.23141090432532757,0.06629183763154557,-20.71535825413068,4.13715025752639,731.0,20.13333333333333,79.05818586120633
us,turn_of_month,"bull,pullback",equal_slot,0.25,0.25,0.25,2.168856377255457,0.22663883746097388,0.3065809544761021,0.09454657324836456,-22.939555636332628,6.585161684518237,705.0,20.006666666666668,79.05818586120633
