effective_date,symbol
2018-10-04,3MINDIA.NS
2018-10-04,8KMILES.NS
2018-10-04,AARTIIND.NS
2018-10-04,ABB.NS
2018-10-04,ABCAPITAL.NS
2018-10-04,ABFRL.NS
2018-10-04,ACC.NS
2018-10-04,ADANIPORTS.NS
2018-10-04,ADANIPOWER.NS
2018-10-04,ADANITRANS.NS
2018-10-04,ADVENZYMES.NS
2018-10-04,AEGISCHEM.NS
2018-10-04,AIAENG.NS
2018-10-04,AJANTPHARM.NS
2018-10-04,AKZOINDIA.NS
2018-10-04,ALBK.NS
2018-10-04,ALKEM.NS
2018-10-04,ALLCARGO.NS
2018-10-04,AMARAJABAT.NS
2018-10-04,AMBUJACEM.NS
2018-10-04,ANDHRABANK.NS
2018-10-04,APLAPOLLO.NS
2018-10-04,APLLTD.NS
2018-10-04,APOLLOHOSP.NS
2018-10-04,APOLLOTYRE.NS
2018-10-04,ASHOKA.NS
2018-10-04,ASHOKLEY.NS
2018-10-04,ASIANPAINT.NS
2018-10-04,ASTERDM.NS
2018-10-04,ASTRAL.NS
2018-10-04,ATUL.NS
2018-10-04,AUBANK.NS
2018-10-04,AUROPHARMA.NS
2018-10-04,AVANTIFEED.NS
2018-10-04,AXISBANK.NS
2018-10-04,BAJAJ-AUTO.NS
2018-10-04,BAJAJCORP.NS
2018-10-04,BAJAJELEC.NS
2018-10-04,BAJAJFINSV.NS
2018-10-04,BAJAJHLDNG.NS
2018-10-04,BAJFINANCE.NS
2018-10-04,BALKRISIND.NS
2018-10-04,BALMLAWRIE.NS
2018-10-04,BALRAMCHIN.NS
2018-10-04,BANDHANBNK.NS
2018-10-04,BANKBARODA.NS
2018-10-04,BANKINDIA.NS
2018-10-04,BASF.NS
2018-10-04,BATAINDIA.NS
2018-10-04,BBTC.NS
2018-10-04,BDL.NS
2018-10-04,BEL.NS
2018-10-04,BEML.NS
2018-10-04,BERGEPAINT.NS
2018-10-04,BHARATFIN.NS
2018-10-04,BHARATFORG.NS
2018-10-04,BHARTIARTL.NS
2018-10-04,BHEL.NS
2018-10-04,BIOCON.NS
2018-10-04,BIRLACORPN.NS
2018-10-04,BLISSGVS.NS
2018-10-04,BLUEDART.NS
2018-10-04,BLUESTARCO.NS
2018-10-04,BOMDYEING.NS
2018-10-04,BOSCHLTD.NS
2018-10-04,BPCL.NS
2018-10-04,BRIGADE.NS
2018-10-04,BRITANNIA.NS
2018-10-04,BSE.NS
2018-10-04,CADILAHC.NS
2018-10-04,CANBK.NS
2018-10-04,CANFINHOME.NS
2018-10-04,CAPF.NS
2018-10-04,CAPLIPOINT.NS
2018-10-04,CARBORUNIV.NS
2018-10-04,CARERATING.NS
2018-10-04,CASTROLIND.NS
2018-10-04,CCL.NS
2018-10-04,CDSL.NS
2018-10-04,CEATLTD.NS
2018-10-04,CENTRALBK.NS
2018-10-04,CENTURYPLY.NS
2018-10-04,CENTURYTEX.NS
2018-10-04,CERA.NS
2018-10-04,CGPOWER.NS
2018-10-04,CHAMBLFERT.NS
2018-10-04,CHENNPETRO.NS
2018-10-04,CHOLAFIN.NS
2018-10-04,CIPLA.NS
2018-10-04,COALINDIA.NS
2018-10-04,COCHINSHIP.NS
2018-10-04,COFFEEDAY.NS
2018-10-04,COLPAL.NS
2018-10-04,CONCOR.NS
2018-10-04,COROMANDEL.NS
2018-10-04,CRISIL.NS
2018-10-04,CROMPTON.NS
2018-10-04,CUB.NS
2018-10-04,CUMMINSIND.NS
2018-10-04,CYIENT.NS
2018-10-04,DABUR.NS
2018-10-04,DBCORP.NS
2018-10-04,DBL.NS
2018-10-04,DCAL.NS
2018-10-04,DCBBANK.NS
2018-10-04,DCMSHRIRAM.NS
2018-10-04,DEEPAKFERT.NS
2018-10-04,DELTACORP.NS
2018-10-04,DEN.NS
2018-10-04,DENABANK.NS
2018-10-04,DHFL.NS
2018-10-04,DISHTV.NS
2018-10-04,DIVISLAB.NS
2018-10-04,DIXON.NS
2018-10-04,DLF.NS
2018-10-04,DMART.NS
2018-10-04,DREDGECORP.NS
2018-10-04,DRREDDY.NS
2018-10-04,ECLERX.NS
2018-10-04,EDELWEISS.NS
2018-10-04,EICHERMOT.NS
2018-10-04,EIDPARRY.NS
2018-10-04,EIHOTEL.NS
2018-10-04,ELGIEQUIP.NS
2018-10-04,EMAMILTD.NS
2018-10-04,ENDURANCE.NS
2018-10-04,ENGINERSIN.NS
2018-10-04,EQUITAS.NS
2018-10-04,ERIS.NS
2018-10-04,EROSMEDIA.NS
2018-10-04,ESCORTS.NS
2018-10-04,EVEREADY.NS
2018-10-04,EXCELCROP.NS
2018-10-04,EXIDEIND.NS
2018-10-04,FCONSUMER.NS
2018-10-04,FDC.NS
2018-10-04,FEDERALBNK.NS
2018-10-04,FINCABLES.NS
2018-10-04,FINPIPE.NS
2018-10-04,FLFL.NS
2018-10-04,FRETAIL.NS
2018-10-04,FSL.NS
2018-10-04,GAIL.NS
2018-10-04,GALAXYSURF.NS
2018-10-04,GAYAPROJ.NS
2018-10-04,GDL.NS
2018-10-04,GEPIL.NS
2018-10-04,GESHIP.NS
2018-10-04,GET&D.NS
2018-10-04,GHCL.NS
2018-10-04,GICRE.NS
2018-10-04,GILLETTE.NS
2018-10-04,GLAXO.NS
2018-10-04,GLENMARK.NS
2018-10-04,GMDCLTD.NS
2018-10-04,GMRINFRA.NS
2018-10-04,GNFC.NS
2018-10-04,GODFRYPHLP.NS
2018-10-04,GODREJAGRO.NS
2018-10-04,GODREJCP.NS
2018-10-04,GODREJIND.NS
2018-10-04,GODREJPROP.NS
2018-10-04,GPPL.NS
2018-10-04,GRANULES.NS
2018-10-04,GRAPHITE.NS
2018-10-04,GRASIM.NS
2018-10-04,GREAVESCOT.NS
2018-10-04,GREENPLY.NS
2018-10-04,GRINDWELL.NS
2018-10-04,GRUH.NS
2018-10-04,GSFC.NS
2018-10-04,GSKCONS.NS
2018-10-04,GSPL.NS
2018-10-04,GUJALKALI.NS
2018-10-04,GUJFLUORO.NS
2018-10-04,GUJGASLTD.NS
2018-10-04,GULFOILLUB.NS
2018-10-04,GVKPIL.NS
2018-10-04,HAL.NS
2018-10-04,HATHWAY.NS
2018-10-04,HATSUN.NS
2018-10-04,HAVELLS.NS
2018-10-04,HCC.NS
2018-10-04,HCL-INSYS.NS
2018-10-04,HCLTECH.NS
2018-10-04,HDFC.NS
2018-10-04,HDFCBANK.NS
2018-10-04,HDFCLIFE.NS
2018-10-04,HEG.NS
2018-10-04,HEIDELBERG.NS
2018-10-04,HERITGFOOD.NS
2018-10-04,HEROMOTOCO.NS
2018-10-04,HEXAWARE.NS
2018-10-04,HFCL.NS
2018-10-04,HIMATSEIDE.NS
2018-10-04,HINDALCO.NS
2018-10-04,HINDCOPPER.NS
2018-10-04,HINDPETRO.NS
2018-10-04,HINDUNILVR.NS
2018-10-04,HINDZINC.NS
2018-10-04,HONAUT.NS
2018-10-04,HSCL.NS
2018-10-04,HSIL.NS
2018-10-04,HUDCO.NS
2018-10-04,IBREALEST.NS
2018-10-04,IBULHSGFIN.NS
2018-10-04,IBVENTURES.NS
2018-10-04,ICICIBANK.NS
2018-10-04,ICICIGI.NS
2018-10-04,ICICIPRULI.NS
2018-10-04,ICIL.NS
2018-10-04,IDBI.NS
2018-10-04,IDEA.NS
2018-10-04,IDFC.NS
2018-10-04,IDFCBANK.NS
2018-10-04,IEX.NS
2018-10-04,IFBIND.NS
2018-10-04,IFCI.NS
2018-10-04,IGL.NS
2018-10-04,IIFL.NS
2018-10-04,IL&FSTRANS.NS
2018-10-04,INDHOTEL.NS
2018-10-04,INDIACEM.NS
2018-10-04,INDIANB.NS
2018-10-04,INDIGO.NS
2018-10-04,INDOCO.NS
2018-10-04,INDUSINDBK.NS
2018-10-04,INFIBEAM.NS
2018-10-04,INFRATEL.NS
2018-10-04,INFY.NS
2018-10-04,INOXLEISUR.NS
2018-10-04,INOXWIND.NS
2018-10-04,INTELLECT.NS
2018-10-04,IOB.NS
2018-10-04,IOC.NS
2018-10-04,IPCALAB.NS
2018-10-04,IRB.NS
2018-10-04,ISEC.NS
2018-10-04,ITC.NS
2018-10-04,ITDC.NS
2018-10-04,ITDCEM.NS
2018-10-04,ITI.NS
2018-10-04,J&KBANK.NS
2018-10-04,JAGRAN.NS
2018-10-04,JAICORPLTD.NS
2018-10-04,JBCHEPHARM.NS
2018-10-04,JCHAC.NS
2018-10-04,JETAIRWAYS.NS
2018-10-04,JINDALSAW.NS
2018-10-04,JINDALSTEL.NS
2018-10-04,JISLJALEQS.NS
2018-10-04,JKCEMENT.NS
2018-10-04,JKIL.NS
2018-10-04,JKLAKSHMI.NS
2018-10-04,JKTYRE.NS
2018-10-04,JMFINANCIL.NS
2018-10-04,JPASSOCIAT.NS
2018-10-04,JPPOWER.NS
2018-10-04,JSL.NS
2018-10-04,JSLHISAR.NS
2018-10-04,JSWENERGY.NS
2018-10-04,JSWSTEEL.NS
2018-10-04,JUBILANT.NS
2018-10-04,JUBLFOOD.NS
2018-10-04,JUSTDIAL.NS
2018-10-04,JYOTHYLAB.NS
2018-10-04,KAJARIACER.NS
2018-10-04,KALPATPOWR.NS
2018-10-04,KANSAINER.NS
2018-10-04,KARURVYSYA.NS
2018-10-04,KEC.NS
2018-10-04,KIOCL.NS
2018-10-04,KNRCON.NS
2018-10-04,KOLTEPATIL.NS
2018-10-04,KOTAKBANK.NS
2018-10-04,KPRMILL.NS
2018-10-04,KRBL.NS
2018-10-04,KSCL.NS
2018-10-04,KTKBANK.NS
2018-10-04,L&TFH.NS
2018-10-04,LAKSHVILAS.NS
2018-10-04,LALPATHLAB.NS
2018-10-04,LAURUSLABS.NS
2018-10-04,LAXMIMACH.NS
2018-10-04,LEMONTREE.NS
2018-10-04,LICHSGFIN.NS
2018-10-04,LINDEINDIA.NS
2018-10-04,LT.NS
2018-10-04,LTI.NS
2018-10-04,LTTS.NS
2018-10-04,LUPIN.NS
2018-10-04,LUXIND.NS
2018-10-04,M&M.NS
2018-10-04,M&MFIN.NS
2018-10-04,MAGMA.NS
2018-10-04,MAHINDCIE.NS
2018-10-04,MAHLOG.NS
2018-10-04,MANAPPURAM.NS
2018-10-04,MANPASAND.NS
2018-10-04,MARICO.NS
2018-10-04,MARUTI.NS
2018-10-04,MASFIN.NS
2018-10-04,MAXINDIA.NS
2018-10-04,MCDOWELL-N.NS
2018-10-04,MCLEODRUSS.NS
2018-10-04,MERCK.NS
2018-10-04,MFSL.NS
2018-10-04,MGL.NS
2018-10-04,MHRIL.NS
2018-10-04,MINDACORP.NS
2018-10-04,MINDAIND.NS
2018-10-04,MINDTREE.NS
2018-10-04,MMTC.NS
2018-10-04,MOIL.NS
2018-10-04,MONSANTO.NS
2018-10-04,MOTHERSUMI.NS
2018-10-04,MOTILALOFS.NS
2018-10-04,MPHASIS.NS
2018-10-04,MRF.NS
2018-10-04,MRPL.NS
2018-10-04,MUTHOOTFIN.NS
2018-10-04,NATCOPHARM.NS
2018-10-04,NATIONALUM.NS
2018-10-04,NAUKRI.NS
2018-10-04,NAVINFLUOR.NS
2018-10-04,NAVKARCORP.NS
2018-10-04,NBCC.NS
2018-10-04,NBVENTURES.NS
2018-10-04,NCC.NS
2018-10-04,NESCO.NS
2018-10-04,NETWORK18.NS
2018-10-04,NFL.NS
2018-10-04,NH.NS
2018-10-04,NHPC.NS
2018-10-04,NIACL.NS
2018-10-04,NIITTECH.NS
2018-10-04,NILKAMAL.NS
2018-10-04,NLCINDIA.NS
2018-10-04,NMDC.NS
2018-10-04,NTPC.NS
2018-10-04,OBEROIRLTY.NS
2018-10-04,OFSS.NS
2018-10-04,OIL.NS
2018-10-04,OMAXE.NS
2018-10-04,ONGC.NS
2018-10-04,ORIENTBANK.NS
2018-10-04,ORIENTCEM.NS
2018-10-04,PAGEIND.NS
2018-10-04,PARAGMILK.NS
2018-10-04,PCJEWELLER.NS
2018-10-04,PEL.NS
2018-10-04,PERSISTENT.NS
2018-10-04,PETRONET.NS
2018-10-04,PFC.NS
2018-10-04,PFIZER.NS
2018-10-04,PFS.NS
2018-10-04,PGHH.NS
2018-10-04,PHILIPCARB.NS
2018-10-04,PHOENIXLTD.NS
2018-10-04,PIDILITIND.NS
2018-10-04,PIIND.NS
2018-10-04,PNB.NS
2018-10-04,PNBHOUSING.NS
2018-10-04,PNCINFRA.NS
2018-10-04,POWERGRID.NS
2018-10-04,PRAJIND.NS
2018-10-04,PRESTIGE.NS
2018-10-04,PRSMJOHNSN.NS
2018-10-04,PTC.NS
2018-10-04,PVR.NS
2018-10-04,QUESS.NS
2018-10-04,RADICO.NS
2018-10-04,RAIN.NS
2018-10-04,RAJESHEXPO.NS
2018-10-04,RALLIS.NS
2018-10-04,RAMCOCEM.NS
2018-10-04,RAYMOND.NS
2018-10-04,RBLBANK.NS
2018-10-04,RCF.NS
2018-10-04,RCOM.NS
2018-10-04,RECLTD.NS
2018-10-04,REDINGTON.NS
2018-10-04,RELAXO.NS
2018-10-04,RELCAPITAL.NS
2018-10-04,RELIANCE.NS
2018-10-04,RELINFRA.NS
2018-10-04,RENUKA.NS
2018-10-04,REPCOHOME.NS
2018-10-04,RHFL.NS
2018-10-04,RKFORGE.NS
2018-10-04,RNAM.NS
2018-10-04,RNAVAL.NS
2018-10-04,RPOWER.NS
2018-10-04,RUPA.NS
2018-10-04,SADBHAV.NS
2018-10-04,SADBHIN.NS
2018-10-04,SAIL.NS
2018-10-04,SANOFI.NS
2018-10-04,SBILIFE.NS
2018-10-04,SBIN.NS
2018-10-04,SCHAEFFLER.NS
2018-10-04,SCI.NS
2018-10-04,SHANKARA.NS
2018-10-04,SHILPAMED.NS
2018-10-04,SHK.NS
2018-10-04,SHOPERSTOP.NS
2018-10-04,SHREECEM.NS
2018-10-04,SHRIRAMCIT.NS
2018-10-04,SIEMENS.NS
2018-10-04,SIS.NS
2018-10-04,SJVN.NS
2018-10-04,SKFINDIA.NS
2018-10-04,SOBHA.NS
2018-10-04,SOLARINDS.NS
2018-10-04,SONATSOFTW.NS
2018-10-04,SOUTHBANK.NS
2018-10-04,SPARC.NS
2018-10-04,SPTL.NS
2018-10-04,SREINFRA.NS
2018-10-04,SRF.NS
2018-10-04,SRTRANSFIN.NS
2018-10-04,STAR.NS
2018-10-04,STARCEMENT.NS
2018-10-04,STRTECH.NS
2018-10-04,SUDARSCHEM.NS
2018-10-04,SUNDARMFIN.NS
2018-10-04,SUNDRMFAST.NS
2018-10-04,SUNPHARMA.NS
2018-10-04,SUNTECK.NS
2018-10-04,SUNTV.NS
2018-10-04,SUPREMEIND.NS
2018-10-04,SUVEN.NS
2018-10-04,SUZLON.NS
2018-10-04,SWANENERGY.NS
2018-10-04,SYMPHONY.NS
2018-10-04,SYNDIBANK.NS
2018-10-04,SYNGENE.NS
2018-10-04,TAKE.NS
2018-10-04,TATACHEM.NS
2018-10-04,TATACOFFEE.NS
2018-10-04,TATAELXSI.NS
2018-10-04,TATAGLOBAL.NS
2018-10-04,TATAINVEST.NS
2018-10-04,TATAMOTORS.NS
2018-10-04,TATAMTRDVR.NS
2018-10-04,TATAPOWER.NS
2018-10-04,TATASPONGE.NS
2018-10-04,TATASTEEL.NS
2018-10-04,TCS.NS
2018-10-04,TEAMLEASE.NS
2018-10-04,TECHM.NS
2018-10-04,TEXRAIL.NS
2018-10-04,THERMAX.NS
2018-10-04,THOMASCOOK.NS
2018-10-04,THYROCARE.NS
2018-10-04,TIFIN.NS
2018-10-04,TIINDIA.NS
2018-10-04,TIMETECHNO.NS
2018-10-04,TIMKEN.NS
2018-10-04,TITAN.NS
2018-10-04,TNPL.NS
2018-10-04,TORNTPHARM.NS
2018-10-04,TORNTPOWER.NS
2018-10-04,TRENT.NS
2018-10-04,TRIDENT.NS
2018-10-04,TTKPRESTIG.NS
2018-10-04,TV18BRDCST.NS
2018-10-04,TVSMOTOR.NS
2018-10-04,TVSSRICHAK.NS
2018-10-04,TVTODAY.NS
2018-10-04,UBL.NS
2018-10-04,UCOBANK.NS
2018-10-04,UFLEX.NS
2018-10-04,UJJIVAN.NS
2018-10-04,ULTRACEMCO.NS
2018-10-04,UNICHEMLAB.NS
2018-10-04,UNIONBANK.NS
2018-10-04,UPL.NS
2018-10-04,VAKRANGEE.NS
2018-10-04,VBL.NS
2018-10-04,VEDL.NS
2018-10-04,VENKEYS.NS
2018-10-04,VGUARD.NS
2018-10-04,VIJAYABANK.NS
2018-10-04,VINATIORGA.NS
2018-10-04,VIPIND.NS
2018-10-04,VMART.NS
2018-10-04,VOLTAS.NS
2018-10-04,VRLLOG.NS
2018-10-04,VTL.NS
2018-10-04,WABAG.NS
2018-10-04,WABCOINDIA.NS
2018-10-04,WELCORP.NS
2018-10-04,WELSPUNIND.NS
2018-10-04,WHIRLPOOL.NS
2018-10-04,WIPRO.NS
2018-10-04,WOCKPHARMA.NS
2018-10-04,YESBANK.NS
2018-10-04,ZEEL.NS
2018-10-04,ZENSARTECH.NS
2018-10-04,ZYDUSWELL.NS
2019-02-01,3MINDIA.NS
2019-02-01,8KMILES.NS
2019-02-01,AARTIIND.NS
2019-02-01,ABB.NS
2019-02-01,ABCAPITAL.NS
2019-02-01,ABFRL.NS
2019-02-01,ACC.NS
2019-02-01,ADANIGREEN.NS
2019-02-01,ADANIPORTS.NS
2019-02-01,ADANIPOWER.NS
2019-02-01,ADANITRANS.NS
2019-02-01,ADVENZYMES.NS
2019-02-01,AEGISCHEM.NS
2019-02-01,AIAENG.NS
2019-02-01,AJANTPHARM.NS
2019-02-01,AKZOINDIA.NS
2019-02-01,ALBK.NS
2019-02-01,ALKEM.NS
2019-02-01,ALLCARGO.NS
2019-02-01,AMARAJABAT.NS
2019-02-01,AMBUJACEM.NS
2019-02-01,ANDHRABANK.NS
2019-02-01,APLAPOLLO.NS
2019-02-01,APLLTD.NS
2019-02-01,APOLLOHOSP.NS
2019-02-01,APOLLOTYRE.NS
2019-02-01,ASHOKA.NS
2019-02-01,ASHOKLEY.NS
2019-02-01,ASIANPAINT.NS
2019-02-01,ASTERDM.NS
2019-02-01,ASTRAL.NS
2019-02-01,ATUL.NS
2019-02-01,AUBANK.NS
2019-02-01,AUROPHARMA.NS
2019-02-01,AVANTIFEED.NS
2019-02-01,AXISBANK.NS
2019-02-01,BAJAJ-AUTO.NS
2019-02-01,BAJAJCON.NS
2019-02-01,BAJAJELEC.NS
2019-02-01,BAJAJFINSV.NS
2019-02-01,BAJAJHLDNG.NS
2019-02-01,BAJFINANCE.NS
2019-02-01,BALKRISIND.NS
2019-02-01,BALMLAWRIE.NS
2019-02-01,BALRAMCHIN.NS
2019-02-01,BANDHANBNK.NS
2019-02-01,BANKBARODA.NS
2019-02-01,BANKINDIA.NS
2019-02-01,BASF.NS
2019-02-01,BATAINDIA.NS
2019-02-01,BBTC.NS
2019-02-01,BDL.NS
2019-02-01,BEL.NS
2019-02-01,BEML.NS
2019-02-01,BERGEPAINT.NS
2019-02-01,BHARATFORG.NS
2019-02-01,BHARTIARTL.NS
2019-02-01,BHEL.NS
2019-02-01,BIOCON.NS
2019-02-01,BIRLACORPN.NS
2019-02-01,BLISSGVS.NS
2019-02-01,BLUEDART.NS
2019-02-01,BLUESTARCO.NS
2019-02-01,BOMDYEING.NS
2019-02-01,BOSCHLTD.NS
2019-02-01,BPCL.NS
2019-02-01,BRIGADE.NS
2019-02-01,BRITANNIA.NS
2019-02-01,BSE.NS
2019-02-01,CADILAHC.NS
2019-02-01,CANBK.NS
2019-02-01,CANFINHOME.NS
2019-02-01,CAPLIPOINT.NS
2019-02-01,CARBORUNIV.NS
2019-02-01,CARERATING.NS
2019-02-01,CASTROLIND.NS
2019-02-01,CCL.NS
2019-02-01,CDSL.NS
2019-02-01,CEATLTD.NS
2019-02-01,CENTRALBK.NS
2019-02-01,CENTURYPLY.NS
2019-02-01,CERA.NS
2019-02-01,CGPOWER.NS
2019-02-01,CHAMBLFERT.NS
2019-02-01,CHENNPETRO.NS
2019-02-01,CHOLAFIN.NS
2019-02-01,CIPLA.NS
2019-02-01,COALINDIA.NS
2019-02-01,COCHINSHIP.NS
2019-02-01,COFFEEDAY.NS
2019-02-01,COLPAL.NS
2019-02-01,CONCOR.NS
2019-02-01,COROMANDEL.NS
2019-02-01,CORPBANK.NS
2019-02-01,CREDITACC.NS
2019-02-01,CRISIL.NS
2019-02-01,CROMPTON.NS
2019-02-01,CUB.NS
2019-02-01,CUMMINSIND.NS
2019-02-01,CYIENT.NS
2019-02-01,DABUR.NS
2019-02-01,DBCORP.NS
2019-02-01,DBL.NS
2019-02-01,DCAL.NS
2019-02-01,DCBBANK.NS
2019-02-01,DCMSHRIRAM.NS
2019-02-01,DEEPAKFERT.NS
2019-02-01,DELTACORP.NS
2019-02-01,DEN.NS
2019-02-01,DHFL.NS
2019-02-01,DISHTV.NS
2019-02-01,DIVISLAB.NS
2019-02-01,DIXON.NS
2019-02-01,DLF.NS
2019-02-01,DMART.NS
2019-02-01,DREDGECORP.NS
2019-02-01,DRREDDY.NS
2019-02-01,ECLERX.NS
2019-02-01,EDELWEISS.NS
2019-02-01,EICHERMOT.NS
2019-02-01,EIDPARRY.NS
2019-02-01,EIHOTEL.NS
2019-02-01,ELGIEQUIP.NS
2019-02-01,EMAMILTD.NS
2019-02-01,ENDURANCE.NS
2019-02-01,ENGINERSIN.NS
2019-02-01,EQUITAS.NS
2019-02-01,ERIS.NS
2019-02-01,EROSMEDIA.NS
2019-02-01,ESCORTS.NS
2019-02-01,EVEREADY.NS
2019-02-01,EXCELCROP.NS
2019-02-01,EXIDEIND.NS
2019-02-01,FCONSUMER.NS
2019-02-01,FDC.NS
2019-02-01,FEDERALBNK.NS
2019-02-01,FINCABLES.NS
2019-02-01,FINPIPE.NS
2019-02-01,FLFL.NS
2019-02-01,FORTIS.NS
2019-02-01,FRETAIL.NS
2019-02-01,FSL.NS
2019-02-01,GAIL.NS
2019-02-01,GALAXYSURF.NS
2019-02-01,GAYAPROJ.NS
2019-02-01,GDL.NS
2019-02-01,GEPIL.NS
2019-02-01,GESHIP.NS
2019-02-01,GET&D.NS
2019-02-01,GHCL.NS
2019-02-01,GICRE.NS
2019-02-01,GILLETTE.NS
2019-02-01,GLAXO.NS
2019-02-01,GLENMARK.NS
2019-02-01,GMDCLTD.NS
2019-02-01,GMRINFRA.NS
2019-02-01,GNFC.NS
2019-02-01,GODFRYPHLP.NS
2019-02-01,GODREJAGRO.NS
2019-02-01,GODREJCP.NS
2019-02-01,GODREJIND.NS
2019-02-01,GODREJPROP.NS
2019-02-01,GPPL.NS
2019-02-01,GRANULES.NS
2019-02-01,GRAPHITE.NS
2019-02-01,GRASIM.NS
2019-02-01,GREAVESCOT.NS
2019-02-01,GREENPLY.NS
2019-02-01,GRINDWELL.NS
2019-02-01,GRUH.NS
2019-02-01,GSFC.NS
2019-02-01,GSKCONS.NS
2019-02-01,GSPL.NS
2019-02-01,GUJALKALI.NS
2019-02-01,GUJFLUORO.NS
2019-02-01,GUJGASLTD.NS
2019-02-01,GULFOILLUB.NS
2019-02-01,GVKPIL.NS
2019-02-01,HAL.NS
2019-02-01,HATHWAY.NS
2019-02-01,HATSUN.NS
2019-02-01,HAVELLS.NS
2019-02-01,HCC.NS
2019-02-01,HCL-INSYS.NS
2019-02-01,HCLTECH.NS
2019-02-01,HDFC.NS
2019-02-01,HDFCBANK.NS
2019-02-01,HDFCLIFE.NS
2019-02-01,HEG.NS
2019-02-01,HEIDELBERG.NS
2019-02-01,HERITGFOOD.NS
2019-02-01,HEROMOTOCO.NS
2019-02-01,HEXAWARE.NS
2019-02-01,HFCL.NS
2019-02-01,HIMATSEIDE.NS
2019-02-01,HINDALCO.NS
2019-02-01,HINDCOPPER.NS
2019-02-01,HINDPETRO.NS
2019-02-01,HINDUNILVR.NS
2019-02-01,HINDZINC.NS
2019-02-01,HONAUT.NS
2019-02-01,HSCL.NS
2019-02-01,HUDCO.NS
2019-02-01,IBREALEST.NS
2019-02-01,IBULHSGFIN.NS
2019-02-01,IBVENTURES.NS
2019-02-01,ICICIBANK.NS
2019-02-01,ICICIGI.NS
2019-02-01,ICICIPRULI.NS
2019-02-01,ICIL.NS
2019-02-01,IDBI.NS
2019-02-01,IDEA.NS
2019-02-01,IDFC.NS
2019-02-01,IDFCFIRSTB.NS
2019-02-01,IEX.NS
2019-02-01,IFBIND.NS
2019-02-01,IFCI.NS
2019-02-01,IGL.NS
2019-02-01,IL&FSTRANS.NS
2019-02-01,INDHOTEL.NS
2019-02-01,INDIACEM.NS
2019-02-01,INDIANB.NS
2019-02-01,INDIGO.NS
2019-02-01,INDOCO.NS
2019-02-01,INDUSINDBK.NS
2019-02-01,INFIBEAM.NS
2019-02-01,INFRATEL.NS
2019-02-01,INFY.NS
2019-02-01,INOXLEISUR.NS
2019-02-01,INOXWIND.NS
2019-02-01,INTELLECT.NS
2019-02-01,IOB.NS
2019-02-01,IOC.NS
2019-02-01,IPCALAB.NS
2019-02-01,IRB.NS
2019-02-01,ISEC.NS
2019-02-01,ITC.NS
2019-02-01,ITDC.NS
2019-02-01,ITDCEM.NS
2019-02-01,ITI.NS
2019-02-01,J&KBANK.NS
2019-02-01,JAGRAN.NS
2019-02-01,JAICORPLTD.NS
2019-02-01,JBCHEPHARM.NS
2019-02-01,JCHAC.NS
2019-02-01,JETAIRWAYS.NS
2019-02-01,JINDALSAW.NS
2019-02-01,JINDALSTEL.NS
2019-02-01,JISLJALEQS.NS
2019-02-01,JKCEMENT.NS
2019-02-01,JKIL.NS
2019-02-01,JKLAKSHMI.NS
2019-02-01,JKTYRE.NS
2019-02-01,JMFINANCIL.NS
2019-02-01,JPASSOCIAT.NS
2019-02-01,JPPOWER.NS
2019-02-01,JSL.NS
2019-02-01,JSLHISAR.NS
2019-02-01,JSWENERGY.NS
2019-02-01,JSWSTEEL.NS
2019-02-01,JUBILANT.NS
2019-02-01,JUBLFOOD.NS
2019-02-01,JUSTDIAL.NS
2019-02-01,JYOTHYLAB.NS
2019-02-01,KAJARIACER.NS
2019-02-01,KALPATPOWR.NS
2019-02-01,KANSAINER.NS
2019-02-01,KARURVYSYA.NS
2019-02-01,KEC.NS
2019-02-01,KIOCL.NS
2019-02-01,KNRCON.NS
2019-02-01,KOLTEPATIL.NS
2019-02-01,KOTAKBANK.NS
2019-02-01,KPRMILL.NS
2019-02-01,KRBL.NS
2019-02-01,KSCL.NS
2019-02-01,KTKBANK.NS
2019-02-01,L&TFH.NS
2019-02-01,LAKSHVILAS.NS
2019-02-01,LALPATHLAB.NS
2019-02-01,LAURUSLABS.NS
2019-02-01,LAXMIMACH.NS
2019-02-01,LEMONTREE.NS
2019-02-01,LICHSGFIN.NS
2019-02-01,LINDEINDIA.NS
2019-02-01,LT.NS
2019-02-01,LTI.NS
2019-02-01,LTTS.NS
2019-02-01,LUPIN.NS
2019-02-01,LUXIND.NS
2019-02-01,M&M.NS
2019-02-01,M&MFIN.NS
2019-02-01,MAGMA.NS
2019-02-01,MAHINDCIE.NS
2019-02-01,MAHLOG.NS
2019-02-01,MANAPPURAM.NS
2019-02-01,MANPASAND.NS
2019-02-01,MARICO.NS
2019-02-01,MARUTI.NS
2019-02-01,MASFIN.NS
2019-02-01,MAXINDIA.NS
2019-02-01,MCDOWELL-N.NS
2019-02-01,MCLEODRUSS.NS
2019-02-01,MERCK.NS
2019-02-01,MFSL.NS
2019-02-01,MGL.NS
2019-02-01,MHRIL.NS
2019-02-01,MINDACORP.NS
2019-02-01,MINDAIND.NS
2019-02-01,MINDTREE.NS
2019-02-01,MMTC.NS
2019-02-01,MOIL.NS
2019-02-01,MONSANTO.NS
2019-02-01,MOTHERSUMI.NS
2019-02-01,MOTILALOFS.NS
2019-02-01,MPHASIS.NS
2019-02-01,MRF.NS
2019-02-01,MRPL.NS
2019-02-01,MUTHOOTFIN.NS
2019-02-01,NATCOPHARM.NS
2019-02-01,NATIONALUM.NS
2019-02-01,NAUKRI.NS
2019-02-01,NAVINFLUOR.NS
2019-02-01,NAVKARCORP.NS
2019-02-01,NBCC.NS
2019-02-01,NBVENTURES.NS
2019-02-01,NCC.NS
2019-02-01,NESCO.NS
2019-02-01,NETWORK18.NS
2019-02-01,NFL.NS
2019-02-01,NH.NS
2019-02-01,NHPC.NS
2019-02-01,NIACL.NS
2019-02-01,NIITTECH.NS
2019-02-01,NILKAMAL.NS
2019-02-01,NLCINDIA.NS
2019-02-01,NMDC.NS
2019-02-01,NTPC.NS
2019-02-01,OBEROIRLTY.NS
2019-02-01,OFSS.NS
2019-02-01,OIL.NS
2019-02-01,OMAXE.NS
2019-02-01,ONGC.NS
2019-02-01,ORIENTBANK.NS
2019-02-01,ORIENTCEM.NS
2019-02-01,PAGEIND.NS
2019-02-01,PARAGMILK.NS
2019-02-01,PCJEWELLER.NS
2019-02-01,PEL.NS
2019-02-01,PERSISTENT.NS
2019-02-01,PETRONET.NS
2019-02-01,PFC.NS
2019-02-01,PFIZER.NS
2019-02-01,PFS.NS
2019-02-01,PGHH.NS
2019-02-01,PHILIPCARB.NS
2019-02-01,PHOENIXLTD.NS
2019-02-01,PIDILITIND.NS
2019-02-01,PIIND.NS
2019-02-01,PNB.NS
2019-02-01,PNBHOUSING.NS
2019-02-01,PNCINFRA.NS
2019-02-01,POWERGRID.NS
2019-02-01,PRAJIND.NS
2019-02-01,PRESTIGE.NS
2019-02-01,PRSMJOHNSN.NS
2019-02-01,PTC.NS
2019-02-01,PVR.NS
2019-02-01,QUESS.NS
2019-02-01,RADICO.NS
2019-02-01,RAIN.NS
2019-02-01,RAJESHEXPO.NS
2019-02-01,RALLIS.NS
2019-02-01,RAMCOCEM.NS
2019-02-01,RAYMOND.NS
2019-02-01,RBLBANK.NS
2019-02-01,RCF.NS
2019-02-01,RCOM.NS
2019-02-01,RECLTD.NS
2019-02-01,REDINGTON.NS
2019-02-01,RELAXO.NS
2019-02-01,RELCAPITAL.NS
2019-02-01,RELIANCE.NS
2019-02-01,RELINFRA.NS
2019-02-01,RENUKA.NS
2019-02-01,REPCOHOME.NS
2019-02-01,RHFL.NS
2019-02-01,RITES.NS
2019-02-01,RKFORGE.NS
2019-02-01,RNAM.NS
2019-02-01,RNAVAL.NS
2019-02-01,RPOWER.NS
2019-02-01,RUPA.NS
2019-02-01,SADBHAV.NS
2019-02-01,SADBHIN.NS
2019-02-01,SAIL.NS
2019-02-01,SANOFI.NS
2019-02-01,SBILIFE.NS
2019-02-01,SBIN.NS
2019-02-01,SCHAEFFLER.NS
2019-02-01,SCI.NS
2019-02-01,SFL.NS
2019-02-01,SHANKARA.NS
2019-02-01,SHILPAMED.NS
2019-02-01,SHK.NS
2019-02-01,SHOPERSTOP.NS
2019-02-01,SHREECEM.NS
2019-02-01,SHRIRAMCIT.NS
2019-02-01,SIEMENS.NS
2019-02-01,SIS.NS
2019-02-01,SJVN.NS
2019-02-01,SKFINDIA.NS
2019-02-01,SOBHA.NS
2019-02-01,SOLARINDS.NS
2019-02-01,SONATSOFTW.NS
2019-02-01,SOUTHBANK.NS
2019-02-01,SPARC.NS
2019-02-01,SPTL.NS
2019-02-01,SREINFRA.NS
2019-02-01,SRF.NS
2019-02-01,SRTRANSFIN.NS
2019-02-01,STAR.NS
2019-02-01,STARCEMENT.NS
2019-02-01,STRTECH.NS
2019-02-01,SUDARSCHEM.NS
2019-02-01,SUNDARMFIN.NS
2019-02-01,SUNDRMFAST.NS
2019-02-01,SUNPHARMA.NS
2019-02-01,SUNTECK.NS
2019-02-01,SUNTV.NS
2019-02-01,SUPREMEIND.NS
2019-02-01,SUVEN.NS
2019-02-01,SUZLON.NS
2019-02-01,SWANENERGY.NS
2019-02-01,SYMPHONY.NS
2019-02-01,SYNDIBANK.NS
2019-02-01,SYNGENE.NS
2019-02-01,TAKE.NS
2019-02-01,TATACHEM.NS
2019-02-01,TATACOFFEE.NS
2019-02-01,TATAELXSI.NS
2019-02-01,TATAGLOBAL.NS
2019-02-01,TATAINVEST.NS
2019-02-01,TATAMOTORS.NS
2019-02-01,TATAMTRDVR.NS
2019-02-01,TATAPOWER.NS
2019-02-01,TATASPONGE.NS
2019-02-01,TATASTEEL.NS
2019-02-01,TCS.NS
2019-02-01,TEAMLEASE.NS
2019-02-01,TECHM.NS
2019-02-01,TEXRAIL.NS
2019-02-01,THERMAX.NS
2019-02-01,THOMASCOOK.NS
2019-02-01,THYROCARE.NS
2019-02-01,TIFIN.NS
2019-02-01,TIINDIA.NS
2019-02-01,TIMETECHNO.NS
2019-02-01,TIMKEN.NS
2019-02-01,TITAN.NS
2019-02-01,TNPL.NS
2019-02-01,TORNTPHARM.NS
2019-02-01,TORNTPOWER.NS
2019-02-01,TRENT.NS
2019-02-01,TRIDENT.NS
2019-02-01,TTKPRESTIG.NS
2019-02-01,TV18BRDCST.NS
2019-02-01,TVSMOTOR.NS
2019-02-01,TVSSRICHAK.NS
2019-02-01,TVTODAY.NS
2019-02-01,UBL.NS
2019-02-01,UCOBANK.NS
2019-02-01,UFLEX.NS
2019-02-01,UJJIVAN.NS
2019-02-01,ULTRACEMCO.NS
2019-02-01,UNICHEMLAB.NS
2019-02-01,UNIONBANK.NS
2019-02-01,UPL.NS
2019-02-01,VAKRANGEE.NS
2019-02-01,VARROC.NS
2019-02-01,VBL.NS
2019-02-01,VEDL.NS
2019-02-01,VENKEYS.NS
2019-02-01,VGUARD.NS
2019-02-01,VINATIORGA.NS
2019-02-01,VIPIND.NS
2019-02-01,VMART.NS
2019-02-01,VOLTAS.NS
2019-02-01,VRLLOG.NS
2019-02-01,VTL.NS
2019-02-01,WABAG.NS
2019-02-01,WABCOINDIA.NS
2019-02-01,WELCORP.NS
2019-02-01,WELSPUNIND.NS
2019-02-01,WHIRLPOOL.NS
2019-02-01,WIPRO.NS
2019-02-01,WOCKPHARMA.NS
2019-02-01,YESBANK.NS
2019-02-01,ZEEL.NS
2019-02-01,ZENSARTECH.NS
2019-02-01,ZYDUSWELL.NS
2020-07-25,3MINDIA.NS
2020-07-25,AARTIIND.NS
2020-07-25,AAVAS.NS
2020-07-25,ABB.NS
2020-07-25,ABBOTINDIA.NS
2020-07-25,ABCAPITAL.NS
2020-07-25,ABFRL.NS
2020-07-25,ACC.NS
2020-07-25,ADANIGAS.NS
2020-07-25,ADANIGREEN.NS
2020-07-25,ADANIPORTS.NS
2020-07-25,ADANIPOWER.NS
2020-07-25,ADANITRANS.NS
2020-07-25,ADVENZYMES.NS
2020-07-25,AEGISCHEM.NS
2020-07-25,AFFLE.NS
2020-07-25,AIAENG.NS
2020-07-25,AJANTPHARM.NS
2020-07-25,AKZOINDIA.NS
2020-07-25,ALKEM.NS
2020-07-25,ALKYLAMINE.NS
2020-07-25,ALLCARGO.NS
2020-07-25,AMARAJABAT.NS
2020-07-25,AMBER.NS
2020-07-25,AMBUJACEM.NS
2020-07-25,APLAPOLLO.NS
2020-07-25,APLLTD.NS
2020-07-25,APOLLOHOSP.NS
2020-07-25,APOLLOTYRE.NS
2020-07-25,ARVINDFASN.NS
2020-07-25,ASAHIINDIA.NS
2020-07-25,ASHOKA.NS
2020-07-25,ASHOKLEY.NS
2020-07-25,ASIANPAINT.NS
2020-07-25,ASTERDM.NS
2020-07-25,ASTRAL.NS
2020-07-25,ASTRAZEN.NS
2020-07-25,ATUL.NS
2020-07-25,AUBANK.NS
2020-07-25,AUROPHARMA.NS
2020-07-25,AVANTIFEED.NS
2020-07-25,AXISBANK.NS
2020-07-25,BAJAJ-AUTO.NS
2020-07-25,BAJAJCON.NS
2020-07-25,BAJAJELEC.NS
2020-07-25,BAJAJFINSV.NS
2020-07-25,BAJAJHLDNG.NS
2020-07-25,BAJFINANCE.NS
2020-07-25,BALKRISIND.NS
2020-07-25,BALMLAWRIE.NS
2020-07-25,BALRAMCHIN.NS
2020-07-25,BANDHANBNK.NS
2020-07-25,BANKBARODA.NS
2020-07-25,BANKINDIA.NS
2020-07-25,BASF.NS
2020-07-25,BATAINDIA.NS
2020-07-25,BAYERCROP.NS
2020-07-25,BBTC.NS
2020-07-25,BDL.NS
2020-07-25,BEL.NS
2020-07-25,BEML.NS
2020-07-25,BERGEPAINT.NS
2020-07-25,BHARATFORG.NS
2020-07-25,BHARATRAS.NS
2020-07-25,BHARTIARTL.NS
2020-07-25,BHEL.NS
2020-07-25,BIOCON.NS
2020-07-25,BIRLACORPN.NS
2020-07-25,BLISSGVS.NS
2020-07-25,BLUEDART.NS
2020-07-25,BLUESTARCO.NS
2020-07-25,BOMDYEING.NS
2020-07-25,BOSCHLTD.NS
2020-07-25,BPCL.NS
2020-07-25,BRIGADE.NS
2020-07-25,BRITANNIA.NS
2020-07-25,BSE.NS
2020-07-25,BSOFT.NS
2020-07-25,CADILAHC.NS
2020-07-25,CANBK.NS
2020-07-25,CANFINHOME.NS
2020-07-25,CAPLIPOINT.NS
2020-07-25,CARBORUNIV.NS
2020-07-25,CARERATING.NS
2020-07-25,CASTROLIND.NS
2020-07-25,CCL.NS
2020-07-25,CDSL.NS
2020-07-25,CEATLTD.NS
2020-07-25,CENTRALBK.NS
2020-07-25,CENTURYPLY.NS
2020-07-25,CENTURYTEX.NS
2020-07-25,CERA.NS
2020-07-25,CESC.NS
2020-07-25,CGCL.NS
2020-07-25,CHAMBLFERT.NS
2020-07-25,CHENNPETRO.NS
2020-07-25,CHOLAFIN.NS
2020-07-25,CHOLAHLDNG.NS
2020-07-25,CIPLA.NS
2020-07-25,COALINDIA.NS
2020-07-25,COCHINSHIP.NS
2020-07-25,COLPAL.NS
2020-07-25,CONCOR.NS
2020-07-25,COROMANDEL.NS
2020-07-25,CREDITACC.NS
2020-07-25,CRISIL.NS
2020-07-25,CROMPTON.NS
2020-07-25,CSBBANK.NS
2020-07-25,CUB.NS
2020-07-25,CUMMINSIND.NS
2020-07-25,CYIENT.NS
2020-07-25,DABUR.NS
2020-07-25,DALBHARAT.NS
2020-07-25,DBCORP.NS
2020-07-25,DBL.NS
2020-07-25,DCAL.NS
2020-07-25,DCBBANK.NS
2020-07-25,DCMSHRIRAM.NS
2020-07-25,DEEPAKNTR.NS
2020-07-25,DELTACORP.NS
2020-07-25,DHANUKA.NS
2020-07-25,DISHTV.NS
2020-07-25,DIVISLAB.NS
2020-07-25,DIXON.NS
2020-07-25,DLF.NS
2020-07-25,DMART.NS
2020-07-25,DRREDDY.NS
2020-07-25,ECLERX.NS
2020-07-25,EDELWEISS.NS
2020-07-25,EICHERMOT.NS
2020-07-25,EIDPARRY.NS
2020-07-25,EIHOTEL.NS
2020-07-25,ELGIEQUIP.NS
2020-07-25,EMAMILTD.NS
2020-07-25,ENDURANCE.NS
2020-07-25,ENGINERSIN.NS
2020-07-25,EQUITAS.NS
2020-07-25,ERIS.NS
2020-07-25,ESABINDIA.NS
2020-07-25,ESCORTS.NS
2020-07-25,ESSELPACK.NS
2020-07-25,EXIDEIND.NS
2020-07-25,FCONSUMER.NS
2020-07-25,FDC.NS
2020-07-25,FEDERALBNK.NS
2020-07-25,FINCABLES.NS
2020-07-25,FINEORG.NS
2020-07-25,FINPIPE.NS
2020-07-25,FLUOROCHEM.NS
2020-07-25,FORTIS.NS
2020-07-25,FRETAIL.NS
2020-07-25,FSL.NS
2020-07-25,GAIL.NS
2020-07-25,GALAXYSURF.NS
2020-07-25,GARFIBRES.NS
2020-07-25,GEPIL.NS
2020-07-25,GESHIP.NS
2020-07-25,GET&D.NS
2020-07-25,GHCL.NS
2020-07-25,GICRE.NS
2020-07-25,GILLETTE.NS
2020-07-25,GLAXO.NS
2020-07-25,GLENMARK.NS
2020-07-25,GMDCLTD.NS
2020-07-25,GMMPFAUDLR.NS
2020-07-25,GMRINFRA.NS
2020-07-25,GNFC.NS
2020-07-25,GODFRYPHLP.NS
2020-07-25,GODREJAGRO.NS
2020-07-25,GODREJCP.NS
2020-07-25,GODREJIND.NS
2020-07-25,GODREJPROP.NS
2020-07-25,GPPL.NS
2020-07-25,GRANULES.NS
2020-07-25,GRAPHITE.NS
2020-07-25,GRASIM.NS
2020-07-25,GREAVESCOT.NS
2020-07-25,GRINDWELL.NS
2020-07-25,GRSE.NS
2020-07-25,GSFC.NS
2020-07-25,GSPL.NS
2020-07-25,GUJALKALI.NS
2020-07-25,GUJGASLTD.NS
2020-07-25,GULFOILLUB.NS
2020-07-25,HAL.NS
2020-07-25,HATHWAY.NS
2020-07-25,HATSUN.NS
2020-07-25,HAVELLS.NS
2020-07-25,HCLTECH.NS
2020-07-25,HDFC.NS
2020-07-25,HDFCAMC.NS
2020-07-25,HDFCBANK.NS
2020-07-25,HDFCLIFE.NS
2020-07-25,HEG.NS
2020-07-25,HEIDELBERG.NS
2020-07-25,HERITGFOOD.NS
2020-07-25,HEROMOTOCO.NS
2020-07-25,HEXAWARE.NS
2020-07-25,HFCL.NS
2020-07-25,HIMATSEIDE.NS
2020-07-25,HINDALCO.NS
2020-07-25,HINDCOPPER.NS
2020-07-25,HINDPETRO.NS
2020-07-25,HINDUNILVR.NS
2020-07-25,HINDZINC.NS
2020-07-25,HONAUT.NS
2020-07-25,HSCL.NS
2020-07-25,HUDCO.NS
2020-07-25,IBREALEST.NS
2020-07-25,IBULHSGFIN.NS
2020-07-25,IBVENTURES.NS
2020-07-25,ICICIBANK.NS
2020-07-25,ICICIGI.NS
2020-07-25,ICICIPRULI.NS
2020-07-25,ICRA.NS
2020-07-25,IDBI.NS
2020-07-25,IDEA.NS
2020-07-25,IDFC.NS
2020-07-25,IDFCFIRSTB.NS
2020-07-25,IEX.NS
2020-07-25,IFBIND.NS
2020-07-25,IFCI.NS
2020-07-25,IGL.NS
2020-07-25,IIFL.NS
2020-07-25,IIFLWAM.NS
2020-07-25,INDHOTEL.NS
2020-07-25,INDIACEM.NS
2020-07-25,INDIAMART.NS
2020-07-25,INDIANB.NS
2020-07-25,INDIGO.NS
2020-07-25,INDOCO.NS
2020-07-25,INDOSTAR.NS
2020-07-25,INDUSINDBK.NS
2020-07-25,INFIBEAM.NS
2020-07-25,INFRATEL.NS
2020-07-25,INFY.NS
2020-07-25,INGERRAND.NS
2020-07-25,INOXLEISUR.NS
2020-07-25,INTELLECT.NS
2020-07-25,IOB.NS
2020-07-25,IOC.NS
2020-07-25,IPCALAB.NS
2020-07-25,IRB.NS
2020-07-25,IRCON.NS
2020-07-25,IRCTC.NS
2020-07-25,ISEC.NS
2020-07-25,ITC.NS
2020-07-25,ITDC.NS
2020-07-25,ITI.NS
2020-07-25,J&KBANK.NS
2020-07-25,JAGRAN.NS
2020-07-25,JAICORPLTD.NS
2020-07-25,JAMNAAUTO.NS
2020-07-25,JBCHEPHARM.NS
2020-07-25,JCHAC.NS
2020-07-25,JINDALSAW.NS
2020-07-25,JINDALSTEL.NS
2020-07-25,JKCEMENT.NS
2020-07-25,JKLAKSHMI.NS
2020-07-25,JKPAPER.NS
2020-07-25,JKTYRE.NS
2020-07-25,JMFINANCIL.NS
2020-07-25,JSL.NS
2020-07-25,JSLHISAR.NS
2020-07-25,JSWENERGY.NS
2020-07-25,JSWSTEEL.NS
2020-07-25,JUBILANT.NS
2020-07-25,JUBLFOOD.NS
2020-07-25,JUSTDIAL.NS
2020-07-25,JYOTHYLAB.NS
2020-07-25,KAJARIACER.NS
2020-07-25,KALPATPOWR.NS
2020-07-25,KANSAINER.NS
2020-07-25,KARURVYSYA.NS
2020-07-25,KEC.NS
2020-07-25,KEI.NS
2020-07-25,KNRCON.NS
2020-07-25,KOLTEPATIL.NS
2020-07-25,KOTAKBANK.NS
2020-07-25,KPITTECH.NS
2020-07-25,KPRMILL.NS
2020-07-25,KRBL.NS
2020-07-25,KSB.NS
2020-07-25,KSCL.NS
2020-07-25,KTKBANK.NS
2020-07-25,L&TFH.NS
2020-07-25,LALPATHLAB.NS
2020-07-25,LAOPALA.NS
2020-07-25,LAURUSLABS.NS
2020-07-25,LAXMIMACH.NS
2020-07-25,LEMONTREE.NS
2020-07-25,LICHSGFIN.NS
2020-07-25,LINDEINDIA.NS
2020-07-25,LT.NS
2020-07-25,LTI.NS
2020-07-25,LTTS.NS
2020-07-25,LUPIN.NS
2020-07-25,LUXIND.NS
2020-07-25,M&M.NS
2020-07-25,M&MFIN.NS
2020-07-25,MAHABANK.NS
2020-07-25,MAHINDCIE.NS
2020-07-25,MAHLOG.NS
2020-07-25,MAHSCOOTER.NS
2020-07-25,MAHSEAMLES.NS
2020-07-25,MANAPPURAM.NS
2020-07-25,MARICO.NS
2020-07-25,MARUTI.NS
2020-07-25,MASFIN.NS
2020-07-25,MCDOWELL-N.NS
2020-07-25,MCX.NS
2020-07-25,METROPOLIS.NS
2020-07-25,MFSL.NS
2020-07-25,MGL.NS
2020-07-25,MHRIL.NS
2020-07-25,MIDHANI.NS
2020-07-25,MINDACORP.NS
2020-07-25,MINDAIND.NS
2020-07-25,MINDTREE.NS
2020-07-25,MMTC.NS
2020-07-25,MOIL.NS
2020-07-25,MOTHERSUMI.NS
2020-07-25,MOTILALOFS.NS
2020-07-25,MPHASIS.NS
2020-07-25,MRF.NS
2020-07-25,MRPL.NS
2020-07-25,MUTHOOTFIN.NS
2020-07-25,NAM-INDIA.NS
2020-07-25,NATCOPHARM.NS
2020-07-25,NATIONALUM.NS
2020-07-25,NAUKRI.NS
2020-07-25,NAVINFLUOR.NS
2020-07-25,NBCC.NS
2020-07-25,NBVENTURES.NS
2020-07-25,NCC.NS
2020-07-25,NESCO.NS
2020-07-25,NESTLEIND.NS
2020-07-25,NFL.NS
2020-07-25,NH.NS
2020-07-25,NHPC.NS
2020-07-25,NIACL.NS
2020-07-25,NIITTECH.NS
2020-07-25,NILKAMAL.NS
2020-07-25,NLCINDIA.NS
2020-07-25,NMDC.NS
2020-07-25,NTPC.NS
2020-07-25,OBEROIRLTY.NS
2020-07-25,OFSS.NS
2020-07-25,OIL.NS
2020-07-25,OMAXE.NS
2020-07-25,ONGC.NS
2020-07-25,ORIENTCEM.NS
2020-07-25,ORIENTELEC.NS
2020-07-25,ORIENTREF.NS
2020-07-25,PAGEIND.NS
2020-07-25,PEL.NS
2020-07-25,PERSISTENT.NS
2020-07-25,PETRONET.NS
2020-07-25,PFC.NS
2020-07-25,PFIZER.NS
2020-07-25,PGHH.NS
2020-07-25,PGHL.NS
2020-07-25,PHILIPCARB.NS
2020-07-25,PHOENIXLTD.NS
2020-07-25,PIDILITIND.NS
2020-07-25,PIIND.NS
2020-07-25,PNB.NS
2020-07-25,PNBHOUSING.NS
2020-07-25,PNCINFRA.NS
2020-07-25,POLYCAB.NS
2020-07-25,POLYMED.NS
2020-07-25,POWERGRID.NS
2020-07-25,PRAJIND.NS
2020-07-25,PRESTIGE.NS
2020-07-25,PRSMJOHNSN.NS
2020-07-25,PTC.NS
2020-07-25,PVR.NS
2020-07-25,QUESS.NS
2020-07-25,RADICO.NS
2020-07-25,RAIN.NS
2020-07-25,RAJESHEXPO.NS
2020-07-25,RALLIS.NS
2020-07-25,RAMCOCEM.NS
2020-07-25,RATNAMANI.NS
2020-07-25,RAYMOND.NS
2020-07-25,RBLBANK.NS
2020-07-25,RCF.NS
2020-07-25,RECLTD.NS
2020-07-25,REDINGTON.NS
2020-07-25,RELAXO.NS
2020-07-25,RELIANCE.NS
2020-07-25,RENUKA.NS
2020-07-25,REPCOHOME.NS
2020-07-25,RITES.NS
2020-07-25,RVNL.NS
2020-07-25,SADBHAV.NS
2020-07-25,SAIL.NS
2020-07-25,SANOFI.NS
2020-07-25,SBILIFE.NS
2020-07-25,SBIN.NS
2020-07-25,SCHAEFFLER.NS
2020-07-25,SCHNEIDER.NS
2020-07-25,SCI.NS
2020-07-25,SEQUENT.NS
2020-07-25,SFL.NS
2020-07-25,SHOPERSTOP.NS
2020-07-25,SHREECEM.NS
2020-07-25,SHRIRAMCIT.NS
2020-07-25,SIEMENS.NS
2020-07-25,SIS.NS
2020-07-25,SJVN.NS
2020-07-25,SKFINDIA.NS
2020-07-25,SOBHA.NS
2020-07-25,SOLARINDS.NS
2020-07-25,SONATSOFTW.NS
2020-07-25,SOUTHBANK.NS
2020-07-25,SPANDANA.NS
2020-07-25,SPARC.NS
2020-07-25,SPICEJET.NS
2020-07-25,SRF.NS
2020-07-25,SRTRANSFIN.NS
2020-07-25,STAR.NS
2020-07-25,STARCEMENT.NS
2020-07-25,STRTECH.NS
2020-07-25,SUDARSCHEM.NS
2020-07-25,SUMICHEM.NS
2020-07-25,SUNDARMFIN.NS
2020-07-25,SUNDRMFAST.NS
2020-07-25,SUNPHARMA.NS
2020-07-25,SUNTECK.NS
2020-07-25,SUNTV.NS
2020-07-25,SUPRAJIT.NS
2020-07-25,SUPREMEIND.NS
2020-07-25,SUZLON.NS
2020-07-25,SWANENERGY.NS
2020-07-25,SWSOLAR.NS
2020-07-25,SYMPHONY.NS
2020-07-25,SYNGENE.NS
2020-07-25,TAKE.NS
2020-07-25,TASTYBITE.NS
2020-07-25,TATACOMM.NS
2020-07-25,TATACONSUM.NS
2020-07-25,TATAELXSI.NS
2020-07-25,TATAINVEST.NS
2020-07-25,TATAMOTORS.NS
2020-07-25,TATAMTRDVR.NS
2020-07-25,TATAPOWER.NS
2020-07-25,TATASTEEL.NS
2020-07-25,TATASTLBSL.NS
2020-07-25,TCIEXP.NS
2020-07-25,TCNSBRANDS.NS
2020-07-25,TCS.NS
2020-07-25,TEAMLEASE.NS
2020-07-25,TECHM.NS
2020-07-25,THERMAX.NS
2020-07-25,THYROCARE.NS
2020-07-25,TIINDIA.NS
2020-07-25,TIMETECHNO.NS
2020-07-25,TIMKEN.NS
2020-07-25,TITAN.NS
2020-07-25,TORNTPHARM.NS
2020-07-25,TORNTPOWER.NS
2020-07-25,TRENT.NS
2020-07-25,TRIDENT.NS
2020-07-25,TTKPRESTIG.NS
2020-07-25,TV18BRDCST.NS
2020-07-25,TVSMOTOR.NS
2020-07-25,TVTODAY.NS
2020-07-25,UBL.NS
2020-07-25,UCOBANK.NS
2020-07-25,UFLEX.NS
2020-07-25,UJJIVAN.NS
2020-07-25,UJJIVANSFB.NS
2020-07-25,ULTRACEMCO.NS
2020-07-25,UNIONBANK.NS
2020-07-25,UPL.NS
2020-07-25,VAIBHAVGBL.NS
2020-07-25,VAKRANGEE.NS
2020-07-25,VARROC.NS
2020-07-25,VBL.NS
2020-07-25,VEDL.NS
2020-07-25,VENKEYS.NS
2020-07-25,VESUVIUS.NS
2020-07-25,VGUARD.NS
2020-07-25,VINATIORGA.NS
2020-07-25,VIPIND.NS
2020-07-25,VMART.NS
2020-07-25,VOLTAS.NS
2020-07-25,VRLLOG.NS
2020-07-25,VSTIND.NS
2020-07-25,VTL.NS
2020-07-25,WABCOINDIA.NS
2020-07-25,WELCORP.NS
2020-07-25,WELSPUNIND.NS
2020-07-25,WESTLIFE.NS
2020-07-25,WHIRLPOOL.NS
2020-07-25,WIPRO.NS
2020-07-25,WOCKPHARMA.NS
2020-07-25,ZEEL.NS
2020-07-25,ZENSARTECH.NS
2020-07-25,ZYDUSWELL.NS
2022-05-04,3MINDIA.NS
2022-05-04,AARTIDRUGS.NS
2022-05-04,AARTIIND.NS
2022-05-04,AAVAS.NS
2022-05-04,ABB.NS
2022-05-04,ABBOTINDIA.NS
2022-05-04,ABCAPITAL.NS
2022-05-04,ABFRL.NS
2022-05-04,ABSLAMC.NS
2022-05-04,ACC.NS
2022-05-04,ADANIENT.NS
2022-05-04,ADANIGREEN.NS
2022-05-04,ADANIPORTS.NS
2022-05-04,ADANITRANS.NS
2022-05-04,ADVENZYMES.NS
2022-05-04,AEGISCHEM.NS
2022-05-04,AFFLE.NS
2022-05-04,AIAENG.NS
2022-05-04,AJANTPHARM.NS
2022-05-04,ALKEM.NS
2022-05-04,ALKYLAMINE.NS
2022-05-04,ALLCARGO.NS
2022-05-04,ALOKINDS.NS
2022-05-04,AMARAJABAT.NS
2022-05-04,AMBER.NS
2022-05-04,AMBUJACEM.NS
2022-05-04,ANGELONE.NS
2022-05-04,ANURAS.NS
2022-05-04,APLAPOLLO.NS
2022-05-04,APLLTD.NS
2022-05-04,APOLLOHOSP.NS
2022-05-04,APOLLOTYRE.NS
2022-05-04,APTUS.NS
2022-05-04,ASAHIINDIA.NS
2022-05-04,ASHOKLEY.NS
2022-05-04,ASIANPAINT.NS
2022-05-04,ASTERDM.NS
2022-05-04,ASTRAL.NS
2022-05-04,ASTRAZEN.NS
2022-05-04,ATGL.NS
2022-05-04,ATUL.NS
2022-05-04,AUBANK.NS
2022-05-04,AUROPHARMA.NS
2022-05-04,AVANTIFEED.NS
2022-05-04,AXISBANK.NS
2022-05-04,BAJAJ-AUTO.NS
2022-05-04,BAJAJELEC.NS
2022-05-04,BAJAJFINSV.NS
2022-05-04,BAJAJHLDNG.NS
2022-05-04,BAJFINANCE.NS
2022-05-04,BALAMINES.NS
2022-05-04,BALKRISIND.NS
2022-05-04,BALRAMCHIN.NS
2022-05-04,BANDHANBNK.NS
2022-05-04,BANKBARODA.NS
2022-05-04,BANKINDIA.NS
2022-05-04,BASF.NS
2022-05-04,BATAINDIA.NS
2022-05-04,BAYERCROP.NS
2022-05-04,BBTC.NS
2022-05-04,BCG.NS
2022-05-04,BDL.NS
2022-05-04,BEL.NS
2022-05-04,BERGEPAINT.NS
2022-05-04,BHARATFORG.NS
2022-05-04,BHARTIARTL.NS
2022-05-04,BHEL.NS
2022-05-04,BIOCON.NS
2022-05-04,BIRLACORPN.NS
2022-05-04,BLUEDART.NS
2022-05-04,BLUESTARCO.NS
2022-05-04,BORORENEW.NS
2022-05-04,BOSCHLTD.NS
2022-05-04,BPCL.NS
2022-05-04,BRIGADE.NS
2022-05-04,BRITANNIA.NS
2022-05-04,BSE.NS
2022-05-04,BSOFT.NS
2022-05-04,CAMS.NS
2022-05-04,CANBK.NS
2022-05-04,CANFINHOME.NS
2022-05-04,CAPLIPOINT.NS
2022-05-04,CARBORUNIV.NS
2022-05-04,CASTROLIND.NS
2022-05-04,CCL.NS
2022-05-04,CDSL.NS
2022-05-04,CEATLTD.NS
2022-05-04,CENTRALBK.NS
2022-05-04,CENTURYPLY.NS
2022-05-04,CENTURYTEX.NS
2022-05-04,CERA.NS
2022-05-04,CESC.NS
2022-05-04,CGCL.NS
2022-05-04,CGPOWER.NS
2022-05-04,CHALET.NS
2022-05-04,CHAMBLFERT.NS
2022-05-04,CHEMPLASTS.NS
2022-05-04,CHOLAFIN.NS
2022-05-04,CHOLAHLDNG.NS
2022-05-04,CIPLA.NS
2022-05-04,CLEAN.NS
2022-05-04,COALINDIA.NS
2022-05-04,COCHINSHIP.NS
2022-05-04,COFORGE.NS
2022-05-04,COLPAL.NS
2022-05-04,CONCOR.NS
2022-05-04,COROMANDEL.NS
2022-05-04,CREDITACC.NS
2022-05-04,CRISIL.NS
2022-05-04,CROMPTON.NS
2022-05-04,CSBBANK.NS
2022-05-04,CUB.NS
2022-05-04,CUMMINSIND.NS
2022-05-04,CYIENT.NS
2022-05-04,DABUR.NS
2022-05-04,DALBHARAT.NS
2022-05-04,DBL.NS
2022-05-04,DCMSHRIRAM.NS
2022-05-04,DEEPAKNTR.NS
2022-05-04,DELTACORP.NS
2022-05-04,DEVYANI.NS
2022-05-04,DHANI.NS
2022-05-04,DIVISLAB.NS
2022-05-04,DIXON.NS
2022-05-04,DLF.NS
2022-05-04,DMART.NS
2022-05-04,DRREDDY.NS
2022-05-04,EASEMYTRIP.NS
2022-05-04,ECLERX.NS
2022-05-04,EDELWEISS.NS
2022-05-04,EICHERMOT.NS
2022-05-04,EIDPARRY.NS
2022-05-04,EIHOTEL.NS
2022-05-04,ELGIEQUIP.NS
2022-05-04,EMAMILTD.NS
2022-05-04,ENDURANCE.NS
2022-05-04,ENGINERSIN.NS
2022-05-04,EPL.NS
2022-05-04,EQUITAS.NS
2022-05-04,EQUITASBNK.NS
2022-05-04,ERIS.NS
2022-05-04,ESCORTS.NS
2022-05-04,EXIDEIND.NS
2022-05-04,FACT.NS
2022-05-04,FDC.NS
2022-05-04,FEDERALBNK.NS
2022-05-04,FINCABLES.NS
2022-05-04,FINEORG.NS
2022-05-04,FINPIPE.NS
2022-05-04,FLUOROCHEM.NS
2022-05-04,FORTIS.NS
2022-05-04,FSL.NS
2022-05-04,GAEL.NS
2022-05-04,GAIL.NS
2022-05-04,GALAXYSURF.NS
2022-05-04,GARFIBRES.NS
2022-05-04,GESHIP.NS
2022-05-04,GICRE.NS
2022-05-04,GLAND.NS
2022-05-04,GLAXO.NS
2022-05-04,GLENMARK.NS
2022-05-04,GLS.NS
2022-05-04,GMMPFAUDLR.NS
2022-05-04,GNFC.NS
2022-05-04,GOCOLORS.NS
2022-05-04,GODFRYPHLP.NS
2022-05-04,GODREJAGRO.NS
2022-05-04,GODREJCP.NS
2022-05-04,GODREJIND.NS
2022-05-04,GODREJPROP.NS
2022-05-04,GPPL.NS
2022-05-04,GRANULES.NS
2022-05-04,GRAPHITE.NS
2022-05-04,GRASIM.NS
2022-05-04,GRINDWELL.NS
2022-05-04,GRINFRA.NS
2022-05-04,GSFC.NS
2022-05-04,GSPL.NS
2022-05-04,GUJALKALI.NS
2022-05-04,GUJGASLTD.NS
2022-05-04,HAL.NS
2022-05-04,HAPPSTMNDS.NS
2022-05-04,HATHWAY.NS
2022-05-04,HATSUN.NS
2022-05-04,HAVELLS.NS
2022-05-04,HCLTECH.NS
2022-05-04,HDFC.NS
2022-05-04,HDFCAMC.NS
2022-05-04,HDFCBANK.NS
2022-05-04,HDFCLIFE.NS
2022-05-04,HEG.NS
2022-05-04,HEMIPROP.NS
2022-05-04,HEROMOTOCO.NS
2022-05-04,HFCL.NS
2022-05-04,HGS.NS
2022-05-04,HIKAL.NS
2022-05-04,HINDALCO.NS
2022-05-04,HINDCOPPER.NS
2022-05-04,HINDPETRO.NS
2022-05-04,HINDUNILVR.NS
2022-05-04,HINDZINC.NS
2022-05-04,HLEGLAS.NS
2022-05-04,HOMEFIRST.NS
2022-05-04,HONAUT.NS
2022-05-04,HUDCO.NS
2022-05-04,IBREALEST.NS
2022-05-04,IBULHSGFIN.NS
2022-05-04,ICICIBANK.NS
2022-05-04,ICICIGI.NS
2022-05-04,ICICIPRULI.NS
2022-05-04,ICIL.NS
2022-05-04,IDBI.NS
2022-05-04,IDEA.NS
2022-05-04,IDFC.NS
2022-05-04,IDFCFIRSTB.NS
2022-05-04,IEX.NS
2022-05-04,IFBIND.NS
2022-05-04,IGL.NS
2022-05-04,IIFL.NS
2022-05-04,IIFLWAM.NS
2022-05-04,INDHOTEL.NS
2022-05-04,INDIACEM.NS
2022-05-04,INDIAMART.NS
2022-05-04,INDIANB.NS
2022-05-04,INDIGO.NS
2022-05-04,INDIGOPNTS.NS
2022-05-04,INDOCO.NS
2022-05-04,INDUSINDBK.NS
2022-05-04,INDUSTOWER.NS
2022-05-04,INFIBEAM.NS
2022-05-04,INFY.NS
2022-05-04,INOXLEISUR.NS
2022-05-04,INTELLECT.NS
2022-05-04,IOB.NS
2022-05-04,IOC.NS
2022-05-04,IPCALAB.NS
2022-05-04,IRB.NS
2022-05-04,IRCON.NS
2022-05-04,IRCTC.NS
2022-05-04,IRFC.NS
2022-05-04,ISEC.NS
2022-05-04,ITC.NS
2022-05-04,ITI.NS
2022-05-04,JAMNAAUTO.NS
2022-05-04,JBCHEPHARM.NS
2022-05-04,JINDALSTEL.NS
2022-05-04,JKCEMENT.NS
2022-05-04,JKLAKSHMI.NS
2022-05-04,JKPAPER.NS
2022-05-04,JMFINANCIL.NS
2022-05-04,JSL.NS
2022-05-04,JSLHISAR.NS
2022-05-04,JSWENERGY.NS
2022-05-04,JSWSTEEL.NS
2022-05-04,JUBLFOOD.NS
2022-05-04,JUBLINGREA.NS
2022-05-04,JUBLPHARMA.NS
2022-05-04,JUSTDIAL.NS
2022-05-04,JYOTHYLAB.NS
2022-05-04,KAJARIACER.NS
2022-05-04,KALPATPOWR.NS
2022-05-04,KALYANKJIL.NS
2022-05-04,KANSAINER.NS
2022-05-04,KARURVYSYA.NS
2022-05-04,KEC.NS
2022-05-04,KEI.NS
2022-05-04,KIMS.NS
2022-05-04,KNRCON.NS
2022-05-04,KOTAKBANK.NS
2022-05-04,KPITTECH.NS
2022-05-04,KPRMILL.NS
2022-05-04,KRBL.NS
2022-05-04,L&TFH.NS
2022-05-04,LALPATHLAB.NS
2022-05-04,LATENTVIEW.NS
2022-05-04,LAURUSLABS.NS
2022-05-04,LAXMIMACH.NS
2022-05-04,LICHSGFIN.NS
2022-05-04,LINDEINDIA.NS
2022-05-04,LODHA.NS
2022-05-04,LT.NS
2022-05-04,LTI.NS
2022-05-04,LTTS.NS
2022-05-04,LUPIN.NS
2022-05-04,LUXIND.NS
2022-05-04,LXCHEM.NS
2022-05-04,M&M.NS
2022-05-04,M&MFIN.NS
2022-05-04,MAHABANK.NS
2022-05-04,MAHINDCIE.NS
2022-05-04,MAHLOG.NS
2022-05-04,MANAPPURAM.NS
2022-05-04,MAPMYINDIA.NS
2022-05-04,MARICO.NS
2022-05-04,MARUTI.NS
2022-05-04,MASTEK.NS
2022-05-04,MAXHEALTH.NS
2022-05-04,MAZDOCK.NS
2022-05-04,MCDOWELL-N.NS
2022-05-04,MCX.NS
2022-05-04,MEDPLUS.NS
2022-05-04,METROBRAND.NS
2022-05-04,METROPOLIS.NS
2022-05-04,MFSL.NS
2022-05-04,MGL.NS
2022-05-04,MHRIL.NS
2022-05-04,MINDAIND.NS
2022-05-04,MINDTREE.NS
2022-05-04,MMTC.NS
2022-05-04,MOIL.NS
2022-05-04,MOTILALOFS.NS
2022-05-04,MPHASIS.NS
2022-05-04,MRF.NS
2022-05-04,MRPL.NS
2022-05-04,MTARTECH.NS
2022-05-04,MUTHOOTFIN.NS
2022-05-04,NAM-INDIA.NS
2022-05-04,NATCOPHARM.NS
2022-05-04,NATIONALUM.NS
2022-05-04,NAUKRI.NS
2022-05-04,NAVINFLUOR.NS
2022-05-04,NAZARA.NS
2022-05-04,NBCC.NS
2022-05-04,NCC.NS
2022-05-04,NESCO.NS
2022-05-04,NESTLEIND.NS
2022-05-04,NETWORK18.NS
2022-05-04,NH.NS
2022-05-04,NHPC.NS
2022-05-04,NIACL.NS
2022-05-04,NLCINDIA.NS
2022-05-04,NMDC.NS
2022-05-04,NOCIL.NS
2022-05-04,NTPC.NS
2022-05-04,NUVOCO.NS
2022-05-04,NYKAA.NS
2022-05-04,OBEROIRLTY.NS
2022-05-04,OFSS.NS
2022-05-04,OIL.NS
2022-05-04,ONGC.NS
2022-05-04,ORIENTELEC.NS
2022-05-04,PAGEIND.NS
2022-05-04,PAYTM.NS
2022-05-04,PCBL.NS
2022-05-04,PEL.NS
2022-05-04,PERSISTENT.NS
2022-05-04,PETRONET.NS
2022-05-04,PFC.NS
2022-05-04,PFIZER.NS
2022-05-04,PGHH.NS
2022-05-04,PGHL.NS
2022-05-04,PHOENIXLTD.NS
2022-05-04,PIDILITIND.NS
2022-05-04,PIIND.NS
2022-05-04,PNB.NS
2022-05-04,PNBHOUSING.NS
2022-05-04,PNCINFRA.NS
2022-05-04,POLICYBZR.NS
2022-05-04,POLYCAB.NS
2022-05-04,POLYMED.NS
2022-05-04,POLYPLEX.NS
2022-05-04,POONAWALLA.NS
2022-05-04,POWERGRID.NS
2022-05-04,POWERINDIA.NS
2022-05-04,PRAJIND.NS
2022-05-04,PRESTIGE.NS
2022-05-04,PRINCEPIPE.NS
2022-05-04,PRIVISCL.NS
2022-05-04,PRSMJOHNSN.NS
2022-05-04,PVR.NS
2022-05-04,QUESS.NS
2022-05-04,RADICO.NS
2022-05-04,RAILTEL.NS
2022-05-04,RAIN.NS
2022-05-04,RAJESHEXPO.NS
2022-05-04,RALLIS.NS
2022-05-04,RAMCOCEM.NS
2022-05-04,RATNAMANI.NS
2022-05-04,RBA.NS
2022-05-04,RBLBANK.NS
2022-05-04,RCF.NS
2022-05-04,RECLTD.NS
2022-05-04,REDINGTON.NS
2022-05-04,RELAXO.NS
2022-05-04,RELIANCE.NS
2022-05-04,RENUKA.NS
2022-05-04,RHIM.NS
2022-05-04,RITES.NS
2022-05-04,ROSSARI.NS
2022-05-04,ROUTE.NS
2022-05-04,RTNINDIA.NS
2022-05-04,RVNL.NS
2022-05-04,SAIL.NS
2022-05-04,SANOFI.NS
2022-05-04,SAPPHIRE.NS
2022-05-04,SAREGAMA.NS
2022-05-04,SBICARD.NS
2022-05-04,SBILIFE.NS
2022-05-04,SBIN.NS
2022-05-04,SCHAEFFLER.NS
2022-05-04,SCI.NS
2022-05-04,SEQUENT.NS
2022-05-04,SFL.NS
2022-05-04,SHILPAMED.NS
2022-05-04,SHREECEM.NS
2022-05-04,SHRIRAMCIT.NS
2022-05-04,SHYAMMETL.NS
2022-05-04,SIEMENS.NS
2022-05-04,SIS.NS
2022-05-04,SJVN.NS
2022-05-04,SKFINDIA.NS
2022-05-04,SOBHA.NS
2022-05-04,SOLARA.NS
2022-05-04,SOLARINDS.NS
2022-05-04,SONACOMS.NS
2022-05-04,SONATSOFTW.NS
2022-05-04,SPARC.NS
2022-05-04,SPICEJET.NS
2022-05-04,SRF.NS
2022-05-04,SRTRANSFIN.NS
2022-05-04,STAR.NS
2022-05-04,STARHEALTH.NS
2022-05-04,STLTECH.NS
2022-05-04,SUDARSCHEM.NS
2022-05-04,SUMICHEM.NS
2022-05-04,SUNDARMFIN.NS
2022-05-04,SUNDRMFAST.NS
2022-05-04,SUNPHARMA.NS
2022-05-04,SUNTECK.NS
2022-05-04,SUNTV.NS
2022-05-04,SUPRAJIT.NS
2022-05-04,SUPREMEIND.NS
2022-05-04,SUVENPHAR.NS
2022-05-04,SUZLON.NS
2022-05-04,SWSOLAR.NS
2022-05-04,SYMPHONY.NS
2022-05-04,SYNGENE.NS
2022-05-04,TANLA.NS
2022-05-04,TATACHEM.NS
2022-05-04,TATACOFFEE.NS
2022-05-04,TATACOMM.NS
2022-05-04,TATACONSUM.NS
2022-05-04,TATAELXSI.NS
2022-05-04,TATAINVEST.NS
2022-05-04,TATAMOTORS.NS
2022-05-04,TATAMTRDVR.NS
2022-05-04,TATAPOWER.NS
2022-05-04,TATASTEEL.NS
2022-05-04,TATASTLLP.NS
2022-05-04,TCIEXP.NS
2022-05-04,TCNSBRANDS.NS
2022-05-04,TCS.NS
2022-05-04,TEAMLEASE.NS
2022-05-04,TECHM.NS
2022-05-04,THERMAX.NS
2022-05-04,THYROCARE.NS
2022-05-04,TIINDIA.NS
2022-05-04,TIMKEN.NS
2022-05-04,TITAN.NS
2022-05-04,TORNTPHARM.NS
2022-05-04,TORNTPOWER.NS
2022-05-04,TRENT.NS
2022-05-04,TRIDENT.NS
2022-05-04,TRITURBINE.NS
2022-05-04,TTKPRESTIG.NS
2022-05-04,TTML.NS
2022-05-04,TV18BRDCST.NS
2022-05-04,TVSMOTOR.NS
2022-05-04,UBL.NS
2022-05-04,UCOBANK.NS
2022-05-04,UFLEX.NS
2022-05-04,ULTRACEMCO.NS
2022-05-04,UNIONBANK.NS
2022-05-04,UPL.NS
2022-05-04,UTIAMC.NS
2022-05-04,VAIBHAVGBL.NS
2022-05-04,VAKRANGEE.NS
2022-05-04,VARROC.NS
2022-05-04,VBL.NS
2022-05-04,VEDL.NS
2022-05-04,VENKEYS.NS
2022-05-04,VGUARD.NS
2022-05-04,VIJAYA.NS
2022-05-04,VINATIORGA.NS
2022-05-04,VIPIND.NS
2022-05-04,VMART.NS
2022-05-04,VOLTAS.NS
2022-05-04,VTL.NS
2022-05-04,WELCORP.NS
2022-05-04,WELSPUNIND.NS
2022-05-04,WESTLIFE.NS
2022-05-04,WHIRLPOOL.NS
2022-05-04,WIPRO.NS
2022-05-04,WOCKPHARMA.NS
2022-05-04,YESBANK.NS
2022-05-04,ZEEL.NS
2022-05-04,ZENSARTECH.NS
2022-05-04,ZFCVINDIA.NS
2022-05-04,ZOMATO.NS
2022-05-04,ZYDUSLIFE.NS
2022-05-04,ZYDUSWELL.NS
2022-10-09,3MINDIA.NS
2022-10-09,AARTIDRUGS.NS
2022-10-09,AAVAS.NS
2022-10-09,ABB.NS
2022-10-09,ABBOTINDIA.NS
2022-10-09,ABCAPITAL.NS
2022-10-09,ABFRL.NS
2022-10-09,ABSLAMC.NS
2022-10-09,ACC.NS
2022-10-09,ADANIENT.NS
2022-10-09,ADANIGREEN.NS
2022-10-09,ADANIPORTS.NS
2022-10-09,ADANITRANS.NS
2022-10-09,AEGISCHEM.NS
2022-10-09,AETHER.NS
2022-10-09,AFFLE.NS
2022-10-09,AIAENG.NS
2022-10-09,AJANTPHARM.NS
2022-10-09,ALKEM.NS
2022-10-09,ALKYLAMINE.NS
2022-10-09,ALLCARGO.NS
2022-10-09,ALOKINDS.NS
2022-10-09,AMARAJABAT.NS
2022-10-09,AMBER.NS
2022-10-09,AMBUJACEM.NS
2022-10-09,ANGELONE.NS
2022-10-09,ANURAS.NS
2022-10-09,APLAPOLLO.NS
2022-10-09,APLLTD.NS
2022-10-09,APOLLOHOSP.NS
2022-10-09,APOLLOTYRE.NS
2022-10-09,APTUS.NS
2022-10-09,ASAHIINDIA.NS
2022-10-09,ASHOKLEY.NS
2022-10-09,ASIANPAINT.NS
2022-10-09,ASTERDM.NS
2022-10-09,ASTRAL.NS
2022-10-09,ASTRAZEN.NS
2022-10-09,ATGL.NS
2022-10-09,ATUL.NS
2022-10-09,AUBANK.NS
2022-10-09,AUROPHARMA.NS
2022-10-09,AVANTIFEED.NS
2022-10-09,AWL.NS
2022-10-09,AXISBANK.NS
2022-10-09,BAJAJ-AUTO.NS
2022-10-09,BAJAJELEC.NS
2022-10-09,BAJAJFINSV.NS
2022-10-09,BAJAJHLDNG.NS
2022-10-09,BAJFINANCE.NS
2022-10-09,BALAMINES.NS
2022-10-09,BALKRISIND.NS
2022-10-09,BALRAMCHIN.NS
2022-10-09,BANDHANBNK.NS
2022-10-09,BANKBARODA.NS
2022-10-09,BANKINDIA.NS
2022-10-09,BASF.NS
2022-10-09,BATAINDIA.NS
2022-10-09,BAYERCROP.NS
2022-10-09,BBTC.NS
2022-10-09,BCG.NS
2022-10-09,BDL.NS
2022-10-09,BEL.NS
2022-10-09,BERGEPAINT.NS
2022-10-09,BHARATFORG.NS
2022-10-09,BHARATRAS.NS
2022-10-09,BHARTIARTL.NS
2022-10-09,BHEL.NS
2022-10-09,BIOCON.NS
2022-10-09,BIRLACORPN.NS
2022-10-09,BLUEDART.NS
2022-10-09,BLUESTARCO.NS
2022-10-09,BORORENEW.NS
2022-10-09,BOSCHLTD.NS
2022-10-09,BPCL.NS
2022-10-09,BRIGADE.NS
2022-10-09,BRITANNIA.NS
2022-10-09,BSE.NS
2022-10-09,BSOFT.NS
2022-10-09,CAMPUS.NS
2022-10-09,CAMS.NS
2022-10-09,CANBK.NS
2022-10-09,CANFINHOME.NS
2022-10-09,CAPLIPOINT.NS
2022-10-09,CARBORUNIV.NS
2022-10-09,CASTROLIND.NS
2022-10-09,CCL.NS
2022-10-09,CDSL.NS
2022-10-09,CEATLTD.NS
2022-10-09,CENTRALBK.NS
2022-10-09,CENTURYPLY.NS
2022-10-09,CENTURYTEX.NS
2022-10-09,CERA.NS
2022-10-09,CESC.NS
2022-10-09,CGCL.NS
2022-10-09,CGPOWER.NS
2022-10-09,CHALET.NS
2022-10-09,CHAMBLFERT.NS
2022-10-09,CHEMPLASTS.NS
2022-10-09,CHOLAFIN.NS
2022-10-09,CHOLAHLDNG.NS
2022-10-09,CIPLA.NS
2022-10-09,CLEAN.NS
2022-10-09,COALINDIA.NS
2022-10-09,COCHINSHIP.NS
2022-10-09,COFORGE.NS
2022-10-09,COLPAL.NS
2022-10-09,CONCOR.NS
2022-10-09,COROMANDEL.NS
2022-10-09,CREDITACC.NS
2022-10-09,CRISIL.NS
2022-10-09,CROMPTON.NS
2022-10-09,CSBBANK.NS
2022-10-09,CUB.NS
2022-10-09,CUMMINSIND.NS
2022-10-09,CYIENT.NS
2022-10-09,DABUR.NS
2022-10-09,DALBHARAT.NS
2022-10-09,DBL.NS
2022-10-09,DCMSHRIRAM.NS
2022-10-09,DEEPAKFERT.NS
2022-10-09,DEEPAKNTR.NS
2022-10-09,DELHIVERY.NS
2022-10-09,DELTACORP.NS
2022-10-09,DEVYANI.NS
2022-10-09,DHANI.NS
2022-10-09,DIVISLAB.NS
2022-10-09,DIXON.NS
2022-10-09,DLF.NS
2022-10-09,DMART.NS
2022-10-09,DRREDDY.NS
2022-10-09,EASEMYTRIP.NS
2022-10-09,ECLERX.NS
2022-10-09,EDELWEISS.NS
2022-10-09,EICHERMOT.NS
2022-10-09,EIDPARRY.NS
2022-10-09,EIHOTEL.NS
2022-10-09,ELGIEQUIP.NS
2022-10-09,EMAMILTD.NS
2022-10-09,ENDURANCE.NS
2022-10-09,ENGINERSIN.NS
2022-10-09,EPL.NS
2022-10-09,EQUITASBNK.NS
2022-10-09,ESCORTS.NS
2022-10-09,EXIDEIND.NS
2022-10-09,FACT.NS
2022-10-09,FDC.NS
2022-10-09,FEDERALBNK.NS
2022-10-09,FINCABLES.NS
2022-10-09,FINEORG.NS
2022-10-09,FINPIPE.NS
2022-10-09,FLUOROCHEM.NS
2022-10-09,FORTIS.NS
2022-10-09,FSL.NS
2022-10-09,GAEL.NS
2022-10-09,GAIL.NS
2022-10-09,GALAXYSURF.NS
2022-10-09,GARFIBRES.NS
2022-10-09,GESHIP.NS
2022-10-09,GICRE.NS
2022-10-09,GLAND.NS
2022-10-09,GLAXO.NS
2022-10-09,GLENMARK.NS
2022-10-09,GMMPFAUDLR.NS
2022-10-09,GMRINFRA.NS
2022-10-09,GNFC.NS
2022-10-09,GOCOLORS.NS
2022-10-09,GODFRYPHLP.NS
2022-10-09,GODREJAGRO.NS
2022-10-09,GODREJCP.NS
2022-10-09,GODREJIND.NS
2022-10-09,GODREJPROP.NS
2022-10-09,GPPL.NS
2022-10-09,GRANULES.NS
2022-10-09,GRAPHITE.NS
2022-10-09,GRASIM.NS
2022-10-09,GREENPANEL.NS
2022-10-09,GRINDWELL.NS
2022-10-09,GRINFRA.NS
2022-10-09,GSFC.NS
2022-10-09,GSPL.NS
2022-10-09,GUJALKALI.NS
2022-10-09,GUJGASLTD.NS
2022-10-09,HAL.NS
2022-10-09,HAPPSTMNDS.NS
2022-10-09,HATSUN.NS
2022-10-09,HAVELLS.NS
2022-10-09,HCLTECH.NS
2022-10-09,HDFC.NS
2022-10-09,HDFCAMC.NS
2022-10-09,HDFCBANK.NS
2022-10-09,HDFCLIFE.NS
2022-10-09,HEG.NS
2022-10-09,HEROMOTOCO.NS
2022-10-09,HFCL.NS
2022-10-09,HGS.NS
2022-10-09,HIKAL.NS
2022-10-09,HINDALCO.NS
2022-10-09,HINDCOPPER.NS
2022-10-09,HINDPETRO.NS
2022-10-09,HINDUNILVR.NS
2022-10-09,HINDZINC.NS
2022-10-09,HLEGLAS.NS
2022-10-09,HOMEFIRST.NS
2022-10-09,HONAUT.NS
2022-10-09,HUDCO.NS
2022-10-09,IBREALEST.NS
2022-10-09,IBULHSGFIN.NS
2022-10-09,ICICIBANK.NS
2022-10-09,ICICIGI.NS
2022-10-09,ICICIPRULI.NS
2022-10-09,IDBI.NS
2022-10-09,IDEA.NS
2022-10-09,IDFC.NS
2022-10-09,IDFCFIRSTB.NS
2022-10-09,IEX.NS
2022-10-09,IFBIND.NS
2022-10-09,IGL.NS
2022-10-09,IIFL.NS
2022-10-09,IIFLWAM.NS
2022-10-09,INDHOTEL.NS
2022-10-09,INDIACEM.NS
2022-10-09,INDIAMART.NS
2022-10-09,INDIANB.NS
2022-10-09,INDIGO.NS
2022-10-09,INDIGOPNTS.NS
2022-10-09,INDOCO.NS
2022-10-09,INDUSINDBK.NS
2022-10-09,INDUSTOWER.NS
2022-10-09,INFIBEAM.NS
2022-10-09,INFY.NS
2022-10-09,INOXLEISUR.NS
2022-10-09,INTELLECT.NS
2022-10-09,IOB.NS
2022-10-09,IOC.NS
2022-10-09,IPCALAB.NS
2022-10-09,IRB.NS
2022-10-09,IRCTC.NS
2022-10-09,IRFC.NS
2022-10-09,ISEC.NS
2022-10-09,ITC.NS
2022-10-09,ITI.NS
2022-10-09,JAMNAAUTO.NS
2022-10-09,JBCHEPHARM.NS
2022-10-09,JBMA.NS
2022-10-09,JINDALSTEL.NS
2022-10-09,JKCEMENT.NS
2022-10-09,JKLAKSHMI.NS
2022-10-09,JKPAPER.NS
2022-10-09,JMFINANCIL.NS
2022-10-09,JSL.NS
2022-10-09,JSWENERGY.NS
2022-10-09,JSWSTEEL.NS
2022-10-09,JUBLFOOD.NS
2022-10-09,JUBLINGREA.NS
2022-10-09,JUBLPHARMA.NS
2022-10-09,JUSTDIAL.NS
2022-10-09,JYOTHYLAB.NS
2022-10-09,KAJARIACER.NS
2022-10-09,KALPATPOWR.NS
2022-10-09,KALYANKJIL.NS
2022-10-09,KANSAINER.NS
2022-10-09,KARURVYSYA.NS
2022-10-09,KEC.NS
2022-10-09,KEI.NS
2022-10-09,KIMS.NS
2022-10-09,KNRCON.NS
2022-10-09,KOTAKBANK.NS
2022-10-09,KPITTECH.NS
2022-10-09,KPRMILL.NS
2022-10-09,KRBL.NS
2022-10-09,L&TFH.NS
2022-10-09,LALPATHLAB.NS
2022-10-09,LATENTVIEW.NS
2022-10-09,LAURUSLABS.NS
2022-10-09,LAXMIMACH.NS
2022-10-09,LICHSGFIN.NS
2022-10-09,LICI.NS
2022-10-09,LINDEINDIA.NS
2022-10-09,LODHA.NS
2022-10-09,LT.NS
2022-10-09,LTI.NS
2022-10-09,LTTS.NS
2022-10-09,LUPIN.NS
2022-10-09,LUXIND.NS
2022-10-09,LXCHEM.NS
2022-10-09,M&M.NS
2022-10-09,M&MFIN.NS
2022-10-09,MAHABANK.NS
2022-10-09,MAHINDCIE.NS
2022-10-09,MAHLIFE.NS
2022-10-09,MAHLOG.NS
2022-10-09,MANAPPURAM.NS
2022-10-09,MANYAVAR.NS
2022-10-09,MAPMYINDIA.NS
2022-10-09,MARICO.NS
2022-10-09,MARUTI.NS
2022-10-09,MASTEK.NS
2022-10-09,MAXHEALTH.NS
2022-10-09,MAZDOCK.NS
2022-10-09,MCDOWELL-N.NS
2022-10-09,MCX.NS
2022-10-09,MEDPLUS.NS
2022-10-09,METROBRAND.NS
2022-10-09,METROPOLIS.NS
2022-10-09,MFSL.NS
2022-10-09,MGL.NS
2022-10-09,MHRIL.NS
2022-10-09,MMTC.NS
2022-10-09,MOIL.NS
2022-10-09,MOTHERSON.NS
2022-10-09,MOTILALOFS.NS
2022-10-09,MPHASIS.NS
2022-10-09,MRF.NS
2022-10-09,MRPL.NS
2022-10-09,MSUMI.NS
2022-10-09,MTARTECH.NS
2022-10-09,MUTHOOTFIN.NS
2022-10-09,NAM-INDIA.NS
2022-10-09,NATCOPHARM.NS
2022-10-09,NATIONALUM.NS
2022-10-09,NAUKRI.NS
2022-10-09,NAVINFLUOR.NS
2022-10-09,NAZARA.NS
2022-10-09,NBCC.NS
2022-10-09,NCC.NS
2022-10-09,NESTLEIND.NS
2022-10-09,NETWORK18.NS
2022-10-09,NH.NS
2022-10-09,NHPC.NS
2022-10-09,NIACL.NS
2022-10-09,NIITLTD.NS
2022-10-09,NLCINDIA.NS
2022-10-09,NOCIL.NS
2022-10-09,NTPC.NS
2022-10-09,NUVOCO.NS
2022-10-09,NYKAA.NS
2022-10-09,OBEROIRLTY.NS
2022-10-09,OFSS.NS
2022-10-09,OIL.NS
2022-10-09,OLECTRA.NS
2022-10-09,ONGC.NS
2022-10-09,ORIENTELEC.NS
2022-10-09,PAGEIND.NS
2022-10-09,PATANJALI.NS
2022-10-09,PAYTM.NS
2022-10-09,PCBL.NS
2022-10-09,PERSISTENT.NS
2022-10-09,PETRONET.NS
2022-10-09,PFC.NS
2022-10-09,PFIZER.NS
2022-10-09,PGHH.NS
2022-10-09,PGHL.NS
2022-10-09,PHOENIXLTD.NS
2022-10-09,PIDILITIND.NS
2022-10-09,PIIND.NS
2022-10-09,PNB.NS
2022-10-09,PNBHOUSING.NS
2022-10-09,PNCINFRA.NS
2022-10-09,POLICYBZR.NS
2022-10-09,POLYCAB.NS
2022-10-09,POLYMED.NS
2022-10-09,POLYPLEX.NS
2022-10-09,POONAWALLA.NS
2022-10-09,POWERGRID.NS
2022-10-09,POWERINDIA.NS
2022-10-09,PRAJIND.NS
2022-10-09,PRESTIGE.NS
2022-10-09,PRINCEPIPE.NS
2022-10-09,PRIVISCL.NS
2022-10-09,PRSMJOHNSN.NS
2022-10-09,PVR.NS
2022-10-09,QUESS.NS
2022-10-09,RADICO.NS
2022-10-09,RAIN.NS
2022-10-09,RAJESHEXPO.NS
2022-10-09,RALLIS.NS
2022-10-09,RAMCOCEM.NS
2022-10-09,RATNAMANI.NS
2022-10-09,RAYMOND.NS
2022-10-09,RBA.NS
2022-10-09,RBLBANK.NS
2022-10-09,RCF.NS
2022-10-09,RECLTD.NS
2022-10-09,REDINGTON.NS
2022-10-09,RELAXO.NS
2022-10-09,RELIANCE.NS
2022-10-09,RENUKA.NS
2022-10-09,RHIM.NS
2022-10-09,RITES.NS
2022-10-09,ROSSARI.NS
2022-10-09,ROUTE.NS
2022-10-09,RTNINDIA.NS
2022-10-09,RVNL.NS
2022-10-09,SAIL.NS
2022-10-09,SANOFI.NS
2022-10-09,SAPPHIRE.NS
2022-10-09,SAREGAMA.NS
2022-10-09,SBICARD.NS
2022-10-09,SBILIFE.NS
2022-10-09,SBIN.NS
2022-10-09,SCHAEFFLER.NS
2022-10-09,SCI.NS
2022-10-09,SFL.NS
2022-10-09,SHARDACROP.NS
2022-10-09,SHILPAMED.NS
2022-10-09,SHOPERSTOP.NS
2022-10-09,SHREECEM.NS
2022-10-09,SHYAMMETL.NS
2022-10-09,SIEMENS.NS
2022-10-09,SIS.NS
2022-10-09,SJVN.NS
2022-10-09,SKFINDIA.NS
2022-10-09,SOBHA.NS
2022-10-09,SOLARINDS.NS
2022-10-09,SONACOMS.NS
2022-10-09,SONATSOFTW.NS
2022-10-09,SPARC.NS
2022-10-09,SRF.NS
2022-10-09,SRTRANSFIN.NS
2022-10-09,STARHEALTH.NS
2022-10-09,STLTECH.NS
2022-10-09,SUDARSCHEM.NS
2022-10-09,SUMICHEM.NS
2022-10-09,SUNDARMFIN.NS
2022-10-09,SUNDRMFAST.NS
2022-10-09,SUNPHARMA.NS
2022-10-09,SUNTECK.NS
2022-10-09,SUNTV.NS
2022-10-09,SUPRAJIT.NS
2022-10-09,SUPREMEIND.NS
2022-10-09,SUVENPHAR.NS
2022-10-09,SUZLON.NS
2022-10-09,SWANENERGY.NS
2022-10-09,SWSOLAR.NS
2022-10-09,SYMPHONY.NS
2022-10-09,SYNGENE.NS
2022-10-09,TANLA.NS
2022-10-09,TATACHEM.NS
2022-10-09,TATACOFFEE.NS
2022-10-09,TATACOMM.NS
2022-10-09,TATACONSUM.NS
2022-10-09,TATAELXSI.NS
2022-10-09,TATAINVEST.NS
2022-10-09,TATAMOTORS.NS
2022-10-09,TATAMTRDVR.NS
2022-10-09,TATAPOWER.NS
2022-10-09,TATASTEEL.NS
2022-10-09,TCI.NS
2022-10-09,TCIEXP.NS
2022-10-09,TCNSBRANDS.NS
2022-10-09,TCS.NS
2022-10-09,TEAMLEASE.NS
2022-10-09,TECHM.NS
2022-10-09,TEJASNET.NS
2022-10-09,THERMAX.NS
2022-10-09,THYROCARE.NS
2022-10-09,TIINDIA.NS
2022-10-09,TIMKEN.NS
2022-10-09,TITAN.NS
2022-10-09,TORNTPHARM.NS
2022-10-09,TORNTPOWER.NS
2022-10-09,TRENT.NS
2022-10-09,TRIDENT.NS
2022-10-09,TRITURBINE.NS
2022-10-09,TRIVENI.NS
2022-10-09,TTKPRESTIG.NS
2022-10-09,TTML.NS
2022-10-09,TV18BRDCST.NS
2022-10-09,TVSMOTOR.NS
2022-10-09,UBL.NS
2022-10-09,UFLEX.NS
2022-10-09,ULTRACEMCO.NS
2022-10-09,UNIONBANK.NS
2022-10-09,UNOMINDA.NS
2022-10-09,UPL.NS
2022-10-09,UTIAMC.NS
2022-10-09,VAIBHAVGBL.NS
2022-10-09,VARROC.NS
2022-10-09,VBL.NS
2022-10-09,VEDL.NS
2022-10-09,VGUARD.NS
2022-10-09,VIJAYA.NS
2022-10-09,VINATIORGA.NS
2022-10-09,VIPIND.NS
2022-10-09,VMART.NS
2022-10-09,VOLTAS.NS
2022-10-09,VTL.NS
2022-10-09,WELCORP.NS
2022-10-09,WELSPUNIND.NS
2022-10-09,WESTLIFE.NS
2022-10-09,WHIRLPOOL.NS
2022-10-09,WIPRO.NS
2022-10-09,WOCKPHARMA.NS
2022-10-09,YESBANK.NS
2022-10-09,ZEEL.NS
2022-10-09,ZENSARTECH.NS
2022-10-09,ZFCVINDIA.NS
2022-10-09,ZOMATO.NS
2022-10-09,ZYDUSLIFE.NS
2022-10-09,ZYDUSWELL.NS
2023-04-04,360ONE.NS
2023-04-04,3MINDIA.NS
2023-04-04,AARTIDRUGS.NS
2023-04-04,AARTIIND.NS
2023-04-04,AAVAS.NS
2023-04-04,ABB.NS
2023-04-04,ABBOTINDIA.NS
2023-04-04,ABCAPITAL.NS
2023-04-04,ABFRL.NS
2023-04-04,ACC.NS
2023-04-04,ACI.NS
2023-04-04,ADANIENT.NS
2023-04-04,ADANIGREEN.NS
2023-04-04,ADANIPORTS.NS
2023-04-04,ADANIPOWER.NS
2023-04-04,ADANITRANS.NS
2023-04-04,AEGISCHEM.NS
2023-04-04,AETHER.NS
2023-04-04,AFFLE.NS
2023-04-04,AIAENG.NS
2023-04-04,AJANTPHARM.NS
2023-04-04,ALKEM.NS
2023-04-04,ALKYLAMINE.NS
2023-04-04,AMARAJABAT.NS
2023-04-04,AMBER.NS
2023-04-04,AMBUJACEM.NS
2023-04-04,ANGELONE.NS
2023-04-04,ANURAS.NS
2023-04-04,APARINDS.NS
2023-04-04,APLAPOLLO.NS
2023-04-04,APLLTD.NS
2023-04-04,APOLLOHOSP.NS
2023-04-04,APOLLOTYRE.NS
2023-04-04,APTUS.NS
2023-04-04,ASAHIINDIA.NS
2023-04-04,ASHOKLEY.NS
2023-04-04,ASIANPAINT.NS
2023-04-04,ASTERDM.NS
2023-04-04,ASTRAL.NS
2023-04-04,ATGL.NS
2023-04-04,ATUL.NS
2023-04-04,AUBANK.NS
2023-04-04,AUROPHARMA.NS
2023-04-04,AVANTIFEED.NS
2023-04-04,AWL.NS
2023-04-04,AXISBANK.NS
2023-04-04,BAJAJ-AUTO.NS
2023-04-04,BAJAJELEC.NS
2023-04-04,BAJAJFINSV.NS
2023-04-04,BAJAJHLDNG.NS
2023-04-04,BAJFINANCE.NS
2023-04-04,BALAMINES.NS
2023-04-04,BALKRISIND.NS
2023-04-04,BALRAMCHIN.NS
2023-04-04,BANDHANBNK.NS
2023-04-04,BANKBARODA.NS
2023-04-04,BANKINDIA.NS
2023-04-04,BASF.NS
2023-04-04,BATAINDIA.NS
2023-04-04,BAYERCROP.NS
2023-04-04,BBTC.NS
2023-04-04,BCG.NS
2023-04-04,BDL.NS
2023-04-04,BEL.NS
2023-04-04,BEML.NS
2023-04-04,BERGEPAINT.NS
2023-04-04,BHARATFORG.NS
2023-04-04,BHARTIARTL.NS
2023-04-04,BHEL.NS
2023-04-04,BIKAJI.NS
2023-04-04,BIOCON.NS
2023-04-04,BIRLACORPN.NS
2023-04-04,BLS.NS
2023-04-04,BLUEDART.NS
2023-04-04,BLUESTARCO.NS
2023-04-04,BORORENEW.NS
2023-04-04,BOSCHLTD.NS
2023-04-04,BPCL.NS
2023-04-04,BRIGADE.NS
2023-04-04,BRITANNIA.NS
2023-04-04,BSE.NS
2023-04-04,BSOFT.NS
2023-04-04,CAMPUS.NS
2023-04-04,CAMS.NS
2023-04-04,CANBK.NS
2023-04-04,CANFINHOME.NS
2023-04-04,CARBORUNIV.NS
2023-04-04,CASTROLIND.NS
2023-04-04,CCL.NS
2023-04-04,CDSL.NS
2023-04-04,CEATLTD.NS
2023-04-04,CENTRALBK.NS
2023-04-04,CENTURYPLY.NS
2023-04-04,CENTURYTEX.NS
2023-04-04,CERA.NS
2023-04-04,CESC.NS
2023-04-04,CGCL.NS
2023-04-04,CGPOWER.NS
2023-04-04,CHALET.NS
2023-04-04,CHAMBLFERT.NS
2023-04-04,CHEMPLASTS.NS
2023-04-04,CHOLAFIN.NS
2023-04-04,CHOLAHLDNG.NS
2023-04-04,CIPLA.NS
2023-04-04,CLEAN.NS
2023-04-04,COALINDIA.NS
2023-04-04,COCHINSHIP.NS
2023-04-04,COFORGE.NS
2023-04-04,COLPAL.NS
2023-04-04,CONCOR.NS
2023-04-04,COROMANDEL.NS
2023-04-04,CRAFTSMAN.NS
2023-04-04,CREDITACC.NS
2023-04-04,CRISIL.NS
2023-04-04,CROMPTON.NS
2023-04-04,CSBBANK.NS
2023-04-04,CUB.NS
2023-04-04,CUMMINSIND.NS
2023-04-04,CYIENT.NS
2023-04-04,DABUR.NS
2023-04-04,DALBHARAT.NS
2023-04-04,DATAPATTNS.NS
2023-04-04,DCMSHRIRAM.NS
2023-04-04,DEEPAKFERT.NS
2023-04-04,DEEPAKNTR.NS
2023-04-04,DELHIVERY.NS
2023-04-04,DELTACORP.NS
2023-04-04,DEVYANI.NS
2023-04-04,DIVISLAB.NS
2023-04-04,DIXON.NS
2023-04-04,DLF.NS
2023-04-04,DMART.NS
2023-04-04,DRREDDY.NS
2023-04-04,EASEMYTRIP.NS
2023-04-04,ECLERX.NS
2023-04-04,EDELWEISS.NS
2023-04-04,EICHERMOT.NS
2023-04-04,EIDPARRY.NS
2023-04-04,EIHOTEL.NS
2023-04-04,ELGIEQUIP.NS
2023-04-04,EMAMILTD.NS
2023-04-04,ENDURANCE.NS
2023-04-04,ENGINERSIN.NS
2023-04-04,EPL.NS
2023-04-04,EQUITASBNK.NS
2023-04-04,ESCORTS.NS
2023-04-04,EXIDEIND.NS
2023-04-04,FACT.NS
2023-04-04,FDC.NS
2023-04-04,FEDERALBNK.NS
2023-04-04,FINCABLES.NS
2023-04-04,FINEORG.NS
2023-04-04,FINPIPE.NS
2023-04-04,FIVESTAR.NS
2023-04-04,FLUOROCHEM.NS
2023-04-04,FORTIS.NS
2023-04-04,FSL.NS
2023-04-04,GAEL.NS
2023-04-04,GAIL.NS
2023-04-04,GALAXYSURF.NS
2023-04-04,GARFIBRES.NS
2023-04-04,GESHIP.NS
2023-04-04,GICRE.NS
2023-04-04,GLAND.NS
2023-04-04,GLAXO.NS
2023-04-04,GLENMARK.NS
2023-04-04,GMMPFAUDLR.NS
2023-04-04,GMRINFRA.NS
2023-04-04,GNFC.NS
2023-04-04,GOCOLORS.NS
2023-04-04,GODFRYPHLP.NS
2023-04-04,GODREJAGRO.NS
2023-04-04,GODREJCP.NS
2023-04-04,GODREJIND.NS
2023-04-04,GODREJPROP.NS
2023-04-04,GPPL.NS
2023-04-04,GRANULES.NS
2023-04-04,GRAPHITE.NS
2023-04-04,GRASIM.NS
2023-04-04,GREENPANEL.NS
2023-04-04,GRINDWELL.NS
2023-04-04,GRINFRA.NS
2023-04-04,GSFC.NS
2023-04-04,GSPL.NS
2023-04-04,GUJALKALI.NS
2023-04-04,GUJGASLTD.NS
2023-04-04,HAL.NS
2023-04-04,HAPPSTMNDS.NS
2023-04-04,HAVELLS.NS
2023-04-04,HCLTECH.NS
2023-04-04,HDFC.NS
2023-04-04,HDFCAMC.NS
2023-04-04,HDFCBANK.NS
2023-04-04,HDFCLIFE.NS
2023-04-04,HEG.NS
2023-04-04,HEROMOTOCO.NS
2023-04-04,HFCL.NS
2023-04-04,HGS.NS
2023-04-04,HIKAL.NS
2023-04-04,HINDALCO.NS
2023-04-04,HINDCOPPER.NS
2023-04-04,HINDPETRO.NS
2023-04-04,HINDUNILVR.NS
2023-04-04,HINDZINC.NS
2023-04-04,HLEGLAS.NS
2023-04-04,HOMEFIRST.NS
2023-04-04,HONAUT.NS
2023-04-04,HUDCO.NS
2023-04-04,IBREALEST.NS
2023-04-04,IBULHSGFIN.NS
2023-04-04,ICICIBANK.NS
2023-04-04,ICICIGI.NS
2023-04-04,ICICIPRULI.NS
2023-04-04,IDBI.NS
2023-04-04,IDEA.NS
2023-04-04,IDFC.NS
2023-04-04,IDFCFIRSTB.NS
2023-04-04,IEX.NS
2023-04-04,IFBIND.NS
2023-04-04,IGL.NS
2023-04-04,IIFL.NS
2023-04-04,INDHOTEL.NS
2023-04-04,INDIACEM.NS
2023-04-04,INDIAMART.NS
2023-04-04,INDIANB.NS
2023-04-04,INDIGO.NS
2023-04-04,INDIGOPNTS.NS
2023-04-04,INDUSINDBK.NS
2023-04-04,INDUSTOWER.NS
2023-04-04,INFIBEAM.NS
2023-04-04,INFY.NS
2023-04-04,INGERRAND.NS
2023-04-04,INTELLECT.NS
2023-04-04,IOB.NS
2023-04-04,IOC.NS
2023-04-04,IPCALAB.NS
2023-04-04,IRB.NS
2023-04-04,IRCTC.NS
2023-04-04,IRFC.NS
2023-04-04,ISEC.NS
2023-04-04,ITC.NS
2023-04-04,ITI.NS
2023-04-04,JAMNAAUTO.NS
2023-04-04,JBCHEPHARM.NS
2023-04-04,JBMA.NS
2023-04-04,JINDALSTEL.NS
2023-04-04,JINDWORLD.NS
2023-04-04,JKCEMENT.NS
2023-04-04,JKLAKSHMI.NS
2023-04-04,JKPAPER.NS
2023-04-04,JMFINANCIL.NS
2023-04-04,JSL.NS
2023-04-04,JSWENERGY.NS
2023-04-04,JSWSTEEL.NS
2023-04-04,JUBLFOOD.NS
2023-04-04,JUBLINGREA.NS
2023-04-04,JUBLPHARMA.NS
2023-04-04,JUSTDIAL.NS
2023-04-04,JYOTHYLAB.NS
2023-04-04,KAJARIACER.NS
2023-04-04,KALPATPOWR.NS
2023-04-04,KALYANKJIL.NS
2023-04-04,KANSAINER.NS
2023-04-04,KARURVYSYA.NS
2023-04-04,KEC.NS
2023-04-04,KEI.NS
2023-04-04,KENNAMET.NS
2023-04-04,KFINTECH.NS
2023-04-04,KIMS.NS
2023-04-04,KNRCON.NS
2023-04-04,KOTAKBANK.NS
2023-04-04,KPITTECH.NS
2023-04-04,KPRMILL.NS
2023-04-04,KRBL.NS
2023-04-04,KSB.NS
2023-04-04,L&TFH.NS
2023-04-04,LALPATHLAB.NS
2023-04-04,LATENTVIEW.NS
2023-04-04,LAURUSLABS.NS
2023-04-04,LAXMIMACH.NS
2023-04-04,LEMONTREE.NS
2023-04-04,LICHSGFIN.NS
2023-04-04,LICI.NS
2023-04-04,LINDEINDIA.NS
2023-04-04,LODHA.NS
2023-04-04,LT.NS
2023-04-04,LTIM.NS
2023-04-04,LTTS.NS
2023-04-04,LUPIN.NS
2023-04-04,LUXIND.NS
2023-04-04,LXCHEM.NS
2023-04-04,M&M.NS
2023-04-04,M&MFIN.NS
2023-04-04,MAHABANK.NS
2023-04-04,MAHINDCIE.NS
2023-04-04,MAHLIFE.NS
2023-04-04,MAHLOG.NS
2023-04-04,MANAPPURAM.NS
2023-04-04,MANYAVAR.NS
2023-04-04,MAPMYINDIA.NS
2023-04-04,MARICO.NS
2023-04-04,MARUTI.NS
2023-04-04,MASTEK.NS
2023-04-04,MAXHEALTH.NS
2023-04-04,MAZDOCK.NS
2023-04-04,MCDOWELL-N.NS
2023-04-04,MCX.NS
2023-04-04,MEDANTA.NS
2023-04-04,MEDPLUS.NS
2023-04-04,METROBRAND.NS
2023-04-04,METROPOLIS.NS
2023-04-04,MFL.NS
2023-04-04,MFSL.NS
2023-04-04,MGL.NS
2023-04-04,MHRIL.NS
2023-04-04,MMTC.NS
2023-04-04,MOTHERSON.NS
2023-04-04,MOTILALOFS.NS
2023-04-04,MPHASIS.NS
2023-04-04,MRF.NS
2023-04-04,MRPL.NS
2023-04-04,MSUMI.NS
2023-04-04,MTARTECH.NS
2023-04-04,MUTHOOTFIN.NS
2023-04-04,NAM-INDIA.NS
2023-04-04,NATCOPHARM.NS
2023-04-04,NATIONALUM.NS
2023-04-04,NAUKRI.NS
2023-04-04,NAVINFLUOR.NS
2023-04-04,NAZARA.NS
2023-04-04,NBCC.NS
2023-04-04,NCC.NS
2023-04-04,NESTLEIND.NS
2023-04-04,NETWORK18.NS
2023-04-04,NH.NS
2023-04-04,NHPC.NS
2023-04-04,NIACL.NS
2023-04-04,NLCINDIA.NS
2023-04-04,NMDC.NS
2023-04-04,NOCIL.NS
2023-04-04,NTPC.NS
2023-04-04,NUVOCO.NS
2023-04-04,NYKAA.NS
2023-04-04,OBEROIRLTY.NS
2023-04-04,OFSS.NS
2023-04-04,OIL.NS
2023-04-04,OLECTRA.NS
2023-04-04,ONGC.NS
2023-04-04,ORIENTELEC.NS
2023-04-04,PAGEIND.NS
2023-04-04,PATANJALI.NS
2023-04-04,PAYTM.NS
2023-04-04,PCBL.NS
2023-04-04,PEL.NS
2023-04-04,PERSISTENT.NS
2023-04-04,PETRONET.NS
2023-04-04,PFC.NS
2023-04-04,PFIZER.NS
2023-04-04,PGHH.NS
2023-04-04,PHOENIXLTD.NS
2023-04-04,PIDILITIND.NS
2023-04-04,PIIND.NS
2023-04-04,PNB.NS
2023-04-04,PNBHOUSING.NS
2023-04-04,PNCINFRA.NS
2023-04-04,POLICYBZR.NS
2023-04-04,POLYCAB.NS
2023-04-04,POLYMED.NS
2023-04-04,POLYPLEX.NS
2023-04-04,POONAWALLA.NS
2023-04-04,POWERGRID.NS
2023-04-04,POWERINDIA.NS
2023-04-04,PPLPHARMA.NS
2023-04-04,PRAJIND.NS
2023-04-04,PRESTIGE.NS
2023-04-04,PRINCEPIPE.NS
2023-04-04,PRSMJOHNSN.NS
2023-04-04,PVR.NS
2023-04-04,QUESS.NS
2023-04-04,RADICO.NS
2023-04-04,RAIN.NS
2023-04-04,RAINBOW.NS
2023-04-04,RAJESHEXPO.NS
2023-04-04,RALLIS.NS
2023-04-04,RAMCOCEM.NS
2023-04-04,RATNAMANI.NS
2023-04-04,RAYMOND.NS
2023-04-04,RBA.NS
2023-04-04,RBLBANK.NS
2023-04-04,RCF.NS
2023-04-04,RECLTD.NS
2023-04-04,REDINGTON.NS
2023-04-04,RELAXO.NS
2023-04-04,RELIANCE.NS
2023-04-04,RENUKA.NS
2023-04-04,RHIM.NS
2023-04-04,RITES.NS
2023-04-04,ROSSARI.NS
2023-04-04,ROUTE.NS
2023-04-04,RTNINDIA.NS
2023-04-04,RUSTOMJEE.NS
2023-04-04,RVNL.NS
2023-04-04,SAIL.NS
2023-04-04,SANOFI.NS
2023-04-04,SAPPHIRE.NS
2023-04-04,SBICARD.NS
2023-04-04,SBILIFE.NS
2023-04-04,SBIN.NS
2023-04-04,SCHAEFFLER.NS
2023-04-04,SHARDACROP.NS
2023-04-04,SHOPERSTOP.NS
2023-04-04,SHREECEM.NS
2023-04-04,SHRIRAMFIN.NS
2023-04-04,SHYAMMETL.NS
2023-04-04,SIEMENS.NS
2023-04-04,SJVN.NS
2023-04-04,SKFINDIA.NS
2023-04-04,SOBHA.NS
2023-04-04,SOLARINDS.NS
2023-04-04,SONACOMS.NS
2023-04-04,SONATSOFTW.NS
2023-04-04,SPARC.NS
2023-04-04,SRF.NS
2023-04-04,STARHEALTH.NS
2023-04-04,STLTECH.NS
2023-04-04,SUMICHEM.NS
2023-04-04,SUNDARMFIN.NS
2023-04-04,SUNDRMFAST.NS
2023-04-04,SUNPHARMA.NS
2023-04-04,SUNTECK.NS
2023-04-04,SUNTV.NS
2023-04-04,SUPRAJIT.NS
2023-04-04,SUPREMEIND.NS
2023-04-04,SUVENPHAR.NS
2023-04-04,SUZLON.NS
2023-04-04,SWANENERGY.NS
2023-04-04,SWSOLAR.NS
2023-04-04,SYNGENE.NS
2023-04-04,TANLA.NS
2023-04-04,TATACHEM.NS
2023-04-04,TATACOMM.NS
2023-04-04,TATACONSUM.NS
2023-04-04,TATAELXSI.NS
2023-04-04,TATAINVEST.NS
2023-04-04,TATAMOTORS.NS
2023-04-04,TATAMTRDVR.NS
2023-04-04,TATAPOWER.NS
2023-04-04,TATASTEEL.NS
2023-04-04,TCI.NS
2023-04-04,TCIEXP.NS
2023-04-04,TCNSBRANDS.NS
2023-04-04,TCS.NS
2023-04-04,TEAMLEASE.NS
2023-04-04,TECHM.NS
2023-04-04,TEJASNET.NS
2023-04-04,THERMAX.NS
2023-04-04,TIINDIA.NS
2023-04-04,TIMKEN.NS
2023-04-04,TITAN.NS
2023-04-04,TMB.NS
2023-04-04,TORNTPHARM.NS
2023-04-04,TORNTPOWER.NS
2023-04-04,TRENT.NS
2023-04-04,TRIDENT.NS
2023-04-04,TRITURBINE.NS
2023-04-04,TRIVENI.NS
2023-04-04,TTKPRESTIG.NS
2023-04-04,TTML.NS
2023-04-04,TV18BRDCST.NS
2023-04-04,TVSMOTOR.NS
2023-04-04,UBL.NS
2023-04-04,UCOBANK.NS
2023-04-04,UFLEX.NS
2023-04-04,ULTRACEMCO.NS
2023-04-04,UNIONBANK.NS
2023-04-04,UNOMINDA.NS
2023-04-04,UPL.NS
2023-04-04,UTIAMC.NS
2023-04-04,VAIBHAVGBL.NS
2023-04-04,VARROC.NS
2023-04-04,VBL.NS
2023-04-04,VEDL.NS
2023-04-04,VGUARD.NS
2023-04-04,VIJAYA.NS
2023-04-04,VINATIORGA.NS
2023-04-04,VIPIND.NS
2023-04-04,VMART.NS
2023-04-04,VOLTAS.NS
2023-04-04,VTL.NS
2023-04-04,WELCORP.NS
2023-04-04,WELSPUNIND.NS
2023-04-04,WESTLIFE.NS
2023-04-04,WHIRLPOOL.NS
2023-04-04,WIPRO.NS
2023-04-04,YESBANK.NS
2023-04-04,ZEEL.NS
2023-04-04,ZENSARTECH.NS
2023-04-04,ZFCVINDIA.NS
2023-04-04,ZOMATO.NS
2023-04-04,ZYDUSLIFE.NS
2023-04-04,ZYDUSWELL.NS
2024-02-07,360ONE.NS
2024-02-07,3MINDIA.NS
2024-02-07,AARTIDRUGS.NS
2024-02-07,AARTIIND.NS
2024-02-07,AAVAS.NS
2024-02-07,ABB.NS
2024-02-07,ABBOTINDIA.NS
2024-02-07,ABCAPITAL.NS
2024-02-07,ABFRL.NS
2024-02-07,ACC.NS
2024-02-07,ACI.NS
2024-02-07,ADANIENSOL.NS
2024-02-07,ADANIENT.NS
2024-02-07,ADANIGREEN.NS
2024-02-07,ADANIPORTS.NS
2024-02-07,ADANIPOWER.NS
2024-02-07,AEGISCHEM.NS
2024-02-07,AETHER.NS
2024-02-07,AFFLE.NS
2024-02-07,AIAENG.NS
2024-02-07,AJANTPHARM.NS
2024-02-07,ALKEM.NS
2024-02-07,ALKYLAMINE.NS
2024-02-07,ALLCARGO.NS
2024-02-07,ALOKINDS.NS
2024-02-07,AMBER.NS
2024-02-07,AMBUJACEM.NS
2024-02-07,ANGELONE.NS
2024-02-07,ANURAS.NS
2024-02-07,APARINDS.NS
2024-02-07,APLAPOLLO.NS
2024-02-07,APLLTD.NS
2024-02-07,APOLLOHOSP.NS
2024-02-07,APOLLOTYRE.NS
2024-02-07,APTUS.NS
2024-02-07,ARE&M.NS
2024-02-07,ASAHIINDIA.NS
2024-02-07,ASHOKLEY.NS
2024-02-07,ASIANPAINT.NS
2024-02-07,ASTERDM.NS
2024-02-07,ASTRAL.NS
2024-02-07,ATGL.NS
2024-02-07,ATUL.NS
2024-02-07,AUBANK.NS
2024-02-07,AUROPHARMA.NS
2024-02-07,AVANTIFEED.NS
2024-02-07,AWL.NS
2024-02-07,AXISBANK.NS
2024-02-07,BAJAJ-AUTO.NS
2024-02-07,BAJAJFINSV.NS
2024-02-07,BAJAJHLDNG.NS
2024-02-07,BAJFINANCE.NS
2024-02-07,BALAMINES.NS
2024-02-07,BALKRISIND.NS
2024-02-07,BALRAMCHIN.NS
2024-02-07,BANDHANBNK.NS
2024-02-07,BANKBARODA.NS
2024-02-07,BANKINDIA.NS
2024-02-07,BATAINDIA.NS
2024-02-07,BAYERCROP.NS
2024-02-07,BBTC.NS
2024-02-07,BCG.NS
2024-02-07,BDL.NS
2024-02-07,BEL.NS
2024-02-07,BEML.NS
2024-02-07,BERGEPAINT.NS
2024-02-07,BHARATFORG.NS
2024-02-07,BHARTIARTL.NS
2024-02-07,BHEL.NS
2024-02-07,BIKAJI.NS
2024-02-07,BIOCON.NS
2024-02-07,BIRLACORPN.NS
2024-02-07,BLS.NS
2024-02-07,BLUEDART.NS
2024-02-07,BLUESTARCO.NS
2024-02-07,BORORENEW.NS
2024-02-07,BOSCHLTD.NS
2024-02-07,BPCL.NS
2024-02-07,BRIGADE.NS
2024-02-07,BRITANNIA.NS
2024-02-07,BSE.NS
2024-02-07,BSOFT.NS
2024-02-07,CAMPUS.NS
2024-02-07,CAMS.NS
2024-02-07,CANBK.NS
2024-02-07,CANFINHOME.NS
2024-02-07,CARBORUNIV.NS
2024-02-07,CASTROLIND.NS
2024-02-07,CCL.NS
2024-02-07,CDSL.NS
2024-02-07,CEATLTD.NS
2024-02-07,CENTRALBK.NS
2024-02-07,CENTURYPLY.NS
2024-02-07,CENTURYTEX.NS
2024-02-07,CERA.NS
2024-02-07,CESC.NS
2024-02-07,CGCL.NS
2024-02-07,CGPOWER.NS
2024-02-07,CHALET.NS
2024-02-07,CHAMBLFERT.NS
2024-02-07,CHEMPLASTS.NS
2024-02-07,CHOLAFIN.NS
2024-02-07,CHOLAHLDNG.NS
2024-02-07,CIEINDIA.NS
2024-02-07,CIPLA.NS
2024-02-07,CLEAN.NS
2024-02-07,COALINDIA.NS
2024-02-07,COCHINSHIP.NS
2024-02-07,COFORGE.NS
2024-02-07,COLPAL.NS
2024-02-07,CONCOR.NS
2024-02-07,CONCORDBIO.NS
2024-02-07,COROMANDEL.NS
2024-02-07,CRAFTSMAN.NS
2024-02-07,CREDITACC.NS
2024-02-07,CRISIL.NS
2024-02-07,CROMPTON.NS
2024-02-07,CSBBANK.NS
2024-02-07,CUB.NS
2024-02-07,CUMMINSIND.NS
2024-02-07,CYIENT.NS
2024-02-07,DABUR.NS
2024-02-07,DALBHARAT.NS
2024-02-07,DATAPATTNS.NS
2024-02-07,DCMSHRIRAM.NS
2024-02-07,DEEPAKFERT.NS
2024-02-07,DEEPAKNTR.NS
2024-02-07,DELHIVERY.NS
2024-02-07,DELTACORP.NS
2024-02-07,DEVYANI.NS
2024-02-07,DIVISLAB.NS
2024-02-07,DIXON.NS
2024-02-07,DLF.NS
2024-02-07,DMART.NS
2024-02-07,DRREDDY.NS
2024-02-07,EASEMYTRIP.NS
2024-02-07,ECLERX.NS
2024-02-07,EICHERMOT.NS
2024-02-07,EIDPARRY.NS
2024-02-07,EIHOTEL.NS
2024-02-07,ELGIEQUIP.NS
2024-02-07,EMAMILTD.NS
2024-02-07,ENDURANCE.NS
2024-02-07,ENGINERSIN.NS
2024-02-07,EPIGRAL.NS
2024-02-07,EPL.NS
2024-02-07,EQUITASBNK.NS
2024-02-07,ERIS.NS
2024-02-07,ESCORTS.NS
2024-02-07,EXIDEIND.NS
2024-02-07,FACT.NS
2024-02-07,FDC.NS
2024-02-07,FEDERALBNK.NS
2024-02-07,FINCABLES.NS
2024-02-07,FINEORG.NS
2024-02-07,FINPIPE.NS
2024-02-07,FIVESTAR.NS
2024-02-07,FLUOROCHEM.NS
2024-02-07,FORTIS.NS
2024-02-07,FSL.NS
2024-02-07,GAEL.NS
2024-02-07,GAIL.NS
2024-02-07,GALAXYSURF.NS
2024-02-07,GESHIP.NS
2024-02-07,GICRE.NS
2024-02-07,GILLETTE.NS
2024-02-07,GLAND.NS
2024-02-07,GLAXO.NS
2024-02-07,GLENMARK.NS
2024-02-07,GLS.NS
2024-02-07,GMMPFAUDLR.NS
2024-02-07,GMRINFRA.NS
2024-02-07,GNFC.NS
2024-02-07,GOCOLORS.NS
2024-02-07,GODFRYPHLP.NS
2024-02-07,GODREJCP.NS
2024-02-07,GODREJIND.NS
2024-02-07,GODREJPROP.NS
2024-02-07,GPIL.NS
2024-02-07,GPPL.NS
2024-02-07,GRANULES.NS
2024-02-07,GRAPHITE.NS
2024-02-07,GRASIM.NS
2024-02-07,GRINDWELL.NS
2024-02-07,GRINFRA.NS
2024-02-07,GSFC.NS
2024-02-07,GSPL.NS
2024-02-07,GUJALKALI.NS
2024-02-07,GUJGASLTD.NS
2024-02-07,HAL.NS
2024-02-07,HAPPSTMNDS.NS
2024-02-07,HAVELLS.NS
2024-02-07,HCLTECH.NS
2024-02-07,HDFCAMC.NS
2024-02-07,HDFCBANK.NS
2024-02-07,HDFCLIFE.NS
2024-02-07,HEG.NS
2024-02-07,HEROMOTOCO.NS
2024-02-07,HFCL.NS
2024-02-07,HINDALCO.NS
2024-02-07,HINDCOPPER.NS
2024-02-07,HINDPETRO.NS
2024-02-07,HINDUNILVR.NS
2024-02-07,HINDZINC.NS
2024-02-07,HLEGLAS.NS
2024-02-07,HOMEFIRST.NS
2024-02-07,HONAUT.NS
2024-02-07,HUDCO.NS
2024-02-07,IBULHSGFIN.NS
2024-02-07,ICICIBANK.NS
2024-02-07,ICICIGI.NS
2024-02-07,ICICIPRULI.NS
2024-02-07,IDBI.NS
2024-02-07,IDEA.NS
2024-02-07,IDFC.NS
2024-02-07,IDFCFIRSTB.NS
2024-02-07,IEX.NS
2024-02-07,IGL.NS
2024-02-07,IIFL.NS
2024-02-07,INDHOTEL.NS
2024-02-07,INDIACEM.NS
2024-02-07,INDIAMART.NS
2024-02-07,INDIANB.NS
2024-02-07,INDIGO.NS
2024-02-07,INDIGOPNTS.NS
2024-02-07,INDUSINDBK.NS
2024-02-07,INDUSTOWER.NS
2024-02-07,INFIBEAM.NS
2024-02-07,INFY.NS
2024-02-07,INGERRAND.NS
2024-02-07,INTELLECT.NS
2024-02-07,IOB.NS
2024-02-07,IOC.NS
2024-02-07,IPCALAB.NS
2024-02-07,IRB.NS
2024-02-07,IRCON.NS
2024-02-07,IRCTC.NS
2024-02-07,IRFC.NS
2024-02-07,ISEC.NS
2024-02-07,ITC.NS
2024-02-07,ITI.NS
2024-02-07,JAMNAAUTO.NS
2024-02-07,JBCHEPHARM.NS
2024-02-07,JBMA.NS
2024-02-07,JINDALSAW.NS
2024-02-07,JINDALSTEL.NS
2024-02-07,JKCEMENT.NS
2024-02-07,JKLAKSHMI.NS
2024-02-07,JKPAPER.NS
2024-02-07,JMFINANCIL.NS
2024-02-07,JSL.NS
2024-02-07,JSWENERGY.NS
2024-02-07,JSWSTEEL.NS
2024-02-07,JUBLFOOD.NS
2024-02-07,JUBLINGREA.NS
2024-02-07,JUBLPHARMA.NS
2024-02-07,JUSTDIAL.NS
2024-02-07,JYOTHYLAB.NS
2024-02-07,KAJARIACER.NS
2024-02-07,KALYANKJIL.NS
2024-02-07,KANSAINER.NS
2024-02-07,KARURVYSYA.NS
2024-02-07,KAYNES.NS
2024-02-07,KEC.NS
2024-02-07,KEI.NS
2024-02-07,KFINTECH.NS
2024-02-07,KIMS.NS
2024-02-07,KNRCON.NS
2024-02-07,KOTAKBANK.NS
2024-02-07,KPIL.NS
2024-02-07,KPITTECH.NS
2024-02-07,KPRMILL.NS
2024-02-07,KRBL.NS
2024-02-07,KSB.NS
2024-02-07,L&TFH.NS
2024-02-07,LALPATHLAB.NS
2024-02-07,LATENTVIEW.NS
2024-02-07,LAURUSLABS.NS
2024-02-07,LAXMIMACH.NS
2024-02-07,LEMONTREE.NS
2024-02-07,LICHSGFIN.NS
2024-02-07,LICI.NS
2024-02-07,LINDEINDIA.NS
2024-02-07,LODHA.NS
2024-02-07,LT.NS
2024-02-07,LTIM.NS
2024-02-07,LTTS.NS
2024-02-07,LUPIN.NS
2024-02-07,LUXIND.NS
2024-02-07,LXCHEM.NS
2024-02-07,M&M.NS
2024-02-07,M&MFIN.NS
2024-02-07,MAHABANK.NS
2024-02-07,MAHLIFE.NS
2024-02-07,MANAPPURAM.NS
2024-02-07,MANKIND.NS
2024-02-07,MANYAVAR.NS
2024-02-07,MAPMYINDIA.NS
2024-02-07,MARICO.NS
2024-02-07,MARUTI.NS
2024-02-07,MASTEK.NS
2024-02-07,MAXHEALTH.NS
2024-02-07,MAZDOCK.NS
2024-02-07,MCDOWELL-N.NS
2024-02-07,MCX.NS
2024-02-07,MEDANTA.NS
2024-02-07,MEDPLUS.NS
2024-02-07,METROBRAND.NS
2024-02-07,METROPOLIS.NS
2024-02-07,MFSL.NS
2024-02-07,MGL.NS
2024-02-07,MHRIL.NS
2024-02-07,MINDACORP.NS
2024-02-07,MMTC.NS
2024-02-07,MOTHERSON.NS
2024-02-07,MOTILALOFS.NS
2024-02-07,MPHASIS.NS
2024-02-07,MRF.NS
2024-02-07,MRPL.NS
2024-02-07,MSUMI.NS
2024-02-07,MTARTECH.NS
2024-02-07,MUTHOOTFIN.NS
2024-02-07,NAM-INDIA.NS
2024-02-07,NATCOPHARM.NS
2024-02-07,NATIONALUM.NS
2024-02-07,NAUKRI.NS
2024-02-07,NAVINFLUOR.NS
2024-02-07,NAZARA.NS
2024-02-07,NBCC.NS
2024-02-07,NCC.NS
2024-02-07,NESTLEIND.NS
2024-02-07,NETWORK18.NS
2024-02-07,NH.NS
2024-02-07,NHPC.NS
2024-02-07,NIACL.NS
2024-02-07,NLCINDIA.NS
2024-02-07,NMDC.NS
2024-02-07,NSLNISP.NS
2024-02-07,NTPC.NS
2024-02-07,NUVOCO.NS
2024-02-07,NYKAA.NS
2024-02-07,OBEROIRLTY.NS
2024-02-07,OFSS.NS
2024-02-07,OIL.NS
2024-02-07,OLECTRA.NS
2024-02-07,ONGC.NS
2024-02-07,ORIENTELEC.NS
2024-02-07,PAGEIND.NS
2024-02-07,PATANJALI.NS
2024-02-07,PAYTM.NS
2024-02-07,PCBL.NS
2024-02-07,PEL.NS
2024-02-07,PERSISTENT.NS
2024-02-07,PETRONET.NS
2024-02-07,PFC.NS
2024-02-07,PFIZER.NS
2024-02-07,PGHH.NS
2024-02-07,PGHL.NS
2024-02-07,PHOENIXLTD.NS
2024-02-07,PIDILITIND.NS
2024-02-07,PIIND.NS
2024-02-07,PNB.NS
2024-02-07,PNBHOUSING.NS
2024-02-07,PNCINFRA.NS
2024-02-07,POLICYBZR.NS
2024-02-07,POLYCAB.NS
2024-02-07,POLYMED.NS
2024-02-07,POLYPLEX.NS
2024-02-07,POONAWALLA.NS
2024-02-07,POWERGRID.NS
2024-02-07,POWERINDIA.NS
2024-02-07,PPLPHARMA.NS
2024-02-07,PRAJIND.NS
2024-02-07,PRESTIGE.NS
2024-02-07,PRINCEPIPE.NS
2024-02-07,PRSMJOHNSN.NS
2024-02-07,PVRINOX.NS
2024-02-07,QUESS.NS
2024-02-07,RADICO.NS
2024-02-07,RAIN.NS
2024-02-07,RAINBOW.NS
2024-02-07,RAJESHEXPO.NS
2024-02-07,RALLIS.NS
2024-02-07,RAMCOCEM.NS
2024-02-07,RATNAMANI.NS
2024-02-07,RAYMOND.NS
2024-02-07,RBA.NS
2024-02-07,RBLBANK.NS
2024-02-07,RCF.NS
2024-02-07,RECLTD.NS
2024-02-07,REDINGTON.NS
2024-02-07,RELAXO.NS
2024-02-07,RELIANCE.NS
2024-02-07,RENUKA.NS
2024-02-07,RHIM.NS
2024-02-07,RITES.NS
2024-02-07,ROSSARI.NS
2024-02-07,ROUTE.NS
2024-02-07,RTNINDIA.NS
2024-02-07,RVNL.NS
2024-02-07,SAFARI.NS
2024-02-07,SAIL.NS
2024-02-07,SANOFI.NS
2024-02-07,SAPPHIRE.NS
2024-02-07,SAREGAMA.NS
2024-02-07,SBICARD.NS
2024-02-07,SBILIFE.NS
2024-02-07,SBIN.NS
2024-02-07,SCHAEFFLER.NS
2024-02-07,SFL.NS
2024-02-07,SHARDACROP.NS
2024-02-07,SHOPERSTOP.NS
2024-02-07,SHREECEM.NS
2024-02-07,SHRIRAMFIN.NS
2024-02-07,SHYAMMETL.NS
2024-02-07,SIEMENS.NS
2024-02-07,SJVN.NS
2024-02-07,SKFINDIA.NS
2024-02-07,SOBHA.NS
2024-02-07,SOLARINDS.NS
2024-02-07,SONACOMS.NS
2024-02-07,SONATSOFTW.NS
2024-02-07,SPARC.NS
2024-02-07,SRF.NS
2024-02-07,STARHEALTH.NS
2024-02-07,STLTECH.NS
2024-02-07,SUMICHEM.NS
2024-02-07,SUNDARMFIN.NS
2024-02-07,SUNDRMFAST.NS
2024-02-07,SUNPHARMA.NS
2024-02-07,SUNTECK.NS
2024-02-07,SUNTV.NS
2024-02-07,SUPRAJIT.NS
2024-02-07,SUPREMEIND.NS
2024-02-07,SUVENPHAR.NS
2024-02-07,SUZLON.NS
2024-02-07,SWANENERGY.NS
2024-02-07,SWSOLAR.NS
2024-02-07,SYMPHONY.NS
2024-02-07,SYNGENE.NS
2024-02-07,SYRMA.NS
2024-02-07,TANLA.NS
2024-02-07,TATACHEM.NS
2024-02-07,TATACOMM.NS
2024-02-07,TATACONSUM.NS
2024-02-07,TATAELXSI.NS
2024-02-07,TATAINVEST.NS
2024-02-07,TATAMOTORS.NS
2024-02-07,TATAMTRDVR.NS
2024-02-07,TATAPOWER.NS
2024-02-07,TATASTEEL.NS
2024-02-07,TCS.NS
2024-02-07,TEAMLEASE.NS
2024-02-07,TECHM.NS
2024-02-07,TEJASNET.NS
2024-02-07,THERMAX.NS
2024-02-07,TIINDIA.NS
2024-02-07,TIMKEN.NS
2024-02-07,TITAN.NS
2024-02-07,TORNTPHARM.NS
2024-02-07,TORNTPOWER.NS
2024-02-07,TRENT.NS
2024-02-07,TRIDENT.NS
2024-02-07,TRITURBINE.NS
2024-02-07,TRIVENI.NS
2024-02-07,TTKPRESTIG.NS
2024-02-07,TTML.NS
2024-02-07,TV18BRDCST.NS
2024-02-07,TVSMOTOR.NS
2024-02-07,UBL.NS
2024-02-07,UCOBANK.NS
2024-02-07,UJJIVANSFB.NS
2024-02-07,ULTRACEMCO.NS
2024-02-07,UNIONBANK.NS
2024-02-07,UNOMINDA.NS
2024-02-07,UPL.NS
2024-02-07,USHAMART.NS
2024-02-07,UTIAMC.NS
2024-02-07,VAIBHAVGBL.NS
2024-02-07,VARROC.NS
2024-02-07,VBL.NS
2024-02-07,VEDL.NS
2024-02-07,VGUARD.NS
2024-02-07,VIJAYA.NS
2024-02-07,VINATIORGA.NS
2024-02-07,VIPIND.NS
2024-02-07,VMART.NS
2024-02-07,VOLTAS.NS
2024-02-07,VTL.NS
2024-02-07,WELCORP.NS
2024-02-07,WELSPUNLIV.NS
2024-02-07,WESTLIFE.NS
2024-02-07,WHIRLPOOL.NS
2024-02-07,WIPRO.NS
2024-02-07,YESBANK.NS
2024-02-07,ZEEL.NS
2024-02-07,ZENSARTECH.NS
2024-02-07,ZFCVINDIA.NS
2024-02-07,ZOMATO.NS
2024-02-07,ZYDUSLIFE.NS
2024-02-07,ZYDUSWELL.NS
2025-06-16,360ONE.NS
2025-06-16,3MINDIA.NS
2025-06-16,AADHARHFC.NS
2025-06-16,AARTIIND.NS
2025-06-16,AAVAS.NS
2025-06-16,ABB.NS
2025-06-16,ABBOTINDIA.NS
2025-06-16,ABCAPITAL.NS
2025-06-16,ABFRL.NS
2025-06-16,ABREL.NS
2025-06-16,ABSLAMC.NS
2025-06-16,ACC.NS
2025-06-16,ACE.NS
2025-06-16,ACMESOLAR.NS
2025-06-16,ADANIENSOL.NS
2025-06-16,ADANIENT.NS
2025-06-16,ADANIGREEN.NS
2025-06-16,ADANIPORTS.NS
2025-06-16,ADANIPOWER.NS
2025-06-16,AEGISLOG.NS
2025-06-16,AFCONS.NS
2025-06-16,AFFLE.NS
2025-06-16,AIAENG.NS
2025-06-16,AIIL.NS
2025-06-16,AJANTPHARM.NS
2025-06-16,AKUMS.NS
2025-06-16,ALIVUS.NS
2025-06-16,ALKEM.NS
2025-06-16,ALKYLAMINE.NS
2025-06-16,ALOKINDS.NS
2025-06-16,AMBER.NS
2025-06-16,AMBUJACEM.NS
2025-06-16,ANANDRATHI.NS
2025-06-16,ANANTRAJ.NS
2025-06-16,ANGELONE.NS
2025-06-16,APARINDS.NS
2025-06-16,APLAPOLLO.NS
2025-06-16,APLLTD.NS
2025-06-16,APOLLOHOSP.NS
2025-06-16,APOLLOTYRE.NS
2025-06-16,APTUS.NS
2025-06-16,ARE&M.NS
2025-06-16,ASAHIINDIA.NS
2025-06-16,ASHOKLEY.NS
2025-06-16,ASIANPAINT.NS
2025-06-16,ASTERDM.NS
2025-06-16,ASTRAL.NS
2025-06-16,ASTRAZEN.NS
2025-06-16,ATGL.NS
2025-06-16,ATUL.NS
2025-06-16,AUBANK.NS
2025-06-16,AUROPHARMA.NS
2025-06-16,AWL.NS
2025-06-16,AXISBANK.NS
2025-06-16,BAJAJ-AUTO.NS
2025-06-16,BAJAJFINSV.NS
2025-06-16,BAJAJHFL.NS
2025-06-16,BAJAJHLDNG.NS
2025-06-16,BAJFINANCE.NS
2025-06-16,BALKRISIND.NS
2025-06-16,BALRAMCHIN.NS
2025-06-16,BANDHANBNK.NS
2025-06-16,BANKBARODA.NS
2025-06-16,BANKINDIA.NS
2025-06-16,BASF.NS
2025-06-16,BATAINDIA.NS
2025-06-16,BAYERCROP.NS
2025-06-16,BBTC.NS
2025-06-16,BDL.NS
2025-06-16,BEL.NS
2025-06-16,BEML.NS
2025-06-16,BERGEPAINT.NS
2025-06-16,BHARATFORG.NS
2025-06-16,BHARTIARTL.NS
2025-06-16,BHARTIHEXA.NS
2025-06-16,BHEL.NS
2025-06-16,BIKAJI.NS
2025-06-16,BIOCON.NS
2025-06-16,BLS.NS
2025-06-16,BLUEDART.NS
2025-06-16,BLUESTARCO.NS
2025-06-16,BOSCHLTD.NS
2025-06-16,BPCL.NS
2025-06-16,BRIGADE.NS
2025-06-16,BRITANNIA.NS
2025-06-16,BSE.NS
2025-06-16,BSOFT.NS
2025-06-16,CAMPUS.NS
2025-06-16,CAMS.NS
2025-06-16,CANBK.NS
2025-06-16,CANFINHOME.NS
2025-06-16,CAPLIPOINT.NS
2025-06-16,CARBORUNIV.NS
2025-06-16,CASTROLIND.NS
2025-06-16,CCL.NS
2025-06-16,CDSL.NS
2025-06-16,CEATLTD.NS
2025-06-16,CENTRALBK.NS
2025-06-16,CENTURYPLY.NS
2025-06-16,CERA.NS
2025-06-16,CESC.NS
2025-06-16,CGCL.NS
2025-06-16,CGPOWER.NS
2025-06-16,CHALET.NS
2025-06-16,CHAMBLFERT.NS
2025-06-16,CHENNPETRO.NS
2025-06-16,CHOLAFIN.NS
2025-06-16,CHOLAHLDNG.NS
2025-06-16,CIPLA.NS
2025-06-16,CLEAN.NS
2025-06-16,COALINDIA.NS
2025-06-16,COCHINSHIP.NS
2025-06-16,COFORGE.NS
2025-06-16,COHANCE.NS
2025-06-16,COLPAL.NS
2025-06-16,CONCOR.NS
2025-06-16,CONCORDBIO.NS
2025-06-16,COROMANDEL.NS
2025-06-16,CRAFTSMAN.NS
2025-06-16,CREDITACC.NS
2025-06-16,CRISIL.NS
2025-06-16,CROMPTON.NS
2025-06-16,CUB.NS
2025-06-16,CUMMINSIND.NS
2025-06-16,CYIENT.NS
2025-06-16,DABUR.NS
2025-06-16,DALBHARAT.NS
2025-06-16,DATAPATTNS.NS
2025-06-16,DBREALTY.NS
2025-06-16,DCMSHRIRAM.NS
2025-06-16,DEEPAKFERT.NS
2025-06-16,DEEPAKNTR.NS
2025-06-16,DELHIVERY.NS
2025-06-16,DEVYANI.NS
2025-06-16,DIVISLAB.NS
2025-06-16,DIXON.NS
2025-06-16,DLF.NS
2025-06-16,DMART.NS
2025-06-16,DOMS.NS
2025-06-16,DRREDDY.NS
2025-06-16,DUMMYABFRL.NS
2025-06-16,DUMMYRAYMN.NS
2025-06-16,DUMMYSIEMS.NS
2025-06-16,ECLERX.NS
2025-06-16,EICHERMOT.NS
2025-06-16,EIDPARRY.NS
2025-06-16,EIHOTEL.NS
2025-06-16,ELECON.NS
2025-06-16,ELGIEQUIP.NS
2025-06-16,EMAMILTD.NS
2025-06-16,EMCURE.NS
2025-06-16,ENDURANCE.NS
2025-06-16,ENGINERSIN.NS
2025-06-16,ERIS.NS
2025-06-16,ESCORTS.NS
2025-06-16,ETERNAL.NS
2025-06-16,EXIDEIND.NS
2025-06-16,FACT.NS
2025-06-16,FEDERALBNK.NS
2025-06-16,FINCABLES.NS
2025-06-16,FINPIPE.NS
2025-06-16,FIRSTCRY.NS
2025-06-16,FIVESTAR.NS
2025-06-16,FLUOROCHEM.NS
2025-06-16,FORTIS.NS
2025-06-16,FSL.NS
2025-06-16,GAIL.NS
2025-06-16,GESHIP.NS
2025-06-16,GICRE.NS
2025-06-16,GILLETTE.NS
2025-06-16,GLAND.NS
2025-06-16,GLAXO.NS
2025-06-16,GLENMARK.NS
2025-06-16,GMDCLTD.NS
2025-06-16,GMRAIRPORT.NS
2025-06-16,GNFC.NS
2025-06-16,GODFRYPHLP.NS
2025-06-16,GODIGIT.NS
2025-06-16,GODREJAGRO.NS
2025-06-16,GODREJCP.NS
2025-06-16,GODREJIND.NS
2025-06-16,GODREJPROP.NS
2025-06-16,GPIL.NS
2025-06-16,GPPL.NS
2025-06-16,GRANULES.NS
2025-06-16,GRAPHITE.NS
2025-06-16,GRASIM.NS
2025-06-16,GRAVITA.NS
2025-06-16,GRSE.NS
2025-06-16,GSPL.NS
2025-06-16,GUJGASLTD.NS
2025-06-16,GVT&D.NS
2025-06-16,HAL.NS
2025-06-16,HAPPSTMNDS.NS
2025-06-16,HAVELLS.NS
2025-06-16,HBLENGINE.NS
2025-06-16,HCLTECH.NS
2025-06-16,HDFCAMC.NS
2025-06-16,HDFCBANK.NS
2025-06-16,HDFCLIFE.NS
2025-06-16,HEG.NS
2025-06-16,HEROMOTOCO.NS
2025-06-16,HFCL.NS
2025-06-16,HINDALCO.NS
2025-06-16,HINDCOPPER.NS
2025-06-16,HINDPETRO.NS
2025-06-16,HINDUNILVR.NS
2025-06-16,HINDZINC.NS
2025-06-16,HOMEFIRST.NS
2025-06-16,HONASA.NS
2025-06-16,HONAUT.NS
2025-06-16,HSCL.NS
2025-06-16,HUDCO.NS
2025-06-16,HYUNDAI.NS
2025-06-16,ICICIBANK.NS
2025-06-16,ICICIGI.NS
2025-06-16,ICICIPRULI.NS
2025-06-16,IDBI.NS
2025-06-16,IDEA.NS
2025-06-16,IDFCFIRSTB.NS
2025-06-16,IEX.NS
2025-06-16,IFCI.NS
2025-06-16,IGIL.NS
2025-06-16,IGL.NS
2025-06-16,IIFL.NS
2025-06-16,IKS.NS
2025-06-16,INDGN.NS
2025-06-16,INDHOTEL.NS
2025-06-16,INDIACEM.NS
2025-06-16,INDIAMART.NS
2025-06-16,INDIANB.NS
2025-06-16,INDIGO.NS
2025-06-16,INDUSINDBK.NS
2025-06-16,INDUSTOWER.NS
2025-06-16,INFY.NS
2025-06-16,INOXINDIA.NS
2025-06-16,INOXWIND.NS
2025-06-16,INTELLECT.NS
2025-06-16,IOB.NS
2025-06-16,IOC.NS
2025-06-16,IPCALAB.NS
2025-06-16,IRB.NS
2025-06-16,IRCON.NS
2025-06-16,IRCTC.NS
2025-06-16,IREDA.NS
2025-06-16,IRFC.NS
2025-06-16,ITC.NS
2025-06-16,ITI.NS
2025-06-16,J&KBANK.NS
2025-06-16,JBCHEPHARM.NS
2025-06-16,JBMA.NS
2025-06-16,JINDALSAW.NS
2025-06-16,JINDALSTEL.NS
2025-06-16,JIOFIN.NS
2025-06-16,JKCEMENT.NS
2025-06-16,JKTYRE.NS
2025-06-16,JMFINANCIL.NS
2025-06-16,JPPOWER.NS
2025-06-16,JSL.NS
2025-06-16,JSWENERGY.NS
2025-06-16,JSWHL.NS
2025-06-16,JSWINFRA.NS
2025-06-16,JSWSTEEL.NS
2025-06-16,JUBLFOOD.NS
2025-06-16,JUBLINGREA.NS
2025-06-16,JUBLPHARMA.NS
2025-06-16,JUSTDIAL.NS
2025-06-16,JWL.NS
2025-06-16,JYOTHYLAB.NS
2025-06-16,JYOTICNC.NS
2025-06-16,KAJARIACER.NS
2025-06-16,KALYANKJIL.NS
2025-06-16,KANSAINER.NS
2025-06-16,KARURVYSYA.NS
2025-06-16,KAYNES.NS
2025-06-16,KEC.NS
2025-06-16,KEI.NS
2025-06-16,KFINTECH.NS
2025-06-16,KIMS.NS
2025-06-16,KIRLOSBROS.NS
2025-06-16,KIRLOSENG.NS
2025-06-16,KNRCON.NS
2025-06-16,KOTAKBANK.NS
2025-06-16,KPIL.NS
2025-06-16,KPITTECH.NS
2025-06-16,KPRMILL.NS
2025-06-16,LALPATHLAB.NS
2025-06-16,LATENTVIEW.NS
2025-06-16,LAURUSLABS.NS
2025-06-16,LEMONTREE.NS
2025-06-16,LICHSGFIN.NS
2025-06-16,LICI.NS
2025-06-16,LINDEINDIA.NS
2025-06-16,LLOYDSME.NS
2025-06-16,LODHA.NS
2025-06-16,LT.NS
2025-06-16,LTF.NS
2025-06-16,LTFOODS.NS
2025-06-16,LTIM.NS
2025-06-16,LTTS.NS
2025-06-16,LUPIN.NS
2025-06-16,M&M.NS
2025-06-16,M&MFIN.NS
2025-06-16,MAHABANK.NS
2025-06-16,MAHSEAMLES.NS
2025-06-16,MANAPPURAM.NS
2025-06-16,MANKIND.NS
2025-06-16,MANYAVAR.NS
2025-06-16,MAPMYINDIA.NS
2025-06-16,MARICO.NS
2025-06-16,MARUTI.NS
2025-06-16,MASTEK.NS
2025-06-16,MAXHEALTH.NS
2025-06-16,MAZDOCK.NS
2025-06-16,MCX.NS
2025-06-16,MEDANTA.NS
2025-06-16,METROPOLIS.NS
2025-06-16,MFSL.NS
2025-06-16,MGL.NS
2025-06-16,MINDACORP.NS
2025-06-16,MMTC.NS
2025-06-16,MOTHERSON.NS
2025-06-16,MOTILALOFS.NS
2025-06-16,MPHASIS.NS
2025-06-16,MRF.NS
2025-06-16,MRPL.NS
2025-06-16,MSUMI.NS
2025-06-16,MUTHOOTFIN.NS
2025-06-16,NAM-INDIA.NS
2025-06-16,NATCOPHARM.NS
2025-06-16,NATIONALUM.NS
2025-06-16,NAUKRI.NS
2025-06-16,NAVA.NS
2025-06-16,NAVINFLUOR.NS
2025-06-16,NBCC.NS
2025-06-16,NCC.NS
2025-06-16,NESTLEIND.NS
2025-06-16,NETWEB.NS
2025-06-16,NETWORK18.NS
2025-06-16,NEULANDLAB.NS
2025-06-16,NEWGEN.NS
2025-06-16,NH.NS
2025-06-16,NHPC.NS
2025-06-16,NIACL.NS
2025-06-16,NIVABUPA.NS
2025-06-16,NLCINDIA.NS
2025-06-16,NMDC.NS
2025-06-16,NSLNISP.NS
2025-06-16,NTPC.NS
2025-06-16,NTPCGREEN.NS
2025-06-16,NUVAMA.NS
2025-06-16,NYKAA.NS
2025-06-16,OBEROIRLTY.NS
2025-06-16,OFSS.NS
2025-06-16,OIL.NS
2025-06-16,OLAELEC.NS
2025-06-16,OLECTRA.NS
2025-06-16,ONGC.NS
2025-06-16,PAGEIND.NS
2025-06-16,PATANJALI.NS
2025-06-16,PAYTM.NS
2025-06-16,PCBL.NS
2025-06-16,PEL.NS
2025-06-16,PERSISTENT.NS
2025-06-16,PETRONET.NS
2025-06-16,PFC.NS
2025-06-16,PFIZER.NS
2025-06-16,PGEL.NS
2025-06-16,PHOENIXLTD.NS
2025-06-16,PIDILITIND.NS
2025-06-16,PIIND.NS
2025-06-16,PNB.NS
2025-06-16,PNBHOUSING.NS
2025-06-16,PNCINFRA.NS
2025-06-16,POLICYBZR.NS
2025-06-16,POLYCAB.NS
2025-06-16,POLYMED.NS
2025-06-16,POONAWALLA.NS
2025-06-16,POWERGRID.NS
2025-06-16,POWERINDIA.NS
2025-06-16,PPLPHARMA.NS
2025-06-16,PRAJIND.NS
2025-06-16,PREMIERENE.NS
2025-06-16,PRESTIGE.NS
2025-06-16,PTCIL.NS
2025-06-16,PVRINOX.NS
2025-06-16,RADICO.NS
2025-06-16,RAILTEL.NS
2025-06-16,RAINBOW.NS
2025-06-16,RAMCOCEM.NS
2025-06-16,RAYMOND.NS
2025-06-16,RAYMONDLSL.NS
2025-06-16,RBLBANK.NS
2025-06-16,RCF.NS
2025-06-16,RECLTD.NS
2025-06-16,REDINGTON.NS
2025-06-16,RELIANCE.NS
2025-06-16,RENUKA.NS
2025-06-16,RHIM.NS
2025-06-16,RITES.NS
2025-06-16,RKFORGE.NS
2025-06-16,ROUTE.NS
2025-06-16,RPOWER.NS
2025-06-16,RRKABEL.NS
2025-06-16,RTNINDIA.NS
2025-06-16,RVNL.NS
2025-06-16,SAGILITY.NS
2025-06-16,SAIL.NS
2025-06-16,SAILIFE.NS
2025-06-16,SAMMAANCAP.NS
2025-06-16,SAPPHIRE.NS
2025-06-16,SARDAEN.NS
2025-06-16,SAREGAMA.NS
2025-06-16,SBFC.NS
2025-06-16,SBICARD.NS
2025-06-16,SBILIFE.NS
2025-06-16,SBIN.NS
2025-06-16,SCHAEFFLER.NS
2025-06-16,SCHNEIDER.NS
2025-06-16,SCI.NS
2025-06-16,SHREECEM.NS
2025-06-16,SHRIRAMFIN.NS
2025-06-16,SHYAMMETL.NS
2025-06-16,SIEMENS.NS
2025-06-16,SIGNATURE.NS
2025-06-16,SJVN.NS
2025-06-16,SKFINDIA.NS
2025-06-16,SOBHA.NS
2025-06-16,SOLARINDS.NS
2025-06-16,SONACOMS.NS
2025-06-16,SONATSOFTW.NS
2025-06-16,SRF.NS
2025-06-16,STARHEALTH.NS
2025-06-16,SUMICHEM.NS
2025-06-16,SUNDARMFIN.NS
2025-06-16,SUNDRMFAST.NS
2025-06-16,SUNPHARMA.NS
2025-06-16,SUNTV.NS
2025-06-16,SUPREMEIND.NS
2025-06-16,SUZLON.NS
2025-06-16,SWANENERGY.NS
2025-06-16,SWIGGY.NS
2025-06-16,SWSOLAR.NS
2025-06-16,SYNGENE.NS
2025-06-16,SYRMA.NS
2025-06-16,TANLA.NS
2025-06-16,TARIL.NS
2025-06-16,TATACHEM.NS
2025-06-16,TATACOMM.NS
2025-06-16,TATACONSUM.NS
2025-06-16,TATAELXSI.NS
2025-06-16,TATAINVEST.NS
2025-06-16,TATAMOTORS.NS
2025-06-16,TATAPOWER.NS
2025-06-16,TATASTEEL.NS
2025-06-16,TATATECH.NS
2025-06-16,TBOTEK.NS
2025-06-16,TCS.NS
2025-06-16,TECHM.NS
2025-06-16,TECHNOE.NS
2025-06-16,TEJASNET.NS
2025-06-16,THERMAX.NS
2025-06-16,TIINDIA.NS
2025-06-16,TIMKEN.NS
2025-06-16,TITAGARH.NS
2025-06-16,TITAN.NS
2025-06-16,TORNTPHARM.NS
2025-06-16,TORNTPOWER.NS
2025-06-16,TRENT.NS
2025-06-16,TRIDENT.NS
2025-06-16,TRITURBINE.NS
2025-06-16,TRIVENI.NS
2025-06-16,TTML.NS
2025-06-16,TVSMOTOR.NS
2025-06-16,UBL.NS
2025-06-16,UCOBANK.NS
2025-06-16,ULTRACEMCO.NS
2025-06-16,UNIONBANK.NS
2025-06-16,UNITDSPR.NS
2025-06-16,UNOMINDA.NS
2025-06-16,UPL.NS
2025-06-16,USHAMART.NS
2025-06-16,UTIAMC.NS
2025-06-16,VBL.NS
2025-06-16,VEDL.NS
2025-06-16,VGUARD.NS
2025-06-16,VIJAYA.NS
2025-06-16,VMM.NS
2025-06-16,VOLTAS.NS
2025-06-16,VTL.NS
2025-06-16,WAAREEENER.NS
2025-06-16,WELCORP.NS
2025-06-16,WELSPUNLIV.NS
2025-06-16,WESTLIFE.NS
2025-06-16,WHIRLPOOL.NS
2025-06-16,WIPRO.NS
2025-06-16,WOCKPHARMA.NS
2025-06-16,YESBANK.NS
2025-06-16,ZEEL.NS
2025-06-16,ZENSARTECH.NS
2025-06-16,ZENTEC.NS
2025-06-16,ZFCVINDIA.NS
2025-06-16,ZYDUSLIFE.NS
2025-08-15,360ONE.NS
2025-08-15,3MINDIA.NS
2025-08-15,AADHARHFC.NS
2025-08-15,AARTIIND.NS
2025-08-15,AAVAS.NS
2025-08-15,ABB.NS
2025-08-15,ABBOTINDIA.NS
2025-08-15,ABCAPITAL.NS
2025-08-15,ABFRL.NS
2025-08-15,ABREL.NS
2025-08-15,ABSLAMC.NS
2025-08-15,ACC.NS
2025-08-15,ACE.NS
2025-08-15,ACMESOLAR.NS
2025-08-15,ADANIENSOL.NS
2025-08-15,ADANIENT.NS
2025-08-15,ADANIGREEN.NS
2025-08-15,ADANIPORTS.NS
2025-08-15,ADANIPOWER.NS
2025-08-15,AEGISLOG.NS
2025-08-15,AFCONS.NS
2025-08-15,AFFLE.NS
2025-08-15,AIAENG.NS
2025-08-15,AIIL.NS
2025-08-15,AJANTPHARM.NS
2025-08-15,AKUMS.NS
2025-08-15,ALIVUS.NS
2025-08-15,ALKEM.NS
2025-08-15,ALKYLAMINE.NS
2025-08-15,ALOKINDS.NS
2025-08-15,AMBER.NS
2025-08-15,AMBUJACEM.NS
2025-08-15,ANANDRATHI.NS
2025-08-15,ANANTRAJ.NS
2025-08-15,ANGELONE.NS
2025-08-15,APARINDS.NS
2025-08-15,APLAPOLLO.NS
2025-08-15,APLLTD.NS
2025-08-15,APOLLOHOSP.NS
2025-08-15,APOLLOTYRE.NS
2025-08-15,APTUS.NS
2025-08-15,ARE&M.NS
2025-08-15,ASAHIINDIA.NS
2025-08-15,ASHOKLEY.NS
2025-08-15,ASIANPAINT.NS
2025-08-15,ASTERDM.NS
2025-08-15,ASTRAL.NS
2025-08-15,ASTRAZEN.NS
2025-08-15,ATGL.NS
2025-08-15,ATUL.NS
2025-08-15,AUBANK.NS
2025-08-15,AUROPHARMA.NS
2025-08-15,AWL.NS
2025-08-15,AXISBANK.NS
2025-08-15,BAJAJ-AUTO.NS
2025-08-15,BAJAJFINSV.NS
2025-08-15,BAJAJHFL.NS
2025-08-15,BAJAJHLDNG.NS
2025-08-15,BAJFINANCE.NS
2025-08-15,BALKRISIND.NS
2025-08-15,BALRAMCHIN.NS
2025-08-15,BANDHANBNK.NS
2025-08-15,BANKBARODA.NS
2025-08-15,BANKINDIA.NS
2025-08-15,BASF.NS
2025-08-15,BATAINDIA.NS
2025-08-15,BAYERCROP.NS
2025-08-15,BBTC.NS
2025-08-15,BDL.NS
2025-08-15,BEL.NS
2025-08-15,BEML.NS
2025-08-15,BERGEPAINT.NS
2025-08-15,BHARATFORG.NS
2025-08-15,BHARTIARTL.NS
2025-08-15,BHARTIHEXA.NS
2025-08-15,BHEL.NS
2025-08-15,BIKAJI.NS
2025-08-15,BIOCON.NS
2025-08-15,BLS.NS
2025-08-15,BLUEDART.NS
2025-08-15,BLUESTARCO.NS
2025-08-15,BOSCHLTD.NS
2025-08-15,BPCL.NS
2025-08-15,BRIGADE.NS
2025-08-15,BRITANNIA.NS
2025-08-15,BSE.NS
2025-08-15,BSOFT.NS
2025-08-15,CAMPUS.NS
2025-08-15,CAMS.NS
2025-08-15,CANBK.NS
2025-08-15,CANFINHOME.NS
2025-08-15,CAPLIPOINT.NS
2025-08-15,CARBORUNIV.NS
2025-08-15,CASTROLIND.NS
2025-08-15,CCL.NS
2025-08-15,CDSL.NS
2025-08-15,CEATLTD.NS
2025-08-15,CENTRALBK.NS
2025-08-15,CENTURYPLY.NS
2025-08-15,CERA.NS
2025-08-15,CESC.NS
2025-08-15,CGCL.NS
2025-08-15,CGPOWER.NS
2025-08-15,CHALET.NS
2025-08-15,CHAMBLFERT.NS
2025-08-15,CHENNPETRO.NS
2025-08-15,CHOLAFIN.NS
2025-08-15,CHOLAHLDNG.NS
2025-08-15,CIPLA.NS
2025-08-15,CLEAN.NS
2025-08-15,COALINDIA.NS
2025-08-15,COCHINSHIP.NS
2025-08-15,COFORGE.NS
2025-08-15,COHANCE.NS
2025-08-15,COLPAL.NS
2025-08-15,CONCOR.NS
2025-08-15,CONCORDBIO.NS
2025-08-15,COROMANDEL.NS
2025-08-15,CRAFTSMAN.NS
2025-08-15,CREDITACC.NS
2025-08-15,CRISIL.NS
2025-08-15,CROMPTON.NS
2025-08-15,CUB.NS
2025-08-15,CUMMINSIND.NS
2025-08-15,CYIENT.NS
2025-08-15,DABUR.NS
2025-08-15,DALBHARAT.NS
2025-08-15,DATAPATTNS.NS
2025-08-15,DBREALTY.NS
2025-08-15,DCMSHRIRAM.NS
2025-08-15,DEEPAKFERT.NS
2025-08-15,DEEPAKNTR.NS
2025-08-15,DELHIVERY.NS
2025-08-15,DEVYANI.NS
2025-08-15,DIVISLAB.NS
2025-08-15,DIXON.NS
2025-08-15,DLF.NS
2025-08-15,DMART.NS
2025-08-15,DOMS.NS
2025-08-15,DRREDDY.NS
2025-08-15,DUMMYDBRLT.NS
2025-08-15,ECLERX.NS
2025-08-15,EICHERMOT.NS
2025-08-15,EIDPARRY.NS
2025-08-15,EIHOTEL.NS
2025-08-15,ELECON.NS
2025-08-15,ELGIEQUIP.NS
2025-08-15,EMAMILTD.NS
2025-08-15,EMCURE.NS
2025-08-15,ENDURANCE.NS
2025-08-15,ENGINERSIN.NS
2025-08-15,ERIS.NS
2025-08-15,ESCORTS.NS
2025-08-15,ETERNAL.NS
2025-08-15,EXIDEIND.NS
2025-08-15,FACT.NS
2025-08-15,FEDERALBNK.NS
2025-08-15,FINCABLES.NS
2025-08-15,FINPIPE.NS
2025-08-15,FIRSTCRY.NS
2025-08-15,FIVESTAR.NS
2025-08-15,FLUOROCHEM.NS
2025-08-15,FORTIS.NS
2025-08-15,FSL.NS
2025-08-15,GAIL.NS
2025-08-15,GESHIP.NS
2025-08-15,GICRE.NS
2025-08-15,GILLETTE.NS
2025-08-15,GLAND.NS
2025-08-15,GLAXO.NS
2025-08-15,GLENMARK.NS
2025-08-15,GMDCLTD.NS
2025-08-15,GMRAIRPORT.NS
2025-08-15,GNFC.NS
2025-08-15,GODFRYPHLP.NS
2025-08-15,GODIGIT.NS
2025-08-15,GODREJAGRO.NS
2025-08-15,GODREJCP.NS
2025-08-15,GODREJIND.NS
2025-08-15,GODREJPROP.NS
2025-08-15,GPIL.NS
2025-08-15,GPPL.NS
2025-08-15,GRANULES.NS
2025-08-15,GRAPHITE.NS
2025-08-15,GRASIM.NS
2025-08-15,GRAVITA.NS
2025-08-15,GRSE.NS
2025-08-15,GSPL.NS
2025-08-15,GUJGASLTD.NS
2025-08-15,GVT&D.NS
2025-08-15,HAL.NS
2025-08-15,HAPPSTMNDS.NS
2025-08-15,HAVELLS.NS
2025-08-15,HBLENGINE.NS
2025-08-15,HCLTECH.NS
2025-08-15,HDFCAMC.NS
2025-08-15,HDFCBANK.NS
2025-08-15,HDFCLIFE.NS
2025-08-15,HEG.NS
2025-08-15,HEROMOTOCO.NS
2025-08-15,HFCL.NS
2025-08-15,HINDALCO.NS
2025-08-15,HINDCOPPER.NS
2025-08-15,HINDPETRO.NS
2025-08-15,HINDUNILVR.NS
2025-08-15,HINDZINC.NS
2025-08-15,HOMEFIRST.NS
2025-08-15,HONASA.NS
2025-08-15,HONAUT.NS
2025-08-15,HSCL.NS
2025-08-15,HUDCO.NS
2025-08-15,HYUNDAI.NS
2025-08-15,ICICIBANK.NS
2025-08-15,ICICIGI.NS
2025-08-15,ICICIPRULI.NS
2025-08-15,IDBI.NS
2025-08-15,IDEA.NS
2025-08-15,IDFCFIRSTB.NS
2025-08-15,IEX.NS
2025-08-15,IFCI.NS
2025-08-15,IGIL.NS
2025-08-15,IGL.NS
2025-08-15,IIFL.NS
2025-08-15,IKS.NS
2025-08-15,INDGN.NS
2025-08-15,INDHOTEL.NS
2025-08-15,INDIACEM.NS
2025-08-15,INDIAMART.NS
2025-08-15,INDIANB.NS
2025-08-15,INDIGO.NS
2025-08-15,INDUSINDBK.NS
2025-08-15,INDUSTOWER.NS
2025-08-15,INFY.NS
2025-08-15,INOXINDIA.NS
2025-08-15,INOXWIND.NS
2025-08-15,INTELLECT.NS
2025-08-15,IOB.NS
2025-08-15,IOC.NS
2025-08-15,IPCALAB.NS
2025-08-15,IRB.NS
2025-08-15,IRCON.NS
2025-08-15,IRCTC.NS
2025-08-15,IREDA.NS
2025-08-15,IRFC.NS
2025-08-15,ITC.NS
2025-08-15,ITI.NS
2025-08-15,J&KBANK.NS
2025-08-15,JBCHEPHARM.NS
2025-08-15,JBMA.NS
2025-08-15,JINDALSAW.NS
2025-08-15,JINDALSTEL.NS
2025-08-15,JIOFIN.NS
2025-08-15,JKCEMENT.NS
2025-08-15,JKTYRE.NS
2025-08-15,JMFINANCIL.NS
2025-08-15,JPPOWER.NS
2025-08-15,JSL.NS
2025-08-15,JSWENERGY.NS
2025-08-15,JSWHL.NS
2025-08-15,JSWINFRA.NS
2025-08-15,JSWSTEEL.NS
2025-08-15,JUBLFOOD.NS
2025-08-15,JUBLINGREA.NS
2025-08-15,JUBLPHARMA.NS
2025-08-15,JUSTDIAL.NS
2025-08-15,JWL.NS
2025-08-15,JYOTHYLAB.NS
2025-08-15,JYOTICNC.NS
2025-08-15,KAJARIACER.NS
2025-08-15,KALYANKJIL.NS
2025-08-15,KANSAINER.NS
2025-08-15,KARURVYSYA.NS
2025-08-15,KAYNES.NS
2025-08-15,KEC.NS
2025-08-15,KEI.NS
2025-08-15,KFINTECH.NS
2025-08-15,KIMS.NS
2025-08-15,KIRLOSBROS.NS
2025-08-15,KIRLOSENG.NS
2025-08-15,KNRCON.NS
2025-08-15,KOTAKBANK.NS
2025-08-15,KPIL.NS
2025-08-15,KPITTECH.NS
2025-08-15,KPRMILL.NS
2025-08-15,LALPATHLAB.NS
2025-08-15,LATENTVIEW.NS
2025-08-15,LAURUSLABS.NS
2025-08-15,LEMONTREE.NS
2025-08-15,LICHSGFIN.NS
2025-08-15,LICI.NS
2025-08-15,LINDEINDIA.NS
2025-08-15,LLOYDSME.NS
2025-08-15,LODHA.NS
2025-08-15,LT.NS
2025-08-15,LTF.NS
2025-08-15,LTFOODS.NS
2025-08-15,LTIM.NS
2025-08-15,LTTS.NS
2025-08-15,LUPIN.NS
2025-08-15,M&M.NS
2025-08-15,M&MFIN.NS
2025-08-15,MAHABANK.NS
2025-08-15,MAHSEAMLES.NS
2025-08-15,MANAPPURAM.NS
2025-08-15,MANKIND.NS
2025-08-15,MANYAVAR.NS
2025-08-15,MAPMYINDIA.NS
2025-08-15,MARICO.NS
2025-08-15,MARUTI.NS
2025-08-15,MASTEK.NS
2025-08-15,MAXHEALTH.NS
2025-08-15,MAZDOCK.NS
2025-08-15,MCX.NS
2025-08-15,MEDANTA.NS
2025-08-15,METROPOLIS.NS
2025-08-15,MFSL.NS
2025-08-15,MGL.NS
2025-08-15,MINDACORP.NS
2025-08-15,MMTC.NS
2025-08-15,MOTHERSON.NS
2025-08-15,MOTILALOFS.NS
2025-08-15,MPHASIS.NS
2025-08-15,MRF.NS
2025-08-15,MRPL.NS
2025-08-15,MSUMI.NS
2025-08-15,MUTHOOTFIN.NS
2025-08-15,NAM-INDIA.NS
2025-08-15,NATCOPHARM.NS
2025-08-15,NATIONALUM.NS
2025-08-15,NAUKRI.NS
2025-08-15,NAVA.NS
2025-08-15,NAVINFLUOR.NS
2025-08-15,NBCC.NS
2025-08-15,NCC.NS
2025-08-15,NESTLEIND.NS
2025-08-15,NETWEB.NS
2025-08-15,NETWORK18.NS
2025-08-15,NEULANDLAB.NS
2025-08-15,NEWGEN.NS
2025-08-15,NH.NS
2025-08-15,NHPC.NS
2025-08-15,NIACL.NS
2025-08-15,NIVABUPA.NS
2025-08-15,NLCINDIA.NS
2025-08-15,NMDC.NS
2025-08-15,NSLNISP.NS
2025-08-15,NTPC.NS
2025-08-15,NTPCGREEN.NS
2025-08-15,NUVAMA.NS
2025-08-15,NYKAA.NS
2025-08-15,OBEROIRLTY.NS
2025-08-15,OFSS.NS
2025-08-15,OIL.NS
2025-08-15,OLAELEC.NS
2025-08-15,OLECTRA.NS
2025-08-15,ONGC.NS
2025-08-15,PAGEIND.NS
2025-08-15,PATANJALI.NS
2025-08-15,PAYTM.NS
2025-08-15,PCBL.NS
2025-08-15,PEL.NS
2025-08-15,PERSISTENT.NS
2025-08-15,PETRONET.NS
2025-08-15,PFC.NS
2025-08-15,PFIZER.NS
2025-08-15,PGEL.NS
2025-08-15,PHOENIXLTD.NS
2025-08-15,PIDILITIND.NS
2025-08-15,PIIND.NS
2025-08-15,PNB.NS
2025-08-15,PNBHOUSING.NS
2025-08-15,PNCINFRA.NS
2025-08-15,POLICYBZR.NS
2025-08-15,POLYCAB.NS
2025-08-15,POLYMED.NS
2025-08-15,POONAWALLA.NS
2025-08-15,POWERGRID.NS
2025-08-15,POWERINDIA.NS
2025-08-15,PPLPHARMA.NS
2025-08-15,PRAJIND.NS
2025-08-15,PREMIERENE.NS
2025-08-15,PRESTIGE.NS
2025-08-15,PTCIL.NS
2025-08-15,PVRINOX.NS
2025-08-15,RADICO.NS
2025-08-15,RAILTEL.NS
2025-08-15,RAINBOW.NS
2025-08-15,RAMCOCEM.NS
2025-08-15,RAYMOND.NS
2025-08-15,RAYMONDLSL.NS
2025-08-15,RBLBANK.NS
2025-08-15,RCF.NS
2025-08-15,RECLTD.NS
2025-08-15,REDINGTON.NS
2025-08-15,RELIANCE.NS
2025-08-15,RENUKA.NS
2025-08-15,RHIM.NS
2025-08-15,RITES.NS
2025-08-15,RKFORGE.NS
2025-08-15,ROUTE.NS
2025-08-15,RPOWER.NS
2025-08-15,RRKABEL.NS
2025-08-15,RTNINDIA.NS
2025-08-15,RVNL.NS
2025-08-15,SAGILITY.NS
2025-08-15,SAIL.NS
2025-08-15,SAILIFE.NS
2025-08-15,SAMMAANCAP.NS
2025-08-15,SAPPHIRE.NS
2025-08-15,SARDAEN.NS
2025-08-15,SAREGAMA.NS
2025-08-15,SBFC.NS
2025-08-15,SBICARD.NS
2025-08-15,SBILIFE.NS
2025-08-15,SBIN.NS
2025-08-15,SCHAEFFLER.NS
2025-08-15,SCHNEIDER.NS
2025-08-15,SCI.NS
2025-08-15,SHREECEM.NS
2025-08-15,SHRIRAMFIN.NS
2025-08-15,SHYAMMETL.NS
2025-08-15,SIEMENS.NS
2025-08-15,SIGNATURE.NS
2025-08-15,SJVN.NS
2025-08-15,SKFINDIA.NS
2025-08-15,SOBHA.NS
2025-08-15,SOLARINDS.NS
2025-08-15,SONACOMS.NS
2025-08-15,SONATSOFTW.NS
2025-08-15,SRF.NS
2025-08-15,STARHEALTH.NS
2025-08-15,SUMICHEM.NS
2025-08-15,SUNDARMFIN.NS
2025-08-15,SUNDRMFAST.NS
2025-08-15,SUNPHARMA.NS
2025-08-15,SUNTV.NS
2025-08-15,SUPREMEIND.NS
2025-08-15,SUZLON.NS
2025-08-15,SWANENERGY.NS
2025-08-15,SWIGGY.NS
2025-08-15,SWSOLAR.NS
2025-08-15,SYNGENE.NS
2025-08-15,SYRMA.NS
2025-08-15,TANLA.NS
2025-08-15,TARIL.NS
2025-08-15,TATACHEM.NS
2025-08-15,TATACOMM.NS
2025-08-15,TATACONSUM.NS
2025-08-15,TATAELXSI.NS
2025-08-15,TATAINVEST.NS
2025-08-15,TATAMOTORS.NS
2025-08-15,TATAPOWER.NS
2025-08-15,TATASTEEL.NS
2025-08-15,TATATECH.NS
2025-08-15,TBOTEK.NS
2025-08-15,TCS.NS
2025-08-15,TECHM.NS
2025-08-15,TECHNOE.NS
2025-08-15,TEJASNET.NS
2025-08-15,THERMAX.NS
2025-08-15,TIINDIA.NS
2025-08-15,TIMKEN.NS
2025-08-15,TITAGARH.NS
2025-08-15,TITAN.NS
2025-08-15,TORNTPHARM.NS
2025-08-15,TORNTPOWER.NS
2025-08-15,TRENT.NS
2025-08-15,TRIDENT.NS
2025-08-15,TRITURBINE.NS
2025-08-15,TRIVENI.NS
2025-08-15,TTML.NS
2025-08-15,TVSMOTOR.NS
2025-08-15,UBL.NS
2025-08-15,UCOBANK.NS
2025-08-15,ULTRACEMCO.NS
2025-08-15,UNIONBANK.NS
2025-08-15,UNITDSPR.NS
2025-08-15,UNOMINDA.NS
2025-08-15,UPL.NS
2025-08-15,USHAMART.NS
2025-08-15,UTIAMC.NS
2025-08-15,VBL.NS
2025-08-15,VEDL.NS
2025-08-15,VGUARD.NS
2025-08-15,VIJAYA.NS
2025-08-15,VMM.NS
2025-08-15,VOLTAS.NS
2025-08-15,VTL.NS
2025-08-15,WAAREEENER.NS
2025-08-15,WELCORP.NS
2025-08-15,WELSPUNLIV.NS
2025-08-15,WESTLIFE.NS
2025-08-15,WHIRLPOOL.NS
2025-08-15,WIPRO.NS
2025-08-15,WOCKPHARMA.NS
2025-08-15,YESBANK.NS
2025-08-15,ZEEL.NS
2025-08-15,ZENSARTECH.NS
2025-08-15,ZENTEC.NS
2025-08-15,ZFCVINDIA.NS
2025-08-15,ZYDUSLIFE.NS
2026-01-07,360ONE.NS
2026-01-07,3MINDIA.NS
2026-01-07,AADHARHFC.NS
2026-01-07,AARTIIND.NS
2026-01-07,AAVAS.NS
2026-01-07,ABB.NS
2026-01-07,ABBOTINDIA.NS
2026-01-07,ABCAPITAL.NS
2026-01-07,ABFRL.NS
2026-01-07,ABLBL.NS
2026-01-07,ABREL.NS
2026-01-07,ABSLAMC.NS
2026-01-07,ACC.NS
2026-01-07,ACE.NS
2026-01-07,ACMESOLAR.NS
2026-01-07,ADANIENSOL.NS
2026-01-07,ADANIENT.NS
2026-01-07,ADANIGREEN.NS
2026-01-07,ADANIPORTS.NS
2026-01-07,ADANIPOWER.NS
2026-01-07,AEGISLOG.NS
2026-01-07,AEGISVOPAK.NS
2026-01-07,AFCONS.NS
2026-01-07,AFFLE.NS
2026-01-07,AGARWALEYE.NS
2026-01-07,AIAENG.NS
2026-01-07,AIIL.NS
2026-01-07,AJANTPHARM.NS
2026-01-07,AKUMS.NS
2026-01-07,AKZOINDIA.NS
2026-01-07,ALKEM.NS
2026-01-07,ALKYLAMINE.NS
2026-01-07,ALOKINDS.NS
2026-01-07,AMBER.NS
2026-01-07,AMBUJACEM.NS
2026-01-07,ANANDRATHI.NS
2026-01-07,ANANTRAJ.NS
2026-01-07,ANGELONE.NS
2026-01-07,APARINDS.NS
2026-01-07,APLAPOLLO.NS
2026-01-07,APLLTD.NS
2026-01-07,APOLLOHOSP.NS
2026-01-07,APOLLOTYRE.NS
2026-01-07,APTUS.NS
2026-01-07,ARE&M.NS
2026-01-07,ASAHIINDIA.NS
2026-01-07,ASHOKLEY.NS
2026-01-07,ASIANPAINT.NS
2026-01-07,ASTERDM.NS
2026-01-07,ASTRAL.NS
2026-01-07,ASTRAZEN.NS
2026-01-07,ATGL.NS
2026-01-07,ATHERENERG.NS
2026-01-07,ATUL.NS
2026-01-07,AUBANK.NS
2026-01-07,AUROPHARMA.NS
2026-01-07,AWL.NS
2026-01-07,AXISBANK.NS
2026-01-07,BAJAJ-AUTO.NS
2026-01-07,BAJAJFINSV.NS
2026-01-07,BAJAJHFL.NS
2026-01-07,BAJAJHLDNG.NS
2026-01-07,BAJFINANCE.NS
2026-01-07,BALKRISIND.NS
2026-01-07,BALRAMCHIN.NS
2026-01-07,BANDHANBNK.NS
2026-01-07,BANKBARODA.NS
2026-01-07,BANKINDIA.NS
2026-01-07,BASF.NS
2026-01-07,BATAINDIA.NS
2026-01-07,BAYERCROP.NS
2026-01-07,BBTC.NS
2026-01-07,BDL.NS
2026-01-07,BEL.NS
2026-01-07,BEML.NS
2026-01-07,BERGEPAINT.NS
2026-01-07,BHARATFORG.NS
2026-01-07,BHARTIARTL.NS
2026-01-07,BHARTIHEXA.NS
2026-01-07,BHEL.NS
2026-01-07,BIKAJI.NS
2026-01-07,BIOCON.NS
2026-01-07,BLS.NS
2026-01-07,BLUEDART.NS
2026-01-07,BLUEJET.NS
2026-01-07,BLUESTARCO.NS
2026-01-07,BOSCHLTD.NS
2026-01-07,BPCL.NS
2026-01-07,BRIGADE.NS
2026-01-07,BRITANNIA.NS
2026-01-07,BSE.NS
2026-01-07,BSOFT.NS
2026-01-07,CAMPUS.NS
2026-01-07,CAMS.NS
2026-01-07,CANBK.NS
2026-01-07,CANFINHOME.NS
2026-01-07,CAPLIPOINT.NS
2026-01-07,CARBORUNIV.NS
2026-01-07,CASTROLIND.NS
2026-01-07,CCL.NS
2026-01-07,CDSL.NS
2026-01-07,CEATLTD.NS
2026-01-07,CENTRALBK.NS
2026-01-07,CENTURYPLY.NS
2026-01-07,CERA.NS
2026-01-07,CESC.NS
2026-01-07,CGCL.NS
2026-01-07,CGPOWER.NS
2026-01-07,CHALET.NS
2026-01-07,CHAMBLFERT.NS
2026-01-07,CHENNPETRO.NS
2026-01-07,CHOICEIN.NS
2026-01-07,CHOLAFIN.NS
2026-01-07,CHOLAHLDNG.NS
2026-01-07,CIPLA.NS
2026-01-07,CLEAN.NS
2026-01-07,COALINDIA.NS
2026-01-07,COCHINSHIP.NS
2026-01-07,COFORGE.NS
2026-01-07,COHANCE.NS
2026-01-07,COLPAL.NS
2026-01-07,CONCOR.NS
2026-01-07,CONCORDBIO.NS
2026-01-07,COROMANDEL.NS
2026-01-07,CRAFTSMAN.NS
2026-01-07,CREDITACC.NS
2026-01-07,CRISIL.NS
2026-01-07,CROMPTON.NS
2026-01-07,CUB.NS
2026-01-07,CUMMINSIND.NS
2026-01-07,CYIENT.NS
2026-01-07,DABUR.NS
2026-01-07,DALBHARAT.NS
2026-01-07,DATAPATTNS.NS
2026-01-07,DBREALTY.NS
2026-01-07,DCMSHRIRAM.NS
2026-01-07,DEEPAKFERT.NS
2026-01-07,DEEPAKNTR.NS
2026-01-07,DELHIVERY.NS
2026-01-07,DEVYANI.NS
2026-01-07,DIVISLAB.NS
2026-01-07,DIXON.NS
2026-01-07,DLF.NS
2026-01-07,DMART.NS
2026-01-07,DOMS.NS
2026-01-07,DRREDDY.NS
2026-01-07,DUMMYHDLVR.NS
2026-01-07,ECLERX.NS
2026-01-07,EICHERMOT.NS
2026-01-07,EIDPARRY.NS
2026-01-07,EIHOTEL.NS
2026-01-07,ELECON.NS
2026-01-07,ELGIEQUIP.NS
2026-01-07,EMAMILTD.NS
2026-01-07,EMCURE.NS
2026-01-07,ENDURANCE.NS
2026-01-07,ENGINERSIN.NS
2026-01-07,ENRIN.NS
2026-01-07,ERIS.NS
2026-01-07,ESCORTS.NS
2026-01-07,ETERNAL.NS
2026-01-07,EXIDEIND.NS
2026-01-07,FACT.NS
2026-01-07,FEDERALBNK.NS
2026-01-07,FINCABLES.NS
2026-01-07,FINPIPE.NS
2026-01-07,FIRSTCRY.NS
2026-01-07,FIVESTAR.NS
2026-01-07,FLUOROCHEM.NS
2026-01-07,FORCEMOT.NS
2026-01-07,FORTIS.NS
2026-01-07,FSL.NS
2026-01-07,GAIL.NS
2026-01-07,GESHIP.NS
2026-01-07,GICRE.NS
2026-01-07,GILLETTE.NS
2026-01-07,GLAND.NS
2026-01-07,GLAXO.NS
2026-01-07,GLENMARK.NS
2026-01-07,GMDCLTD.NS
2026-01-07,GMRAIRPORT.NS
2026-01-07,GODFRYPHLP.NS
2026-01-07,GODIGIT.NS
2026-01-07,GODREJAGRO.NS
2026-01-07,GODREJCP.NS
2026-01-07,GODREJIND.NS
2026-01-07,GODREJPROP.NS
2026-01-07,GPIL.NS
2026-01-07,GRANULES.NS
2026-01-07,GRAPHITE.NS
2026-01-07,GRASIM.NS
2026-01-07,GRAVITA.NS
2026-01-07,GRSE.NS
2026-01-07,GSPL.NS
2026-01-07,GUJGASLTD.NS
2026-01-07,GVT&D.NS
2026-01-07,HAL.NS
2026-01-07,HAPPSTMNDS.NS
2026-01-07,HAVELLS.NS
2026-01-07,HBLENGINE.NS
2026-01-07,HCLTECH.NS
2026-01-07,HDFCAMC.NS
2026-01-07,HDFCBANK.NS
2026-01-07,HDFCLIFE.NS
2026-01-07,HEG.NS
2026-01-07,HEROMOTOCO.NS
2026-01-07,HEXT.NS
2026-01-07,HFCL.NS
2026-01-07,HINDALCO.NS
2026-01-07,HINDCOPPER.NS
2026-01-07,HINDPETRO.NS
2026-01-07,HINDUNILVR.NS
2026-01-07,HINDZINC.NS
2026-01-07,HOMEFIRST.NS
2026-01-07,HONASA.NS
2026-01-07,HONAUT.NS
2026-01-07,HSCL.NS
2026-01-07,HUDCO.NS
2026-01-07,HYUNDAI.NS
2026-01-07,ICICIBANK.NS
2026-01-07,ICICIGI.NS
2026-01-07,ICICIPRULI.NS
2026-01-07,IDBI.NS
2026-01-07,IDEA.NS
2026-01-07,IDFCFIRSTB.NS
2026-01-07,IEX.NS
2026-01-07,IFCI.NS
2026-01-07,IGIL.NS
2026-01-07,IGL.NS
2026-01-07,IIFL.NS
2026-01-07,IKS.NS
2026-01-07,INDGN.NS
2026-01-07,INDHOTEL.NS
2026-01-07,INDIACEM.NS
2026-01-07,INDIAMART.NS
2026-01-07,INDIANB.NS
2026-01-07,INDIGO.NS
2026-01-07,INDUSINDBK.NS
2026-01-07,INDUSTOWER.NS
2026-01-07,INFY.NS
2026-01-07,INOXINDIA.NS
2026-01-07,INOXWIND.NS
2026-01-07,INTELLECT.NS
2026-01-07,IOB.NS
2026-01-07,IOC.NS
2026-01-07,IPCALAB.NS
2026-01-07,IRB.NS
2026-01-07,IRCON.NS
2026-01-07,IRCTC.NS
2026-01-07,IREDA.NS
2026-01-07,IRFC.NS
2026-01-07,ITC.NS
2026-01-07,ITCHOTELS.NS
2026-01-07,ITI.NS
2026-01-07,J&KBANK.NS
2026-01-07,JBCHEPHARM.NS
2026-01-07,JBMA.NS
2026-01-07,JINDALSAW.NS
2026-01-07,JINDALSTEL.NS
2026-01-07,JIOFIN.NS
2026-01-07,JKCEMENT.NS
2026-01-07,JKTYRE.NS
2026-01-07,JMFINANCIL.NS
2026-01-07,JPPOWER.NS
2026-01-07,JSL.NS
2026-01-07,JSWCEMENT.NS
2026-01-07,JSWENERGY.NS
2026-01-07,JSWINFRA.NS
2026-01-07,JSWSTEEL.NS
2026-01-07,JUBLFOOD.NS
2026-01-07,JUBLINGREA.NS
2026-01-07,JUBLPHARMA.NS
2026-01-07,JWL.NS
2026-01-07,JYOTHYLAB.NS
2026-01-07,JYOTICNC.NS
2026-01-07,KAJARIACER.NS
2026-01-07,KALYANKJIL.NS
2026-01-07,KARURVYSYA.NS
2026-01-07,KAYNES.NS
2026-01-07,KEC.NS
2026-01-07,KEI.NS
2026-01-07,KFINTECH.NS
2026-01-07,KIMS.NS
2026-01-07,KIRLOSBROS.NS
2026-01-07,KIRLOSENG.NS
2026-01-07,KOTAKBANK.NS
2026-01-07,KPIL.NS
2026-01-07,KPITTECH.NS
2026-01-07,KPRMILL.NS
2026-01-07,KSB.NS
2026-01-07,LALPATHLAB.NS
2026-01-07,LATENTVIEW.NS
2026-01-07,LAURUSLABS.NS
2026-01-07,LEMONTREE.NS
2026-01-07,LICHSGFIN.NS
2026-01-07,LICI.NS
2026-01-07,LINDEINDIA.NS
2026-01-07,LLOYDSME.NS
2026-01-07,LODHA.NS
2026-01-07,LT.NS
2026-01-07,LTF.NS
2026-01-07,LTFOODS.NS
2026-01-07,LTIM.NS
2026-01-07,LTTS.NS
2026-01-07,LUPIN.NS
2026-01-07,M&M.NS
2026-01-07,M&MFIN.NS
2026-01-07,MAHABANK.NS
2026-01-07,MAHSCOOTER.NS
2026-01-07,MAHSEAMLES.NS
2026-01-07,MANAPPURAM.NS
2026-01-07,MANKIND.NS
2026-01-07,MANYAVAR.NS
2026-01-07,MAPMYINDIA.NS
2026-01-07,MARICO.NS
2026-01-07,MARUTI.NS
2026-01-07,MAXHEALTH.NS
2026-01-07,MAZDOCK.NS
2026-01-07,MCX.NS
2026-01-07,MEDANTA.NS
2026-01-07,METROPOLIS.NS
2026-01-07,MFSL.NS
2026-01-07,MGL.NS
2026-01-07,MINDACORP.NS
2026-01-07,MMTC.NS
2026-01-07,MOTHERSON.NS
2026-01-07,MOTILALOFS.NS
2026-01-07,MPHASIS.NS
2026-01-07,MRF.NS
2026-01-07,MRPL.NS
2026-01-07,MSUMI.NS
2026-01-07,MUTHOOTFIN.NS
2026-01-07,NAM-INDIA.NS
2026-01-07,NATCOPHARM.NS
2026-01-07,NATIONALUM.NS
2026-01-07,NAUKRI.NS
2026-01-07,NAVA.NS
2026-01-07,NAVINFLUOR.NS
2026-01-07,NBCC.NS
2026-01-07,NCC.NS
2026-01-07,NESTLEIND.NS
2026-01-07,NETWEB.NS
2026-01-07,NEULANDLAB.NS
2026-01-07,NEWGEN.NS
2026-01-07,NH.NS
2026-01-07,NHPC.NS
2026-01-07,NIACL.NS
2026-01-07,NIVABUPA.NS
2026-01-07,NLCINDIA.NS
2026-01-07,NMDC.NS
2026-01-07,NSLNISP.NS
2026-01-07,NTPC.NS
2026-01-07,NTPCGREEN.NS
2026-01-07,NUVAMA.NS
2026-01-07,NUVOCO.NS
2026-01-07,NYKAA.NS
2026-01-07,OBEROIRLTY.NS
2026-01-07,OFSS.NS
2026-01-07,OIL.NS
2026-01-07,OLAELEC.NS
2026-01-07,OLECTRA.NS
2026-01-07,ONESOURCE.NS
2026-01-07,ONGC.NS
2026-01-07,PAGEIND.NS
2026-01-07,PATANJALI.NS
2026-01-07,PAYTM.NS
2026-01-07,PCBL.NS
2026-01-07,PERSISTENT.NS
2026-01-07,PETRONET.NS
2026-01-07,PFC.NS
2026-01-07,PFIZER.NS
2026-01-07,PGEL.NS
2026-01-07,PGHH.NS
2026-01-07,PHOENIXLTD.NS
2026-01-07,PIDILITIND.NS
2026-01-07,PIIND.NS
2026-01-07,PNB.NS
2026-01-07,PNBHOUSING.NS
2026-01-07,POLICYBZR.NS
2026-01-07,POLYCAB.NS
2026-01-07,POLYMED.NS
2026-01-07,POONAWALLA.NS
2026-01-07,POWERGRID.NS
2026-01-07,POWERINDIA.NS
2026-01-07,PPLPHARMA.NS
2026-01-07,PRAJIND.NS
2026-01-07,PREMIERENE.NS
2026-01-07,PRESTIGE.NS
2026-01-07,PTCIL.NS
2026-01-07,PVRINOX.NS
2026-01-07,RADICO.NS
2026-01-07,RAILTEL.NS
2026-01-07,RAINBOW.NS
2026-01-07,RAMCOCEM.NS
2026-01-07,RBLBANK.NS
2026-01-07,RCF.NS
2026-01-07,RECLTD.NS
2026-01-07,REDINGTON.NS
2026-01-07,RELIANCE.NS
2026-01-07,RELINFRA.NS
2026-01-07,RHIM.NS
2026-01-07,RITES.NS
2026-01-07,RKFORGE.NS
2026-01-07,RPOWER.NS
2026-01-07,RRKABEL.NS
2026-01-07,RVNL.NS
2026-01-07,SAGILITY.NS
2026-01-07,SAIL.NS
2026-01-07,SAILIFE.NS
2026-01-07,SAMMAANCAP.NS
2026-01-07,SAPPHIRE.NS
2026-01-07,SARDAEN.NS
2026-01-07,SAREGAMA.NS
2026-01-07,SBFC.NS
2026-01-07,SBICARD.NS
2026-01-07,SBILIFE.NS
2026-01-07,SBIN.NS
2026-01-07,SCHAEFFLER.NS
2026-01-07,SCHNEIDER.NS
2026-01-07,SCI.NS
2026-01-07,SHREECEM.NS
2026-01-07,SHRIRAMFIN.NS
2026-01-07,SHYAMMETL.NS
2026-01-07,SIEMENS.NS
2026-01-07,SIGNATURE.NS
2026-01-07,SJVN.NS
2026-01-07,SOBHA.NS
2026-01-07,SOLARINDS.NS
2026-01-07,SONACOMS.NS
2026-01-07,SONATSOFTW.NS
2026-01-07,SRF.NS
2026-01-07,STARHEALTH.NS
2026-01-07,SUMICHEM.NS
2026-01-07,SUNDARMFIN.NS
2026-01-07,SUNDRMFAST.NS
2026-01-07,SUNPHARMA.NS
2026-01-07,SUNTV.NS
2026-01-07,SUPREMEIND.NS
2026-01-07,SUZLON.NS
2026-01-07,SWANCORP.NS
2026-01-07,SWIGGY.NS
2026-01-07,SYNGENE.NS
2026-01-07,SYRMA.NS
2026-01-07,TARIL.NS
2026-01-07,TATACHEM.NS
2026-01-07,TATACOMM.NS
2026-01-07,TATACONSUM.NS
2026-01-07,TATAELXSI.NS
2026-01-07,TATAINVEST.NS
2026-01-07,TATAPOWER.NS
2026-01-07,TATASTEEL.NS
2026-01-07,TATATECH.NS
2026-01-07,TBOTEK.NS
2026-01-07,TCS.NS
2026-01-07,TECHM.NS
2026-01-07,TECHNOE.NS
2026-01-07,TEJASNET.NS
2026-01-07,THELEELA.NS
2026-01-07,THERMAX.NS
2026-01-07,TIINDIA.NS
2026-01-07,TIMKEN.NS
2026-01-07,TITAGARH.NS
2026-01-07,TITAN.NS
2026-01-07,TMPV.NS
2026-01-07,TORNTPHARM.NS
2026-01-07,TORNTPOWER.NS
2026-01-07,TRENT.NS
2026-01-07,TRIDENT.NS
2026-01-07,TRITURBINE.NS
2026-01-07,TRIVENI.NS
2026-01-07,TTML.NS
2026-01-07,TVSMOTOR.NS
2026-01-07,UBL.NS
2026-01-07,UCOBANK.NS
2026-01-07,ULTRACEMCO.NS
2026-01-07,UNIONBANK.NS
2026-01-07,UNITDSPR.NS
2026-01-07,UNOMINDA.NS
2026-01-07,UPL.NS
2026-01-07,USHAMART.NS
2026-01-07,UTIAMC.NS
2026-01-07,VBL.NS
2026-01-07,VEDL.NS
2026-01-07,VENTIVE.NS
2026-01-07,VGUARD.NS
2026-01-07,VIJAYA.NS
2026-01-07,VMM.NS
2026-01-07,VOLTAS.NS
2026-01-07,VTL.NS
2026-01-07,WAAREEENER.NS
2026-01-07,WELCORP.NS
2026-01-07,WELSPUNLIV.NS
2026-01-07,WHIRLPOOL.NS
2026-01-07,WIPRO.NS
2026-01-07,WOCKPHARMA.NS
2026-01-07,YESBANK.NS
2026-01-07,ZEEL.NS
2026-01-07,ZENSARTECH.NS
2026-01-07,ZENTEC.NS
2026-01-07,ZFCVINDIA.NS
2026-01-07,ZYDUSLIFE.NS
2026-05-02,360ONE.NS
2026-05-02,3MINDIA.NS
2026-05-02,AADHARHFC.NS
2026-05-02,AARTIIND.NS
2026-05-02,AAVAS.NS
2026-05-02,ABB.NS
2026-05-02,ABBOTINDIA.NS
2026-05-02,ABCAPITAL.NS
2026-05-02,ABDL.NS
2026-05-02,ABFRL.NS
2026-05-02,ABLBL.NS
2026-05-02,ABREL.NS
2026-05-02,ABSLAMC.NS
2026-05-02,ACC.NS
2026-05-02,ACE.NS
2026-05-02,ACMESOLAR.NS
2026-05-02,ACUTAAS.NS
2026-05-02,ADANIENSOL.NS
2026-05-02,ADANIENT.NS
2026-05-02,ADANIGREEN.NS
2026-05-02,ADANIPORTS.NS
2026-05-02,ADANIPOWER.NS
2026-05-02,AEGISLOG.NS
2026-05-02,AEGISVOPAK.NS
2026-05-02,AFCONS.NS
2026-05-02,AFFLE.NS
2026-05-02,AIAENG.NS
2026-05-02,AIIL.NS
2026-05-02,AJANTPHARM.NS
2026-05-02,ALKEM.NS
2026-05-02,AMBER.NS
2026-05-02,AMBUJACEM.NS
2026-05-02,ANANDRATHI.NS
2026-05-02,ANANTRAJ.NS
2026-05-02,ANGELONE.NS
2026-05-02,ANTHEM.NS
2026-05-02,ANURAS.NS
2026-05-02,APARINDS.NS
2026-05-02,APLAPOLLO.NS
2026-05-02,APOLLOHOSP.NS
2026-05-02,APOLLOTYRE.NS
2026-05-02,APTUS.NS
2026-05-02,ARE&M.NS
2026-05-02,ASAHIINDIA.NS
2026-05-02,ASHOKLEY.NS
2026-05-02,ASIANPAINT.NS
2026-05-02,ASTERDM.NS
2026-05-02,ASTRAL.NS
2026-05-02,ATGL.NS
2026-05-02,ATHERENERG.NS
2026-05-02,ATUL.NS
2026-05-02,AUBANK.NS
2026-05-02,AUROPHARMA.NS
2026-05-02,AWL.NS
2026-05-02,AXISBANK.NS
2026-05-02,BAJAJ-AUTO.NS
2026-05-02,BAJAJFINSV.NS
2026-05-02,BAJAJHFL.NS
2026-05-02,BAJAJHLDNG.NS
2026-05-02,BAJFINANCE.NS
2026-05-02,BALKRISIND.NS
2026-05-02,BALRAMCHIN.NS
2026-05-02,BANDHANBNK.NS
2026-05-02,BANKBARODA.NS
2026-05-02,BANKINDIA.NS
2026-05-02,BATAINDIA.NS
2026-05-02,BAYERCROP.NS
2026-05-02,BBTC.NS
2026-05-02,BDL.NS
2026-05-02,BEL.NS
2026-05-02,BELRISE.NS
2026-05-02,BEML.NS
2026-05-02,BERGEPAINT.NS
2026-05-02,BHARATFORG.NS
2026-05-02,BHARTIARTL.NS
2026-05-02,BHARTIHEXA.NS
2026-05-02,BHEL.NS
2026-05-02,BIKAJI.NS
2026-05-02,BIOCON.NS
2026-05-02,BLS.NS
2026-05-02,BLUEDART.NS
2026-05-02,BLUEJET.NS
2026-05-02,BLUESTARCO.NS
2026-05-02,BOSCHLTD.NS
2026-05-02,BPCL.NS
2026-05-02,BRIGADE.NS
2026-05-02,BRITANNIA.NS
2026-05-02,BSE.NS
2026-05-02,BSOFT.NS
2026-05-02,CAMS.NS
2026-05-02,CANBK.NS
2026-05-02,CANFINHOME.NS
2026-05-02,CANHLIFE.NS
2026-05-02,CAPLIPOINT.NS
2026-05-02,CARBORUNIV.NS
2026-05-02,CARTRADE.NS
2026-05-02,CASTROLIND.NS
2026-05-02,CCL.NS
2026-05-02,CDSL.NS
2026-05-02,CEATLTD.NS
2026-05-02,CEMPRO.NS
2026-05-02,CENTRALBK.NS
2026-05-02,CESC.NS
2026-05-02,CGCL.NS
2026-05-02,CGPOWER.NS
2026-05-02,CHALET.NS
2026-05-02,CHAMBLFERT.NS
2026-05-02,CHENNPETRO.NS
2026-05-02,CHOICEIN.NS
2026-05-02,CHOLAFIN.NS
2026-05-02,CHOLAHLDNG.NS
2026-05-02,CIPLA.NS
2026-05-02,CLEAN.NS
2026-05-02,COALINDIA.NS
2026-05-02,COCHINSHIP.NS
2026-05-02,COFORGE.NS
2026-05-02,COHANCE.NS
2026-05-02,COLPAL.NS
2026-05-02,CONCOR.NS
2026-05-02,CONCORDBIO.NS
2026-05-02,COROMANDEL.NS
2026-05-02,CPPLUS.NS
2026-05-02,CRAFTSMAN.NS
2026-05-02,CREDITACC.NS
2026-05-02,CRISIL.NS
2026-05-02,CROMPTON.NS
2026-05-02,CUB.NS
2026-05-02,CUMMINSIND.NS
2026-05-02,CYIENT.NS
2026-05-02,DABUR.NS
2026-05-02,DALBHARAT.NS
2026-05-02,DATAPATTNS.NS
2026-05-02,DCMSHRIRAM.NS
2026-05-02,DEEPAKFERT.NS
2026-05-02,DEEPAKNTR.NS
2026-05-02,DELHIVERY.NS
2026-05-02,DEVYANI.NS
2026-05-02,DIVISLAB.NS
2026-05-02,DIXON.NS
2026-05-02,DLF.NS
2026-05-02,DMART.NS
2026-05-02,DOMS.NS
2026-05-02,DRREDDY.NS
2026-05-02,DUMMYVEDL1.NS
2026-05-02,DUMMYVEDL2.NS
2026-05-02,DUMMYVEDL3.NS
2026-05-02,DUMMYVEDL4.NS
2026-05-02,ECLERX.NS
2026-05-02,EICHERMOT.NS
2026-05-02,EIDPARRY.NS
2026-05-02,EIHOTEL.NS
2026-05-02,ELECON.NS
2026-05-02,ELGIEQUIP.NS
2026-05-02,EMAMILTD.NS
2026-05-02,EMCURE.NS
2026-05-02,EMMVEE.NS
2026-05-02,ENDURANCE.NS
2026-05-02,ENGINERSIN.NS
2026-05-02,ENRIN.NS
2026-05-02,ERIS.NS
2026-05-02,ESCORTS.NS
2026-05-02,ETERNAL.NS
2026-05-02,EXIDEIND.NS
2026-05-02,FACT.NS
2026-05-02,FEDERALBNK.NS
2026-05-02,FINCABLES.NS
2026-05-02,FIRSTCRY.NS
2026-05-02,FIVESTAR.NS
2026-05-02,FLUOROCHEM.NS
2026-05-02,FORCEMOT.NS
2026-05-02,FORTIS.NS
2026-05-02,FSL.NS
2026-05-02,GABRIEL.NS
2026-05-02,GAIL.NS
2026-05-02,GALLANTT.NS
2026-05-02,GESHIP.NS
2026-05-02,GICRE.NS
2026-05-02,GILLETTE.NS
2026-05-02,GLAND.NS
2026-05-02,GLAXO.NS
2026-05-02,GLENMARK.NS
2026-05-02,GMDCLTD.NS
2026-05-02,GMRAIRPORT.NS
2026-05-02,GODFRYPHLP.NS
2026-05-02,GODIGIT.NS
2026-05-02,GODREJCP.NS
2026-05-02,GODREJIND.NS
2026-05-02,GODREJPROP.NS
2026-05-02,GPIL.NS
2026-05-02,GRANULES.NS
2026-05-02,GRAPHITE.NS
2026-05-02,GRASIM.NS
2026-05-02,GRAVITA.NS
2026-05-02,GROWW.NS
2026-05-02,GRSE.NS
2026-05-02,GSPL.NS
2026-05-02,GVT&D.NS
2026-05-02,HAL.NS
2026-05-02,HAVELLS.NS
2026-05-02,HBLENGINE.NS
2026-05-02,HCLTECH.NS
2026-05-02,HDBFS.NS
2026-05-02,HDFCAMC.NS
2026-05-02,HDFCBANK.NS
2026-05-02,HDFCLIFE.NS
2026-05-02,HEG.NS
2026-05-02,HEROMOTOCO.NS
2026-05-02,HEXT.NS
2026-05-02,HFCL.NS
2026-05-02,HINDALCO.NS
2026-05-02,HINDCOPPER.NS
2026-05-02,HINDPETRO.NS
2026-05-02,HINDUNILVR.NS
2026-05-02,HINDZINC.NS
2026-05-02,HOMEFIRST.NS
2026-05-02,HONASA.NS
2026-05-02,HONAUT.NS
2026-05-02,HSCL.NS
2026-05-02,HUDCO.NS
2026-05-02,HYUNDAI.NS
2026-05-02,ICICIAMC.NS
2026-05-02,ICICIBANK.NS
2026-05-02,ICICIGI.NS
2026-05-02,ICICIPRULI.NS
2026-05-02,IDBI.NS
2026-05-02,IDEA.NS
2026-05-02,IDFCFIRSTB.NS
2026-05-02,IEX.NS
2026-05-02,IFCI.NS
2026-05-02,IGIL.NS
2026-05-02,IGL.NS
2026-05-02,IIFL.NS
2026-05-02,IKS.NS
2026-05-02,INDGN.NS
2026-05-02,INDHOTEL.NS
2026-05-02,INDIACEM.NS
2026-05-02,INDIAMART.NS
2026-05-02,INDIANB.NS
2026-05-02,INDIGO.NS
2026-05-02,INDUSINDBK.NS
2026-05-02,INDUSTOWER.NS
2026-05-02,INFY.NS
2026-05-02,INOXWIND.NS
2026-05-02,INTELLECT.NS
2026-05-02,IOB.NS
2026-05-02,IOC.NS
2026-05-02,IPCALAB.NS
2026-05-02,IRB.NS
2026-05-02,IRCON.NS
2026-05-02,IRCTC.NS
2026-05-02,IREDA.NS
2026-05-02,IRFC.NS
2026-05-02,ITC.NS
2026-05-02,ITCHOTELS.NS
2026-05-02,ITI.NS
2026-05-02,J&KBANK.NS
2026-05-02,JAINREC.NS
2026-05-02,JBCHEPHARM.NS
2026-05-02,JBMA.NS
2026-05-02,JINDALSAW.NS
2026-05-02,JINDALSTEL.NS
2026-05-02,JIOFIN.NS
2026-05-02,JKCEMENT.NS
2026-05-02,JKTYRE.NS
2026-05-02,JMFINANCIL.NS
2026-05-02,JPPOWER.NS
2026-05-02,JSL.NS
2026-05-02,JSWCEMENT.NS
2026-05-02,JSWDULUX.NS
2026-05-02,JSWENERGY.NS
2026-05-02,JSWINFRA.NS
2026-05-02,JSWSTEEL.NS
2026-05-02,JUBLFOOD.NS
2026-05-02,JUBLINGREA.NS
2026-05-02,JUBLPHARMA.NS
2026-05-02,JWL.NS
2026-05-02,JYOTICNC.NS
2026-05-02,KAJARIACER.NS
2026-05-02,KALYANKJIL.NS
2026-05-02,KARURVYSYA.NS
2026-05-02,KAYNES.NS
2026-05-02,KEC.NS
2026-05-02,KEI.NS
2026-05-02,KFINTECH.NS
2026-05-02,KIMS.NS
2026-05-02,KIRLOSENG.NS
2026-05-02,KOTAKBANK.NS
2026-05-02,KPIL.NS
2026-05-02,KPITTECH.NS
2026-05-02,KPRMILL.NS
2026-05-02,LALPATHLAB.NS
2026-05-02,LATENTVIEW.NS
2026-05-02,LAURUSLABS.NS
2026-05-02,LEMONTREE.NS
2026-05-02,LENSKART.NS
2026-05-02,LGEINDIA.NS
2026-05-02,LICHSGFIN.NS
2026-05-02,LICI.NS
2026-05-02,LINDEINDIA.NS
2026-05-02,LLOYDSME.NS
2026-05-02,LODHA.NS
2026-05-02,LT.NS
2026-05-02,LTF.NS
2026-05-02,LTFOODS.NS
2026-05-02,LTM.NS
2026-05-02,LTTS.NS
2026-05-02,LUPIN.NS
2026-05-02,M&M.NS
2026-05-02,M&MFIN.NS
2026-05-02,MAHABANK.NS
2026-05-02,MANAPPURAM.NS
2026-05-02,MANKIND.NS
2026-05-02,MAPMYINDIA.NS
2026-05-02,MARICO.NS
2026-05-02,MARUTI.NS
2026-05-02,MAXHEALTH.NS
2026-05-02,MAZDOCK.NS
2026-05-02,MCX.NS
2026-05-02,MEDANTA.NS
2026-05-02,MEESHO.NS
2026-05-02,MFSL.NS
2026-05-02,MGL.NS
2026-05-02,MINDACORP.NS
2026-05-02,MMTC.NS
2026-05-02,MOTHERSON.NS
2026-05-02,MOTILALOFS.NS
2026-05-02,MPHASIS.NS
2026-05-02,MRF.NS
2026-05-02,MRPL.NS
2026-05-02,MSUMI.NS
2026-05-02,MUTHOOTFIN.NS
2026-05-02,NAM-INDIA.NS
2026-05-02,NATCOPHARM.NS
2026-05-02,NATIONALUM.NS
2026-05-02,NAUKRI.NS
2026-05-02,NAVA.NS
2026-05-02,NAVINFLUOR.NS
2026-05-02,NBCC.NS
2026-05-02,NCC.NS
2026-05-02,NESTLEIND.NS
2026-05-02,NETWEB.NS
2026-05-02,NEULANDLAB.NS
2026-05-02,NEWGEN.NS
2026-05-02,NH.NS
2026-05-02,NHPC.NS
2026-05-02,NIACL.NS
2026-05-02,NIVABUPA.NS
2026-05-02,NLCINDIA.NS
2026-05-02,NMDC.NS
2026-05-02,NSLNISP.NS
2026-05-02,NTPC.NS
2026-05-02,NTPCGREEN.NS
2026-05-02,NUVAMA.NS
2026-05-02,NUVOCO.NS
2026-05-02,NYKAA.NS
2026-05-02,OBEROIRLTY.NS
2026-05-02,OFSS.NS
2026-05-02,OIL.NS
2026-05-02,OLAELEC.NS
2026-05-02,OLECTRA.NS
2026-05-02,ONESOURCE.NS
2026-05-02,ONGC.NS
2026-05-02,PAGEIND.NS
2026-05-02,PARADEEP.NS
2026-05-02,PATANJALI.NS
2026-05-02,PAYTM.NS
2026-05-02,PCBL.NS
2026-05-02,PERSISTENT.NS
2026-05-02,PETRONET.NS
2026-05-02,PFC.NS
2026-05-02,PFIZER.NS
2026-05-02,PGEL.NS
2026-05-02,PHOENIXLTD.NS
2026-05-02,PIDILITIND.NS
2026-05-02,PIIND.NS
2026-05-02,PINELABS.NS
2026-05-02,PIRAMALFIN.NS
2026-05-02,PNB.NS
2026-05-02,PNBHOUSING.NS
2026-05-02,POLICYBZR.NS
2026-05-02,POLYCAB.NS
2026-05-02,POLYMED.NS
2026-05-02,POONAWALLA.NS
2026-05-02,POWERGRID.NS
2026-05-02,POWERINDIA.NS
2026-05-02,PPLPHARMA.NS
2026-05-02,PREMIERENE.NS
2026-05-02,PRESTIGE.NS
2026-05-02,PTCIL.NS
2026-05-02,PVRINOX.NS
2026-05-02,PWL.NS
2026-05-02,RADICO.NS
2026-05-02,RAILTEL.NS
2026-05-02,RAINBOW.NS
2026-05-02,RAMCOCEM.NS
2026-05-02,RBLBANK.NS
2026-05-02,RECLTD.NS
2026-05-02,REDINGTON.NS
2026-05-02,RELIANCE.NS
2026-05-02,RHIM.NS
2026-05-02,RITES.NS
2026-05-02,RKFORGE.NS
2026-05-02,RPOWER.NS
2026-05-02,RRKABEL.NS
2026-05-02,RVNL.NS
2026-05-02,SAGILITY.NS
2026-05-02,SAIL.NS
2026-05-02,SAILIFE.NS
2026-05-02,SAMMAANCAP.NS
2026-05-02,SAPPHIRE.NS
2026-05-02,SARDAEN.NS
2026-05-02,SAREGAMA.NS
2026-05-02,SBFC.NS
2026-05-02,SBICARD.NS
2026-05-02,SBILIFE.NS
2026-05-02,SBIN.NS
2026-05-02,SCHAEFFLER.NS
2026-05-02,SCHNEIDER.NS
2026-05-02,SCI.NS
2026-05-02,SHREECEM.NS
2026-05-02,SHRIRAMFIN.NS
2026-05-02,SHYAMMETL.NS
2026-05-02,SIEMENS.NS
2026-05-02,SIGNATURE.NS
2026-05-02,SJVN.NS
2026-05-02,SOBHA.NS
2026-05-02,SOLARINDS.NS
2026-05-02,SONACOMS.NS
2026-05-02,SONATSOFTW.NS
2026-05-02,SPLPETRO.NS
2026-05-02,SRF.NS
2026-05-02,STARHEALTH.NS
2026-05-02,SUMICHEM.NS
2026-05-02,SUNDARMFIN.NS
2026-05-02,SUNPHARMA.NS
2026-05-02,SUNTV.NS
2026-05-02,SUPREMEIND.NS
2026-05-02,SUZLON.NS
2026-05-02,SWANCORP.NS
2026-05-02,SWIGGY.NS
2026-05-02,SYNGENE.NS
2026-05-02,SYRMA.NS
2026-05-02,TARIL.NS
2026-05-02,TATACAP.NS
2026-05-02,TATACHEM.NS
2026-05-02,TATACOMM.NS
2026-05-02,TATACONSUM.NS
2026-05-02,TATAELXSI.NS
2026-05-02,TATAINVEST.NS
2026-05-02,TATAPOWER.NS
2026-05-02,TATASTEEL.NS
2026-05-02,TATATECH.NS
2026-05-02,TBOTEK.NS
2026-05-02,TCS.NS
2026-05-02,TECHM.NS
2026-05-02,TECHNOE.NS
2026-05-02,TEGA.NS
2026-05-02,TEJASNET.NS
2026-05-02,TENNIND.NS
2026-05-02,THELEELA.NS
2026-05-02,THERMAX.NS
2026-05-02,TIINDIA.NS
2026-05-02,TIMKEN.NS
2026-05-02,TITAGARH.NS
2026-05-02,TITAN.NS
2026-05-02,TMCV.NS
2026-05-02,TMPV.NS
2026-05-02,TORNTPHARM.NS
2026-05-02,TORNTPOWER.NS
2026-05-02,TRAVELFOOD.NS
2026-05-02,TRENT.NS
2026-05-02,TRIDENT.NS
2026-05-02,TRITURBINE.NS
2026-05-02,TTML.NS
2026-05-02,TVSMOTOR.NS
2026-05-02,UBL.NS
2026-05-02,UCOBANK.NS
2026-05-02,ULTRACEMCO.NS
2026-05-02,UNIONBANK.NS
2026-05-02,UNITDSPR.NS
2026-05-02,UNOMINDA.NS
2026-05-02,UPL.NS
2026-05-02,URBANCO.NS
2026-05-02,USHAMART.NS
2026-05-02,UTIAMC.NS
2026-05-02,VBL.NS
2026-05-02,VEDL.NS
2026-05-02,VIJAYA.NS
2026-05-02,VMM.NS
2026-05-02,VOLTAS.NS
2026-05-02,VTL.NS
2026-05-02,WAAREEENER.NS
2026-05-02,WELCORP.NS
2026-05-02,WELSPUNLIV.NS
2026-05-02,WHIRLPOOL.NS
2026-05-02,WIPRO.NS
2026-05-02,WOCKPHARMA.NS
2026-05-02,YESBANK.NS
2026-05-02,ZEEL.NS
2026-05-02,ZENSARTECH.NS
2026-05-02,ZENTEC.NS
2026-05-02,ZFCVINDIA.NS
2026-05-02,ZYDUSLIFE.NS
2026-05-02,ZYDUSWELL.NS
2026-05-30,360ONE.NS
2026-05-30,3MINDIA.NS
2026-05-30,AADHARHFC.NS
2026-05-30,AARTIIND.NS
2026-05-30,AAVAS.NS
2026-05-30,ABB.NS
2026-05-30,ABBOTINDIA.NS
2026-05-30,ABCAPITAL.NS
2026-05-30,ABDL.NS
2026-05-30,ABFRL.NS
2026-05-30,ABLBL.NS
2026-05-30,ABREL.NS
2026-05-30,ABSLAMC.NS
2026-05-30,ACC.NS
2026-05-30,ACE.NS
2026-05-30,ACMESOLAR.NS
2026-05-30,ACUTAAS.NS
2026-05-30,ADANIENSOL.NS
2026-05-30,ADANIENT.NS
2026-05-30,ADANIGREEN.NS
2026-05-30,ADANIPORTS.NS
2026-05-30,ADANIPOWER.NS
2026-05-30,AEGISLOG.NS
2026-05-30,AEGISVOPAK.NS
2026-05-30,AFCONS.NS
2026-05-30,AFFLE.NS
2026-05-30,AIAENG.NS
2026-05-30,AIIL.NS
2026-05-30,AJANTPHARM.NS
2026-05-30,ALKEM.NS
2026-05-30,AMBER.NS
2026-05-30,AMBUJACEM.NS
2026-05-30,ANANDRATHI.NS
2026-05-30,ANANTRAJ.NS
2026-05-30,ANGELONE.NS
2026-05-30,ANTHEM.NS
2026-05-30,ANURAS.NS
2026-05-30,APARINDS.NS
2026-05-30,APLAPOLLO.NS
2026-05-30,APOLLOHOSP.NS
2026-05-30,APOLLOTYRE.NS
2026-05-30,APTUS.NS
2026-05-30,ARE&M.NS
2026-05-30,ASAHIINDIA.NS
2026-05-30,ASHOKLEY.NS
2026-05-30,ASIANPAINT.NS
2026-05-30,ASTERDM.NS
2026-05-30,ASTRAL.NS
2026-05-30,ATGL.NS
2026-05-30,ATHERENERG.NS
2026-05-30,ATUL.NS
2026-05-30,AUBANK.NS
2026-05-30,AUROPHARMA.NS
2026-05-30,AWL.NS
2026-05-30,AXISBANK.NS
2026-05-30,BAJAJ-AUTO.NS
2026-05-30,BAJAJFINSV.NS
2026-05-30,BAJAJHFL.NS
2026-05-30,BAJAJHLDNG.NS
2026-05-30,BAJFINANCE.NS
2026-05-30,BALKRISIND.NS
2026-05-30,BALRAMCHIN.NS
2026-05-30,BANDHANBNK.NS
2026-05-30,BANKBARODA.NS
2026-05-30,BANKINDIA.NS
2026-05-30,BATAINDIA.NS
2026-05-30,BAYERCROP.NS
2026-05-30,BBTC.NS
2026-05-30,BDL.NS
2026-05-30,BEL.NS
2026-05-30,BELRISE.NS
2026-05-30,BEML.NS
2026-05-30,BERGEPAINT.NS
2026-05-30,BHARATFORG.NS
2026-05-30,BHARTIARTL.NS
2026-05-30,BHARTIHEXA.NS
2026-05-30,BHEL.NS
2026-05-30,BIKAJI.NS
2026-05-30,BIOCON.NS
2026-05-30,BLS.NS
2026-05-30,BLUEDART.NS
2026-05-30,BLUEJET.NS
2026-05-30,BLUESTARCO.NS
2026-05-30,BOSCHLTD.NS
2026-05-30,BPCL.NS
2026-05-30,BRIGADE.NS
2026-05-30,BRITANNIA.NS
2026-05-30,BSE.NS
2026-05-30,BSOFT.NS
2026-05-30,CAMS.NS
2026-05-30,CANBK.NS
2026-05-30,CANFINHOME.NS
2026-05-30,CANHLIFE.NS
2026-05-30,CAPLIPOINT.NS
2026-05-30,CARBORUNIV.NS
2026-05-30,CARTRADE.NS
2026-05-30,CASTROLIND.NS
2026-05-30,CCL.NS
2026-05-30,CDSL.NS
2026-05-30,CEATLTD.NS
2026-05-30,CEMPRO.NS
2026-05-30,CENTRALBK.NS
2026-05-30,CESC.NS
2026-05-30,CGCL.NS
2026-05-30,CGPOWER.NS
2026-05-30,CHALET.NS
2026-05-30,CHAMBLFERT.NS
2026-05-30,CHENNPETRO.NS
2026-05-30,CHOICEIN.NS
2026-05-30,CHOLAFIN.NS
2026-05-30,CHOLAHLDNG.NS
2026-05-30,CIEINDIA.NS
2026-05-30,CIPLA.NS
2026-05-30,CLEAN.NS
2026-05-30,COALINDIA.NS
2026-05-30,COCHINSHIP.NS
2026-05-30,COFORGE.NS
2026-05-30,COHANCE.NS
2026-05-30,COLPAL.NS
2026-05-30,CONCOR.NS
2026-05-30,CONCORDBIO.NS
2026-05-30,COROMANDEL.NS
2026-05-30,CPPLUS.NS
2026-05-30,CRAFTSMAN.NS
2026-05-30,CREDITACC.NS
2026-05-30,CRISIL.NS
2026-05-30,CROMPTON.NS
2026-05-30,CUB.NS
2026-05-30,CUMMINSIND.NS
2026-05-30,CYIENT.NS
2026-05-30,DABUR.NS
2026-05-30,DALBHARAT.NS
2026-05-30,DATAPATTNS.NS
2026-05-30,DCMSHRIRAM.NS
2026-05-30,DEEPAKFERT.NS
2026-05-30,DEEPAKNTR.NS
2026-05-30,DELHIVERY.NS
2026-05-30,DEVYANI.NS
2026-05-30,DIVISLAB.NS
2026-05-30,DIXON.NS
2026-05-30,DLF.NS
2026-05-30,DMART.NS
2026-05-30,DOMS.NS
2026-05-30,DRREDDY.NS
2026-05-30,DUMMYVEDL1.NS
2026-05-30,DUMMYVEDL2.NS
2026-05-30,DUMMYVEDL3.NS
2026-05-30,DUMMYVEDL4.NS
2026-05-30,ECLERX.NS
2026-05-30,EICHERMOT.NS
2026-05-30,EIDPARRY.NS
2026-05-30,EIHOTEL.NS
2026-05-30,ELECON.NS
2026-05-30,ELGIEQUIP.NS
2026-05-30,EMAMILTD.NS
2026-05-30,EMCURE.NS
2026-05-30,EMMVEE.NS
2026-05-30,ENDURANCE.NS
2026-05-30,ENGINERSIN.NS
2026-05-30,ENRIN.NS
2026-05-30,ERIS.NS
2026-05-30,ESCORTS.NS
2026-05-30,ETERNAL.NS
2026-05-30,EXIDEIND.NS
2026-05-30,FACT.NS
2026-05-30,FEDERALBNK.NS
2026-05-30,FINCABLES.NS
2026-05-30,FIRSTCRY.NS
2026-05-30,FIVESTAR.NS
2026-05-30,FLUOROCHEM.NS
2026-05-30,FORCEMOT.NS
2026-05-30,FORTIS.NS
2026-05-30,FSL.NS
2026-05-30,GABRIEL.NS
2026-05-30,GAIL.NS
2026-05-30,GALLANTT.NS
2026-05-30,GESHIP.NS
2026-05-30,GICRE.NS
2026-05-30,GILLETTE.NS
2026-05-30,GLAND.NS
2026-05-30,GLAXO.NS
2026-05-30,GLENMARK.NS
2026-05-30,GMDCLTD.NS
2026-05-30,GMRAIRPORT.NS
2026-05-30,GODFRYPHLP.NS
2026-05-30,GODIGIT.NS
2026-05-30,GODREJCP.NS
2026-05-30,GODREJIND.NS
2026-05-30,GODREJPROP.NS
2026-05-30,GPIL.NS
2026-05-30,GRANULES.NS
2026-05-30,GRAPHITE.NS
2026-05-30,GRASIM.NS
2026-05-30,GRAVITA.NS
2026-05-30,GROWW.NS
2026-05-30,GRSE.NS
2026-05-30,GVT&D.NS
2026-05-30,HAL.NS
2026-05-30,HAVELLS.NS
2026-05-30,HBLENGINE.NS
2026-05-30,HCLTECH.NS
2026-05-30,HDBFS.NS
2026-05-30,HDFCAMC.NS
2026-05-30,HDFCBANK.NS
2026-05-30,HDFCLIFE.NS
2026-05-30,HEG.NS
2026-05-30,HEROMOTOCO.NS
2026-05-30,HEXT.NS
2026-05-30,HFCL.NS
2026-05-30,HINDALCO.NS
2026-05-30,HINDCOPPER.NS
2026-05-30,HINDPETRO.NS
2026-05-30,HINDUNILVR.NS
2026-05-30,HINDZINC.NS
2026-05-30,HOMEFIRST.NS
2026-05-30,HONASA.NS
2026-05-30,HONAUT.NS
2026-05-30,HSCL.NS
2026-05-30,HUDCO.NS
2026-05-30,HYUNDAI.NS
2026-05-30,ICICIAMC.NS
2026-05-30,ICICIBANK.NS
2026-05-30,ICICIGI.NS
2026-05-30,ICICIPRULI.NS
2026-05-30,IDBI.NS
2026-05-30,IDEA.NS
2026-05-30,IDFCFIRSTB.NS
2026-05-30,IEX.NS
2026-05-30,IFCI.NS
2026-05-30,IGIL.NS
2026-05-30,IGL.NS
2026-05-30,IIFL.NS
2026-05-30,IKS.NS
2026-05-30,INDGN.NS
2026-05-30,INDHOTEL.NS
2026-05-30,INDIACEM.NS
2026-05-30,INDIAMART.NS
2026-05-30,INDIANB.NS
2026-05-30,INDIGO.NS
2026-05-30,INDUSINDBK.NS
2026-05-30,INDUSTOWER.NS
2026-05-30,INFY.NS
2026-05-30,INOXWIND.NS
2026-05-30,INTELLECT.NS
2026-05-30,IOB.NS
2026-05-30,IOC.NS
2026-05-30,IPCALAB.NS
2026-05-30,IRB.NS
2026-05-30,IRCON.NS
2026-05-30,IRCTC.NS
2026-05-30,IREDA.NS
2026-05-30,IRFC.NS
2026-05-30,ITC.NS
2026-05-30,ITCHOTELS.NS
2026-05-30,ITI.NS
2026-05-30,J&KBANK.NS
2026-05-30,JAINREC.NS
2026-05-30,JBCHEPHARM.NS
2026-05-30,JBMA.NS
2026-05-30,JINDALSAW.NS
2026-05-30,JINDALSTEL.NS
2026-05-30,JIOFIN.NS
2026-05-30,JKCEMENT.NS
2026-05-30,JKTYRE.NS
2026-05-30,JMFINANCIL.NS
2026-05-30,JPPOWER.NS
2026-05-30,JSL.NS
2026-05-30,JSWCEMENT.NS
2026-05-30,JSWDULUX.NS
2026-05-30,JSWENERGY.NS
2026-05-30,JSWINFRA.NS
2026-05-30,JSWSTEEL.NS
2026-05-30,JUBLFOOD.NS
2026-05-30,JUBLINGREA.NS
2026-05-30,JUBLPHARMA.NS
2026-05-30,JWL.NS
2026-05-30,JYOTICNC.NS
2026-05-30,KAJARIACER.NS
2026-05-30,KALYANKJIL.NS
2026-05-30,KARURVYSYA.NS
2026-05-30,KAYNES.NS
2026-05-30,KEC.NS
2026-05-30,KEI.NS
2026-05-30,KFINTECH.NS
2026-05-30,KIMS.NS
2026-05-30,KIRLOSENG.NS
2026-05-30,KOTAKBANK.NS
2026-05-30,KPIL.NS
2026-05-30,KPITTECH.NS
2026-05-30,KPRMILL.NS
2026-05-30,LALPATHLAB.NS
2026-05-30,LATENTVIEW.NS
2026-05-30,LAURUSLABS.NS
2026-05-30,LEMONTREE.NS
2026-05-30,LENSKART.NS
2026-05-30,LGEINDIA.NS
2026-05-30,LICHSGFIN.NS
2026-05-30,LICI.NS
2026-05-30,LINDEINDIA.NS
2026-05-30,LLOYDSME.NS
2026-05-30,LODHA.NS
2026-05-30,LT.NS
2026-05-30,LTF.NS
2026-05-30,LTFOODS.NS
2026-05-30,LTM.NS
2026-05-30,LTTS.NS
2026-05-30,LUPIN.NS
2026-05-30,M&M.NS
2026-05-30,M&MFIN.NS
2026-05-30,MAHABANK.NS
2026-05-30,MANAPPURAM.NS
2026-05-30,MANKIND.NS
2026-05-30,MAPMYINDIA.NS
2026-05-30,MARICO.NS
2026-05-30,MARUTI.NS
2026-05-30,MAXHEALTH.NS
2026-05-30,MAZDOCK.NS
2026-05-30,MCX.NS
2026-05-30,MEDANTA.NS
2026-05-30,MEESHO.NS
2026-05-30,MFSL.NS
2026-05-30,MGL.NS
2026-05-30,MINDACORP.NS
2026-05-30,MMTC.NS
2026-05-30,MOTHERSON.NS
2026-05-30,MOTILALOFS.NS
2026-05-30,MPHASIS.NS
2026-05-30,MRF.NS
2026-05-30,MRPL.NS
2026-05-30,MSUMI.NS
2026-05-30,MUTHOOTFIN.NS
2026-05-30,NAM-INDIA.NS
2026-05-30,NATCOPHARM.NS
2026-05-30,NATIONALUM.NS
2026-05-30,NAUKRI.NS
2026-05-30,NAVA.NS
2026-05-30,NAVINFLUOR.NS
2026-05-30,NBCC.NS
2026-05-30,NCC.NS
2026-05-30,NESTLEIND.NS
2026-05-30,NETWEB.NS
2026-05-30,NEULANDLAB.NS
2026-05-30,NEWGEN.NS
2026-05-30,NH.NS
2026-05-30,NHPC.NS
2026-05-30,NIACL.NS
2026-05-30,NIVABUPA.NS
2026-05-30,NLCINDIA.NS
2026-05-30,NMDC.NS
2026-05-30,NSLNISP.NS
2026-05-30,NTPC.NS
2026-05-30,NTPCGREEN.NS
2026-05-30,NUVAMA.NS
2026-05-30,NUVOCO.NS
2026-05-30,NYKAA.NS
2026-05-30,OBEROIRLTY.NS
2026-05-30,OFSS.NS
2026-05-30,OIL.NS
2026-05-30,OLAELEC.NS
2026-05-30,OLECTRA.NS
2026-05-30,ONESOURCE.NS
2026-05-30,ONGC.NS
2026-05-30,PAGEIND.NS
2026-05-30,PARADEEP.NS
2026-05-30,PATANJALI.NS
2026-05-30,PAYTM.NS
2026-05-30,PCBL.NS
2026-05-30,PERSISTENT.NS
2026-05-30,PETRONET.NS
2026-05-30,PFC.NS
2026-05-30,PFIZER.NS
2026-05-30,PGEL.NS
2026-05-30,PHOENIXLTD.NS
2026-05-30,PIDILITIND.NS
2026-05-30,PIIND.NS
2026-05-30,PINELABS.NS
2026-05-30,PIRAMALFIN.NS
2026-05-30,PNB.NS
2026-05-30,PNBHOUSING.NS
2026-05-30,POLICYBZR.NS
2026-05-30,POLYCAB.NS
2026-05-30,POLYMED.NS
2026-05-30,POONAWALLA.NS
2026-05-30,POWERGRID.NS
2026-05-30,POWERINDIA.NS
2026-05-30,PPLPHARMA.NS
2026-05-30,PREMIERENE.NS
2026-05-30,PRESTIGE.NS
2026-05-30,PTCIL.NS
2026-05-30,PVRINOX.NS
2026-05-30,PWL.NS
2026-05-30,RADICO.NS
2026-05-30,RAILTEL.NS
2026-05-30,RAINBOW.NS
2026-05-30,RAMCOCEM.NS
2026-05-30,RBLBANK.NS
2026-05-30,RECLTD.NS
2026-05-30,REDINGTON.NS
2026-05-30,RELIANCE.NS
2026-05-30,RHIM.NS
2026-05-30,RITES.NS
2026-05-30,RKFORGE.NS
2026-05-30,RPOWER.NS
2026-05-30,RRKABEL.NS
2026-05-30,RVNL.NS
2026-05-30,SAGILITY.NS
2026-05-30,SAIL.NS
2026-05-30,SAILIFE.NS
2026-05-30,SAMMAANCAP.NS
2026-05-30,SAPPHIRE.NS
2026-05-30,SARDAEN.NS
2026-05-30,SAREGAMA.NS
2026-05-30,SBFC.NS
2026-05-30,SBICARD.NS
2026-05-30,SBILIFE.NS
2026-05-30,SBIN.NS
2026-05-30,SCHAEFFLER.NS
2026-05-30,SCHNEIDER.NS
2026-05-30,SCI.NS
2026-05-30,SHREECEM.NS
2026-05-30,SHRIRAMFIN.NS
2026-05-30,SHYAMMETL.NS
2026-05-30,SIEMENS.NS
2026-05-30,SIGNATURE.NS
2026-05-30,SJVN.NS
2026-05-30,SOBHA.NS
2026-05-30,SOLARINDS.NS
2026-05-30,SONACOMS.NS
2026-05-30,SONATSOFTW.NS
2026-05-30,SPLPETRO.NS
2026-05-30,SRF.NS
2026-05-30,STARHEALTH.NS
2026-05-30,SUMICHEM.NS
2026-05-30,SUNDARMFIN.NS
2026-05-30,SUNPHARMA.NS
2026-05-30,SUNTV.NS
2026-05-30,SUPREMEIND.NS
2026-05-30,SUZLON.NS
2026-05-30,SWANCORP.NS
2026-05-30,SWIGGY.NS
2026-05-30,SYNGENE.NS
2026-05-30,SYRMA.NS
2026-05-30,TARIL.NS
2026-05-30,TATACAP.NS
2026-05-30,TATACHEM.NS
2026-05-30,TATACOMM.NS
2026-05-30,TATACONSUM.NS
2026-05-30,TATAELXSI.NS
2026-05-30,TATAINVEST.NS
2026-05-30,TATAPOWER.NS
2026-05-30,TATASTEEL.NS
2026-05-30,TATATECH.NS
2026-05-30,TBOTEK.NS
2026-05-30,TCS.NS
2026-05-30,TECHM.NS
2026-05-30,TECHNOE.NS
2026-05-30,TEGA.NS
2026-05-30,TEJASNET.NS
2026-05-30,TENNIND.NS
2026-05-30,THELEELA.NS
2026-05-30,THERMAX.NS
2026-05-30,TIINDIA.NS
2026-05-30,TIMKEN.NS
2026-05-30,TITAGARH.NS
2026-05-30,TITAN.NS
2026-05-30,TMCV.NS
2026-05-30,TMPV.NS
2026-05-30,TORNTPHARM.NS
2026-05-30,TORNTPOWER.NS
2026-05-30,TRAVELFOOD.NS
2026-05-30,TRENT.NS
2026-05-30,TRIDENT.NS
2026-05-30,TRITURBINE.NS
2026-05-30,TTML.NS
2026-05-30,TVSMOTOR.NS
2026-05-30,UBL.NS
2026-05-30,UCOBANK.NS
2026-05-30,ULTRACEMCO.NS
2026-05-30,UNIONBANK.NS
2026-05-30,UNITDSPR.NS
2026-05-30,UNOMINDA.NS
2026-05-30,UPL.NS
2026-05-30,URBANCO.NS
2026-05-30,USHAMART.NS
2026-05-30,UTIAMC.NS
2026-05-30,VBL.NS
2026-05-30,VEDL.NS
2026-05-30,VIJAYA.NS
2026-05-30,VMM.NS
2026-05-30,VOLTAS.NS
2026-05-30,VTL.NS
2026-05-30,WAAREEENER.NS
2026-05-30,WELCORP.NS
2026-05-30,WELSPUNLIV.NS
2026-05-30,WHIRLPOOL.NS
2026-05-30,WIPRO.NS
2026-05-30,WOCKPHARMA.NS
2026-05-30,YESBANK.NS
2026-05-30,ZEEL.NS
2026-05-30,ZENSARTECH.NS
2026-05-30,ZENTEC.NS
2026-05-30,ZFCVINDIA.NS
2026-05-30,ZYDUSLIFE.NS
2026-05-30,ZYDUSWELL.NS
2026-08-27,360ONE.NS
2026-08-27,3MINDIA.NS
2026-08-27,AADHARHFC.NS
2026-08-27,AARTIIND.NS
2026-08-27,AAVAS.NS
2026-08-27,ABB.NS
2026-08-27,ABBOTINDIA.NS
2026-08-27,ABCAPITAL.NS
2026-08-27,ABDL.NS
2026-08-27,ABFRL.NS
2026-08-27,ABLBL.NS
2026-08-27,ABREL.NS
2026-08-27,ABSLAMC.NS
2026-08-27,ACC.NS
2026-08-27,ACE.NS
2026-08-27,ACMESOLAR.NS
2026-08-27,ACUTAAS.NS
2026-08-27,ADANIENSOL.NS
2026-08-27,ADANIENT.NS
2026-08-27,ADANIGREEN.NS
2026-08-27,ADANIPORTS.NS
2026-08-27,ADANIPOWER.NS
2026-08-27,AEGISLOG.NS
2026-08-27,AEGISVOPAK.NS
2026-08-27,AFCONS.NS
2026-08-27,AFFLE.NS
2026-08-27,AIAENG.NS
2026-08-27,AIIL.NS
2026-08-27,AJANTPHARM.NS
2026-08-27,ALKEM.NS
2026-08-27,AMBER.NS
2026-08-27,AMBUJACEM.NS
2026-08-27,ANANDRATHI.NS
2026-08-27,ANANTRAJ.NS
2026-08-27,ANGELONE.NS
2026-08-27,ANTHEM.NS
2026-08-27,ANURAS.NS
2026-08-27,APARINDS.NS
2026-08-27,APLAPOLLO.NS
2026-08-27,APOLLOHOSP.NS
2026-08-27,APOLLOTYRE.NS
2026-08-27,APTUS.NS
2026-08-27,ARE&M.NS
2026-08-27,ASAHIINDIA.NS
2026-08-27,ASHOKLEY.NS
2026-08-27,ASIANPAINT.NS
2026-08-27,ASTERDM.NS
2026-08-27,ASTRAL.NS
2026-08-27,ATGL.NS
2026-08-27,ATHERENERG.NS
2026-08-27,ATUL.NS
2026-08-27,AUBANK.NS
2026-08-27,AUROPHARMA.NS
2026-08-27,AWL.NS
2026-08-27,AXISBANK.NS
2026-08-27,BAJAJ-AUTO.NS
2026-08-27,BAJAJFINSV.NS
2026-08-27,BAJAJHFL.NS
2026-08-27,BAJAJHLDNG.NS
2026-08-27,BAJFINANCE.NS
2026-08-27,BALKRISIND.NS
2026-08-27,BALRAMCHIN.NS
2026-08-27,BANDHANBNK.NS
2026-08-27,BANKBARODA.NS
2026-08-27,BANKINDIA.NS
2026-08-27,BATAINDIA.NS
2026-08-27,BAYERCROP.NS
2026-08-27,BBTC.NS
2026-08-27,BDL.NS
2026-08-27,BEL.NS
2026-08-27,BELRISE.NS
2026-08-27,BEML.NS
2026-08-27,BERGEPAINT.NS
2026-08-27,BHARATFORG.NS
2026-08-27,BHARTIARTL.NS
2026-08-27,BHARTIHEXA.NS
2026-08-27,BHEL.NS
2026-08-27,BIKAJI.NS
2026-08-27,BIOCON.NS
2026-08-27,BLS.NS
2026-08-27,BLUEDART.NS
2026-08-27,BLUEJET.NS
2026-08-27,BLUESTARCO.NS
2026-08-27,BOSCHLTD.NS
2026-08-27,BPCL.NS
2026-08-27,BRIGADE.NS
2026-08-27,BRITANNIA.NS
2026-08-27,BSE.NS
2026-08-27,BSOFT.NS
2026-08-27,CAMS.NS
2026-08-27,CANBK.NS
2026-08-27,CANFINHOME.NS
2026-08-27,CANHLIFE.NS
2026-08-27,CAPLIPOINT.NS
2026-08-27,CARBORUNIV.NS
2026-08-27,CARTRADE.NS
2026-08-27,CASTROLIND.NS
2026-08-27,CCL.NS
2026-08-27,CDSL.NS
2026-08-27,CEATLTD.NS
2026-08-27,CEMPRO.NS
2026-08-27,CENTRALBK.NS
2026-08-27,CESC.NS
2026-08-27,CGCL.NS
2026-08-27,CGPOWER.NS
2026-08-27,CHALET.NS
2026-08-27,CHAMBLFERT.NS
2026-08-27,CHENNPETRO.NS
2026-08-27,CHOICEIN.NS
2026-08-27,CHOLAFIN.NS
2026-08-27,CHOLAHLDNG.NS
2026-08-27,CIEINDIA.NS
2026-08-27,CIPLA.NS
2026-08-27,CLEAN.NS
2026-08-27,COALINDIA.NS
2026-08-27,COCHINSHIP.NS
2026-08-27,COFORGE.NS
2026-08-27,COHANCE.NS
2026-08-27,COLPAL.NS
2026-08-27,CONCOR.NS
2026-08-27,CONCORDBIO.NS
2026-08-27,COROMANDEL.NS
2026-08-27,CPPLUS.NS
2026-08-27,CRAFTSMAN.NS
2026-08-27,CREDITACC.NS
2026-08-27,CRISIL.NS
2026-08-27,CROMPTON.NS
2026-08-27,CUB.NS
2026-08-27,CUMMINSIND.NS
2026-08-27,CYIENT.NS
2026-08-27,DABUR.NS
2026-08-27,DALBHARAT.NS
2026-08-27,DATAPATTNS.NS
2026-08-27,DCMSHRIRAM.NS
2026-08-27,DEEPAKFERT.NS
2026-08-27,DEEPAKNTR.NS
2026-08-27,DELHIVERY.NS
2026-08-27,DEVYANI.NS
2026-08-27,DIVISLAB.NS
2026-08-27,DIXON.NS
2026-08-27,DLF.NS
2026-08-27,DMART.NS
2026-08-27,DOMS.NS
2026-08-27,DRREDDY.NS
2026-08-27,ECLERX.NS
2026-08-27,EICHERMOT.NS
2026-08-27,EIDPARRY.NS
2026-08-27,EIHOTEL.NS
2026-08-27,ELECON.NS
2026-08-27,ELGIEQUIP.NS
2026-08-27,EMAMILTD.NS
2026-08-27,EMCURE.NS
2026-08-27,EMMVEE.NS
2026-08-27,ENDURANCE.NS
2026-08-27,ENGINERSIN.NS
2026-08-27,ENRIN.NS
2026-08-27,ERIS.NS
2026-08-27,ESCORTS.NS
2026-08-27,ETERNAL.NS
2026-08-27,EXIDEIND.NS
2026-08-27,FACT.NS
2026-08-27,FEDERALBNK.NS
2026-08-27,FINCABLES.NS
2026-08-27,FIRSTCRY.NS
2026-08-27,FIVESTAR.NS
2026-08-27,FLUOROCHEM.NS
2026-08-27,FORCEMOT.NS
2026-08-27,FORTIS.NS
2026-08-27,FSL.NS
2026-08-27,GABRIEL.NS
2026-08-27,GAIL.NS
2026-08-27,GALLANTT.NS
2026-08-27,GESHIP.NS
2026-08-27,GICRE.NS
2026-08-27,GILLETTE.NS
2026-08-27,GLAND.NS
2026-08-27,GLAXO.NS
2026-08-27,GLENMARK.NS
2026-08-27,GMDCLTD.NS
2026-08-27,GMRAIRPORT.NS
2026-08-27,GODFRYPHLP.NS
2026-08-27,GODIGIT.NS
2026-08-27,GODREJCP.NS
2026-08-27,GODREJIND.NS
2026-08-27,GODREJPROP.NS
2026-08-27,GPIL.NS
2026-08-27,GRANULES.NS
2026-08-27,GRAPHITE.NS
2026-08-27,GRASIM.NS
2026-08-27,GRAVITA.NS
2026-08-27,GROWW.NS
2026-08-27,GRSE.NS
2026-08-27,GVT&D.NS
2026-08-27,HAL.NS
2026-08-27,HAVELLS.NS
2026-08-27,HBLENGINE.NS
2026-08-27,HCLTECH.NS
2026-08-27,HDBFS.NS
2026-08-27,HDFCAMC.NS
2026-08-27,HDFCBANK.NS
2026-08-27,HDFCLIFE.NS
2026-08-27,HEG.NS
2026-08-27,HEROMOTOCO.NS
2026-08-27,HEXT.NS
2026-08-27,HFCL.NS
2026-08-27,HINDALCO.NS
2026-08-27,HINDCOPPER.NS
2026-08-27,HINDPETRO.NS
2026-08-27,HINDUNILVR.NS
2026-08-27,HINDZINC.NS
2026-08-27,HOMEFIRST.NS
2026-08-27,HONASA.NS
2026-08-27,HONAUT.NS
2026-08-27,HSCL.NS
2026-08-27,HUDCO.NS
2026-08-27,HYUNDAI.NS
2026-08-27,ICICIAMC.NS
2026-08-27,ICICIBANK.NS
2026-08-27,ICICIGI.NS
2026-08-27,ICICIPRULI.NS
2026-08-27,IDBI.NS
2026-08-27,IDEA.NS
2026-08-27,IDFCFIRSTB.NS
2026-08-27,IEX.NS
2026-08-27,IFCI.NS
2026-08-27,IGIL.NS
2026-08-27,IGL.NS
2026-08-27,IIFL.NS
2026-08-27,IKS.NS
2026-08-27,INDGN.NS
2026-08-27,INDHOTEL.NS
2026-08-27,INDIACEM.NS
2026-08-27,INDIAMART.NS
2026-08-27,INDIANB.NS
2026-08-27,INDIGO.NS
2026-08-27,INDUSINDBK.NS
2026-08-27,INDUSTOWER.NS
2026-08-27,INFY.NS
2026-08-27,INOXWIND.NS
2026-08-27,INTELLECT.NS
2026-08-27,IOB.NS
2026-08-27,IOC.NS
2026-08-27,IPCALAB.NS
2026-08-27,IRB.NS
2026-08-27,IRCON.NS
2026-08-27,IRCTC.NS
2026-08-27,IREDA.NS
2026-08-27,IRFC.NS
2026-08-27,ITC.NS
2026-08-27,ITCHOTELS.NS
2026-08-27,ITI.NS
2026-08-27,J&KBANK.NS
2026-08-27,JAINREC.NS
2026-08-27,JBMA.NS
2026-08-27,JINDALSAW.NS
2026-08-27,JINDALSTEL.NS
2026-08-27,JIOFIN.NS
2026-08-27,JKCEMENT.NS
2026-08-27,JKTYRE.NS
2026-08-27,JMFINANCIL.NS
2026-08-27,JPPOWER.NS
2026-08-27,JSL.NS
2026-08-27,JSWCEMENT.NS
2026-08-27,JSWDULUX.NS
2026-08-27,JSWENERGY.NS
2026-08-27,JSWINFRA.NS
2026-08-27,JSWSTEEL.NS
2026-08-27,JUBLFOOD.NS
2026-08-27,JUBLINGREA.NS
2026-08-27,JUBLPHARMA.NS
2026-08-27,JWL.NS
2026-08-27,JYOTICNC.NS
2026-08-27,KAJARIACER.NS
2026-08-27,KALYANKJIL.NS
2026-08-27,KARURVYSYA.NS
2026-08-27,KAYNES.NS
2026-08-27,KEC.NS
2026-08-27,KEI.NS
2026-08-27,KFINTECH.NS
2026-08-27,KIMS.NS
2026-08-27,KIRLOSENG.NS
2026-08-27,KOTAKBANK.NS
2026-08-27,KPIL.NS
2026-08-27,KPITTECH.NS
2026-08-27,KPRMILL.NS
2026-08-27,LALPATHLAB.NS
2026-08-27,LATENTVIEW.NS
2026-08-27,LAURUSLABS.NS
2026-08-27,LEMONTREE.NS
2026-08-27,LENSKART.NS
2026-08-27,LGEINDIA.NS
2026-08-27,LICHSGFIN.NS
2026-08-27,LICI.NS
2026-08-27,LINDEINDIA.NS
2026-08-27,LLOYDSME.NS
2026-08-27,LODHA.NS
2026-08-27,LT.NS
2026-08-27,LTF.NS
2026-08-27,LTFOODS.NS
2026-08-27,LTM.NS
2026-08-27,LTTS.NS
2026-08-27,LUPIN.NS
2026-08-27,M&M.NS
2026-08-27,M&MFIN.NS
2026-08-27,MAHABANK.NS
2026-08-27,MANAPPURAM.NS
2026-08-27,MANKIND.NS
2026-08-27,MAPMYINDIA.NS
2026-08-27,MARICO.NS
2026-08-27,MARUTI.NS
2026-08-27,MAXHEALTH.NS
2026-08-27,MAZDOCK.NS
2026-08-27,MCX.NS
2026-08-27,MEDANTA.NS
2026-08-27,MEESHO.NS
2026-08-27,MFSL.NS
2026-08-27,MGL.NS
2026-08-27,MINDACORP.NS
2026-08-27,MMTC.NS
2026-08-27,MOTHERSON.NS
2026-08-27,MOTILALOFS.NS
2026-08-27,MPHASIS.NS
2026-08-27,MRF.NS
2026-08-27,MRPL.NS
2026-08-27,MSUMI.NS
2026-08-27,MUTHOOTFIN.NS
2026-08-27,NAM-INDIA.NS
2026-08-27,NATCOPHARM.NS
2026-08-27,NATIONALUM.NS
2026-08-27,NAUKRI.NS
2026-08-27,NAVA.NS
2026-08-27,NAVINFLUOR.NS
2026-08-27,NBCC.NS
2026-08-27,NCC.NS
2026-08-27,NESTLEIND.NS
2026-08-27,NETWEB.NS
2026-08-27,NEULANDLAB.NS
2026-08-27,NEWGEN.NS
2026-08-27,NH.NS
2026-08-27,NHPC.NS
2026-08-27,NIACL.NS
2026-08-27,NIVABUPA.NS
2026-08-27,NLCINDIA.NS
2026-08-27,NMDC.NS
2026-08-27,NSLNISP.NS
2026-08-27,NTPC.NS
2026-08-27,NTPCGREEN.NS
2026-08-27,NUVAMA.NS
2026-08-27,NUVOCO.NS
2026-08-27,NYKAA.NS
2026-08-27,OBEROIRLTY.NS
2026-08-27,OFSS.NS
2026-08-27,OIL.NS
2026-08-27,OLAELEC.NS
2026-08-27,OLECTRA.NS
2026-08-27,ONESOURCE.NS
2026-08-27,ONGC.NS
2026-08-27,PAGEIND.NS
2026-08-27,PARADEEP.NS
2026-08-27,PATANJALI.NS
2026-08-27,PAYTM.NS
2026-08-27,PCBL.NS
2026-08-27,PERSISTENT.NS
2026-08-27,PETRONET.NS
2026-08-27,PFC.NS
2026-08-27,PFIZER.NS
2026-08-27,PFOCUS.NS
2026-08-27,PGEL.NS
2026-08-27,PHOENIXLTD.NS
2026-08-27,PIDILITIND.NS
2026-08-27,PIIND.NS
2026-08-27,PINELABS.NS
2026-08-27,PIRAMALFIN.NS
2026-08-27,PNB.NS
2026-08-27,PNBHOUSING.NS
2026-08-27,POLICYBZR.NS
2026-08-27,POLYCAB.NS
2026-08-27,POLYMED.NS
2026-08-27,POONAWALLA.NS
2026-08-27,POWERGRID.NS
2026-08-27,POWERINDIA.NS
2026-08-27,PPLPHARMA.NS
2026-08-27,PREMIERENE.NS
2026-08-27,PRESTIGE.NS
2026-08-27,PTCIL.NS
2026-08-27,PVRINOX.NS
2026-08-27,PWL.NS
2026-08-27,RADICO.NS
2026-08-27,RAILTEL.NS
2026-08-27,RAINBOW.NS
2026-08-27,RAMCOCEM.NS
2026-08-27,RBLBANK.NS
2026-08-27,RECLTD.NS
2026-08-27,REDINGTON.NS
2026-08-27,RELIANCE.NS
2026-08-27,RHIM.NS
2026-08-27,RITES.NS
2026-08-27,RKFORGE.NS
2026-08-27,RPOWER.NS
2026-08-27,RRKABEL.NS
2026-08-27,RVNL.NS
2026-08-27,SAGILITY.NS
2026-08-27,SAIL.NS
2026-08-27,SAILIFE.NS
2026-08-27,SAMMAANCAP.NS
2026-08-27,SAPPHIRE.NS
2026-08-27,SARDAEN.NS
2026-08-27,SAREGAMA.NS
2026-08-27,SBFC.NS
2026-08-27,SBICARD.NS
2026-08-27,SBILIFE.NS
2026-08-27,SBIN.NS
2026-08-27,SCHAEFFLER.NS
2026-08-27,SCHNEIDER.NS
2026-08-27,SCI.NS
2026-08-27,SHREECEM.NS
2026-08-27,SHRIRAMFIN.NS
2026-08-27,SHYAMMETL.NS
2026-08-27,SIEMENS.NS
2026-08-27,SIGNATURE.NS
2026-08-27,SJVN.NS
2026-08-27,SOBHA.NS
2026-08-27,SOLARINDS.NS
2026-08-27,SONACOMS.NS
2026-08-27,SONATSOFTW.NS
2026-08-27,SPLPETRO.NS
2026-08-27,SRF.NS
2026-08-27,STARHEALTH.NS
2026-08-27,SUMICHEM.NS
2026-08-27,SUNDARMFIN.NS
2026-08-27,SUNPHARMA.NS
2026-08-27,SUNTV.NS
2026-08-27,SUPREMEIND.NS
2026-08-27,SUZLON.NS
2026-08-27,SWANCORP.NS
2026-08-27,SWIGGY.NS
2026-08-27,SYNGENE.NS
2026-08-27,SYRMA.NS
2026-08-27,TARIL.NS
2026-08-27,TATACAP.NS
2026-08-27,TATACHEM.NS
2026-08-27,TATACOMM.NS
2026-08-27,TATACONSUM.NS
2026-08-27,TATAELXSI.NS
2026-08-27,TATAINVEST.NS
2026-08-27,TATAPOWER.NS
2026-08-27,TATASTEEL.NS
2026-08-27,TATATECH.NS
2026-08-27,TBOTEK.NS
2026-08-27,TCS.NS
2026-08-27,TECHM.NS
2026-08-27,TECHNOE.NS
2026-08-27,TEGA.NS
2026-08-27,TEJASNET.NS
2026-08-27,TENNIND.NS
2026-08-27,THELEELA.NS
2026-08-27,THERMAX.NS
2026-08-27,TIINDIA.NS
2026-08-27,TIMKEN.NS
2026-08-27,TITAGARH.NS
2026-08-27,TITAN.NS
2026-08-27,TMCV.NS
2026-08-27,TMPV.NS
2026-08-27,TORNTPHARM.NS
2026-08-27,TORNTPOWER.NS
2026-08-27,TRAVELFOOD.NS
2026-08-27,TRENT.NS
2026-08-27,TRIDENT.NS
2026-08-27,TRITURBINE.NS
2026-08-27,TTML.NS
2026-08-27,TVSMOTOR.NS
2026-08-27,UBL.NS
2026-08-27,UCOBANK.NS
2026-08-27,ULTRACEMCO.NS
2026-08-27,UNIONBANK.NS
2026-08-27,UNITDSPR.NS
2026-08-27,UNOMINDA.NS
2026-08-27,UPL.NS
2026-08-27,URBANCO.NS
2026-08-27,USHAMART.NS
2026-08-27,UTIAMC.NS
2026-08-27,VBL.NS
2026-08-27,VEDL.NS
2026-08-27,VIJAYA.NS
2026-08-27,VMM.NS
2026-08-27,VOLTAS.NS
2026-08-27,VTL.NS
2026-08-27,WAAREEENER.NS
2026-08-27,WELCORP.NS
2026-08-27,WELSPUNLIV.NS
2026-08-27,WHIRLPOOL.NS
2026-08-27,WIPRO.NS
2026-08-27,WOCKPHARMA.NS
2026-08-27,YESBANK.NS
2026-08-27,ZEEL.NS
2026-08-27,ZENSARTECH.NS
2026-08-27,ZENTEC.NS
2026-08-27,ZFCVINDIA.NS
2026-08-27,ZYDUSLIFE.NS
2026-08-27,ZYDUSWELL.NS
