effective_date,symbol
2015-06-01,3IINFOLTD.NS
2015-06-01,63MOONS.NS
2015-06-01,AARTIDRUGS.NS
2015-06-01,AGI.NS
2015-06-01,AJMERA.NS
2015-06-01,ALEMBICLTD.NS
2015-06-01,ALKYLAMINE.NS
2015-06-01,ALLCARGO.NS
2015-06-01,AMRUTANJAN.NS
2015-06-01,ANANTRAJ.NS
2015-06-01,ANDHRAPAP.NS
2015-06-01,ANSALAPI.NS
2015-06-01,ANTELOPUS.NS
2015-06-01,APCOTEXIND.NS
2015-06-01,APLAPOLLO.NS
2015-06-01,AQYLON.NS
2015-06-01,ARCOTECH.NS
2015-06-01,ASHAPURMIN.NS
2015-06-01,ASIANTILES.NS
2015-06-01,ASTRAMICRO.NS
2015-06-01,ATLANTA.NS
2015-06-01,ATLANTAA.NS
2015-06-01,ATULAUTO.NS
2015-06-01,AURIONPRO.NS
2015-06-01,AUTOAXLES.NS
2015-06-01,AVTNPL.NS
2015-06-01,AXISCADES.NS
2015-06-01,BALAJITELE.NS
2015-06-01,BALRAMCHIN.NS
2015-06-01,BANCOINDIA.NS
2015-06-01,BFINVEST.NS
2015-06-01,BGRENERGY.NS
2015-06-01,BIL.NS
2015-06-01,BINDALAGRO.NS
2015-06-01,BIRLANU.NS
2015-06-01,BLISSGVS.NS
2015-06-01,BUTTERFLY.NS
2015-06-01,BYKE.NS
2015-06-01,CAMLINFINE.NS
2015-06-01,CANFINHOME.NS
2015-06-01,CAPLIPOINT.NS
2015-06-01,CENTUM.NS
2015-06-01,CGCL.NS
2015-06-01,CHENNPETRO.NS
2015-06-01,CIGNITITEC.NS
2015-06-01,DATAMATICS.NS
2015-06-01,DCAL.NS
2015-06-01,DCW.NS
2015-06-01,DEEPAKFERT.NS
2015-06-01,DEEPAKNTR.NS
2015-06-01,DHANBANK.NS
2015-06-01,DHANI.NS
2015-06-01,DIAPOWER.NS
2015-06-01,DIGISPICE.NS
2015-06-01,DLINKINDIA.NS
2015-06-01,DREDGECORP.NS
2015-06-01,EIHAHOTELS.NS
2015-06-01,ELECON.NS
2015-06-01,ELECTCAST.NS
2015-06-01,ESABINDIA.NS
2015-06-01,ESSARSHPNG.NS
2015-06-01,EVERESTIND.NS
2015-06-01,EXPLEOSOL.NS
2015-06-01,FIEMIND.NS
2015-06-01,FLEXITUFF.NS
2015-06-01,FOSECOIND.NS
2015-06-01,GANESHHOUC.NS
2015-06-01,GAYAPROJ.NS
2015-06-01,GENUSPOWER.NS
2015-06-01,GEOJITFSL.NS
2015-06-01,GFLLIMITED.NS
2015-06-01,GHCL.NS
2015-06-01,GICHSGFIN.NS
2015-06-01,GODFRYPHLP.NS
2015-06-01,GPIL.NS
2015-06-01,GREENPOWER.NS
2015-06-01,GTLINFRA.NS
2015-06-01,HBLPOWER.NS
2015-06-01,HEG.NS
2015-06-01,HERITGFOOD.NS
2015-06-01,HIKAL.NS
2015-06-01,HIL.NS
2015-06-01,HIMATSEIDE.NS
2015-06-01,HINDCOMPOS.NS
2015-06-01,HINDNATGLS.NS
2015-06-01,HINDOILEXP.NS
2015-06-01,HITECHGEAR.NS
2015-06-01,HLVLTD.NS
2015-06-01,HONDAPOWER.NS
2015-06-01,HSCL.NS
2015-06-01,HUBTOWN.NS
2015-06-01,ICIL.NS
2015-06-01,IGARASHI.NS
2015-06-01,IL&FSENGG.NS
2015-06-01,IMFA.NS
2015-06-01,IMPAL.NS
2015-06-01,INDIANHUME.NS
2015-06-01,INDNIPPON.NS
2015-06-01,INDOSOLAR.NS
2015-06-01,INDRAMEDCO.NS
2015-06-01,INSECTICID.NS
2015-06-01,INTELLECT.NS
2015-06-01,ITDCEM.NS
2015-06-01,IVC.NS
2015-06-01,JAMNAAUTO.NS
2015-06-01,JAYNECOIND.NS
2015-06-01,JBCHEPHARM.NS
2015-06-01,JBMA.NS
2015-06-01,JINDALPOLY.NS
2015-06-01,JINDRILL.NS
2015-06-01,JKPAPER.NS
2015-06-01,JMCPROJECT.NS
2015-06-01,JMTAUTOLTD.NS
2015-06-01,JSWHL.NS
2015-06-01,JTEKTINDIA.NS
2015-06-01,KCP.NS
2015-06-01,KICL.NS
2015-06-01,KIRLFER.NS
2015-06-01,KIRLOSIND.NS
2015-06-01,KITEX.NS
2015-06-01,KOKUYOCMLN.NS
2015-06-01,KOVAI.NS
2015-06-01,KSL.NS
2015-06-01,LGBBROSLTD.NS
2015-06-01,LIBERTSHOE.NS
2015-06-01,LOVABLE.NS
2015-06-01,LUMAXTECH.NS
2015-06-01,MAHSCOOTER.NS
2015-06-01,MANGCHEFER.NS
2015-06-01,MANGLMCEM.NS
2015-06-01,MANINFRA.NS
2015-06-01,MBLINFRA.NS
2015-06-01,MEGH.NS
2015-06-01,MERCATOR.NS
2015-06-01,METALFORGE.NS
2015-06-01,MMFL.NS
2015-06-01,MONTECARLO.NS
2015-06-01,MOREPENLAB.NS
2015-06-01,MTEDUCARE.NS
2015-06-01,MUKANDLTD.NS
2015-06-01,MUNJALAU.NS
2015-06-01,MUNJALSHOW.NS
2015-06-01,NAVINFLUOR.NS
2015-06-01,NDTV.NS
2015-06-01,NECLIFE.NS
2015-06-01,NIFTYBEES.NS
2015-06-01,NILKAMAL.NS
2015-06-01,NITINFIRE.NS
2015-06-01,NOCIL.NS
2015-06-01,NOIDATOLL.NS
2015-06-01,NUCLEUS.NS
2015-06-01,NXTDIGITAL.NS
2015-06-01,ONMOBILE.NS
2015-06-01,OPTOCIRCUI.NS
2015-06-01,ORBTEXP.NS
2015-06-01,OSWALGREEN.NS
2015-06-01,PAISALO.NS
2015-06-01,PANACEABIO.NS
2015-06-01,PARSVNATH.NS
2015-06-01,PCBL.NS
2015-06-01,PDSL.NS
2015-06-01,PENIND.NS
2015-06-01,PENINLAND.NS
2015-06-01,PFOCUS.NS
2015-06-01,PNBGILTS.NS
2015-06-01,POLYPLEX.NS
2015-06-01,PRAJIND.NS
2015-06-01,PRAKASH.NS
2015-06-01,PROZONER.NS
2015-06-01,PUNJLLOYD.NS
2015-06-01,RADICO.NS
2015-06-01,RAJTV.NS
2015-06-01,RAMCOIND.NS
2015-06-01,RAMCOSYS.NS
2015-06-01,RANEHOLDIN.NS
2015-06-01,RAYMOND.NS
2015-06-01,RHIM.NS
2015-06-01,RICOAUTO.NS
2015-06-01,RIIL.NS
2015-06-01,RKFORGE.NS
2015-06-01,RML.NS
2015-06-01,RSSOFTWARE.NS
2015-06-01,RSWM.NS
2015-06-01,RSYSTEMS.NS
2015-06-01,SABTNL.NS
2015-06-01,SAGCEM.NS
2015-06-01,SANGHVIMOV.NS
2015-06-01,SARDAEN.NS
2015-06-01,SASKEN.NS
2015-06-01,SDBL.NS
2015-06-01,SECURKLOUD.NS
2015-06-01,SELAN.NS
2015-06-01,SHANTIGEAR.NS
2015-06-01,SHEMAROO.NS
2015-06-01,SHREYAS.NS
2015-06-01,SIYSIL.NS
2015-06-01,SKIL.NS
2015-06-01,SOMANYCERA.NS
2015-06-01,SOTL.NS
2015-06-01,SPECIALITY.NS
2015-06-01,SPIC.NS
2015-06-01,SPICEJET.NS
2015-06-01,SPLPETRO.NS
2015-06-01,SREEL.NS
2015-06-01,SSWL.NS
2015-06-01,STCINDIA.NS
2015-06-01,STYRENIX.NS
2015-06-01,SUDARSCHEM.NS
2015-06-01,SUMEETINDS.NS
2015-06-01,SUNFLAG.NS
2015-06-01,SUPREMEINF.NS
2015-06-01,SURYAROSNI.NS
2015-06-01,SUTLEJTEX.NS
2015-06-01,SWANENERGY.NS
2015-06-01,SWARAJENG.NS
2015-06-01,SWELECTES.NS
2015-06-01,TAJGVK.NS
2015-06-01,TAKE.NS
2015-06-01,TATASTLLP.NS
2015-06-01,TBZ.NS
2015-06-01,TCI.NS
2015-06-01,TDPOWERSYS.NS
2015-06-01,TEXINFRA.NS
2015-06-01,TFCILTD.NS
2015-06-01,TIIL.NS
2015-06-01,TIMETECHNO.NS
2015-06-01,TINPLATE.NS
2015-06-01,TITAGARH.NS
2015-06-01,TNPL.NS
2015-06-01,TRIDENT.NS
2015-06-01,TRIVENI.NS
2015-06-01,TVSSRICHAK.NS
2015-06-01,TWL.NS
2015-06-01,UFLEX.NS
2015-06-01,UNOMINDA.NS
2015-06-01,USHAMART.NS
2015-06-01,UVSL.NS
2015-06-01,VINDHYATEL.NS
2015-06-01,VIVIMEDLAB.NS
2015-06-01,VOLTAMP.NS
2015-06-01,VSTTILLERS.NS
2015-06-01,WAAREEINDO.NS
2015-06-01,WALCHANNAG.NS
2015-06-01,WELENT.NS
2015-06-01,XCHANGING.NS
2015-06-01,ZEELEARN.NS
2015-06-01,ZEEMEDIA.NS
2015-06-01,ZODIACLOTH.NS
2015-06-01,ZUARI.NS
2015-06-01,ZYDUSWELL.NS
2015-09-30,63MOONS.NS
2015-09-30,AGI.NS
2015-09-30,ALEMBICLTD.NS
2015-09-30,ALKYLAMINE.NS
2015-09-30,ALLCARGO.NS
2015-09-30,AMBIKCO.NS
2015-09-30,AMRUTANJAN.NS
2015-09-30,ANANTRAJ.NS
2015-09-30,ANDHRACEMT.NS
2015-09-30,ANDHRAPAP.NS
2015-09-30,ANDREWYU.NS
2015-09-30,APCOTEXIND.NS
2015-09-30,APLAPOLLO.NS
2015-09-30,AQYLON.NS
2015-09-30,ARCOTECH.NS
2015-09-30,ARROWGREEN.NS
2015-09-30,ARSHIYA.NS
2015-09-30,ASHAPURMIN.NS
2015-09-30,ASTRAMICRO.NS
2015-09-30,ATULAUTO.NS
2015-09-30,AUTOAXLES.NS
2015-09-30,AVTNPL.NS
2015-09-30,AXISCADES.NS
2015-09-30,BALAJITELE.NS
2015-09-30,BALRAMCHIN.NS
2015-09-30,BANARISUG.NS
2015-09-30,BANCOINDIA.NS
2015-09-30,BFINVEST.NS
2015-09-30,BGRENERGY.NS
2015-09-30,BIL.NS
2015-09-30,BINDALAGRO.NS
2015-09-30,BIRLANU.NS
2015-09-30,BKMINDST.NS
2015-09-30,BRIGADE.NS
2015-09-30,BSOFT.NS
2015-09-30,BYKE.NS
2015-09-30,CAMLINFINE.NS
2015-09-30,CENTUM.NS
2015-09-30,CGCL.NS
2015-09-30,CIGNITITEC.NS
2015-09-30,DEEPAKFERT.NS
2015-09-30,DEEPAKNTR.NS
2015-09-30,DHANI.NS
2015-09-30,DICIND.NS
2015-09-30,DIGISPICE.NS
2015-09-30,DLINKINDIA.NS
2015-09-30,DREDGECORP.NS
2015-09-30,EIHAHOTELS.NS
2015-09-30,ELECON.NS
2015-09-30,ELECTCAST.NS
2015-09-30,ESABINDIA.NS
2015-09-30,EVERESTIND.NS
2015-09-30,EXPLEOSOL.NS
2015-09-30,FLEXITUFF.NS
2015-09-30,FOSECOIND.NS
2015-09-30,GABRIEL.NS
2015-09-30,GAYAPROJ.NS
2015-09-30,GENUSPOWER.NS
2015-09-30,GEOJITFSL.NS
2015-09-30,GFLLIMITED.NS
2015-09-30,GHCL.NS
2015-09-30,GICHSGFIN.NS
2015-09-30,GIPCL.NS
2015-09-30,GNFC.NS
2015-09-30,GOODYEAR.NS
2015-09-30,GREENLAM.NS
2015-09-30,GREENPOWER.NS
2015-09-30,GTLINFRA.NS
2015-09-30,GUJALKALI.NS
2015-09-30,GVKPIL.NS
2015-09-30,HBLPOWER.NS
2015-09-30,HCL-INSYS.NS
2015-09-30,HEG.NS
2015-09-30,HERITGFOOD.NS
2015-09-30,HESTERBIO.NS
2015-09-30,HGS.NS
2015-09-30,HIKAL.NS
2015-09-30,HIL.NS
2015-09-30,HIMATSEIDE.NS
2015-09-30,HINDCOMPOS.NS
2015-09-30,HINDNATGLS.NS
2015-09-30,HINDOILEXP.NS
2015-09-30,HITECHGEAR.NS
2015-09-30,HLVLTD.NS
2015-09-30,HONDAPOWER.NS
2015-09-30,HSCL.NS
2015-09-30,HUBTOWN.NS
2015-09-30,IL&FSENGG.NS
2015-09-30,IMPAL.NS
2015-09-30,INDIANHUME.NS
2015-09-30,INDNIPPON.NS
2015-09-30,INDOSOLAR.NS
2015-09-30,INDRAMEDCO.NS
2015-09-30,INDTERRAIN.NS
2015-09-30,INSECTICID.NS
2015-09-30,INTELLECT.NS
2015-09-30,ISFT.NS
2015-09-30,ITDCEM.NS
2015-09-30,ITI.NS
2015-09-30,IVC.NS
2015-09-30,JAICORPLTD.NS
2015-09-30,JAMNAAUTO.NS
2015-09-30,JAYNECOIND.NS
2015-09-30,JBCHEPHARM.NS
2015-09-30,JBMA.NS
2015-09-30,JINDALPOLY.NS
2015-09-30,JKPAPER.NS
2015-09-30,JMCPROJECT.NS
2015-09-30,JSL.NS
2015-09-30,JSWHL.NS
2015-09-30,JTEKTINDIA.NS
2015-09-30,KCP.NS
2015-09-30,KEI.NS
2015-09-30,KICL.NS
2015-09-30,KIRLFER.NS
2015-09-30,KIRLOSIND.NS
2015-09-30,KITEX.NS
2015-09-30,KOKUYOCMLN.NS
2015-09-30,KOVAI.NS
2015-09-30,KSL.NS
2015-09-30,LGBBROSLTD.NS
2015-09-30,LOVABLE.NS
2015-09-30,MADHUCON.NS
2015-09-30,MAHSCOOTER.NS
2015-09-30,MAHSEAMLES.NS
2015-09-30,MANGCHEFER.NS
2015-09-30,MANGLMCEM.NS
2015-09-30,MANINDS.NS
2015-09-30,MANINFRA.NS
2015-09-30,MASTEK.NS
2015-09-30,MBLINFRA.NS
2015-09-30,MEGH.NS
2015-09-30,MEP.NS
2015-09-30,MERCATOR.NS
2015-09-30,METALFORGE.NS
2015-09-30,MMFL.NS
2015-09-30,MONTECARLO.NS
2015-09-30,MOREPENLAB.NS
2015-09-30,MTEDUCARE.NS
2015-09-30,MTNL.NS
2015-09-30,MUKANDLTD.NS
2015-09-30,MUNJALSHOW.NS
2015-09-30,NAVINFLUOR.NS
2015-09-30,NDL.NS
2015-09-30,NDTV.NS
2015-09-30,NECLIFE.NS
2015-09-30,NFL.NS
2015-09-30,NIFTYBEES.NS
2015-09-30,NILKAMAL.NS
2015-09-30,NITINFIRE.NS
2015-09-30,NOCIL.NS
2015-09-30,NOIDATOLL.NS
2015-09-30,NRBBEARING.NS
2015-09-30,NUCLEUS.NS
2015-09-30,ONMOBILE.NS
2015-09-30,OPTOCIRCUI.NS
2015-09-30,ORBTEXP.NS
2015-09-30,ORICONENT.NS
2015-09-30,ORTEL.NS
2015-09-30,OSWALGREEN.NS
2015-09-30,PAISALO.NS
2015-09-30,PANACEABIO.NS
2015-09-30,PARSVNATH.NS
2015-09-30,PDSL.NS
2015-09-30,PENIND.NS
2015-09-30,PENINLAND.NS
2015-09-30,PFOCUS.NS
2015-09-30,PGHL.NS
2015-09-30,PNBGILTS.NS
2015-09-30,POLYPLEX.NS
2015-09-30,PROZONER.NS
2015-09-30,PROZONINTU.NS
2015-09-30,PUNJLLOYD.NS
2015-09-30,RADICO.NS
2015-09-30,RAIN.NS
2015-09-30,RAMCOIND.NS
2015-09-30,RANEHOLDIN.NS
2015-09-30,RAYMOND.NS
2015-09-30,REPRO.NS
2015-09-30,RHIM.NS
2015-09-30,RICOAUTO.NS
2015-09-30,RIIL.NS
2015-09-30,RSWM.NS
2015-09-30,RSYSTEMS.NS
2015-09-30,SABTNL.NS
2015-09-30,SAGCEM.NS
2015-09-30,SANGAMIND.NS
2015-09-30,SANGHIIND.NS
2015-09-30,SANGHVIMOV.NS
2015-09-30,SAREGAMA.NS
2015-09-30,SASKEN.NS
2015-09-30,SDBL.NS
2015-09-30,SECURKLOUD.NS
2015-09-30,SEPC.NS
2015-09-30,SHANTIGEAR.NS
2015-09-30,SHEMAROO.NS
2015-09-30,SHIVAMAUTO.NS
2015-09-30,SHREYAS.NS
2015-09-30,SICAL.NS
2015-09-30,SIGIND.NS
2015-09-30,SIYSIL.NS
2015-09-30,SKIL.NS
2015-09-30,SMSPHARMA.NS
2015-09-30,SOTL.NS
2015-09-30,SPECIALITY.NS
2015-09-30,SPLPETRO.NS
2015-09-30,SSWL.NS
2015-09-30,STCINDIA.NS
2015-09-30,STYRENIX.NS
2015-09-30,SUDARSCHEM.NS
2015-09-30,SURYAROSNI.NS
2015-09-30,SUTLEJTEX.NS
2015-09-30,SWARAJENG.NS
2015-09-30,SWELECTES.NS
2015-09-30,TATASTLLP.NS
2015-09-30,TBZ.NS
2015-09-30,TCI.NS
2015-09-30,TDPOWERSYS.NS
2015-09-30,TFCILTD.NS
2015-09-30,TIDEWATER.NS
2015-09-30,TIIL.NS
2015-09-30,TIMETECHNO.NS
2015-09-30,TINPLATE.NS
2015-09-30,TITAGARH.NS
2015-09-30,TNPL.NS
2015-09-30,TRIVENI.NS
2015-09-30,TTML.NS
2015-09-30,TVTODAY.NS
2015-09-30,TWL.NS
2015-09-30,UFLEX.NS
2015-09-30,UNOMINDA.NS
2015-09-30,USHAMART.NS
2015-09-30,UVSL.NS
2015-09-30,VEEDOL.NS
2015-09-30,VINDHYATEL.NS
2015-09-30,VIPIND.NS
2015-09-30,VIPULLTD.NS
2015-09-30,VIVIDHA.NS
2015-09-30,VIVIMEDLAB.NS
2015-09-30,VOLTAMP.NS
2015-09-30,VSTTILLERS.NS
2015-09-30,WAAREEINDO.NS
2015-09-30,WALCHANNAG.NS
2015-09-30,WELENT.NS
2015-09-30,ZEELEARN.NS
2015-09-30,ZEEMEDIA.NS
2015-09-30,ZENTEC.NS
2015-09-30,ZODIACLOTH.NS
2015-09-30,ZUARI.NS
2015-09-30,ZYDUSWELL.NS
2016-03-31,AARTIDRUGS.NS
2016-03-31,ABAN.NS
2016-03-31,ACCELYA.NS
2016-03-31,ACLGATI.NS
2016-03-31,AGI.NS
2016-03-31,ALEMBICLTD.NS
2016-03-31,ALKYLAMINE.NS
2016-03-31,ALLCARGO.NS
2016-03-31,AMRUTANJAN.NS
2016-03-31,ANANTRAJ.NS
2016-03-31,ANDHRAPAP.NS
2016-03-31,ANDREWYU.NS
2016-03-31,AQYLON.NS
2016-03-31,ARCOTECH.NS
2016-03-31,ARROWGREEN.NS
2016-03-31,ARSHIYA.NS
2016-03-31,ASHAPURMIN.NS
2016-03-31,ASIANTILES.NS
2016-03-31,ASTRAMICRO.NS
2016-03-31,ATFL.NS
2016-03-31,ATULAUTO.NS
2016-03-31,AUTOAXLES.NS
2016-03-31,AXISCADES.NS
2016-03-31,BALAJITELE.NS
2016-03-31,BANARISUG.NS
2016-03-31,BANCOINDIA.NS
2016-03-31,BCG.NS
2016-03-31,BGRENERGY.NS
2016-03-31,BIL.NS
2016-03-31,BINDALAGRO.NS
2016-03-31,BKMINDST.NS
2016-03-31,BODALCHEM.NS
2016-03-31,BOMDYEING.NS
2016-03-31,BRIGADE.NS
2016-03-31,BYKE.NS
2016-03-31,CAMLINFINE.NS
2016-03-31,CENTUM.NS
2016-03-31,CGCL.NS
2016-03-31,CIGNITITEC.NS
2016-03-31,COSMOFIRST.NS
2016-03-31,DAAWAT.NS
2016-03-31,DALMIASUG.NS
2016-03-31,DCW.NS
2016-03-31,DEEPAKFERT.NS
2016-03-31,DEEPAKNTR.NS
2016-03-31,DHANI.NS
2016-03-31,DICIND.NS
2016-03-31,DLINKINDIA.NS
2016-03-31,DREDGECORP.NS
2016-03-31,DYNAMATECH.NS
2016-03-31,EIHAHOTELS.NS
2016-03-31,ELECON.NS
2016-03-31,ELECTCAST.NS
2016-03-31,ESABINDIA.NS
2016-03-31,EXPLEOSOL.NS
2016-03-31,FACT.NS
2016-03-31,FOSECOIND.NS
2016-03-31,GABRIEL.NS
2016-03-31,GATI.NS
2016-03-31,GENUSPOWER.NS
2016-03-31,GEOJITFSL.NS
2016-03-31,GFLLIMITED.NS
2016-03-31,GHCL.NS
2016-03-31,GICHSGFIN.NS
2016-03-31,GIPCL.NS
2016-03-31,GLOBOFFS.NS
2016-03-31,GMBREW.NS
2016-03-31,GNFC.NS
2016-03-31,GOCLCORP.NS
2016-03-31,GOODYEAR.NS
2016-03-31,GRAPHITE.NS
2016-03-31,GREENLAM.NS
2016-03-31,GREENPOWER.NS
2016-03-31,GTLINFRA.NS
2016-03-31,GUJALKALI.NS
2016-03-31,GVKPIL.NS
2016-03-31,HBLPOWER.NS
2016-03-31,HCL-INSYS.NS
2016-03-31,HEG.NS
2016-03-31,HERITGFOOD.NS
2016-03-31,HEUBACHIND.NS
2016-03-31,HGS.NS
2016-03-31,HIKAL.NS
2016-03-31,HINDCOMPOS.NS
2016-03-31,HINDNATGLS.NS
2016-03-31,HLVLTD.NS
2016-03-31,HONDAPOWER.NS
2016-03-31,HSCL.NS
2016-03-31,HUBTOWN.NS
2016-03-31,IL&FSENGG.NS
2016-03-31,IMPAL.NS
2016-03-31,INDIANHUME.NS
2016-03-31,INDRAMEDCO.NS
2016-03-31,INSECTICID.NS
2016-03-31,ISFT.NS
2016-03-31,IVC.NS
2016-03-31,JAICORPLTD.NS
2016-03-31,JAMNAAUTO.NS
2016-03-31,JBCHEPHARM.NS
2016-03-31,JBMA.NS
2016-03-31,JINDALSAW.NS
2016-03-31,JKPAPER.NS
2016-03-31,JMCPROJECT.NS
2016-03-31,JSL.NS
2016-03-31,JSLHISAR.NS
2016-03-31,JSWHL.NS
2016-03-31,JTEKTINDIA.NS
2016-03-31,JUNIORBEES.NS
2016-03-31,KAYA.NS
2016-03-31,KCP.NS
2016-03-31,KEI.NS
2016-03-31,KICL.NS
2016-03-31,KIRLFER.NS
2016-03-31,KIRLOSBROS.NS
2016-03-31,KIRLOSIND.NS
2016-03-31,KITEX.NS
2016-03-31,KOKUYOCMLN.NS
2016-03-31,KOLTEPATIL.NS
2016-03-31,KOVAI.NS
2016-03-31,KRIDHANINF.NS
2016-03-31,KSL.NS
2016-03-31,LGBBROSLTD.NS
2016-03-31,LTFOODS.NS
2016-03-31,MAHSEAMLES.NS
2016-03-31,MANGLMCEM.NS
2016-03-31,MANINFRA.NS
2016-03-31,MBLINFRA.NS
2016-03-31,MEGH.NS
2016-03-31,MEP.NS
2016-03-31,MERCATOR.NS
2016-03-31,MMFL.NS
2016-03-31,MONTECARLO.NS
2016-03-31,MOREPENLAB.NS
2016-03-31,MPSLTD.NS
2016-03-31,MTEDUCARE.NS
2016-03-31,MTNL.NS
2016-03-31,MUKANDLTD.NS
2016-03-31,MUNJALSHOW.NS
2016-03-31,NAVA.NS
2016-03-31,NDL.NS
2016-03-31,NDTV.NS
2016-03-31,NECLIFE.NS
2016-03-31,NELCAST.NS
2016-03-31,NEULANDLAB.NS
2016-03-31,NFL.NS
2016-03-31,NIFTYBEES.NS
2016-03-31,NITINFIRE.NS
2016-03-31,NOCIL.NS
2016-03-31,NRBBEARING.NS
2016-03-31,NUCLEUS.NS
2016-03-31,NXTDIGITAL.NS
2016-03-31,ONMOBILE.NS
2016-03-31,ORICONENT.NS
2016-03-31,ORISSAMINE.NS
2016-03-31,ORTEL.NS
2016-03-31,OSWALGREEN.NS
2016-03-31,PAISALO.NS
2016-03-31,PANACEABIO.NS
2016-03-31,PARSVNATH.NS
2016-03-31,PDSL.NS
2016-03-31,PENIND.NS
2016-03-31,PENINLAND.NS
2016-03-31,PGHL.NS
2016-03-31,PILANIINVS.NS
2016-03-31,POLYMED.NS
2016-03-31,POLYPLEX.NS
2016-03-31,PUNJLLOYD.NS
2016-03-31,PURVA.NS
2016-03-31,RADICO.NS
2016-03-31,RAIN.NS
2016-03-31,RAMCOIND.NS
2016-03-31,RANEHOLDIN.NS
2016-03-31,RAYMOND.NS
2016-03-31,RHIM.NS
2016-03-31,RICOAUTO.NS
2016-03-31,RIIL.NS
2016-03-31,RKFORGE.NS
2016-03-31,ROLTA.NS
2016-03-31,RSWM.NS
2016-03-31,RSYSTEMS.NS
2016-03-31,SABTNL.NS
2016-03-31,SAGCEM.NS
2016-03-31,SANDESH.NS
2016-03-31,SANGAMIND.NS
2016-03-31,SANGHIIND.NS
2016-03-31,SANGHVIMOV.NS
2016-03-31,SAREGAMA.NS
2016-03-31,SASKEN.NS
2016-03-31,SATIN.NS
2016-03-31,SDBL.NS
2016-03-31,SEPC.NS
2016-03-31,SETFNIF50.NS
2016-03-31,SHANTIGEAR.NS
2016-03-31,SHEMAROO.NS
2016-03-31,SHIVAMAUTO.NS
2016-03-31,SHREYAS.NS
2016-03-31,SICAL.NS
2016-03-31,SIGIND.NS
2016-03-31,SIMPLEXINF.NS
2016-03-31,SIYSIL.NS
2016-03-31,SKIL.NS
2016-03-31,SMSPHARMA.NS
2016-03-31,SNOWMAN.NS
2016-03-31,SOMANYCERA.NS
2016-03-31,SOTL.NS
2016-03-31,SPECIALITY.NS
2016-03-31,SPLPETRO.NS
2016-03-31,SSWL.NS
2016-03-31,STCINDIA.NS
2016-03-31,STYRENIX.NS
2016-03-31,SUBROS.NS
2016-03-31,SUDARSCHEM.NS
2016-03-31,SUNDROP.NS
2016-03-31,SUNTECK.NS
2016-03-31,SURYAROSNI.NS
2016-03-31,SUTLEJTEX.NS
2016-03-31,SWARAJENG.NS
2016-03-31,TAJGVK.NS
2016-03-31,TATASTLLP.NS
2016-03-31,TBZ.NS
2016-03-31,TCI.NS
2016-03-31,TDPOWERSYS.NS
2016-03-31,TIIL.NS
2016-03-31,TIMETECHNO.NS
2016-03-31,TINPLATE.NS
2016-03-31,TITAGARH.NS
2016-03-31,TREEHOUSE.NS
2016-03-31,TRIVENI.NS
2016-03-31,TTKHLTCARE.NS
2016-03-31,TTML.NS
2016-03-31,TWL.NS
2016-03-31,UFLEX.NS
2016-03-31,UFO.NS
2016-03-31,UNOMINDA.NS
2016-03-31,VAIBHAVGBL.NS
2016-03-31,VINDHYATEL.NS
2016-03-31,VIPIND.NS
2016-03-31,VIPULLTD.NS
2016-03-31,VIVIDHA.NS
2016-03-31,VIVIMEDLAB.NS
2016-03-31,VOLTAMP.NS
2016-03-31,VSTTILLERS.NS
2016-03-31,WALCHANNAG.NS
2016-03-31,WELENT.NS
2016-03-31,WHEELS.NS
2016-03-31,ZEELEARN.NS
2016-03-31,ZEEMEDIA.NS
2016-03-31,ZENTEC.NS
2016-03-31,ZUARI.NS
2016-03-31,ZYDUSWELL.NS
2016-09-30,AARTIDRUGS.NS
2016-09-30,ABAN.NS
2016-09-30,ACLGATI.NS
2016-09-30,AGI.NS
2016-09-30,ALEMBICLTD.NS
2016-09-30,ALKYLAMINE.NS
2016-09-30,ALLCARGO.NS
2016-09-30,AMRUTANJAN.NS
2016-09-30,ANANTRAJ.NS
2016-09-30,ANDHRAPAP.NS
2016-09-30,ANDREWYU.NS
2016-09-30,APCOTEXIND.NS
2016-09-30,AQYLON.NS
2016-09-30,ARCOTECH.NS
2016-09-30,ASHAPURMIN.NS
2016-09-30,ASHIANA.NS
2016-09-30,ASIANTILES.NS
2016-09-30,ASTEC.NS
2016-09-30,ASTRAMICRO.NS
2016-09-30,ATFL.NS
2016-09-30,ATULAUTO.NS
2016-09-30,AURUM.NS
2016-09-30,AUTOAXLES.NS
2016-09-30,AXISCADES.NS
2016-09-30,BALAJITELE.NS
2016-09-30,BALAMINES.NS
2016-09-30,BANCOINDIA.NS
2016-09-30,BCG.NS
2016-09-30,BEML.NS
2016-09-30,BGRENERGY.NS
2016-09-30,BINDALAGRO.NS
2016-09-30,BKMINDST.NS
2016-09-30,BLISSGVS.NS
2016-09-30,BLS.NS
2016-09-30,BODALCHEM.NS
2016-09-30,BOMDYEING.NS
2016-09-30,BRIGADE.NS
2016-09-30,BSOFT.NS
2016-09-30,BYKE.NS
2016-09-30,CAMLINFINE.NS
2016-09-30,CENTUM.NS
2016-09-30,CGCL.NS
2016-09-30,CIGNITITEC.NS
2016-09-30,COSMOFIRST.NS
2016-09-30,DAAWAT.NS
2016-09-30,DALMIASUG.NS
2016-09-30,DBREALTY.NS
2016-09-30,DCW.NS
2016-09-30,DEEPAKFERT.NS
2016-09-30,DEEPAKNTR.NS
2016-09-30,DEN.NS
2016-09-30,DHAMPURSUG.NS
2016-09-30,DHANI.NS
2016-09-30,DIGJAMLTD.NS
2016-09-30,DREDGECORP.NS
2016-09-30,DYNAMATECH.NS
2016-09-30,EIHAHOTELS.NS
2016-09-30,ELECON.NS
2016-09-30,ELECTCAST.NS
2016-09-30,ESABINDIA.NS
2016-09-30,ESCORTS.NS
2016-09-30,EXPLEOSOL.NS
2016-09-30,FACT.NS
2016-09-30,FELDVR.NS
2016-09-30,FOSECOIND.NS
2016-09-30,GABRIEL.NS
2016-09-30,GALLANTT.NS
2016-09-30,GARFIBRES.NS
2016-09-30,GATI.NS
2016-09-30,GENUSPOWER.NS
2016-09-30,GEOJITFSL.NS
2016-09-30,GICHSGFIN.NS
2016-09-30,GIPCL.NS
2016-09-30,GMBREW.NS
2016-09-30,GOCLCORP.NS
2016-09-30,GOODYEAR.NS
2016-09-30,GRAPHITE.NS
2016-09-30,GREENLAM.NS
2016-09-30,GREENPOWER.NS
2016-09-30,GVKPIL.NS
2016-09-30,HBLPOWER.NS
2016-09-30,HCL-INSYS.NS
2016-09-30,HEG.NS
2016-09-30,HERITGFOOD.NS
2016-09-30,HEUBACHIND.NS
2016-09-30,HGS.NS
2016-09-30,HIKAL.NS
2016-09-30,HINDNATGLS.NS
2016-09-30,HLVLTD.NS
2016-09-30,HMT.NS
2016-09-30,HONDAPOWER.NS
2016-09-30,HSCL.NS
2016-09-30,HUBTOWN.NS
2016-09-30,IFBIND.NS
2016-09-30,IMPAL.NS
2016-09-30,INDIANHUME.NS
2016-09-30,INSECTICID.NS
2016-09-30,IOLCP.NS
2016-09-30,ISFT.NS
2016-09-30,ITI.NS
2016-09-30,JAICORPLTD.NS
2016-09-30,JAMNAAUTO.NS
2016-09-30,JBCHEPHARM.NS
2016-09-30,JBFIND.NS
2016-09-30,JBMA.NS
2016-09-30,JKPAPER.NS
2016-09-30,JMCPROJECT.NS
2016-09-30,JMTAUTOLTD.NS
2016-09-30,JPINFRATEC.NS
2016-09-30,JPPOWER.NS
2016-09-30,JSLHISAR.NS
2016-09-30,JSWHL.NS
2016-09-30,JTEKTINDIA.NS
2016-09-30,JUNIORBEES.NS
2016-09-30,KAYA.NS
2016-09-30,KCP.NS
2016-09-30,KEI.NS
2016-09-30,KELLTONTEC.NS
2016-09-30,KENNAMET.NS
2016-09-30,KICL.NS
2016-09-30,KIRIINDUS.NS
2016-09-30,KIRLFER.NS
2016-09-30,KIRLOSBROS.NS
2016-09-30,KIRLOSIND.NS
2016-09-30,KOKUYOCMLN.NS
2016-09-30,KOLTEPATIL.NS
2016-09-30,KOVAI.NS
2016-09-30,KRIDHANINF.NS
2016-09-30,KSK.NS
2016-09-30,KSL.NS
2016-09-30,LGBBROSLTD.NS
2016-09-30,LTFOODS.NS
2016-09-30,LUXIND.NS
2016-09-30,MAHSCOOTER.NS
2016-09-30,MAHSEAMLES.NS
2016-09-30,MAITHANALL.NS
2016-09-30,MANGLMCEM.NS
2016-09-30,MANINFRA.NS
2016-09-30,MCLEODRUSS.NS
2016-09-30,MEGH.NS
2016-09-30,MEP.NS
2016-09-30,MERCATOR.NS
2016-09-30,MONTECARLO.NS
2016-09-30,MOREPENLAB.NS
2016-09-30,MPSLTD.NS
2016-09-30,MTEDUCARE.NS
2016-09-30,MTNL.NS
2016-09-30,MUKANDLTD.NS
2016-09-30,MUNJALSHOW.NS
2016-09-30,NAGAFERT.NS
2016-09-30,NDL.NS
2016-09-30,NDTV.NS
2016-09-30,NECLIFE.NS
2016-09-30,NEULANDLAB.NS
2016-09-30,NIFTYBEES.NS
2016-09-30,NITINFIRE.NS
2016-09-30,NOCIL.NS
2016-09-30,NRBBEARING.NS
2016-09-30,NUCLEUS.NS
2016-09-30,NXTDIGITAL.NS
2016-09-30,ONMOBILE.NS
2016-09-30,ORICONENT.NS
2016-09-30,ORISSAMINE.NS
2016-09-30,OSWALGREEN.NS
2016-09-30,PAISALO.NS
2016-09-30,PARSVNATH.NS
2016-09-30,PGHL.NS
2016-09-30,PILANIINVS.NS
2016-09-30,POLYMED.NS
2016-09-30,POLYPLEX.NS
2016-09-30,PRAJIND.NS
2016-09-30,PRECAM.NS
2016-09-30,PRICOLLTD.NS
2016-09-30,PUNJLLOYD.NS
2016-09-30,PURVA.NS
2016-09-30,QUICKHEAL.NS
2016-09-30,RADICO.NS
2016-09-30,RAIN.NS
2016-09-30,RAMCOIND.NS
2016-09-30,RANEHOLDIN.NS
2016-09-30,RHIM.NS
2016-09-30,RICOAUTO.NS
2016-09-30,RIIL.NS
2016-09-30,RKFORGE.NS
2016-09-30,ROLTA.NS
2016-09-30,RSWM.NS
2016-09-30,RSYSTEMS.NS
2016-09-30,RUBYMILLS.NS
2016-09-30,SABTNL.NS
2016-09-30,SAGCEM.NS
2016-09-30,SANDESH.NS
2016-09-30,SANGAMIND.NS
2016-09-30,SANGHIIND.NS
2016-09-30,SASKEN.NS
2016-09-30,SATIN.NS
2016-09-30,SEPC.NS
2016-09-30,SETFNIF50.NS
2016-09-30,SHANTIGEAR.NS
2016-09-30,SHEMAROO.NS
2016-09-30,SHREYAS.NS
2016-09-30,SICAL.NS
2016-09-30,SIGIND.NS
2016-09-30,SIMPLEXINF.NS
2016-09-30,SIYSIL.NS
2016-09-30,SKIPPER.NS
2016-09-30,SMSPHARMA.NS
2016-09-30,SNOWMAN.NS
2016-09-30,SONATSOFTW.NS
2016-09-30,SOTL.NS
2016-09-30,SSWL.NS
2016-09-30,STAMPEDE.NS
2016-09-30,STCINDIA.NS
2016-09-30,STYRENIX.NS
2016-09-30,SUNDROP.NS
2016-09-30,SUNTECK.NS
2016-09-30,SURYAROSNI.NS
2016-09-30,SUTLEJTEX.NS
2016-09-30,SWANCORP.NS
2016-09-30,SWANENERGY.NS
2016-09-30,SWARAJENG.NS
2016-09-30,TAJGVK.NS
2016-09-30,TATAMETALI.NS
2016-09-30,TATASTLLP.NS
2016-09-30,TDPOWERSYS.NS
2016-09-30,THYROCARE.NS
2016-09-30,TIIL.NS
2016-09-30,TIMETECHNO.NS
2016-09-30,TINPLATE.NS
2016-09-30,TITAGARH.NS
2016-09-30,TRIVENI.NS
2016-09-30,TTKHLTCARE.NS
2016-09-30,TTML.NS
2016-09-30,TWL.NS
2016-09-30,UFLEX.NS
2016-09-30,UFO.NS
2016-09-30,UNITECH.NS
2016-09-30,VAIBHAVGBL.NS
2016-09-30,VINDHYATEL.NS
2016-09-30,VIPULLTD.NS
2016-09-30,VIVIMEDLAB.NS
2016-09-30,VOLTAMP.NS
2016-09-30,VRLLOG.NS
2016-09-30,VSTTILLERS.NS
2016-09-30,WELENT.NS
2016-09-30,WHEELS.NS
2016-09-30,XCHANGING.NS
2016-09-30,ZEELEARN.NS
2016-09-30,ZEEMEDIA.NS
2016-09-30,ZUARI.NS
2016-09-30,ZYDUSWELL.NS
2017-03-31,AARTIDRUGS.NS
2017-03-31,ABAN.NS
2017-03-31,ACLGATI.NS
2017-03-31,AGI.NS
2017-03-31,AHLUCONT.NS
2017-03-31,ALEMBICLTD.NS
2017-03-31,ALLCARGO.NS
2017-03-31,AMRUTANJAN.NS
2017-03-31,ANDHRAPAP.NS
2017-03-31,ANDREWYU.NS
2017-03-31,APTECHT.NS
2017-03-31,AQYLON.NS
2017-03-31,ARCOTECH.NS
2017-03-31,ASHIANA.NS
2017-03-31,ASIANTILES.NS
2017-03-31,ASTEC.NS
2017-03-31,ASTRAMICRO.NS
2017-03-31,ATFL.NS
2017-03-31,ATULAUTO.NS
2017-03-31,AURUM.NS
2017-03-31,AUTOAXLES.NS
2017-03-31,BAJAJHIND.NS
2017-03-31,BALAMINES.NS
2017-03-31,BALLARPUR.NS
2017-03-31,BANCOINDIA.NS
2017-03-31,BEML.NS
2017-03-31,BFUTILITIE.NS
2017-03-31,BGRENERGY.NS
2017-03-31,BLISSGVS.NS
2017-03-31,BLS.NS
2017-03-31,BODALCHEM.NS
2017-03-31,BOMDYEING.NS
2017-03-31,BRIGADE.NS
2017-03-31,BSOFT.NS
2017-03-31,CAMLINFINE.NS
2017-03-31,CGCL.NS
2017-03-31,CIGNITITEC.NS
2017-03-31,DAAWAT.NS
2017-03-31,DALMIASUG.NS
2017-03-31,DBREALTY.NS
2017-03-31,DEEPAKNTR.NS
2017-03-31,DEEPENR.NS
2017-03-31,DEN.NS
2017-03-31,DFMFOODS.NS
2017-03-31,DHAMPURSUG.NS
2017-03-31,DHANI.NS
2017-03-31,DIAPOWER.NS
2017-03-31,DREDGECORP.NS
2017-03-31,DYNAMATECH.NS
2017-03-31,EIHAHOTELS.NS
2017-03-31,ELECTCAST.NS
2017-03-31,EROSMEDIA.NS
2017-03-31,ESABINDIA.NS
2017-03-31,EVEREADY.NS
2017-03-31,FACT.NS
2017-03-31,FEL.NS
2017-03-31,FELDVR.NS
2017-03-31,FOSECOIND.NS
2017-03-31,GABRIEL.NS
2017-03-31,GALLANTT.NS
2017-03-31,GARFIBRES.NS
2017-03-31,GATI.NS
2017-03-31,GENUSPOWER.NS
2017-03-31,GEOJITFSL.NS
2017-03-31,GICHSGFIN.NS
2017-03-31,GIPCL.NS
2017-03-31,GOCLCORP.NS
2017-03-31,GOODYEAR.NS
2017-03-31,GRAPHITE.NS
2017-03-31,GREENLAM.NS
2017-03-31,GREENPOWER.NS
2017-03-31,GVKPIL.NS
2017-03-31,HBLPOWER.NS
2017-03-31,HCG.NS
2017-03-31,HCL-INSYS.NS
2017-03-31,HEUBACHIND.NS
2017-03-31,HFCL.NS
2017-03-31,HGS.NS
2017-03-31,HIKAL.NS
2017-03-31,HINDCOMPOS.NS
2017-03-31,HINDNATGLS.NS
2017-03-31,HINDOILEXP.NS
2017-03-31,HLVLTD.NS
2017-03-31,HMT.NS
2017-03-31,HONDAPOWER.NS
2017-03-31,HPL.NS
2017-03-31,HSCL.NS
2017-03-31,HTMEDIA.NS
2017-03-31,HUHTAMAKI.NS
2017-03-31,IGPL.NS
2017-03-31,IMFA.NS
2017-03-31,INDIANHUME.NS
2017-03-31,INSECTICID.NS
2017-03-31,INTELLECT.NS
2017-03-31,JAICORPLTD.NS
2017-03-31,JAMNAAUTO.NS
2017-03-31,JAYAGROGN.NS
2017-03-31,JAYBARMARU.NS
2017-03-31,JBCHEPHARM.NS
2017-03-31,JBFIND.NS
2017-03-31,JBMA.NS
2017-03-31,JINDALPOLY.NS
2017-03-31,JKIL.NS
2017-03-31,JKPAPER.NS
2017-03-31,JMTAUTOLTD.NS
2017-03-31,JPINFRATEC.NS
2017-03-31,JPPOWER.NS
2017-03-31,JSL.NS
2017-03-31,JSWHL.NS
2017-03-31,JTEKTINDIA.NS
2017-03-31,JUNIORBEES.NS
2017-03-31,KAYA.NS
2017-03-31,KCP.NS
2017-03-31,KEI.NS
2017-03-31,KENNAMET.NS
2017-03-31,KINGFA.NS
2017-03-31,KIOCL.NS
2017-03-31,KIRIINDUS.NS
2017-03-31,KIRLFER.NS
2017-03-31,KIRLOSBROS.NS
2017-03-31,KIRLOSIND.NS
2017-03-31,KOKUYOCMLN.NS
2017-03-31,KOLTEPATIL.NS
2017-03-31,KOVAI.NS
2017-03-31,KSL.NS
2017-03-31,LGBBROSLTD.NS
2017-03-31,LTFOODS.NS
2017-03-31,LUMAXIND.NS
2017-03-31,LUXIND.NS
2017-03-31,MAHLIFE.NS
2017-03-31,MAHSCOOTER.NS
2017-03-31,MAHSEAMLES.NS
2017-03-31,MAITHANALL.NS
2017-03-31,MANGLMCEM.NS
2017-03-31,MANINFRA.NS
2017-03-31,MARKSANS.NS
2017-03-31,MAYURUNIQ.NS
2017-03-31,MCLEODRUSS.NS
2017-03-31,MEGH.NS
2017-03-31,MONTECARLO.NS
2017-03-31,MOREPENLAB.NS
2017-03-31,MPSLTD.NS
2017-03-31,MTNL.NS
2017-03-31,MUKANDLTD.NS
2017-03-31,MUNJALSHOW.NS
2017-03-31,NAGAFERT.NS
2017-03-31,NECLIFE.NS
2017-03-31,NEULANDLAB.NS
2017-03-31,NIFTYBEES.NS
2017-03-31,NITINFIRE.NS
2017-03-31,NOCIL.NS
2017-03-31,NOVARTIND.NS
2017-03-31,NRBBEARING.NS
2017-03-31,NUCLEUS.NS
2017-03-31,NXTDIGITAL.NS
2017-03-31,ONMOBILE.NS
2017-03-31,ORICONENT.NS
2017-03-31,ORISSAMINE.NS
2017-03-31,PAISALO.NS
2017-03-31,PANACEABIO.NS
2017-03-31,PCBL.NS
2017-03-31,PGHL.NS
2017-03-31,PILANIINVS.NS
2017-03-31,PNBGILTS.NS
2017-03-31,POLYMED.NS
2017-03-31,POLYPLEX.NS
2017-03-31,PRAJIND.NS
2017-03-31,PRAKASH.NS
2017-03-31,PRECAM.NS
2017-03-31,PRICOLLTD.NS
2017-03-31,PURVA.NS
2017-03-31,QUICKHEAL.NS
2017-03-31,RADICO.NS
2017-03-31,RAMCOIND.NS
2017-03-31,RAMCOSYS.NS
2017-03-31,RANEHOLDIN.NS
2017-03-31,RAYMOND.NS
2017-03-31,RBL.NS
2017-03-31,RESPONIND.NS
2017-03-31,RHIM.NS
2017-03-31,RICOAUTO.NS
2017-03-31,RKFORGE.NS
2017-03-31,ROLTA.NS
2017-03-31,RPGLIFE.NS
2017-03-31,RSWM.NS
2017-03-31,RUSHIL.NS
2017-03-31,SABTNL.NS
2017-03-31,SAGCEM.NS
2017-03-31,SANGAMIND.NS
2017-03-31,SANGHIIND.NS
2017-03-31,SARDAEN.NS
2017-03-31,SATIN.NS
2017-03-31,SESHAPAPER.NS
2017-03-31,SETFNIF50.NS
2017-03-31,SHANTIGEAR.NS
2017-03-31,SHEMAROO.NS
2017-03-31,SICAL.NS
2017-03-31,SIMPLEXINF.NS
2017-03-31,SIYSIL.NS
2017-03-31,SKIPPER.NS
2017-03-31,SMLISUZU.NS
2017-03-31,SNOWMAN.NS
2017-03-31,SONATSOFTW.NS
2017-03-31,SOTL.NS
2017-03-31,SPAL.NS
2017-03-31,SSWL.NS
2017-03-31,STCINDIA.NS
2017-03-31,STYRENIX.NS
2017-03-31,SUBROS.NS
2017-03-31,SUNDROP.NS
2017-03-31,SUNTECK.NS
2017-03-31,SURYAROSNI.NS
2017-03-31,SUTLEJTEX.NS
2017-03-31,SWARAJENG.NS
2017-03-31,TAJGVK.NS
2017-03-31,TAKE.NS
2017-03-31,TATAMETALI.NS
2017-03-31,TATASTLLP.NS
2017-03-31,TCIEXP.NS
2017-03-31,TEAMLEASE.NS
2017-03-31,THYROCARE.NS
2017-03-31,TIDEWATER.NS
2017-03-31,TIIL.NS
2017-03-31,TINPLATE.NS
2017-03-31,TIRUMALCHM.NS
2017-03-31,TITAGARH.NS
2017-03-31,TRIVENI.NS
2017-03-31,TTKHLTCARE.NS
2017-03-31,TTML.NS
2017-03-31,TVTODAY.NS
2017-03-31,TVVISION.NS
2017-03-31,TWL.NS
2017-03-31,UFO.NS
2017-03-31,UNICHEMLAB.NS
2017-03-31,UNITECH.NS
2017-03-31,VAIBHAVGBL.NS
2017-03-31,VENKEYS.NS
2017-03-31,VINDHYATEL.NS
2017-03-31,VIPULLTD.NS
2017-03-31,VIVIMEDLAB.NS
2017-03-31,VOLTAMP.NS
2017-03-31,VRLLOG.NS
2017-03-31,VSTTILLERS.NS
2017-03-31,WELENT.NS
2017-03-31,WHEELS.NS
2017-03-31,WSTCSTPAPR.NS
2017-03-31,ZEELEARN.NS
2017-03-31,ZEEMEDIA.NS
2017-03-31,ZFCVINDIA.NS
2017-03-31,ZUARI.NS
2017-09-30,AARTIDRUGS.NS
2017-09-30,ABAN.NS
2017-09-30,ACCELYA.NS
2017-09-30,ACLGATI.NS
2017-09-30,AHLUCONT.NS
2017-09-30,ALEMBICLTD.NS
2017-09-30,ALLCARGO.NS
2017-09-30,AMRUTANJAN.NS
2017-09-30,ANDHRAPAP.NS
2017-09-30,ANDHRSUGAR.NS
2017-09-30,ANDREWYU.NS
2017-09-30,APTECHT.NS
2017-09-30,ARCOTECH.NS
2017-09-30,ARSHIYA.NS
2017-09-30,ASHIANA.NS
2017-09-30,ASIANTILES.NS
2017-09-30,ASTEC.NS
2017-09-30,ASTRAMICRO.NS
2017-09-30,ASTRAZEN.NS
2017-09-30,ATFL.NS
2017-09-30,ATULAUTO.NS
2017-09-30,AURUM.NS
2017-09-30,AUTOAXLES.NS
2017-09-30,BAJAJHIND.NS
2017-09-30,BALAJITELE.NS
2017-09-30,BALAMINES.NS
2017-09-30,BALLARPUR.NS
2017-09-30,BANCOINDIA.NS
2017-09-30,BEPL.NS
2017-09-30,BFUTILITIE.NS
2017-09-30,BGRENERGY.NS
2017-09-30,BLISSGVS.NS
2017-09-30,BLS.NS
2017-09-30,BODALCHEM.NS
2017-09-30,BOMDYEING.NS
2017-09-30,BSE.NS
2017-09-30,BSOFT.NS
2017-09-30,CGCL.NS
2017-09-30,DAAWAT.NS
2017-09-30,DALMIASUG.NS
2017-09-30,DBREALTY.NS
2017-09-30,DEEPAKNTR.NS
2017-09-30,DEN.NS
2017-09-30,DFMFOODS.NS
2017-09-30,DHAMPURSUG.NS
2017-09-30,DOLLAR.NS
2017-09-30,DREDGECORP.NS
2017-09-30,DWARKESH.NS
2017-09-30,DYNAMATECH.NS
2017-09-30,EIHAHOTELS.NS
2017-09-30,ELECTCAST.NS
2017-09-30,EROSMEDIA.NS
2017-09-30,ESABINDIA.NS
2017-09-30,EVEREADY.NS
2017-09-30,FEL.NS
2017-09-30,FELDVR.NS
2017-09-30,GABRIEL.NS
2017-09-30,GATI.NS
2017-09-30,GENUSPOWER.NS
2017-09-30,GEOJITFSL.NS
2017-09-30,GHCL.NS
2017-09-30,GIPCL.NS
2017-09-30,GOCLCORP.NS
2017-09-30,GOODYEAR.NS
2017-09-30,GREENLAM.NS
2017-09-30,GTPL.NS
2017-09-30,GVKPIL.NS
2017-09-30,HBLPOWER.NS
2017-09-30,HCG.NS
2017-09-30,HCL-INSYS.NS
2017-09-30,HEG.NS
2017-09-30,HEUBACHIND.NS
2017-09-30,HFCL.NS
2017-09-30,HGS.NS
2017-09-30,HIKAL.NS
2017-09-30,HINDOILEXP.NS
2017-09-30,HLVLTD.NS
2017-09-30,HMT.NS
2017-09-30,HMVL.NS
2017-09-30,HONDAPOWER.NS
2017-09-30,HTMEDIA.NS
2017-09-30,HUHTAMAKI.NS
2017-09-30,IGPL.NS
2017-09-30,IMFA.NS
2017-09-30,INDIANHUME.NS
2017-09-30,INDOCO.NS
2017-09-30,INOXLEISUR.NS
2017-09-30,INSECTICID.NS
2017-09-30,INTELLECT.NS
2017-09-30,JAICORPLTD.NS
2017-09-30,JAMNAAUTO.NS
2017-09-30,JAYAGROGN.NS
2017-09-30,JAYBARMARU.NS
2017-09-30,JBCHEPHARM.NS
2017-09-30,JBFIND.NS
2017-09-30,JBMA.NS
2017-09-30,JINDALPOLY.NS
2017-09-30,JINDALSAW.NS
2017-09-30,JINDWORLD.NS
2017-09-30,JKIL.NS
2017-09-30,JKPAPER.NS
2017-09-30,JMCPROJECT.NS
2017-09-30,JPINFRATEC.NS
2017-09-30,JPPOWER.NS
2017-09-30,JSWHL.NS
2017-09-30,JTEKTINDIA.NS
2017-09-30,JUNIORBEES.NS
2017-09-30,KAYA.NS
2017-09-30,KCP.NS
2017-09-30,KEI.NS
2017-09-30,KENNAMET.NS
2017-09-30,KIRLFER.NS
2017-09-30,KIRLOSBROS.NS
2017-09-30,KIRLOSIND.NS
2017-09-30,KKCL.NS
2017-09-30,KOKUYOCMLN.NS
2017-09-30,KOLTEPATIL.NS
2017-09-30,KOVAI.NS
2017-09-30,KSL.NS
2017-09-30,LGBBROSLTD.NS
2017-09-30,LTFOODS.NS
2017-09-30,LUMAXIND.NS
2017-09-30,MAHLIFE.NS
2017-09-30,MAITHANALL.NS
2017-09-30,MANGLMCEM.NS
2017-09-30,MANINFRA.NS
2017-09-30,MARKSANS.NS
2017-09-30,MAYURUNIQ.NS
2017-09-30,MCLEODRUSS.NS
2017-09-30,MEGH.NS
2017-09-30,MEP.NS
2017-09-30,MERCATOR.NS
2017-09-30,MINDACORP.NS
2017-09-30,MONTECARLO.NS
2017-09-30,MPSLTD.NS
2017-09-30,MTNL.NS
2017-09-30,MUKANDLTD.NS
2017-09-30,NAGAFERT.NS
2017-09-30,NAVA.NS
2017-09-30,NEULANDLAB.NS
2017-09-30,NOCIL.NS
2017-09-30,NOVARTIND.NS
2017-09-30,NRBBEARING.NS
2017-09-30,NUCLEUS.NS
2017-09-30,NXTDIGITAL.NS
2017-09-30,ORICONENT.NS
2017-09-30,ORISSAMINE.NS
2017-09-30,PARAGMILK.NS
2017-09-30,PCBL.NS
2017-09-30,PGHL.NS
2017-09-30,PILANIINVS.NS
2017-09-30,PNBGILTS.NS
2017-09-30,POLYMED.NS
2017-09-30,POLYPLEX.NS
2017-09-30,PRAJIND.NS
2017-09-30,PRAKASH.NS
2017-09-30,PRECAM.NS
2017-09-30,PRIVISCL.NS
2017-09-30,PSPPROJECT.NS
2017-09-30,PURVA.NS
2017-09-30,QUICKHEAL.NS
2017-09-30,RADICO.NS
2017-09-30,RADIOCITY.NS
2017-09-30,RAMCOIND.NS
2017-09-30,RAMCOSYS.NS
2017-09-30,RANEHOLDIN.NS
2017-09-30,RAYMOND.NS
2017-09-30,RBL.NS
2017-09-30,RELIGARE.NS
2017-09-30,RESPONIND.NS
2017-09-30,RHIM.NS
2017-09-30,RICOAUTO.NS
2017-09-30,RKFORGE.NS
2017-09-30,ROLTA.NS
2017-09-30,RTNPOWER.NS
2017-09-30,RUSHIL.NS
2017-09-30,SAGCEM.NS
2017-09-30,SANGAMIND.NS
2017-09-30,SANGHIIND.NS
2017-09-30,SARDAEN.NS
2017-09-30,SATIN.NS
2017-09-30,SCHAND.NS
2017-09-30,SECURKLOUD.NS
2017-09-30,SEPC.NS
2017-09-30,SEQUENT.NS
2017-09-30,SESHAPAPER.NS
2017-09-30,SETFNIF50.NS
2017-09-30,SHANTIGEAR.NS
2017-09-30,SHEMAROO.NS
2017-09-30,SICAL.NS
2017-09-30,SIMPLEXINF.NS
2017-09-30,SIYSIL.NS
2017-09-30,SKIPPER.NS
2017-09-30,SMLISUZU.NS
2017-09-30,SNOWMAN.NS
2017-09-30,SONATSOFTW.NS
2017-09-30,SOTL.NS
2017-09-30,SPAL.NS
2017-09-30,SSWL.NS
2017-09-30,STCINDIA.NS
2017-09-30,STYRENIX.NS
2017-09-30,SUBROS.NS
2017-09-30,SUNDROP.NS
2017-09-30,SURYAROSNI.NS
2017-09-30,SUTLEJTEX.NS
2017-09-30,SWARAJENG.NS
2017-09-30,TAJGVK.NS
2017-09-30,TAKE.NS
2017-09-30,TASTYBITE.NS
2017-09-30,TATAMETALI.NS
2017-09-30,TATASTLLP.NS
2017-09-30,TCI.NS
2017-09-30,TCIEXP.NS
2017-09-30,TEAMLEASE.NS
2017-09-30,TEXRAIL.NS
2017-09-30,THYROCARE.NS
2017-09-30,TIDEWATER.NS
2017-09-30,TIIL.NS
2017-09-30,TINPLATE.NS
2017-09-30,TIRUMALCHM.NS
2017-09-30,TITAGARH.NS
2017-09-30,TNPL.NS
2017-09-30,TRIVENI.NS
2017-09-30,TTKHLTCARE.NS
2017-09-30,TTML.NS
2017-09-30,TVTODAY.NS
2017-09-30,TWL.NS
2017-09-30,UFO.NS
2017-09-30,UNICHEMLAB.NS
2017-09-30,UNITECH.NS
2017-09-30,V2RETAIL.NS
2017-09-30,VAIBHAVGBL.NS
2017-09-30,VEEDOL.NS
2017-09-30,VENKEYS.NS
2017-09-30,VHL.NS
2017-09-30,VIDEOIND.NS
2017-09-30,VINDHYATEL.NS
2017-09-30,VIPULLTD.NS
2017-09-30,VIVIMEDLAB.NS
2017-09-30,VOLTAMP.NS
2017-09-30,VRLLOG.NS
2017-09-30,VSTTILLERS.NS
2017-09-30,WELENT.NS
2017-09-30,WHEELS.NS
2017-09-30,WONDERLA.NS
2017-09-30,WSTCSTPAPR.NS
2017-09-30,ZEELEARN.NS
2017-09-30,ZEEMEDIA.NS
2017-09-30,ZFCVINDIA.NS
2017-09-30,ZUARI.NS
2018-03-31,AARTIDRUGS.NS
2018-03-31,ACCELYA.NS
2018-03-31,ACE.NS
2018-03-31,ACLGATI.NS
2018-03-31,ADVENZYMES.NS
2018-03-31,AHLUCONT.NS
2018-03-31,ALKYLAMINE.NS
2018-03-31,ANDHRSUGAR.NS
2018-03-31,ANDREWYU.NS
2018-03-31,APARINDS.NS
2018-03-31,APEX.NS
2018-03-31,APTECHT.NS
2018-03-31,ARSHIYA.NS
2018-03-31,ASHIANA.NS
2018-03-31,ASIANTILES.NS
2018-03-31,ASTRAZEN.NS
2018-03-31,ATFL.NS
2018-03-31,AURUM.NS
2018-03-31,AUTOAXLES.NS
2018-03-31,BAJAJHIND.NS
2018-03-31,BALAJITELE.NS
2018-03-31,BALAMINES.NS
2018-03-31,BALLARPUR.NS
2018-03-31,BALMLAWRIE.NS
2018-03-31,BANARISUG.NS
2018-03-31,BANCOINDIA.NS
2018-03-31,BEML.NS
2018-03-31,BEPL.NS
2018-03-31,BFINVEST.NS
2018-03-31,BFUTILITIE.NS
2018-03-31,BLISSGVS.NS
2018-03-31,BLS.NS
2018-03-31,BODALCHEM.NS
2018-03-31,BRIGADE.NS
2018-03-31,BSE.NS
2018-03-31,BSOFT.NS
2018-03-31,CAMLINFINE.NS
2018-03-31,CAPACITE.NS
2018-03-31,CGCL.NS
2018-03-31,DAAWAT.NS
2018-03-31,DBREALTY.NS
2018-03-31,DEEPAKNTR.NS
2018-03-31,DEN.NS
2018-03-31,DFMFOODS.NS
2018-03-31,DHAMPURSUG.NS
2018-03-31,DIAMONDYD.NS
2018-03-31,DOLLAR.NS
2018-03-31,DREDGECORP.NS
2018-03-31,DYNAMATECH.NS
2018-03-31,EIHAHOTELS.NS
2018-03-31,EROSMEDIA.NS
2018-03-31,EVEREADY.NS
2018-03-31,FEL.NS
2018-03-31,FELDVR.NS
2018-03-31,FMGOETZE.NS
2018-03-31,FSC.NS
2018-03-31,GABRIEL.NS
2018-03-31,GATEWAY.NS
2018-03-31,GATI.NS
2018-03-31,GENUSPOWER.NS
2018-03-31,GEOJITFSL.NS
2018-03-31,GHCL.NS
2018-03-31,GICHSGFIN.NS
2018-03-31,GIPCL.NS
2018-03-31,GOCLCORP.NS
2018-03-31,GOODYEAR.NS
2018-03-31,GREENLAM.NS
2018-03-31,GTPL.NS
2018-03-31,GVKPIL.NS
2018-03-31,HBLPOWER.NS
2018-03-31,HCC.NS
2018-03-31,HCG.NS
2018-03-31,HCL-INSYS.NS
2018-03-31,HDIL.NS
2018-03-31,HESTERBIO.NS
2018-03-31,HGS.NS
2018-03-31,HIKAL.NS
2018-03-31,HINDOILEXP.NS
2018-03-31,HMT.NS
2018-03-31,HMVL.NS
2018-03-31,HONDAPOWER.NS
2018-03-31,HTMEDIA.NS
2018-03-31,HUHTAMAKI.NS
2018-03-31,ICIL.NS
2018-03-31,IGARASHI.NS
2018-03-31,IGPL.NS
2018-03-31,IL&FSTRANS.NS
2018-03-31,IMFA.NS
2018-03-31,INDIANHUME.NS
2018-03-31,INDNIPPON.NS
2018-03-31,INDOCO.NS
2018-03-31,INGERRAND.NS
2018-03-31,INOXLEISUR.NS
2018-03-31,INSECTICID.NS
2018-03-31,INTELLECT.NS
2018-03-31,JAICORPLTD.NS
2018-03-31,JAMNAAUTO.NS
2018-03-31,JBCHEPHARM.NS
2018-03-31,JBFIND.NS
2018-03-31,JBMA.NS
2018-03-31,JINDALPOLY.NS
2018-03-31,JINDALSAW.NS
2018-03-31,JINDWORLD.NS
2018-03-31,JKIL.NS
2018-03-31,JKPAPER.NS
2018-03-31,JMCPROJECT.NS
2018-03-31,JPINFRATEC.NS
2018-03-31,JPPOWER.NS
2018-03-31,JSWHL.NS
2018-03-31,JTEKTINDIA.NS
2018-03-31,JUNIORBEES.NS
2018-03-31,KAYA.NS
2018-03-31,KCP.NS
2018-03-31,KEI.NS
2018-03-31,KENNAMET.NS
2018-03-31,KHADIM.NS
2018-03-31,KIRIINDUS.NS
2018-03-31,KIRLFER.NS
2018-03-31,KIRLOSBROS.NS
2018-03-31,KIRLOSIND.NS
2018-03-31,KKCL.NS
2018-03-31,KOKUYOCMLN.NS
2018-03-31,KOLTEPATIL.NS
2018-03-31,KOVAI.NS
2018-03-31,KSB.NS
2018-03-31,KSL.NS
2018-03-31,LAKSHVILAS.NS
2018-03-31,LGBBROSLTD.NS
2018-03-31,LTFOODS.NS
2018-03-31,LUMAXIND.NS
2018-03-31,MAHLIFE.NS
2018-03-31,MAHLOG.NS
2018-03-31,MAHSCOOTER.NS
2018-03-31,MAITHANALL.NS
2018-03-31,MANINFRA.NS
2018-03-31,MARATHON.NS
2018-03-31,MARKSANS.NS
2018-03-31,MASTEK.NS
2018-03-31,MATRIMONY.NS
2018-03-31,MAYURUNIQ.NS
2018-03-31,MCLEODRUSS.NS
2018-03-31,MEGH.NS
2018-03-31,MEP.NS
2018-03-31,MMFL.NS
2018-03-31,MOREPENLAB.NS
2018-03-31,MTNL.NS
2018-03-31,NAVA.NS
2018-03-31,NAVKARCORP.NS
2018-03-31,NEWGEN.NS
2018-03-31,NILKAMAL.NS
2018-03-31,NOVARTIND.NS
2018-03-31,NRBBEARING.NS
2018-03-31,NUCLEUS.NS
2018-03-31,NXTDIGITAL.NS
2018-03-31,OPTIEMUS.NS
2018-03-31,PANACEABIO.NS
2018-03-31,PANAMAPET.NS
2018-03-31,PARAGMILK.NS
2018-03-31,PFS.NS
2018-03-31,PILANIINVS.NS
2018-03-31,POLYMED.NS
2018-03-31,POLYPLEX.NS
2018-03-31,PRAJIND.NS
2018-03-31,PRAKASH.NS
2018-03-31,PRIVISCL.NS
2018-03-31,PSPPROJECT.NS
2018-03-31,QUICKHEAL.NS
2018-03-31,RADIOCITY.NS
2018-03-31,RAMCOIND.NS
2018-03-31,RAMCOSYS.NS
2018-03-31,RAYMOND.NS
2018-03-31,RENUKA.NS
2018-03-31,RHIM.NS
2018-03-31,RKFORGE.NS
2018-03-31,RTNPOWER.NS
2018-03-31,RUSHIL.NS
2018-03-31,SAGCEM.NS
2018-03-31,SANGHIIND.NS
2018-03-31,SANWARIA.NS
2018-03-31,SARDAEN.NS
2018-03-31,SAREGAMA.NS
2018-03-31,SATIN.NS
2018-03-31,SCHAND.NS
2018-03-31,SCI.NS
2018-03-31,SECURKLOUD.NS
2018-03-31,SEPC.NS
2018-03-31,SHALBY.NS
2018-03-31,SHEMAROO.NS
2018-03-31,SICAL.NS
2018-03-31,SIMPLEXINF.NS
2018-03-31,SITINET.NS
2018-03-31,SIYSIL.NS
2018-03-31,SKIPPER.NS
2018-03-31,SMLISUZU.NS
2018-03-31,SONATSOFTW.NS
2018-03-31,SOTL.NS
2018-03-31,SSWL.NS
2018-03-31,STERTOOLS.NS
2018-03-31,STYRENIX.NS
2018-03-31,SUBROS.NS
2018-03-31,SUDARSCHEM.NS
2018-03-31,SUNDROP.NS
2018-03-31,SUNFLAG.NS
2018-03-31,SURYAROSNI.NS
2018-03-31,SUTLEJTEX.NS
2018-03-31,SWARAJENG.NS
2018-03-31,TAKE.NS
2018-03-31,TASTYBITE.NS
2018-03-31,TATACOFFEE.NS
2018-03-31,TATAMETALI.NS
2018-03-31,TATASTLLP.NS
2018-03-31,TCI.NS
2018-03-31,TCIEXP.NS
2018-03-31,TEXRAIL.NS
2018-03-31,TFCILTD.NS
2018-03-31,THEINVEST.NS
2018-03-31,TIDEWATER.NS
2018-03-31,TIIL.NS
2018-03-31,TINPLATE.NS
2018-03-31,TIRUMALCHM.NS
2018-03-31,TITAGARH.NS
2018-03-31,TNPL.NS
2018-03-31,TRIVENI.NS
2018-03-31,TTKHLTCARE.NS
2018-03-31,TTML.NS
2018-03-31,TVSSRICHAK.NS
2018-03-31,TVTODAY.NS
2018-03-31,TWL.NS
2018-03-31,UFLEX.NS
2018-03-31,UFO.NS
2018-03-31,UNICHEMLAB.NS
2018-03-31,UNITECH.NS
2018-03-31,V2RETAIL.NS
2018-03-31,VAIBHAVGBL.NS
2018-03-31,VEEDOL.NS
2018-03-31,VESUVIUS.NS
2018-03-31,VHL.NS
2018-03-31,VINDHYATEL.NS
2018-03-31,VISHAL.NS
2018-03-31,VIYASH.NS
2018-03-31,VRLLOG.NS
2018-03-31,VSTTILLERS.NS
2018-03-31,WELENT.NS
2018-03-31,WHEELS.NS
2018-03-31,WONDERLA.NS
2018-03-31,WSTCSTPAPR.NS
2018-03-31,ZEELEARN.NS
2018-03-31,ZEEMEDIA.NS
2018-03-31,ZFCVINDIA.NS
2018-03-31,ZUARI.NS
2018-09-30,AARTIDRUGS.NS
2018-09-30,ACCELYA.NS
2018-09-30,ACE.NS
2018-09-30,ADVENZYMES.NS
2018-09-30,AHLUCONT.NS
2018-09-30,ALKYLAMINE.NS
2018-09-30,ANDHRAPAP.NS
2018-09-30,ANDREWYU.NS
2018-09-30,APARINDS.NS
2018-09-30,APEX.NS
2018-09-30,ARSHIYA.NS
2018-09-30,ASHIANA.NS
2018-09-30,ASIANTILES.NS
2018-09-30,ASTEC.NS
2018-09-30,ATFL.NS
2018-09-30,AURUM.NS
2018-09-30,AUTOAXLES.NS
2018-09-30,BALAJITELE.NS
2018-09-30,BALAMINES.NS
2018-09-30,BALLARPUR.NS
2018-09-30,BALMLAWRIE.NS
2018-09-30,BALRAMCHIN.NS
2018-09-30,BANARISUG.NS
2018-09-30,BANCOINDIA.NS
2018-09-30,BEML.NS
2018-09-30,BEPL.NS
2018-09-30,BFUTILITIE.NS
2018-09-30,BHARATRAS.NS
2018-09-30,BIRLANU.NS
2018-09-30,BLISSGVS.NS
2018-09-30,BLS.NS
2018-09-30,BODALCHEM.NS
2018-09-30,BRIGADE.NS
2018-09-30,BRNL.NS
2018-09-30,BSE.NS
2018-09-30,BSOFT.NS
2018-09-30,CAPACITE.NS
2018-09-30,CDSL.NS
2018-09-30,CENTRUM.NS
2018-09-30,CGCL.NS
2018-09-30,DAAWAT.NS
2018-09-30,DBREALTY.NS
2018-09-30,DEEPAKFERT.NS
2018-09-30,DEN.NS
2018-09-30,DFMFOODS.NS
2018-09-30,DHANUKA.NS
2018-09-30,DIAMONDYD.NS
2018-09-30,DOLLAR.NS
2018-09-30,DPSCLTD.NS
2018-09-30,DREDGECORP.NS
2018-09-30,EIHAHOTELS.NS
2018-09-30,EROSMEDIA.NS
2018-09-30,EVEREADY.NS
2018-09-30,EXCELINDUS.NS
2018-09-30,FEL.NS
2018-09-30,FELDVR.NS
2018-09-30,FMGOETZE.NS
2018-09-30,FSC.NS
2018-09-30,GABRIEL.NS
2018-09-30,GAEL.NS
2018-09-30,GATEWAY.NS
2018-09-30,GEOJITFSL.NS
2018-09-30,GHCL.NS
2018-09-30,GICHSGFIN.NS
2018-09-30,GIPCL.NS
2018-09-30,GMBREW.NS
2018-09-30,GMMPFAUDLR.NS
2018-09-30,GOCLCORP.NS
2018-09-30,GOODYEAR.NS
2018-09-30,GPIL.NS
2018-09-30,GRANULES.NS
2018-09-30,GREENLAM.NS
2018-09-30,GREENPLY.NS
2018-09-30,GTLINFRA.NS
2018-09-30,GTPL.NS
2018-09-30,GVKPIL.NS
2018-09-30,HCC.NS
2018-09-30,HCG.NS
2018-09-30,HCL-INSYS.NS
2018-09-30,HDIL.NS
2018-09-30,HGINFRA.NS
2018-09-30,HGS.NS
2018-09-30,HIKAL.NS
2018-09-30,HIL.NS
2018-09-30,HINDOILEXP.NS
2018-09-30,HMVL.NS
2018-09-30,HONDAPOWER.NS
2018-09-30,HTMEDIA.NS
2018-09-30,HUHTAMAKI.NS
2018-09-30,ICIL.NS
2018-09-30,IGARASHI.NS
2018-09-30,IGPL.NS
2018-09-30,IL&FSTRANS.NS
2018-09-30,IMAGICAA.NS
2018-09-30,INDIANHUME.NS
2018-09-30,INDOCO.NS
2018-09-30,INGERRAND.NS
2018-09-30,INOXLEISUR.NS
2018-09-30,INSECTICID.NS
2018-09-30,INTELLECT.NS
2018-09-30,ITDCEM.NS
2018-09-30,JAICORPLTD.NS
2018-09-30,JBCHEPHARM.NS
2018-09-30,JBMA.NS
2018-09-30,JINDWORLD.NS
2018-09-30,JKIL.NS
2018-09-30,JKPAPER.NS
2018-09-30,JMCPROJECT.NS
2018-09-30,JPPOWER.NS
2018-09-30,JSWHL.NS
2018-09-30,JSWISPL.NS
2018-09-30,JTEKTINDIA.NS
2018-09-30,JUNIORBEES.NS
2018-09-30,KAYA.NS
2018-09-30,KCP.NS
2018-09-30,KENNAMET.NS
2018-09-30,KHADIM.NS
2018-09-30,KIRIINDUS.NS
2018-09-30,KIRLFER.NS
2018-09-30,KIRLOSBROS.NS
2018-09-30,KKCL.NS
2018-09-30,KOLTEPATIL.NS
2018-09-30,KSB.NS
2018-09-30,KSL.NS
2018-09-30,LAKSHVILAS.NS
2018-09-30,LGBBROSLTD.NS
2018-09-30,LTFOODS.NS
2018-09-30,LUMAXIND.NS
2018-09-30,MAHLIFE.NS
2018-09-30,MAITHANALL.NS
2018-09-30,MANINFRA.NS
2018-09-30,MANPASAND.NS
2018-09-30,MARKSANS.NS
2018-09-30,MASTEK.NS
2018-09-30,MATRIMONY.NS
2018-09-30,MAYURUNIQ.NS
2018-09-30,MCLEODRUSS.NS
2018-09-30,MEGH.NS
2018-09-30,MIDHANI.NS
2018-09-30,MMFL.NS
2018-09-30,MOREPENLAB.NS
2018-09-30,MUTHOOTCAP.NS
2018-09-30,NAVA.NS
2018-09-30,NAVKARCORP.NS
2018-09-30,NEWGEN.NS
2018-09-30,NFL.NS
2018-09-30,NILKAMAL.NS
2018-09-30,NOVARTIND.NS
2018-09-30,NRBBEARING.NS
2018-09-30,NUCLEUS.NS
2018-09-30,NXTDIGITAL.NS
2018-09-30,OPTIEMUS.NS
2018-09-30,ORIENTCEM.NS
2018-09-30,PAISALO.NS
2018-09-30,PANACEABIO.NS
2018-09-30,PARAGMILK.NS
2018-09-30,PATELENG.NS
2018-09-30,PFOCUS.NS
2018-09-30,PFS.NS
2018-09-30,PILANIINVS.NS
2018-09-30,POLYMED.NS
2018-09-30,POLYPLEX.NS
2018-09-30,PRAJIND.NS
2018-09-30,PRAKASH.NS
2018-09-30,PRIVISCL.NS
2018-09-30,PSPPROJECT.NS
2018-09-30,PTC.NS
2018-09-30,PURVA.NS
2018-09-30,QUICKHEAL.NS
2018-09-30,RADIOCITY.NS
2018-09-30,RAMCOIND.NS
2018-09-30,RAYMOND.NS
2018-09-30,RENUKA.NS
2018-09-30,RESPONIND.NS
2018-09-30,RHIM.NS
2018-09-30,RKFORGE.NS
2018-09-30,RTNPOWER.NS
2018-09-30,SAGCEM.NS
2018-09-30,SANDHAR.NS
2018-09-30,SANGHIIND.NS
2018-09-30,SARDAEN.NS
2018-09-30,SAREGAMA.NS
2018-09-30,SASKEN.NS
2018-09-30,SATIN.NS
2018-09-30,SCHAND.NS
2018-09-30,SCHNEIDER.NS
2018-09-30,SCI.NS
2018-09-30,SECURKLOUD.NS
2018-09-30,SEPC.NS
2018-09-30,SESHAPAPER.NS
2018-09-30,SHALBY.NS
2018-09-30,SHEMAROO.NS
2018-09-30,SHRENIK.NS
2018-09-30,SICAL.NS
2018-09-30,SIMPLEXINF.NS
2018-09-30,SIYSIL.NS
2018-09-30,SKIPPER.NS
2018-09-30,SOMANYCERA.NS
2018-09-30,SOTL.NS
2018-09-30,SPLPETRO.NS
2018-09-30,SPTL.NS
2018-09-30,SSWL.NS
2018-09-30,STAR.NS
2018-09-30,STERTOOLS.NS
2018-09-30,STYRENIX.NS
2018-09-30,SUBROS.NS
2018-09-30,SUNDARMHLD.NS
2018-09-30,SUNDROP.NS
2018-09-30,SUNFLAG.NS
2018-09-30,SURYAROSNI.NS
2018-09-30,SWARAJENG.NS
2018-09-30,TAJGVK.NS
2018-09-30,TASTYBITE.NS
2018-09-30,TATACOFFEE.NS
2018-09-30,TATAMETALI.NS
2018-09-30,TATASTLLP.NS
2018-09-30,TCI.NS
2018-09-30,TCIEXP.NS
2018-09-30,TEXRAIL.NS
2018-09-30,TFCILTD.NS
2018-09-30,TIDEWATER.NS
2018-09-30,TIIL.NS
2018-09-30,TINPLATE.NS
2018-09-30,TIRUMALCHM.NS
2018-09-30,TNPL.NS
2018-09-30,TSFINV.NS
2018-09-30,TTKHLTCARE.NS
2018-09-30,TVSSRICHAK.NS
2018-09-30,TVTODAY.NS
2018-09-30,UFLEX.NS
2018-09-30,UNICHEMLAB.NS
2018-09-30,V2RETAIL.NS
2018-09-30,VAIBHAVGBL.NS
2018-09-30,VEEDOL.NS
2018-09-30,VERTOZ.NS
2018-09-30,VESUVIUS.NS
2018-09-30,VINDHYATEL.NS
2018-09-30,VISHAL.NS
2018-09-30,VIYASH.NS
2018-09-30,VRLLOG.NS
2018-09-30,VSTTILLERS.NS
2018-09-30,WABAG.NS
2018-09-30,WELENT.NS
2018-09-30,WHEELS.NS
2018-09-30,WONDERLA.NS
2018-09-30,WSTCSTPAPR.NS
2018-09-30,ZEELEARN.NS
2018-09-30,ZEEMEDIA.NS
2018-09-30,ZFCVINDIA.NS
2018-09-30,ZUARI.NS
2019-03-31,AARTIDRUGS.NS
2019-03-31,ACCELYA.NS
2019-03-31,ACE.NS
2019-03-31,ADVENZYMES.NS
2019-03-31,AHLUCONT.NS
2019-03-31,ALKYLAMINE.NS
2019-03-31,ANDHRAPAP.NS
2019-03-31,ANDREWYU.NS
2019-03-31,APCOTEXIND.NS
2019-03-31,APEX.NS
2019-03-31,ARVIND.NS
2019-03-31,ASHIANA.NS
2019-03-31,ASTEC.NS
2019-03-31,ATFL.NS
2019-03-31,AURUM.NS
2019-03-31,AUTOAXLES.NS
2019-03-31,BAJAJHIND.NS
2019-03-31,BALAMINES.NS
2019-03-31,BALMLAWRIE.NS
2019-03-31,BANARISUG.NS
2019-03-31,BEML.NS
2019-03-31,BEPL.NS
2019-03-31,BFUTILITIE.NS
2019-03-31,BHARATRAS.NS
2019-03-31,BIRLANU.NS
2019-03-31,BKMINDST.NS
2019-03-31,BLISSGVS.NS
2019-03-31,BLS.NS
2019-03-31,BODALCHEM.NS
2019-03-31,BOMDYEING.NS
2019-03-31,BRIGADE.NS
2019-03-31,BSE.NS
2019-03-31,CAPACITE.NS
2019-03-31,CENTRUM.NS
2019-03-31,CIGNITITEC.NS
2019-03-31,CLCIND.NS
2019-03-31,DAAWAT.NS
2019-03-31,DEEPAKFERT.NS
2019-03-31,DEN.NS
2019-03-31,DFMFOODS.NS
2019-03-31,DHAMPURSUG.NS
2019-03-31,DHANUKA.NS
2019-03-31,DIAMONDYD.NS
2019-03-31,DOLLAR.NS
2019-03-31,DPSCLTD.NS
2019-03-31,DREDGECORP.NS
2019-03-31,EIHAHOTELS.NS
2019-03-31,ESABINDIA.NS
2019-03-31,EVEREADY.NS
2019-03-31,EXCELINDUS.NS
2019-03-31,FEL.NS
2019-03-31,FELDVR.NS
2019-03-31,FILATEX.NS
2019-03-31,GABRIEL.NS
2019-03-31,GAEL.NS
2019-03-31,GATEWAY.NS
2019-03-31,GFLLIMITED.NS
2019-03-31,GHCL.NS
2019-03-31,GICHSGFIN.NS
2019-03-31,GIPCL.NS
2019-03-31,GMMPFAUDLR.NS
2019-03-31,GOCLCORP.NS
2019-03-31,GOODYEAR.NS
2019-03-31,GPIL.NS
2019-03-31,GREENLAM.NS
2019-03-31,GREENPLY.NS
2019-03-31,GRSE.NS
2019-03-31,GTLINFRA.NS
2019-03-31,GVKPIL.NS
2019-03-31,HCC.NS
2019-03-31,HCG.NS
2019-03-31,HDIL.NS
2019-03-31,HESTERBIO.NS
2019-03-31,HGINFRA.NS
2019-03-31,HGS.NS
2019-03-31,HIKAL.NS
2019-03-31,HIL.NS
2019-03-31,HIMATSEIDE.NS
2019-03-31,HINDOILEXP.NS
2019-03-31,HONDAPOWER.NS
2019-03-31,HUHTAMAKI.NS
2019-03-31,ICIL.NS
2019-03-31,IFCI.NS
2019-03-31,IGARASHI.NS
2019-03-31,IGPL.NS
2019-03-31,INDIANHUME.NS
2019-03-31,INDOCO.NS
2019-03-31,INFIBEAM.NS
2019-03-31,INGERRAND.NS
2019-03-31,INSECTICID.NS
2019-03-31,IOLCP.NS
2019-03-31,ITDC.NS
2019-03-31,ITDCEM.NS
2019-03-31,J&KBANK.NS
2019-03-31,JAICORPLTD.NS
2019-03-31,JBCHEPHARM.NS
2019-03-31,JBMA.NS
2019-03-31,JINDALPOLY.NS
2019-03-31,JINDWORLD.NS
2019-03-31,JISLDVREQS.NS
2019-03-31,JKIL.NS
2019-03-31,JKTYRE.NS
2019-03-31,JMCPROJECT.NS
2019-03-31,JPASSOCIAT.NS
2019-03-31,JPPOWER.NS
2019-03-31,JSL.NS
2019-03-31,JSLHISAR.NS
2019-03-31,JSWISPL.NS
2019-03-31,JUNIORBEES.NS
2019-03-31,KCP.NS
2019-03-31,KENNAMET.NS
2019-03-31,KIRIINDUS.NS
2019-03-31,KIRLFER.NS
2019-03-31,KIRLOSBROS.NS
2019-03-31,KKCL.NS
2019-03-31,KOKUYOCMLN.NS
2019-03-31,KOLTEPATIL.NS
2019-03-31,LAKSHVILAS.NS
2019-03-31,LGBBROSLTD.NS
2019-03-31,LTFOODS.NS
2019-03-31,LUMAXIND.NS
2019-03-31,LUMAXTECH.NS
2019-03-31,MAHLIFE.NS
2019-03-31,MAITHANALL.NS
2019-03-31,MANPASAND.NS
2019-03-31,MARKSANS.NS
2019-03-31,MASTEK.NS
2019-03-31,MATRIMONY.NS
2019-03-31,MAYURUNIQ.NS
2019-03-31,MCLEODRUSS.NS
2019-03-31,MEGH.NS
2019-03-31,MMFL.NS
2019-03-31,MUTHOOTCAP.NS
2019-03-31,NAVA.NS
2019-03-31,NEWGEN.NS
2019-03-31,NFL.NS
2019-03-31,NIFTYBEES.NS
2019-03-31,NILKAMAL.NS
2019-03-31,NOVARTIND.NS
2019-03-31,NRBBEARING.NS
2019-03-31,NUCLEUS.NS
2019-03-31,NXTDIGITAL.NS
2019-03-31,OLECTRA.NS
2019-03-31,ORIENTCEM.NS
2019-03-31,PAISALO.NS
2019-03-31,PARAGMILK.NS
2019-03-31,PATELENG.NS
2019-03-31,PFOCUS.NS
2019-03-31,PFS.NS
2019-03-31,PILANIINVS.NS
2019-03-31,POLYMED.NS
2019-03-31,POLYPLEX.NS
2019-03-31,PRAJIND.NS
2019-03-31,PRAKASH.NS
2019-03-31,PRIVISCL.NS
2019-03-31,PSPPROJECT.NS
2019-03-31,PURVA.NS
2019-03-31,QUICKHEAL.NS
2019-03-31,RADIOCITY.NS
2019-03-31,RAMCOIND.NS
2019-03-31,RANEHOLDIN.NS
2019-03-31,RAYMOND.NS
2019-03-31,RENUKA.NS
2019-03-31,RHFL.NS
2019-03-31,RKFORGE.NS
2019-03-31,RPSGVENT.NS
2019-03-31,SABTN.NS
2019-03-31,SAGCEM.NS
2019-03-31,SANDHAR.NS
2019-03-31,SANGHIIND.NS
2019-03-31,SARDAEN.NS
2019-03-31,SAREGAMA.NS
2019-03-31,SASKEN.NS
2019-03-31,SATIN.NS
2019-03-31,SCI.NS
2019-03-31,SEPC.NS
2019-03-31,SEQUENT.NS
2019-03-31,SESHAPAPER.NS
2019-03-31,SETFNIF50.NS
2019-03-31,SHALBY.NS
2019-03-31,SHANTIGEAR.NS
2019-03-31,SHEMAROO.NS
2019-03-31,SHK.NS
2019-03-31,SICAL.NS
2019-03-31,SIMPLEXINF.NS
2019-03-31,SIYSIL.NS
2019-03-31,SMLISUZU.NS
2019-03-31,SOMANYCERA.NS
2019-03-31,SORILINFRA.NS
2019-03-31,SOTL.NS
2019-03-31,SPENCERS.NS
2019-03-31,SPLPETRO.NS
2019-03-31,SPTL.NS
2019-03-31,SREINFRA.NS
2019-03-31,SSWL.NS
2019-03-31,STAR.NS
2019-03-31,STERTOOLS.NS
2019-03-31,STYRENIX.NS
2019-03-31,SUBROS.NS
2019-03-31,SUDARSCHEM.NS
2019-03-31,SUNDARMHLD.NS
2019-03-31,SUNDROP.NS
2019-03-31,SURYAROSNI.NS
2019-03-31,SWARAJENG.NS
2019-03-31,TAJGVK.NS
2019-03-31,TAKE.NS
2019-03-31,TASTYBITE.NS
2019-03-31,TATACOFFEE.NS
2019-03-31,TATAMETALI.NS
2019-03-31,TATASTLLP.NS
2019-03-31,TCI.NS
2019-03-31,TEJASNET.NS
2019-03-31,TEXRAIL.NS
2019-03-31,TFCILTD.NS
2019-03-31,TIDEWATER.NS
2019-03-31,TIIL.NS
2019-03-31,TIMETECHNO.NS
2019-03-31,TINPLATE.NS
2019-03-31,TIRUMALCHM.NS
2019-03-31,TNPL.NS
2019-03-31,TRIVENI.NS
2019-03-31,TSFINV.NS
2019-03-31,TTKHLTCARE.NS
2019-03-31,TVSSRICHAK.NS
2019-03-31,TVTODAY.NS
2019-03-31,UFLEX.NS
2019-03-31,UNICHEMLAB.NS
2019-03-31,USHAMART.NS
2019-03-31,VAIBHAVGBL.NS
2019-03-31,VEEDOL.NS
2019-03-31,VERTOZ.NS
2019-03-31,VESUVIUS.NS
2019-03-31,VHLTD.NS
2019-03-31,VICEROY.NS
2019-03-31,VINDHYATEL.NS
2019-03-31,VISHAL.NS
2019-03-31,VIYASH.NS
2019-03-31,VMART.NS
2019-03-31,VOLTAMP.NS
2019-03-31,VRLLOG.NS
2019-03-31,VSTTILLERS.NS
2019-03-31,WABAG.NS
2019-03-31,WELENT.NS
2019-03-31,WHEELS.NS
2019-03-31,WONDERLA.NS
2019-03-31,WSTCSTPAPR.NS
2019-03-31,ZEELEARN.NS
2019-03-31,ZEEMEDIA.NS
2019-03-31,ZFCVINDIA.NS
2019-03-31,ZYDUSWELL.NS
2019-09-30,AARTIDRUGS.NS
2019-09-30,ACCELYA.NS
2019-09-30,ACE.NS
2019-09-30,ADVENZYMES.NS
2019-09-30,AHLUCONT.NS
2019-09-30,ALEMBICLTD.NS
2019-09-30,ALKYLAMINE.NS
2019-09-30,AMRUTANJAN.NS
2019-09-30,ANDHRAPAP.NS
2019-09-30,ANDHRSUGAR.NS
2019-09-30,APCOTEXIND.NS
2019-09-30,APEX.NS
2019-09-30,ARVIND.NS
2019-09-30,ASHIANA.NS
2019-09-30,ASIANTILES.NS
2019-09-30,ASTEC.NS
2019-09-30,ATFL.NS
2019-09-30,AURUM.NS
2019-09-30,AUTOAXLES.NS
2019-09-30,BALAMINES.NS
2019-09-30,BALMLAWRIE.NS
2019-09-30,BANARISUG.NS
2019-09-30,BEML.NS
2019-09-30,BEPL.NS
2019-09-30,BFINVEST.NS
2019-09-30,BFUTILITIE.NS
2019-09-30,BHARATRAS.NS
2019-09-30,BIRLANU.NS
2019-09-30,BLISSGVS.NS
2019-09-30,BLS.NS
2019-09-30,BODALCHEM.NS
2019-09-30,BOMDYEING.NS
2019-09-30,BSE.NS
2019-09-30,CAPACITE.NS
2019-09-30,CENTRUM.NS
2019-09-30,CIGNITITEC.NS
2019-09-30,CLCIND.NS
2019-09-30,CONFIPET.NS
2019-09-30,COX&KINGS.NS
2019-09-30,DAAWAT.NS
2019-09-30,DALMIASUG.NS
2019-09-30,DEEPAKFERT.NS
2019-09-30,DFMFOODS.NS
2019-09-30,DHAMPURSUG.NS
2019-09-30,DHANUKA.NS
2019-09-30,DIAMONDYD.NS
2019-09-30,DOLLAR.NS
2019-09-30,DPSCLTD.NS
2019-09-30,DREDGECORP.NS
2019-09-30,DYNAMATECH.NS
2019-09-30,EIHAHOTELS.NS
2019-09-30,ENIL.NS
2019-09-30,ESABINDIA.NS
2019-09-30,EXCELINDUS.NS
2019-09-30,FEL.NS
2019-09-30,FELDVR.NS
2019-09-30,FILATEX.NS
2019-09-30,FOSECOIND.NS
2019-09-30,GABRIEL.NS
2019-09-30,GAEL.NS
2019-09-30,GATEWAY.NS
2019-09-30,GFLLIMITED.NS
2019-09-30,GICHSGFIN.NS
2019-09-30,GIPCL.NS
2019-09-30,GMMPFAUDLR.NS
2019-09-30,GOCLCORP.NS
2019-09-30,GOODYEAR.NS
2019-09-30,GREENLAM.NS
2019-09-30,GREENPLY.NS
2019-09-30,GRSE.NS
2019-09-30,GTLINFRA.NS
2019-09-30,GVKPIL.NS
2019-09-30,HCC.NS
2019-09-30,HCG.NS
2019-09-30,HERITGFOOD.NS
2019-09-30,HESTERBIO.NS
2019-09-30,HGINFRA.NS
2019-09-30,HGS.NS
2019-09-30,HIKAL.NS
2019-09-30,HIL.NS
2019-09-30,HIMATSEIDE.NS
2019-09-30,HINDOILEXP.NS
2019-09-30,HONDAPOWER.NS
2019-09-30,HUHTAMAKI.NS
2019-09-30,IBULLSLTD.NS
2019-09-30,IFCI.NS
2019-09-30,INDIANHUME.NS
2019-09-30,INDNIPPON.NS
2019-09-30,INDOCO.NS
2019-09-30,INGERRAND.NS
2019-09-30,INOXWIND.NS
2019-09-30,INSECTICID.NS
2019-09-30,IOLCP.NS
2019-09-30,ITDC.NS
2019-09-30,ITDCEM.NS
2019-09-30,JAICORPLTD.NS
2019-09-30,JAMNAAUTO.NS
2019-09-30,JBCHEPHARM.NS
2019-09-30,JBMA.NS
2019-09-30,JETAIRWAYS.NS
2019-09-30,JINDALPOLY.NS
2019-09-30,JINDWORLD.NS
2019-09-30,JISLDVREQS.NS
2019-09-30,JISLJALEQS.NS
2019-09-30,JKIL.NS
2019-09-30,JKTYRE.NS
2019-09-30,JMCPROJECT.NS
2019-09-30,JPASSOCIAT.NS
2019-09-30,JPPOWER.NS
2019-09-30,JSL.NS
2019-09-30,JSLHISAR.NS
2019-09-30,JSWISPL.NS
2019-09-30,JTEKTINDIA.NS
2019-09-30,JUNIORBEES.NS
2019-09-30,KCP.NS
2019-09-30,KIRIINDUS.NS
2019-09-30,KIRLFER.NS
2019-09-30,KIRLOSBROS.NS
2019-09-30,KKCL.NS
2019-09-30,KOLTEPATIL.NS
2019-09-30,KSL.NS
2019-09-30,LAKSHVILAS.NS
2019-09-30,LAOPALA.NS
2019-09-30,LGBBROSLTD.NS
2019-09-30,LTFOODS.NS
2019-09-30,LUMAXIND.NS
2019-09-30,MAHLIFE.NS
2019-09-30,MAITHANALL.NS
2019-09-30,MARKSANS.NS
2019-09-30,MASTEK.NS
2019-09-30,MATRIMONY.NS
2019-09-30,MAYURUNIQ.NS
2019-09-30,MBECL.NS
2019-09-30,MEGH.NS
2019-09-30,MMFL.NS
2019-09-30,MPSLTD.NS
2019-09-30,MUTHOOTCAP.NS
2019-09-30,NAVA.NS
2019-09-30,NEWGEN.NS
2019-09-30,NFL.NS
2019-09-30,NIFTYBEES.NS
2019-09-30,NILKAMAL.NS
2019-09-30,NOCIL.NS
2019-09-30,NOVARTIND.NS
2019-09-30,NRBBEARING.NS
2019-09-30,NUCLEUS.NS
2019-09-30,NXTDIGITAL.NS
2019-09-30,OLECTRA.NS
2019-09-30,ORIENTCEM.NS
2019-09-30,PAISALO.NS
2019-09-30,PANACEABIO.NS
2019-09-30,PARAGMILK.NS
2019-09-30,PFOCUS.NS
2019-09-30,PFS.NS
2019-09-30,PILANIINVS.NS
2019-09-30,POLYMED.NS
2019-09-30,POLYPLEX.NS
2019-09-30,PRAKASH.NS
2019-09-30,PRIVISCL.NS
2019-09-30,PSPPROJECT.NS
2019-09-30,PTC.NS
2019-09-30,PURVA.NS
2019-09-30,QUICKHEAL.NS
2019-09-30,RADIOCITY.NS
2019-09-30,RAMCOIND.NS
2019-09-30,RANEHOLDIN.NS
2019-09-30,RAYMOND.NS
2019-09-30,RELINFRA.NS
2019-09-30,RENUKA.NS
2019-09-30,RKFORGE.NS
2019-09-30,RPOWER.NS
2019-09-30,RPSGVENT.NS
2019-09-30,RUPA.NS
2019-09-30,SABTN.NS
2019-09-30,SAGCEM.NS
2019-09-30,SANDHAR.NS
2019-09-30,SANGHIIND.NS
2019-09-30,SAREGAMA.NS
2019-09-30,SASKEN.NS
2019-09-30,SATIN.NS
2019-09-30,SCHNEIDER.NS
2019-09-30,SCI.NS
2019-09-30,SEAMECLTD.NS
2019-09-30,SEPC.NS
2019-09-30,SEQUENT.NS
2019-09-30,SESHAPAPER.NS
2019-09-30,SETFNIF50.NS
2019-09-30,SEYAIND.NS
2019-09-30,SHALBY.NS
2019-09-30,SHANTIGEAR.NS
2019-09-30,SHEMAROO.NS
2019-09-30,SHK.NS
2019-09-30,SHRIPISTON.NS
2019-09-30,SIYSIL.NS
2019-09-30,SMLISUZU.NS
2019-09-30,SOLARA.NS
2019-09-30,SOMANYCERA.NS
2019-09-30,SOTL.NS
2019-09-30,SPENCERS.NS
2019-09-30,SPLPETRO.NS
2019-09-30,SREINFRA.NS
2019-09-30,SSWL.NS
2019-09-30,STAR.NS
2019-09-30,STYRENIX.NS
2019-09-30,SUBROS.NS
2019-09-30,SUNDARMHLD.NS
2019-09-30,SUNDROP.NS
2019-09-30,SURYAROSNI.NS
2019-09-30,SWARAJENG.NS
2019-09-30,TAJGVK.NS
2019-09-30,TAKE.NS
2019-09-30,TATACOFFEE.NS
2019-09-30,TATAMETALI.NS
2019-09-30,TATASTLLP.NS
2019-09-30,TEJASNET.NS
2019-09-30,TEXRAIL.NS
2019-09-30,THYROCARE.NS
2019-09-30,TIDEWATER.NS
2019-09-30,TIIL.NS
2019-09-30,TIMETECHNO.NS
2019-09-30,TINPLATE.NS
2019-09-30,TNPL.NS
2019-09-30,TRIVENI.NS
2019-09-30,TSFINV.NS
2019-09-30,TTKHLTCARE.NS
2019-09-30,TVSSRICHAK.NS
2019-09-30,TVTODAY.NS
2019-09-30,UFLEX.NS
2019-09-30,UNICHEMLAB.NS
2019-09-30,USHAMART.NS
2019-09-30,VEEDOL.NS
2019-09-30,VERTOZ.NS
2019-09-30,VESUVIUS.NS
2019-09-30,VHLTD.NS
2019-09-30,VICEROY.NS
2019-09-30,VINDHYATEL.NS
2019-09-30,VISHAL.NS
2019-09-30,VIYASH.NS
2019-09-30,VMART.NS
2019-09-30,VOLTAMP.NS
2019-09-30,VRLLOG.NS
2019-09-30,VSTTILLERS.NS
2019-09-30,WABAG.NS
2019-09-30,WELENT.NS
2019-09-30,WHEELS.NS
2019-09-30,WONDERLA.NS
2019-09-30,WSTCSTPAPR.NS
2019-09-30,YAARI.NS
2019-09-30,ZFCVINDIA.NS
2019-09-30,ZYDUSWELL.NS
2020-03-31,AARTIDRUGS.NS
2020-03-31,ACCELYA.NS
2020-03-31,ACE.NS
2020-03-31,ADVENZYMES.NS
2020-03-31,AHLUCONT.NS
2020-03-31,ALEMBICLTD.NS
2020-03-31,AMRUTANJAN.NS
2020-03-31,ANDHRAPAP.NS
2020-03-31,ANDHRSUGAR.NS
2020-03-31,APARINDS.NS
2020-03-31,APCOTEXIND.NS
2020-03-31,APEX.NS
2020-03-31,ARVIND.NS
2020-03-31,ASHIANA.NS
2020-03-31,ASIANTILES.NS
2020-03-31,ASTEC.NS
2020-03-31,ATFL.NS
2020-03-31,AURUM.NS
2020-03-31,AUTOAXLES.NS
2020-03-31,BALAMINES.NS
2020-03-31,BANARISUG.NS
2020-03-31,BEML.NS
2020-03-31,BEPL.NS
2020-03-31,BFINVEST.NS
2020-03-31,BFUTILITIE.NS
2020-03-31,BHARATRAS.NS
2020-03-31,BIRLANU.NS
2020-03-31,BLISSGVS.NS
2020-03-31,BODALCHEM.NS
2020-03-31,BOMDYEING.NS
2020-03-31,BSE.NS
2020-03-31,CAMLINFINE.NS
2020-03-31,CAPACITE.NS
2020-03-31,CARERATING.NS
2020-03-31,CENTRUM.NS
2020-03-31,CGPOWER.NS
2020-03-31,CHENNPETRO.NS
2020-03-31,CIGNITITEC.NS
2020-03-31,DAAWAT.NS
2020-03-31,DALMIASUG.NS
2020-03-31,DCAL.NS
2020-03-31,DEEPAKFERT.NS
2020-03-31,DFMFOODS.NS
2020-03-31,DHAMPURSUG.NS
2020-03-31,DHANUKA.NS
2020-03-31,DIAMONDYD.NS
2020-03-31,DOLATALGO.NS
2020-03-31,DOLLAR.NS
2020-03-31,DPSCLTD.NS
2020-03-31,DREDGECORP.NS
2020-03-31,ECLERX.NS
2020-03-31,EIHAHOTELS.NS
2020-03-31,ENIL.NS
2020-03-31,EXCELINDUS.NS
2020-03-31,FEL.NS
2020-03-31,FELDVR.NS
2020-03-31,FILATEX.NS
2020-03-31,FORCEMOT.NS
2020-03-31,FOSECOIND.NS
2020-03-31,FSC.NS
2020-03-31,GABRIEL.NS
2020-03-31,GATEWAY.NS
2020-03-31,GAYAPROJ.NS
2020-03-31,GFLLIMITED.NS
2020-03-31,GHCL.NS
2020-03-31,GIPCL.NS
2020-03-31,GMDCLTD.NS
2020-03-31,GOCLCORP.NS
2020-03-31,GREENLAM.NS
2020-03-31,GREENPLY.NS
2020-03-31,GTPL.NS
2020-03-31,HCC.NS
2020-03-31,HCG.NS
2020-03-31,HERITGFOOD.NS
2020-03-31,HESTERBIO.NS
2020-03-31,HFCL.NS
2020-03-31,HGINFRA.NS
2020-03-31,HGS.NS
2020-03-31,HIKAL.NS
2020-03-31,HIL.NS
2020-03-31,HIMATSEIDE.NS
2020-03-31,HINDOILEXP.NS
2020-03-31,HINDWAREAP.NS
2020-03-31,HNDFDS.NS
2020-03-31,HONDAPOWER.NS
2020-03-31,HUHTAMAKI.NS
2020-03-31,ICIL.NS
2020-03-31,IFCI.NS
2020-03-31,IGARASHI.NS
2020-03-31,IIFLSEC.NS
2020-03-31,INDIANHUME.NS
2020-03-31,INDOCO.NS
2020-03-31,INOXWIND.NS
2020-03-31,INSECTICID.NS
2020-03-31,INTELLECT.NS
2020-03-31,IOLCP.NS
2020-03-31,ITDCEM.NS
2020-03-31,J&KBANK.NS
2020-03-31,JAGRAN.NS
2020-03-31,JAICORPLTD.NS
2020-03-31,JAMNAAUTO.NS
2020-03-31,JBCHEPHARM.NS
2020-03-31,JBMA.NS
2020-03-31,JINDALPOLY.NS
2020-03-31,JINDWORLD.NS
2020-03-31,JKIL.NS
2020-03-31,JKTYRE.NS
2020-03-31,JMCPROJECT.NS
2020-03-31,JPPOWER.NS
2020-03-31,JSL.NS
2020-03-31,JSLHISAR.NS
2020-03-31,JTEKTINDIA.NS
2020-03-31,KCP.NS
2020-03-31,KIRIINDUS.NS
2020-03-31,KIRLFER.NS
2020-03-31,KIRLOSBROS.NS
2020-03-31,KKCL.NS
2020-03-31,KOLTEPATIL.NS
2020-03-31,KOVAI.NS
2020-03-31,KSL.NS
2020-03-31,LAOPALA.NS
2020-03-31,LGBBROSLTD.NS
2020-03-31,LTFOODS.NS
2020-03-31,LUMAXIND.NS
2020-03-31,MAHLIFE.NS
2020-03-31,MAITHANALL.NS
2020-03-31,MASTEK.NS
2020-03-31,MATRIMONY.NS
2020-03-31,MAYURUNIQ.NS
2020-03-31,MEGH.NS
2020-03-31,MMFL.NS
2020-03-31,MOLDTKPAC.NS
2020-03-31,MPSLTD.NS
2020-03-31,MSTCLTD.NS
2020-03-31,MUTHOOTCAP.NS
2020-03-31,NAVA.NS
2020-03-31,NEOGEN.NS
2020-03-31,NEWGEN.NS
2020-03-31,NFL.NS
2020-03-31,NIFTYBEES.NS
2020-03-31,NILKAMAL.NS
2020-03-31,NOCIL.NS
2020-03-31,NOVARTIND.NS
2020-03-31,NRBBEARING.NS
2020-03-31,NUCLEUS.NS
2020-03-31,NXTDIGITAL.NS
2020-03-31,OLECTRA.NS
2020-03-31,ORIENTCEM.NS
2020-03-31,ORISSAMINE.NS
2020-03-31,PAISALO.NS
2020-03-31,PARAGMILK.NS
2020-03-31,PATELENG.NS
2020-03-31,PCBL.NS
2020-03-31,PCJEWELLER.NS
2020-03-31,PDSL.NS
2020-03-31,PFOCUS.NS
2020-03-31,PFS.NS
2020-03-31,PILANIINVS.NS
2020-03-31,POLYPLEX.NS
2020-03-31,POONAWALLA.NS
2020-03-31,PRAJIND.NS
2020-03-31,PRAKASH.NS
2020-03-31,PRINCEPIPE.NS
2020-03-31,PRIVISCL.NS
2020-03-31,PSPPROJECT.NS
2020-03-31,PTC.NS
2020-03-31,PURVA.NS
2020-03-31,QUICKHEAL.NS
2020-03-31,RADIOCITY.NS
2020-03-31,RAMCOIND.NS
2020-03-31,RANEHOLDIN.NS
2020-03-31,RAYMOND.NS
2020-03-31,RELIGARE.NS
2020-03-31,RENUKA.NS
2020-03-31,REPCOHOME.NS
2020-03-31,RKFORGE.NS
2020-03-31,RPOWER.NS
2020-03-31,RPSGVENT.NS
2020-03-31,RSYSTEMS.NS
2020-03-31,RTNPOWER.NS
2020-03-31,RUPA.NS
2020-03-31,SADBHAV.NS
2020-03-31,SADBHIN.NS
2020-03-31,SAFARI.NS
2020-03-31,SAGCEM.NS
2020-03-31,SANDHAR.NS
2020-03-31,SANGHIIND.NS
2020-03-31,SASKEN.NS
2020-03-31,SATIA.NS
2020-03-31,SATIN.NS
2020-03-31,SCHNEIDER.NS
2020-03-31,SEAMECLTD.NS
2020-03-31,SEQUENT.NS
2020-03-31,SESHAPAPER.NS
2020-03-31,SETFNIF50.NS
2020-03-31,SHALBY.NS
2020-03-31,SHARDACROP.NS
2020-03-31,SHK.NS
2020-03-31,SHRIPISTON.NS
2020-03-31,SIYSIL.NS
2020-03-31,SMLISUZU.NS
2020-03-31,SOLARA.NS
2020-03-31,SOMANYCERA.NS
2020-03-31,SOTL.NS
2020-03-31,SOUTHBANK.NS
2020-03-31,SPLPETRO.NS
2020-03-31,SSWL.NS
2020-03-31,STAR.NS
2020-03-31,STYRENIX.NS
2020-03-31,SUBROS.NS
2020-03-31,SUNDARMHLD.NS
2020-03-31,SUNDROP.NS
2020-03-31,SURYAROSNI.NS
2020-03-31,SWARAJENG.NS
2020-03-31,TAJGVK.NS
2020-03-31,TAKE.NS
2020-03-31,TANLA.NS
2020-03-31,TATACOFFEE.NS
2020-03-31,TATAMETALI.NS
2020-03-31,TATASTLLP.NS
2020-03-31,TEXRAIL.NS
2020-03-31,THOMASCOOK.NS
2020-03-31,THYROCARE.NS
2020-03-31,TIDEWATER.NS
2020-03-31,TIIL.NS
2020-03-31,TIMETECHNO.NS
2020-03-31,TINPLATE.NS
2020-03-31,TNPL.NS
2020-03-31,TRIVENI.NS
2020-03-31,TSFINV.NS
2020-03-31,TVSSRICHAK.NS
2020-03-31,TVTODAY.NS
2020-03-31,UFLEX.NS
2020-03-31,UNICHEMLAB.NS
2020-03-31,USHAMART.NS
2020-03-31,VEEDOL.NS
2020-03-31,VERTOZ.NS
2020-03-31,VINDHYATEL.NS
2020-03-31,VISHAL.NS
2020-03-31,VIYASH.NS
2020-03-31,VMART.NS
2020-03-31,VOLTAMP.NS
2020-03-31,VRLLOG.NS
2020-03-31,VSTTILLERS.NS
2020-03-31,WABAG.NS
2020-03-31,WELENT.NS
2020-03-31,WHEELS.NS
2020-03-31,WONDERLA.NS
2020-03-31,WSTCSTPAPR.NS
2020-03-31,ZYDUSWELL.NS
2020-09-30,ACCELYA.NS
2020-09-30,ADFFOODS.NS
2020-09-30,AHLUCONT.NS
2020-09-30,ALEMBICLTD.NS
2020-09-30,AMRUTANJAN.NS
2020-09-30,ANDHRAPAP.NS
2020-09-30,ANDHRSUGAR.NS
2020-09-30,APARINDS.NS
2020-09-30,APEX.NS
2020-09-30,ARVIND.NS
2020-09-30,ARVINDFASN.NS
2020-09-30,ASHOKA.NS
2020-09-30,ASIANTILES.NS
2020-09-30,ASTEC.NS
2020-09-30,ASTRAMICRO.NS
2020-09-30,ATFL.NS
2020-09-30,AUTOAXLES.NS
2020-09-30,BALAJITELE.NS
2020-09-30,BALAMINES.NS
2020-09-30,BALMLAWRIE.NS
2020-09-30,BANARISUG.NS
2020-09-30,BBOX.NS
2020-09-30,BEML.NS
2020-09-30,BEPL.NS
2020-09-30,BFINVEST.NS
2020-09-30,BFUTILITIE.NS
2020-09-30,BHARATRAS.NS
2020-09-30,BIRLANU.NS
2020-09-30,BLISSGVS.NS
2020-09-30,BODALCHEM.NS
2020-09-30,BOMDYEING.NS
2020-09-30,BOROLTD.NS
2020-09-30,BORORENEW.NS
2020-09-30,BSE.NS
2020-09-30,CAMLINFINE.NS
2020-09-30,CAPACITE.NS
2020-09-30,CARERATING.NS
2020-09-30,CGPOWER.NS
2020-09-30,CHENNPETRO.NS
2020-09-30,CIGNITITEC.NS
2020-09-30,DAAWAT.NS
2020-09-30,DALMIASUG.NS
2020-09-30,DBCORP.NS
2020-09-30,DEEPAKFERT.NS
2020-09-30,DFMFOODS.NS
2020-09-30,DHAMPURSUG.NS
2020-09-30,DIAMONDYD.NS
2020-09-30,DISHTV.NS
2020-09-30,DOLATALGO.NS
2020-09-30,DOLLAR.NS
2020-09-30,DPSCLTD.NS
2020-09-30,DREDGECORP.NS
2020-09-30,ECLERX.NS
2020-09-30,EIHAHOTELS.NS
2020-09-30,ENIL.NS
2020-09-30,EQUITAS.NS
2020-09-30,EVEREADY.NS
2020-09-30,EXCELINDUS.NS
2020-09-30,FEL.NS
2020-09-30,FELDVR.NS
2020-09-30,FORCEMOT.NS
2020-09-30,FOSECOIND.NS
2020-09-30,GABRIEL.NS
2020-09-30,GAEL.NS
2020-09-30,GARFIBRES.NS
2020-09-30,GATEWAY.NS
2020-09-30,GFLLIMITED.NS
2020-09-30,GHCL.NS
2020-09-30,GIPCL.NS
2020-09-30,GMDCLTD.NS
2020-09-30,GOCLCORP.NS
2020-09-30,GOLDBEES.NS
2020-09-30,GPIL.NS
2020-09-30,GREAVESCOT.NS
2020-09-30,GREENLAM.NS
2020-09-30,GREENPLY.NS
2020-09-30,GTLINFRA.NS
2020-09-30,GTPL.NS
2020-09-30,GUFICBIO.NS
2020-09-30,HCC.NS
2020-09-30,HCG.NS
2020-09-30,HERITGFOOD.NS
2020-09-30,HESTERBIO.NS
2020-09-30,HEUBACHIND.NS
2020-09-30,HFCL.NS
2020-09-30,HGINFRA.NS
2020-09-30,HGS.NS
2020-09-30,HIKAL.NS
2020-09-30,HIL.NS
2020-09-30,HINDOILEXP.NS
2020-09-30,HNDFDS.NS
2020-09-30,HONDAPOWER.NS
2020-09-30,HUHTAMAKI.NS
2020-09-30,ICIL.NS
2020-09-30,IFBIND.NS
2020-09-30,IFCI.NS
2020-09-30,IGARASHI.NS
2020-09-30,IIFLSEC.NS
2020-09-30,INDIANHUME.NS
2020-09-30,INDNIPPON.NS
2020-09-30,INOXWIND.NS
2020-09-30,INSECTICID.NS
2020-09-30,INTELLECT.NS
2020-09-30,ITDC.NS
2020-09-30,ITDCEM.NS
2020-09-30,J&KBANK.NS
2020-09-30,JAGRAN.NS
2020-09-30,JAICORPLTD.NS
2020-09-30,JAMNAAUTO.NS
2020-09-30,JBMA.NS
2020-09-30,JINDALPOLY.NS
2020-09-30,JINDWORLD.NS
2020-09-30,JKIL.NS
2020-09-30,JKPAPER.NS
2020-09-30,JKTYRE.NS
2020-09-30,JMCPROJECT.NS
2020-09-30,JPPOWER.NS
2020-09-30,JSL.NS
2020-09-30,JSLHISAR.NS
2020-09-30,JSWISPL.NS
2020-09-30,JTEKTINDIA.NS
2020-09-30,KENNAMET.NS
2020-09-30,KIRIINDUS.NS
2020-09-30,KIRLFER.NS
2020-09-30,KIRLOSBROS.NS
2020-09-30,KIRLOSENG.NS
2020-09-30,KKCL.NS
2020-09-30,KOLTEPATIL.NS
2020-09-30,KOVAI.NS
2020-09-30,KSB.NS
2020-09-30,KSL.NS
2020-09-30,KTKBANK.NS
2020-09-30,LEMONTREE.NS
2020-09-30,LGBBROSLTD.NS
2020-09-30,LTFOODS.NS
2020-09-30,LUMAXIND.NS
2020-09-30,MAHLIFE.NS
2020-09-30,MAHSEAMLES.NS
2020-09-30,MAITHANALL.NS
2020-09-30,MARKSANS.NS
2020-09-30,MASTEK.NS
2020-09-30,MATRIMONY.NS
2020-09-30,MAYURUNIQ.NS
2020-09-30,MEGH.NS
2020-09-30,MINDACORP.NS
2020-09-30,MOREPENLAB.NS
2020-09-30,MSTCLTD.NS
2020-09-30,NAVA.NS
2020-09-30,NAVNETEDUL.NS
2020-09-30,NCC.NS
2020-09-30,NEOGEN.NS
2020-09-30,NEULANDLAB.NS
2020-09-30,NEWGEN.NS
2020-09-30,NFL.NS
2020-09-30,NIFTYBEES.NS
2020-09-30,NILKAMAL.NS
2020-09-30,NOCIL.NS
2020-09-30,NOVARTIND.NS
2020-09-30,NRBBEARING.NS
2020-09-30,NUCLEUS.NS
2020-09-30,NXTDIGITAL.NS
2020-09-30,OAL.NS
2020-09-30,ORIENTCEM.NS
2020-09-30,ORISSAMINE.NS
2020-09-30,PAISALO.NS
2020-09-30,PANACEABIO.NS
2020-09-30,PARAGMILK.NS
2020-09-30,PATELENG.NS
2020-09-30,PCBL.NS
2020-09-30,PDSL.NS
2020-09-30,PFOCUS.NS
2020-09-30,PFS.NS
2020-09-30,PILANIINVS.NS
2020-09-30,POLYPLEX.NS
2020-09-30,POONAWALLA.NS
2020-09-30,PRAJIND.NS
2020-09-30,PRINCEPIPE.NS
2020-09-30,PRIVISCL.NS
2020-09-30,PSPPROJECT.NS
2020-09-30,PTC.NS
2020-09-30,PURVA.NS
2020-09-30,QUICKHEAL.NS
2020-09-30,RAMCOIND.NS
2020-09-30,RELIGARE.NS
2020-09-30,RENUKA.NS
2020-09-30,REPCOHOME.NS
2020-09-30,RPOWER.NS
2020-09-30,RSYSTEMS.NS
2020-09-30,RTNPOWER.NS
2020-09-30,RUPA.NS
2020-09-30,SADBHAV.NS
2020-09-30,SAFARI.NS
2020-09-30,SAGCEM.NS
2020-09-30,SANDHAR.NS
2020-09-30,SAREGAMA.NS
2020-09-30,SASKEN.NS
2020-09-30,SATIA.NS
2020-09-30,SEAMECLTD.NS
2020-09-30,SESHAPAPER.NS
2020-09-30,SETFNIF50.NS
2020-09-30,SHALBY.NS
2020-09-30,SHANTIGEAR.NS
2020-09-30,SHK.NS
2020-09-30,SHOPERSTOP.NS
2020-09-30,SHRIPISTON.NS
2020-09-30,SOTL.NS
2020-09-30,SOUTHBANK.NS
2020-09-30,SPENCERS.NS
2020-09-30,SPLPETRO.NS
2020-09-30,STYRENIX.NS
2020-09-30,SUBROS.NS
2020-09-30,SUNDARMHLD.NS
2020-09-30,SUNDROP.NS
2020-09-30,SURYAROSNI.NS
2020-09-30,SWARAJENG.NS
2020-09-30,TAJGVK.NS
2020-09-30,TAKE.NS
2020-09-30,TATACOFFEE.NS
2020-09-30,TATAMETALI.NS
2020-09-30,TATASTLLP.NS
2020-09-30,TCI.NS
2020-09-30,THOMASCOOK.NS
2020-09-30,THYROCARE.NS
2020-09-30,TIDEWATER.NS
2020-09-30,TIMETECHNO.NS
2020-09-30,TINPLATE.NS
2020-09-30,TNPL.NS
2020-09-30,TRIVENI.NS
2020-09-30,TSFINV.NS
2020-09-30,TVSSRICHAK.NS
2020-09-30,TVTODAY.NS
2020-09-30,UFLEX.NS
2020-09-30,UNICHEMLAB.NS
2020-09-30,VEEDOL.NS
2020-09-30,VENKEYS.NS
2020-09-30,VERTOZ.NS
2020-09-30,VHLTD.NS
2020-09-30,VICEROY.NS
2020-09-30,VINDHYATEL.NS
2020-09-30,VISHAL.NS
2020-09-30,VMART.NS
2020-09-30,VOLTAMP.NS
2020-09-30,VRLLOG.NS
2020-09-30,VSTTILLERS.NS
2020-09-30,WABAG.NS
2020-09-30,WELENT.NS
2020-09-30,WHEELS.NS
2020-09-30,WONDERLA.NS
2020-09-30,WSTCSTPAPR.NS
2020-09-30,ZYDUSWELL.NS
2021-03-31,360ONE.NS
2021-03-31,ABREL.NS
2021-03-31,ACCELYA.NS
2021-03-31,ACE.NS
2021-03-31,ADANIENSOL.NS
2021-03-31,ADANIPOWER.NS
2021-03-31,ADFFOODS.NS
2021-03-31,AEGISLOG.NS
2021-03-31,AHLUCONT.NS
2021-03-31,AKZOINDIA.NS
2021-03-31,ALEMBICLTD.NS
2021-03-31,AMRUTANJAN.NS
2021-03-31,APARINDS.NS
2021-03-31,ARE&M.NS
2021-03-31,ARVIND.NS
2021-03-31,ARVINDFASN.NS
2021-03-31,ASHOKA.NS
2021-03-31,ASIANTILES.NS
2021-03-31,ASTEC.NS
2021-03-31,ATFL.NS
2021-03-31,AURUM.NS
2021-03-31,AUTOAXLES.NS
2021-03-31,BAJAJCON.NS
2021-03-31,BALMLAWRIE.NS
2021-03-31,BANARISUG.NS
2021-03-31,BBOX.NS
2021-03-31,BECTORFOOD.NS
2021-03-31,BEML.NS
2021-03-31,BEPL.NS
2021-03-31,BHARATRAS.NS
2021-03-31,BIRLANU.NS
2021-03-31,BLISSGVS.NS
2021-03-31,BOMDYEING.NS
2021-03-31,BOROLTD.NS
2021-03-31,CAMLINFINE.NS
2021-03-31,CAPACITE.NS
2021-03-31,CARERATING.NS
2021-03-31,CHEMCON.NS
2021-03-31,CHENNPETRO.NS
2021-03-31,CIEINDIA.NS
2021-03-31,COHANCE.NS
2021-03-31,CPSEETF.NS
2021-03-31,DAAWAT.NS
2021-03-31,DALMIASUG.NS
2021-03-31,DBCORP.NS
2021-03-31,DCAL.NS
2021-03-31,DCBBANK.NS
2021-03-31,DEEPAKFERT.NS
2021-03-31,DEN.NS
2021-03-31,DFMFOODS.NS
2021-03-31,DHANUKA.NS
2021-03-31,DHFL.NS
2021-03-31,DIAMONDYD.NS
2021-03-31,DISHTV.NS
2021-03-31,DOLLAR.NS
2021-03-31,EMBASSY-RR.NS
2021-03-31,EMBASSY.NS
2021-03-31,ESABINDIA.NS
2021-03-31,EVEREADY.NS
2021-03-31,FCONSUMER.NS
2021-03-31,FLFL.NS
2021-03-31,FMGOETZE.NS
2021-03-31,FORCEMOT.NS
2021-03-31,FRETAIL.NS
2021-03-31,GABRIEL.NS
2021-03-31,GATEWAY.NS
2021-03-31,GEPIL.NS
2021-03-31,GET&D.NS
2021-03-31,GHCL.NS
2021-03-31,GILLETTE.NS
2021-03-31,GMDCLTD.NS
2021-03-31,GMRAIRPORT.NS
2021-03-31,GMRINFRA.NS
2021-03-31,GOLDBEES.NS
2021-03-31,GOODYEAR.NS
2021-03-31,GPIL.NS
2021-03-31,GREAVESCOT.NS
2021-03-31,GREENPANEL.NS
2021-03-31,GREENPLY.NS
2021-03-31,GRSE.NS
2021-03-31,GTPL.NS
2021-03-31,GULFOILLUB.NS
2021-03-31,GVPIL.NS
2021-03-31,GVT&D.NS
2021-03-31,HCG.NS
2021-03-31,HEIDELBERG.NS
2021-03-31,HERITGFOOD.NS
2021-03-31,HESTERBIO.NS
2021-03-31,HGINFRA.NS
2021-03-31,HIL.NS
2021-03-31,HIMATSEIDE.NS
2021-03-31,HINDWAREAP.NS
2021-03-31,HNDFDS.NS
2021-03-31,HSCL.NS
2021-03-31,HUHTAMAKI.NS
2021-03-31,ICRA.NS
2021-03-31,IFCI.NS
2021-03-31,IGPL.NS
2021-03-31,IIFL-RE.NS
2021-03-31,IIFLSEC.NS
2021-03-31,INDIGRID-IV.NS
2021-03-31,INDIGRID.NS
2021-03-31,INDOSTAR.NS
2021-03-31,INGERRAND.NS
2021-03-31,INOXWIND.NS
2021-03-31,IOLCP.NS
2021-03-31,IRBINVIT.NS
2021-03-31,ITDC.NS
2021-03-31,J&KBANK.NS
2021-03-31,JAGRAN.NS
2021-03-31,JAICORPLTD.NS
2021-03-31,JBMA.NS
2021-03-31,JCHAC.NS
2021-03-31,JINDALPOLY.NS
2021-03-31,JINDALSAW.NS
2021-03-31,JKTYRE.NS
2021-03-31,JPASSOCIAT.NS
2021-03-31,JPPOWER.NS
2021-03-31,JSWDULUX.NS
2021-03-31,JSWHL.NS
2021-03-31,JTEKTINDIA.NS
2021-03-31,JUNIORBEES.NS
2021-03-31,KENNAMET.NS
2021-03-31,KIOCL.NS
2021-03-31,KIRIINDUS.NS
2021-03-31,KIRLFER.NS
2021-03-31,KIRLOSENG.NS
2021-03-31,KOLTEPATIL.NS
2021-03-31,KPIL.NS
2021-03-31,KSB.NS
2021-03-31,KSCL.NS
2021-03-31,KTKBANK.NS
2021-03-31,LAOPALA.NS
2021-03-31,LEMONTREE.NS
2021-03-31,LIQUIDBEES.NS
2021-03-31,LMW.NS
2021-03-31,LTF.NS
2021-03-31,LTFOODS.NS
2021-03-31,LTIM.NS
2021-03-31,LUMAXIND.NS
2021-03-31,MAHLIFE.NS
2021-03-31,MAHSCOOTER.NS
2021-03-31,MAHSEAMLES.NS
2021-03-31,MAITHANALL.NS
2021-03-31,MARKSANS.NS
2021-03-31,MASFIN.NS
2021-03-31,MATRIMONY.NS
2021-03-31,MAYURUNIQ.NS
2021-03-31,MBECL.NS
2021-03-31,MEGH.NS
2021-03-31,MIDHANI.NS
2021-03-31,MINDACORP.NS
2021-03-31,MINDSPACE-RR.NS
2021-03-31,MINDSPACE.NS
2021-03-31,MOREPENLAB.NS
2021-03-31,MOTHERSON.NS
2021-03-31,MSTCLTD.NS
2021-03-31,NAVNETEDUL.NS
2021-03-31,NEOGEN.NS
2021-03-31,NEULANDLAB.NS
2021-03-31,NEWGEN.NS
2021-03-31,NFL.NS
2021-03-31,NIFTYBEES.NS
2021-03-31,NILKAMAL.NS
2021-03-31,NOVARTIND.NS
2021-03-31,NUCLEUS.NS
2021-03-31,NXTDIGITAL.NS
2021-03-31,OAL.NS
2021-03-31,OMAXE.NS
2021-03-31,ORCHPHARMA.NS
2021-03-31,ORIENTCEM.NS
2021-03-31,ORISSAMINE.NS
2021-03-31,PAISALO.NS
2021-03-31,PANACEABIO.NS
2021-03-31,PATANJALI.NS
2021-03-31,PDSL.NS
2021-03-31,PFOCUS.NS
2021-03-31,PILANIINVS.NS
2021-03-31,PSB.NS
2021-03-31,PSPPROJECT.NS
2021-03-31,PTC.NS
2021-03-31,PURVA.NS
2021-03-31,RAMCOIND.NS
2021-03-31,RAMCOSYS.NS
2021-03-31,RELIGARE.NS
2021-03-31,REPCOHOME.NS
2021-03-31,RESPONIND.NS
2021-03-31,RKFORGE.NS
2021-03-31,RNAVAL.NS
2021-03-31,RSYSTEMS.NS
2021-03-31,RTNPOWER.NS
2021-03-31,RUPA.NS
2021-03-31,SAFARI.NS
2021-03-31,SAGCEM.NS
2021-03-31,SAMMAANCAP.NS
2021-03-31,SANDHAR.NS
2021-03-31,SARDAEN.NS
2021-03-31,SCHNEIDER.NS
2021-03-31,SETFNIF50.NS
2021-03-31,SHARDACROP.NS
2021-03-31,SHK.NS
2021-03-31,SHOPERSTOP.NS
2021-03-31,SHRIPISTON.NS
2021-03-31,SHRIRAMFIN.NS
2021-03-31,SOMANYCERA.NS
2021-03-31,SOUTHBANK.NS
2021-03-31,SPANDANA.NS
2021-03-31,SPLPETRO.NS
2021-03-31,STARCEMENT.NS
2021-03-31,STYRENIX.NS
2021-03-31,SUBEXLTD.NS
2021-03-31,SUBROS.NS
2021-03-31,SUNCLAYLTD.NS
2021-03-31,SUNDROP.NS
2021-03-31,SURYAROSNI.NS
2021-03-31,SWANCORP.NS
2021-03-31,SWANENERGY.NS
2021-03-31,SWARAJENG.NS
2021-03-31,TASTYBITE.NS
2021-03-31,TATAMETALI.NS
2021-03-31,TCI.NS
2021-03-31,TECHNOE.NS
2021-03-31,TEJASNET.NS
2021-03-31,THOMASCOOK.NS
2021-03-31,TIDEWATER.NS
2021-03-31,TINPLATE.NS
2021-03-31,TMPV.NS
2021-03-31,TRIVENI.NS
2021-03-31,TVSHLTD.NS
2021-03-31,TVSSRICHAK.NS
2021-03-31,TVTODAY.NS
2021-03-31,UEL.NS
2021-03-31,UJAAS.NS
2021-03-31,UJJIVAN.NS
2021-03-31,UJJIVANSFB.NS
2021-03-31,UNICHEMLAB.NS
2021-03-31,UNITDSPR.NS
2021-03-31,UNOMINDA.NS
2021-03-31,UTISENSETF.NS
2021-03-31,VALIANTORG.NS
2021-03-31,VEEDOL.NS
2021-03-31,VERTOZ.NS
2021-03-31,VESUVIUS.NS
2021-03-31,VIYASH.NS
2021-03-31,VSTIND.NS
2021-03-31,VSTTILLERS.NS
2021-03-31,WABAG.NS
2021-03-31,WELENT.NS
2021-03-31,WELSPUNLIV.NS
2021-03-31,WSTCSTPAPR.NS
2021-09-30,360ONE.NS
2021-09-30,4THDIM.NS
2021-09-30,ABREL.NS
2021-09-30,ACE.NS
2021-09-30,ADANIENSOL.NS
2021-09-30,ADANIPOWER.NS
2021-09-30,ADFFOODS.NS
2021-09-30,AEGISLOG.NS
2021-09-30,AHLUCONT.NS
2021-09-30,AKZOINDIA.NS
2021-09-30,ALEMBICLTD.NS
2021-09-30,AMRUTANJAN.NS
2021-09-30,ANANTRAJ.NS
2021-09-30,APARINDS.NS
2021-09-30,ARE&M.NS
2021-09-30,ARVIND.NS
2021-09-30,ARVINDFASN.NS
2021-09-30,ASHOKA.NS
2021-09-30,ASTEC.NS
2021-09-30,ATFL.NS
2021-09-30,AUTOAXLES.NS
2021-09-30,BAJAJCON.NS
2021-09-30,BALMLAWRIE.NS
2021-09-30,BANARISUG.NS
2021-09-30,BARBEQUE.NS
2021-09-30,BBOX.NS
2021-09-30,BECTORFOOD.NS
2021-09-30,BEML.NS
2021-09-30,BEPL.NS
2021-09-30,BHARATRAS.NS
2021-09-30,BIRET-RR.NS
2021-09-30,BIRET.NS
2021-09-30,BIRLANU.NS
2021-09-30,BOROLTD.NS
2021-09-30,CAMLINFINE.NS
2021-09-30,CARERATING.NS
2021-09-30,CIEINDIA.NS
2021-09-30,COHANCE.NS
2021-09-30,COSMOFIRST.NS
2021-09-30,CPSEETF.NS
2021-09-30,CRAFTSMAN.NS
2021-09-30,DAAWAT.NS
2021-09-30,DALMIASUG.NS
2021-09-30,DCAL.NS
2021-09-30,DCBBANK.NS
2021-09-30,DEEPAKFERT.NS
2021-09-30,DEN.NS
2021-09-30,DFMFOODS.NS
2021-09-30,DHAMPURSUG.NS
2021-09-30,DHANUKA.NS
2021-09-30,DHFL.NS
2021-09-30,DISHTV.NS
2021-09-30,DODLA.NS
2021-09-30,EMBASSY-RR.NS
2021-09-30,EMBASSY.NS
2021-09-30,ESABINDIA.NS
2021-09-30,ETERNAL.NS
2021-09-30,EVEREADY.NS
2021-09-30,FILATEX.NS
2021-09-30,FRETAIL.NS
2021-09-30,GABRIEL.NS
2021-09-30,GATEWAY.NS
2021-09-30,GBGLOBAL.NS
2021-09-30,GEPIL.NS
2021-09-30,GET&D.NS
2021-09-30,GHCL.NS
2021-09-30,GILLETTE.NS
2021-09-30,GLOBUSSPR.NS
2021-09-30,GMDCLTD.NS
2021-09-30,GMRAIRPORT.NS
2021-09-30,GMRINFRA.NS
2021-09-30,GOODYEAR.NS
2021-09-30,GPIL.NS
2021-09-30,GREAVESCOT.NS
2021-09-30,GREENPANEL.NS
2021-09-30,GREENPLY.NS
2021-09-30,GRSE.NS
2021-09-30,GTLINFRA.NS
2021-09-30,GTPL.NS
2021-09-30,GULFOILLUB.NS
2021-09-30,GVPIL.NS
2021-09-30,GVT&D.NS
2021-09-30,HCG.NS
2021-09-30,HEIDELBERG.NS
2021-09-30,HERANBA.NS
2021-09-30,HERITGFOOD.NS
2021-09-30,HESTERBIO.NS
2021-09-30,HGINFRA.NS
2021-09-30,HIL.NS
2021-09-30,HIMATSEIDE.NS
2021-09-30,HINDWAREAP.NS
2021-09-30,HNDFDS.NS
2021-09-30,HSCL.NS
2021-09-30,HUHTAMAKI.NS
2021-09-30,ICRA.NS
2021-09-30,IFCI.NS
2021-09-30,IGPL.NS
2021-09-30,IIFL-RE.NS
2021-09-30,IIFLSEC.NS
2021-09-30,INDIGRID-IV.NS
2021-09-30,INDIGRID.NS
2021-09-30,INDOSTAR.NS
2021-09-30,INGERRAND.NS
2021-09-30,INOXWIND.NS
2021-09-30,IOLCP.NS
2021-09-30,IPL.NS
2021-09-30,IRBINVIT.NS
2021-09-30,ISGEC.NS
2021-09-30,ITDC.NS
2021-09-30,J&KBANK.NS
2021-09-30,JAICORPLTD.NS
2021-09-30,JBMA.NS
2021-09-30,JCHAC.NS
2021-09-30,JINDALPOLY.NS
2021-09-30,JINDALSAW.NS
2021-09-30,JKTYRE.NS
2021-09-30,JPASSOCIAT.NS
2021-09-30,JPPOWER.NS
2021-09-30,JSWDULUX.NS
2021-09-30,JSWHL.NS
2021-09-30,JSWISPL.NS
2021-09-30,JTEKTINDIA.NS
2021-09-30,JUNIORBEES.NS
2021-09-30,KENNAMET.NS
2021-09-30,KIOCL.NS
2021-09-30,KIRIINDUS.NS
2021-09-30,KIRLFER.NS
2021-09-30,KIRLOSBROS.NS
2021-09-30,KIRLOSENG.NS
2021-09-30,KOLTEPATIL.NS
2021-09-30,KPIL.NS
2021-09-30,KSB.NS
2021-09-30,KSCL.NS
2021-09-30,KTKBANK.NS
2021-09-30,LAOPALA.NS
2021-09-30,LEMONTREE.NS
2021-09-30,LIQUIDBEES.NS
2021-09-30,LMW.NS
2021-09-30,LTF.NS
2021-09-30,LTFOODS.NS
2021-09-30,LTIM.NS
2021-09-30,MAHLIFE.NS
2021-09-30,MAHSCOOTER.NS
2021-09-30,MAHSEAMLES.NS
2021-09-30,MAITHANALL.NS
2021-09-30,MARKSANS.NS
2021-09-30,MASFIN.NS
2021-09-30,MATRIMONY.NS
2021-09-30,MAYURUNIQ.NS
2021-09-30,MBECL.NS
2021-09-30,MEGH.NS
2021-09-30,MIDHANI.NS
2021-09-30,MINDACORP.NS
2021-09-30,MINDSPACE-RR.NS
2021-09-30,MINDSPACE.NS
2021-09-30,MOREPENLAB.NS
2021-09-30,MOTHERSON.NS
2021-09-30,MSTCLTD.NS
2021-09-30,NAVNETEDUL.NS
2021-09-30,NEOGEN.NS
2021-09-30,NEULANDLAB.NS
2021-09-30,NEWGEN.NS
2021-09-30,NFL.NS
2021-09-30,NIFTYBEES.NS
2021-09-30,NILKAMAL.NS
2021-09-30,NOVARTIND.NS
2021-09-30,OAL.NS
2021-09-30,OLECTRA.NS
2021-09-30,ORCHPHARMA.NS
2021-09-30,ORIENTCEM.NS
2021-09-30,PAISALO.NS
2021-09-30,PANACEABIO.NS
2021-09-30,PATANJALI.NS
2021-09-30,PDSL.NS
2021-09-30,PFOCUS.NS
2021-09-30,PGINVIT-IV.NS
2021-09-30,PGINVIT.NS
2021-09-30,PILANIINVS.NS
2021-09-30,PSB.NS
2021-09-30,PTC.NS
2021-09-30,PURVA.NS
2021-09-30,RAMCOIND.NS
2021-09-30,RELIGARE.NS
2021-09-30,RELINFRA.NS
2021-09-30,REPCOHOME.NS
2021-09-30,RESPONIND.NS
2021-09-30,RKFORGE.NS
2021-09-30,RNAVAL.NS
2021-09-30,RPOWER.NS
2021-09-30,RSYSTEMS.NS
2021-09-30,RTNPOWER.NS
2021-09-30,RUPA.NS
2021-09-30,SAGCEM.NS
2021-09-30,SAMMAANCAP.NS
2021-09-30,SARDAEN.NS
2021-09-30,SCHNEIDER.NS
2021-09-30,SELMC.NS
2021-09-30,SHARDACROP.NS
2021-09-30,SHK.NS
2021-09-30,SHOPERSTOP.NS
2021-09-30,SHRIPISTON.NS
2021-09-30,SHRIRAMFIN.NS
2021-09-30,SOMANYCERA.NS
2021-09-30,SOTL.NS
2021-09-30,SOUTHBANK.NS
2021-09-30,SPANDANA.NS
2021-09-30,SPLPETRO.NS
2021-09-30,STARCEMENT.NS
2021-09-30,STOVEKRAFT.NS
2021-09-30,STYRENIX.NS
2021-09-30,SUBEXLTD.NS
2021-09-30,SUBROS.NS
2021-09-30,SUNCLAYLTD.NS
2021-09-30,SUNDROP.NS
2021-09-30,SURYAROSNI.NS
2021-09-30,SURYODAY.NS
2021-09-30,SWANCORP.NS
2021-09-30,SWANENERGY.NS
2021-09-30,SWARAJENG.NS
2021-09-30,TASTYBITE.NS
2021-09-30,TATAMETALI.NS
2021-09-30,TATVA.NS
2021-09-30,TCI.NS
2021-09-30,TECHNOE.NS
2021-09-30,TEJASNET.NS
2021-09-30,THOMASCOOK.NS
2021-09-30,TIDEWATER.NS
2021-09-30,TINPLATE.NS
2021-09-30,TMPV.NS
2021-09-30,TRIVENI.NS
2021-09-30,TVSHLTD.NS
2021-09-30,UEL.NS
2021-09-30,UFBL.NS
2021-09-30,UJAAS.NS
2021-09-30,UJJIVAN.NS
2021-09-30,UJJIVANSFB.NS
2021-09-30,UNICHEMLAB.NS
2021-09-30,UNITDSPR.NS
2021-09-30,UNOMINDA.NS
2021-09-30,USHAMART.NS
2021-09-30,UTISENSETF.NS
2021-09-30,VALIANTORG.NS
2021-09-30,VEEDOL.NS
2021-09-30,VERTOZ.NS
2021-09-30,VESUVIUS.NS
2021-09-30,VIYASH.NS
2021-09-30,VSTIND.NS
2021-09-30,VSTTILLERS.NS
2021-09-30,WABAG.NS
2021-09-30,WELSPUNLIV.NS
2022-03-31,360ONE.NS
2022-03-31,ABREL.NS
2022-03-31,ACE.NS
2022-03-31,ADANIENSOL.NS
2022-03-31,ADANIPOWER.NS
2022-03-31,AEGISLOG.NS
2022-03-31,AHLUCONT.NS
2022-03-31,AKZOINDIA.NS
2022-03-31,ALEMBICLTD.NS
2022-03-31,AMRUTANJAN.NS
2022-03-31,APARINDS.NS
2022-03-31,ARE&M.NS
2022-03-31,ARVIND.NS
2022-03-31,ARVINDFASN.NS
2022-03-31,ASHOKA.NS
2022-03-31,ASTEC.NS
2022-03-31,ATFL.NS
2022-03-31,AUTOAXLES.NS
2022-03-31,BAJAJCON.NS
2022-03-31,BANARISUG.NS
2022-03-31,BARBEQUE.NS
2022-03-31,BBOX.NS
2022-03-31,BEML.NS
2022-03-31,BEPL.NS
2022-03-31,BESTAGRO.NS
2022-03-31,BHARATRAS.NS
2022-03-31,BIRET-RR.NS
2022-03-31,BIRET.NS
2022-03-31,BIRLANU.NS
2022-03-31,BKMINDST.NS
2022-03-31,BLS.NS
2022-03-31,BOROLTD.NS
2022-03-31,CARTRADE.NS
2022-03-31,CIEINDIA.NS
2022-03-31,CLCIND.NS
2022-03-31,CMSINFO.NS
2022-03-31,COHANCE.NS
2022-03-31,CONFIPET.NS
2022-03-31,COSMOFIRST.NS
2022-03-31,CPSEETF.NS
2022-03-31,CRAFTSMAN.NS
2022-03-31,DAAWAT.NS
2022-03-31,DALMIASUG.NS
2022-03-31,DATAPATTNS.NS
2022-03-31,DCAL.NS
2022-03-31,DCBBANK.NS
2022-03-31,DEEPAKFERT.NS
2022-03-31,DHAMPURSUG.NS
2022-03-31,DHANUKA.NS
2022-03-31,DHFL.NS
2022-03-31,DISHTV.NS
2022-03-31,DODLA.NS
2022-03-31,DOLLAR.NS
2022-03-31,EKC.NS
2022-03-31,EMBASSY-RR.NS
2022-03-31,EMBASSY.NS
2022-03-31,EPIGRAL.NS
2022-03-31,ESABINDIA.NS
2022-03-31,ETERNAL.NS
2022-03-31,EVEREADY.NS
2022-03-31,FAIRCHEMOR.NS
2022-03-31,FILATEX.NS
2022-03-31,FINOPB.NS
2022-03-31,FRETAIL.NS
2022-03-31,GATEWAY.NS
2022-03-31,GBGLOBAL.NS
2022-03-31,GET&D.NS
2022-03-31,GHCL.NS
2022-03-31,GILLETTE.NS
2022-03-31,GLOBUSSPR.NS
2022-03-31,GMDCLTD.NS
2022-03-31,GMRAIRPORT.NS
2022-03-31,GMRINFRA.NS
2022-03-31,GOLDBEES.NS
2022-03-31,GOODYEAR.NS
2022-03-31,GPIL.NS
2022-03-31,GREAVESCOT.NS
2022-03-31,GREENPANEL.NS
2022-03-31,GREENPLY.NS
2022-03-31,GRSE.NS
2022-03-31,GTLINFRA.NS
2022-03-31,GTPL.NS
2022-03-31,GULFOILLUB.NS
2022-03-31,GVT&D.NS
2022-03-31,HCG.NS
2022-03-31,HEIDELBERG.NS
2022-03-31,HERANBA.NS
2022-03-31,HGINFRA.NS
2022-03-31,HIL.NS
2022-03-31,HINDOILEXP.NS
2022-03-31,HINDWAREAP.NS
2022-03-31,HNDFDS.NS
2022-03-31,HSCL.NS
2022-03-31,ICRA.NS
2022-03-31,IFCI.NS
2022-03-31,IGPL.NS
2022-03-31,IIFL-RE.NS
2022-03-31,IIFLSEC.NS
2022-03-31,IMFA.NS
2022-03-31,INDIGRID-IV.NS
2022-03-31,INDIGRID.NS
2022-03-31,INDOSTAR.NS
2022-03-31,INGERRAND.NS
2022-03-31,INOXWIND.NS
2022-03-31,IOLCP.NS
2022-03-31,IPL.NS
2022-03-31,IRBINVIT.NS
2022-03-31,ISGEC.NS
2022-03-31,ITDC.NS
2022-03-31,J&KBANK.NS
2022-03-31,JAICORPLTD.NS
2022-03-31,JAYNECOIND.NS
2022-03-31,JBMA.NS
2022-03-31,JCHAC.NS
2022-03-31,JINDALPOLY.NS
2022-03-31,JINDALSAW.NS
2022-03-31,JINDWORLD.NS
2022-03-31,JISLJALEQS.NS
2022-03-31,JKTYRE.NS
2022-03-31,JPASSOCIAT.NS
2022-03-31,JPPOWER.NS
2022-03-31,JSWDULUX.NS
2022-03-31,JSWHL.NS
2022-03-31,JUNIORBEES.NS
2022-03-31,KENNAMET.NS
2022-03-31,KIOCL.NS
2022-03-31,KIRIINDUS.NS
2022-03-31,KIRLFER.NS
2022-03-31,KIRLOSBROS.NS
2022-03-31,KIRLOSENG.NS
2022-03-31,KOLTEPATIL.NS
2022-03-31,KPIL.NS
2022-03-31,KSB.NS
2022-03-31,KSCL.NS
2022-03-31,LAOPALA.NS
2022-03-31,LEMONTREE.NS
2022-03-31,LIQUIDBEES.NS
2022-03-31,LMW.NS
2022-03-31,LTF.NS
2022-03-31,LTFOODS.NS
2022-03-31,LTIM.NS
2022-03-31,MAHLIFE.NS
2022-03-31,MAHSCOOTER.NS
2022-03-31,MAHSEAMLES.NS
2022-03-31,MAITHANALL.NS
2022-03-31,MANINFRA.NS
2022-03-31,MARKSANS.NS
2022-03-31,MASFIN.NS
2022-03-31,MBECL.NS
2022-03-31,MFL.NS
2022-03-31,MIDHANI.NS
2022-03-31,MINDACORP.NS
2022-03-31,MINDSPACE-RR.NS
2022-03-31,MINDSPACE.NS
2022-03-31,MOL.NS
2022-03-31,MOLDTKPAC.NS
2022-03-31,MOREPENLAB.NS
2022-03-31,MOTHERSON.NS
2022-03-31,MSTCLTD.NS
2022-03-31,NAVNETEDUL.NS
2022-03-31,NEOGEN.NS
2022-03-31,NEWGEN.NS
2022-03-31,NFL.NS
2022-03-31,NIFTYBEES.NS
2022-03-31,NILKAMAL.NS
2022-03-31,OAL.NS
2022-03-31,OLECTRA.NS
2022-03-31,OPTIEMUS.NS
2022-03-31,ORIENTCEM.NS
2022-03-31,PAISALO.NS
2022-03-31,PARAS.NS
2022-03-31,PATANJALI.NS
2022-03-31,PDSL.NS
2022-03-31,PFOCUS.NS
2022-03-31,PGINVIT-IV.NS
2022-03-31,PGINVIT.NS
2022-03-31,PSB.NS
2022-03-31,PTC.NS
2022-03-31,PURVA.NS
2022-03-31,RAJRATAN.NS
2022-03-31,RATEGAIN.NS
2022-03-31,RELIGARE.NS
2022-03-31,RELINFRA.NS
2022-03-31,RESPONIND.NS
2022-03-31,RKFORGE.NS
2022-03-31,RNAVAL.NS
2022-03-31,RPOWER.NS
2022-03-31,RSYSTEMS.NS
2022-03-31,RTNPOWER.NS
2022-03-31,RUPA.NS
2022-03-31,SAGCEM.NS
2022-03-31,SAMMAANCAP.NS
2022-03-31,SANSERA.NS
2022-03-31,SARDAEN.NS
2022-03-31,SCHNEIDER.NS
2022-03-31,SEAMECLTD.NS
2022-03-31,SHARDACROP.NS
2022-03-31,SHAREINDIA.NS
2022-03-31,SHOPERSTOP.NS
2022-03-31,SHRIRAMFIN.NS
2022-03-31,SIYSIL.NS
2022-03-31,SOMANYCERA.NS
2022-03-31,SPANDANA.NS
2022-03-31,SPLPETRO.NS
2022-03-31,SSWL.NS
2022-03-31,STARCEMENT.NS
2022-03-31,STOVEKRAFT.NS
2022-03-31,STYRENIX.NS
2022-03-31,SUBEXLTD.NS
2022-03-31,SUBROS.NS
2022-03-31,SUNCLAYLTD.NS
2022-03-31,SUNDROP.NS
2022-03-31,SUPRIYA.NS
2022-03-31,SURYAROSNI.NS
2022-03-31,SWANCORP.NS
2022-03-31,SWANENERGY.NS
2022-03-31,TARSONS.NS
2022-03-31,TASTYBITE.NS
2022-03-31,TATAMETALI.NS
2022-03-31,TATVA.NS
2022-03-31,TCI.NS
2022-03-31,TECHNOE.NS
2022-03-31,TEGA.NS
2022-03-31,TEJASNET.NS
2022-03-31,THOMASCOOK.NS
2022-03-31,TIDEWATER.NS
2022-03-31,TIIL.NS
2022-03-31,TINPLATE.NS
2022-03-31,TIPSINDLTD.NS
2022-03-31,TIPSMUSIC.NS
2022-03-31,TIRUMALCHM.NS
2022-03-31,TMPV.NS
2022-03-31,TRIVENI.NS
2022-03-31,TVSHLTD.NS
2022-03-31,TVTODAY.NS
2022-03-31,UEL.NS
2022-03-31,UFBL.NS
2022-03-31,UJAAS.NS
2022-03-31,UJJIVANSFB.NS
2022-03-31,UNITDSPR.NS
2022-03-31,UNOMINDA.NS
2022-03-31,USHAMART.NS
2022-03-31,UTISENSETF.NS
2022-03-31,VALIANTORG.NS
2022-03-31,VEEDOL.NS
2022-03-31,VESUVIUS.NS
2022-03-31,VIYASH.NS
2022-03-31,VSTIND.NS
2022-03-31,VSTTILLERS.NS
2022-03-31,WELSPUNLIV.NS
2022-09-30,360ONE.NS
2022-09-30,ABREL.NS
2022-09-30,ACE.NS
2022-09-30,ADANIENSOL.NS
2022-09-30,ADANIPOWER.NS
2022-09-30,AEGISLOG.NS
2022-09-30,AETHER.NS
2022-09-30,AHLUCONT.NS
2022-09-30,AKZOINDIA.NS
2022-09-30,AMRUTANJAN.NS
2022-09-30,ANANTRAJ.NS
2022-09-30,APARINDS.NS
2022-09-30,APCOTEXIND.NS
2022-09-30,ARE&M.NS
2022-09-30,ARVIND.NS
2022-09-30,ARVINDFASN.NS
2022-09-30,ASHOKA.NS
2022-09-30,ASTEC.NS
2022-09-30,ASTRAMICRO.NS
2022-09-30,AUTOAXLES.NS
2022-09-30,AWL.NS
2022-09-30,BAJAJCON.NS
2022-09-30,BANARISUG.NS
2022-09-30,BANKBEES.NS
2022-09-30,BARBEQUE.NS
2022-09-30,BBOX.NS
2022-09-30,BEML.NS
2022-09-30,BESTAGRO.NS
2022-09-30,BHARATRAS.NS
2022-09-30,BIRET-RR.NS
2022-09-30,BIRET.NS
2022-09-30,BIRLANU.NS
2022-09-30,BKMINDST.NS
2022-09-30,BLS.NS
2022-09-30,BOROLTD.NS
2022-09-30,BUTTERFLY.NS
2022-09-30,CAMPUS.NS
2022-09-30,CARTRADE.NS
2022-09-30,CHENNPETRO.NS
2022-09-30,CIEINDIA.NS
2022-09-30,CMSINFO.NS
2022-09-30,COHANCE.NS
2022-09-30,COSMOFIRST.NS
2022-09-30,CPSEETF.NS
2022-09-30,CRAFTSMAN.NS
2022-09-30,DAAWAT.NS
2022-09-30,DALMIASUG.NS
2022-09-30,DATAPATTNS.NS
2022-09-30,DBREALTY.NS
2022-09-30,DCBBANK.NS
2022-09-30,DEEPAKFERT.NS
2022-09-30,DELHIVERY.NS
2022-09-30,DHANUKA.NS
2022-09-30,DHFL.NS
2022-09-30,DISHTV.NS
2022-09-30,DODLA.NS
2022-09-30,DOLLAR.NS
2022-09-30,ELECON.NS
2022-09-30,EMBASSY-RR.NS
2022-09-30,EMBASSY.NS
2022-09-30,EMUDHRA.NS
2022-09-30,EPIGRAL.NS
2022-09-30,ESABINDIA.NS
2022-09-30,ETERNAL.NS
2022-09-30,EVEREADY.NS
2022-09-30,FAIRCHEMOR.NS
2022-09-30,FILATEX.NS
2022-09-30,GANESHHOUC.NS
2022-09-30,GATEWAY.NS
2022-09-30,GBGLOBAL.NS
2022-09-30,GET&D.NS
2022-09-30,GHCL.NS
2022-09-30,GILLETTE.NS
2022-09-30,GLOBUSSPR.NS
2022-09-30,GMDCLTD.NS
2022-09-30,GMRAIRPORT.NS
2022-09-30,GMRINFRA.NS
2022-09-30,GOKEX.NS
2022-09-30,GOLDBEES.NS
2022-09-30,GOODYEAR.NS
2022-09-30,GPIL.NS
2022-09-30,GREAVESCOT.NS
2022-09-30,GREENPANEL.NS
2022-09-30,GREENPLY.NS
2022-09-30,GRSE.NS
2022-09-30,GUFICBIO.NS
2022-09-30,GVT&D.NS
2022-09-30,HBLPOWER.NS
2022-09-30,HCG.NS
2022-09-30,HEIDELBERG.NS
2022-09-30,HERANBA.NS
2022-09-30,HGINFRA.NS
2022-09-30,HIL.NS
2022-09-30,HINDOILEXP.NS
2022-09-30,HINDWAREAP.NS
2022-09-30,HNDFDS.NS
2022-09-30,HSCL.NS
2022-09-30,ICRA.NS
2022-09-30,IIFL-RE.NS
2022-09-30,IIFLSEC.NS
2022-09-30,INDIGRID-IV.NS
2022-09-30,INDIGRID.NS
2022-09-30,INDOSTAR.NS
2022-09-30,INGERRAND.NS
2022-09-30,INOXWIND.NS
2022-09-30,IONEXCHANG.NS
2022-09-30,IPL.NS
2022-09-30,IRBINVIT.NS
2022-09-30,ISGEC.NS
2022-09-30,ITDC.NS
2022-09-30,J&KBANK.NS
2022-09-30,JAICORPLTD.NS
2022-09-30,JAYNECOIND.NS
2022-09-30,JBMA.NS
2022-09-30,JCHAC.NS
2022-09-30,JINDALPOLY.NS
2022-09-30,JINDALSAW.NS
2022-09-30,JINDWORLD.NS
2022-09-30,JISLJALEQS.NS
2022-09-30,JKTYRE.NS
2022-09-30,JPPOWER.NS
2022-09-30,JSWDULUX.NS
2022-09-30,JSWHL.NS
2022-09-30,JUNIORBEES.NS
2022-09-30,JWL.NS
2022-09-30,KENNAMET.NS
2022-09-30,KIOCL.NS
2022-09-30,KIRIINDUS.NS
2022-09-30,KIRLFER.NS
2022-09-30,KIRLOSBROS.NS
2022-09-30,KIRLOSENG.NS
2022-09-30,KPIL.NS
2022-09-30,KSB.NS
2022-09-30,KSCL.NS
2022-09-30,LAOPALA.NS
2022-09-30,LEMONTREE.NS
2022-09-30,LICI.NS
2022-09-30,LIQUIDBEES.NS
2022-09-30,LMW.NS
2022-09-30,LTF.NS
2022-09-30,LTFOODS.NS
2022-09-30,LTIM.NS
2022-09-30,MAHLIFE.NS
2022-09-30,MAHSCOOTER.NS
2022-09-30,MAHSEAMLES.NS
2022-09-30,MAITHANALL.NS
2022-09-30,MANINFRA.NS
2022-09-30,MANYAVAR.NS
2022-09-30,MASFIN.NS
2022-09-30,MFL.NS
2022-09-30,MIDHANI.NS
2022-09-30,MINDACORP.NS
2022-09-30,MINDSPACE-RR.NS
2022-09-30,MINDSPACE.NS
2022-09-30,MOL.NS
2022-09-30,MOLDTKPAC.NS
2022-09-30,MOTHERSON.NS
2022-09-30,MSUMI.NS
2022-09-30,NAVA.NS
2022-09-30,NAVNETEDUL.NS
2022-09-30,NDTV.NS
2022-09-30,NEOGEN.NS
2022-09-30,NEWGEN.NS
2022-09-30,NFL.NS
2022-09-30,NIFTYBEES.NS
2022-09-30,NILKAMAL.NS
2022-09-30,OLECTRA.NS
2022-09-30,OPTIEMUS.NS
2022-09-30,ORIENTCEM.NS
2022-09-30,PAISALO.NS
2022-09-30,PARADEEP.NS
2022-09-30,PARAS.NS
2022-09-30,PATANJALI.NS
2022-09-30,PDSL.NS
2022-09-30,PFOCUS.NS
2022-09-30,PGINVIT-IV.NS
2022-09-30,PGINVIT.NS
2022-09-30,PRUDENT.NS
2022-09-30,PSB.NS
2022-09-30,PTC.NS
2022-09-30,PURVA.NS
2022-09-30,RAINBOW.NS
2022-09-30,RAJRATAN.NS
2022-09-30,RATEGAIN.NS
2022-09-30,RELIGARE.NS
2022-09-30,RELINFRA.NS
2022-09-30,RESPONIND.NS
2022-09-30,RKFORGE.NS
2022-09-30,RNAVAL.NS
2022-09-30,RPOWER.NS
2022-09-30,RSYSTEMS.NS
2022-09-30,RTNPOWER.NS
2022-09-30,RUPA.NS
2022-09-30,SAFARI.NS
2022-09-30,SAGCEM.NS
2022-09-30,SAMMAANCAP.NS
2022-09-30,SANSERA.NS
2022-09-30,SARDAEN.NS
2022-09-30,SCHNEIDER.NS
2022-09-30,SEAMECLTD.NS
2022-09-30,SELMC.NS
2022-09-30,SHARDACROP.NS
2022-09-30,SHAREINDIA.NS
2022-09-30,SHOPERSTOP.NS
2022-09-30,SHRIRAMFIN.NS
2022-09-30,SIYSIL.NS
2022-09-30,SOMANYCERA.NS
2022-09-30,SPANDANA.NS
2022-09-30,SPLPETRO.NS
2022-09-30,SSWL.NS
2022-09-30,STARCEMENT.NS
2022-09-30,SUNCLAYLTD.NS
2022-09-30,SUPRIYA.NS
2022-09-30,SURYAROSNI.NS
2022-09-30,SWANCORP.NS
2022-09-30,SWANENERGY.NS
2022-09-30,TARSONS.NS
2022-09-30,TASTYBITE.NS
2022-09-30,TATAMETALI.NS
2022-09-30,TATVA.NS
2022-09-30,TCI.NS
2022-09-30,TECHNOE.NS
2022-09-30,TEGA.NS
2022-09-30,TEJASNET.NS
2022-09-30,THOMASCOOK.NS
2022-09-30,TIIL.NS
2022-09-30,TIMETECHNO.NS
2022-09-30,TINPLATE.NS
2022-09-30,TIPSINDLTD.NS
2022-09-30,TIPSMUSIC.NS
2022-09-30,TIRUMALCHM.NS
2022-09-30,TMPV.NS
2022-09-30,TRIVENI.NS
2022-09-30,TVSHLTD.NS
2022-09-30,UEL.NS
2022-09-30,UFBL.NS
2022-09-30,UJAAS.NS
2022-09-30,UJJIVANSFB.NS
2022-09-30,UNITDSPR.NS
2022-09-30,UNOMINDA.NS
2022-09-30,USHAMART.NS
2022-09-30,UTISENSETF.NS
2022-09-30,VESUVIUS.NS
2022-09-30,VIYASH.NS
2022-09-30,VOLTAMP.NS
2022-09-30,VRLLOG.NS
2022-09-30,VSTIND.NS
2022-09-30,VSTTILLERS.NS
2022-09-30,WELSPUNLIV.NS
2022-09-30,WSTCSTPAPR.NS
2023-03-31,360ONE.NS
2023-03-31,AARTIIND.NS
2023-03-31,AARTIPHARM.NS
2023-03-31,ABREL.NS
2023-03-31,ACE.NS
2023-03-31,ACI.NS
2023-03-31,ADANIENSOL.NS
2023-03-31,ADANIPOWER.NS
2023-03-31,ADVENZYMES.NS
2023-03-31,AEGISLOG.NS
2023-03-31,AHLUCONT.NS
2023-03-31,AKZOINDIA.NS
2023-03-31,ANANTRAJ.NS
2023-03-31,APARINDS.NS
2023-03-31,APCOTEXIND.NS
2023-03-31,ARE&M.NS
2023-03-31,ARVIND.NS
2023-03-31,ARVINDFASN.NS
2023-03-31,ASTEC.NS
2023-03-31,ASTRAMICRO.NS
2023-03-31,AUTOAXLES.NS
2023-03-31,BAJAJCON.NS
2023-03-31,BANARISUG.NS
2023-03-31,BANKBEES.NS
2023-03-31,BARBEQUE.NS
2023-03-31,BECTORFOOD.NS
2023-03-31,BEML.NS
2023-03-31,BESTAGRO.NS
2023-03-31,BIKAJI.NS
2023-03-31,BIRET-RR.NS
2023-03-31,BIRET.NS
2023-03-31,BKMINDST.NS
2023-03-31,BLS.NS
2023-03-31,BOROLTD.NS
2023-03-31,BSHSL.NS
2023-03-31,BUTTERFLY.NS
2023-03-31,CAMLINFINE.NS
2023-03-31,CHENNPETRO.NS
2023-03-31,CHOICEIN.NS
2023-03-31,CIEINDIA.NS
2023-03-31,CMSINFO.NS
2023-03-31,COHANCE.NS
2023-03-31,CPSEETF.NS
2023-03-31,CRAFTSMAN.NS
2023-03-31,DAAWAT.NS
2023-03-31,DALMIASUG.NS
2023-03-31,DATAPATTNS.NS
2023-03-31,DBREALTY.NS
2023-03-31,DCBBANK.NS
2023-03-31,DHANUKA.NS
2023-03-31,DHFL.NS
2023-03-31,DISHTV.NS
2023-03-31,DODLA.NS
2023-03-31,DOLLAR.NS
2023-03-31,ELECON.NS
2023-03-31,EMBASSY-RR.NS
2023-03-31,EMBASSY.NS
2023-03-31,EMIL.NS
2023-03-31,EPIGRAL.NS
2023-03-31,EQUITAS.NS
2023-03-31,ERIS.NS
2023-03-31,ESABINDIA.NS
2023-03-31,ETERNAL.NS
2023-03-31,ETHOSLTD.NS
2023-03-31,EVEREADY.NS
2023-03-31,FIVESTAR.NS
2023-03-31,FUSION.NS
2023-03-31,GABRIEL.NS
2023-03-31,GANESHHOUC.NS
2023-03-31,GATEWAY.NS
2023-03-31,GBGLOBAL.NS
2023-03-31,GET&D.NS
2023-03-31,GHCL.NS
2023-03-31,GILLETTE.NS
2023-03-31,GLOBUSSPR.NS
2023-03-31,GLS.NS
2023-03-31,GMDCLTD.NS
2023-03-31,GMRAIRPORT.NS
2023-03-31,GOLDBEES.NS
2023-03-31,GOODYEAR.NS
2023-03-31,GPIL.NS
2023-03-31,GRAVITA.NS
2023-03-31,GREAVESCOT.NS
2023-03-31,GRSE.NS
2023-03-31,GVT&D.NS
2023-03-31,HARSHA.NS
2023-03-31,HATHWAY.NS
2023-03-31,HBLPOWER.NS
2023-03-31,HCC.NS
2023-03-31,HCG.NS
2023-03-31,HEIDELBERG.NS
2023-03-31,HEMIPROP.NS
2023-03-31,HGINFRA.NS
2023-03-31,HINDWAREAP.NS
2023-03-31,HNDFDS.NS
2023-03-31,HSCL.NS
2023-03-31,ICIL.NS
2023-03-31,ICRA.NS
2023-03-31,IFCI.NS
2023-03-31,IIFL-RE.NS
2023-03-31,INDIGRID-IV.NS
2023-03-31,INDIGRID.NS
2023-03-31,INGERRAND.NS
2023-03-31,INOXWIND.NS
2023-03-31,IONEXCHANG.NS
2023-03-31,IPL.NS
2023-03-31,IRBINVIT.NS
2023-03-31,IRCON.NS
2023-03-31,ISGEC.NS
2023-03-31,ITDC.NS
2023-03-31,J&KBANK.NS
2023-03-31,JAICORPLTD.NS
2023-03-31,JCHAC.NS
2023-03-31,JINDALPOLY.NS
2023-03-31,JINDALSAW.NS
2023-03-31,JINDWORLD.NS
2023-03-31,JKTYRE.NS
2023-03-31,JPPOWER.NS
2023-03-31,JSLHISAR.NS
2023-03-31,JSWDULUX.NS
2023-03-31,JSWHL.NS
2023-03-31,JTEKTINDIA.NS
2023-03-31,JUNIORBEES.NS
2023-03-31,JWL.NS
2023-03-31,KAYNES.NS
2023-03-31,KENNAMET.NS
2023-03-31,KFINTECH.NS
2023-03-31,KIOCL.NS
2023-03-31,KIRLFER.NS
2023-03-31,KIRLOSBROS.NS
2023-03-31,KIRLOSENG.NS
2023-03-31,KKCL.NS
2023-03-31,KPIL.NS
2023-03-31,KSB.NS
2023-03-31,KSCL.NS
2023-03-31,KTKBANK.NS
2023-03-31,LAOPALA.NS
2023-03-31,LEMONTREE.NS
2023-03-31,LIQUIDBEES.NS
2023-03-31,LMW.NS
2023-03-31,LTF.NS
2023-03-31,LTFOODS.NS
2023-03-31,LTIM.NS
2023-03-31,MAHSCOOTER.NS
2023-03-31,MAHSEAMLES.NS
2023-03-31,MAITHANALL.NS
2023-03-31,MANINFRA.NS
2023-03-31,MARKSANS.NS
2023-03-31,MASFIN.NS
2023-03-31,MEDANTA.NS
2023-03-31,MFL.NS
2023-03-31,MIDHANI.NS
2023-03-31,MINDACORP.NS
2023-03-31,MINDSPACE-RR.NS
2023-03-31,MINDSPACE.NS
2023-03-31,MOL.NS
2023-03-31,MOLDTKPAC.NS
2023-03-31,NAVA.NS
2023-03-31,NAVNETEDUL.NS
2023-03-31,NDTV.NS
2023-03-31,NEOGEN.NS
2023-03-31,NESCO.NS
2023-03-31,NEWGEN.NS
2023-03-31,NFL.NS
2023-03-31,NIFTYBEES.NS
2023-03-31,NILKAMAL.NS
2023-03-31,NMDC.NS
2023-03-31,ORIENTCEM.NS
2023-03-31,PAISALO.NS
2023-03-31,PARADEEP.NS
2023-03-31,PCJEWELLER.NS
2023-03-31,PDSL.NS
2023-03-31,PEL.NS
2023-03-31,PGEL.NS
2023-03-31,PGINVIT-IV.NS
2023-03-31,PGINVIT.NS
2023-03-31,PPLPHARMA.NS
2023-03-31,PRICOLLTD.NS
2023-03-31,PRUDENT.NS
2023-03-31,PSB.NS
2023-03-31,PSPPROJECT.NS
2023-03-31,PTC.NS
2023-03-31,PVRINOX.NS
2023-03-31,RAILTEL.NS
2023-03-31,RAINBOW.NS
2023-03-31,RAJRATAN.NS
2023-03-31,RAJRILTD.NS
2023-03-31,RATEGAIN.NS
2023-03-31,RELIGARE.NS
2023-03-31,RELINFRA.NS
2023-03-31,RESPONIND.NS
2023-03-31,RKFORGE.NS
2023-03-31,RNAVAL.NS
2023-03-31,RPOWER.NS
2023-03-31,RSYSTEMS.NS
2023-03-31,RUSTOMJEE.NS
2023-03-31,SAFARI.NS
2023-03-31,SAGCEM.NS
2023-03-31,SAMMAANCAP.NS
2023-03-31,SANSERA.NS
2023-03-31,SARDAEN.NS
2023-03-31,SBCL.NS
2023-03-31,SCHNEIDER.NS
2023-03-31,SHANTIGEAR.NS
2023-03-31,SHAREINDIA.NS
2023-03-31,SHRIPISTON.NS
2023-03-31,SHRIRAMFIN.NS
2023-03-31,SOUTHBANK.NS
2023-03-31,SPANDANA.NS
2023-03-31,SPLPETRO.NS
2023-03-31,SSWL.NS
2023-03-31,STARCEMENT.NS
2023-03-31,SULA.NS
2023-03-31,SUNCLAYLTD.NS
2023-03-31,SURYAROSNI.NS
2023-03-31,SWANCORP.NS
2023-03-31,SYRMA.NS
2023-03-31,TARSONS.NS
2023-03-31,TASTYBITE.NS
2023-03-31,TATAMETALI.NS
2023-03-31,TATASTLLP.NS
2023-03-31,TATVA.NS
2023-03-31,TECHNOE.NS
2023-03-31,TEGA.NS
2023-03-31,THOMASCOOK.NS
2023-03-31,TINPLATE.NS
2023-03-31,TITAGARH.NS
2023-03-31,TMB.NS
2023-03-31,TMPV.NS
2023-03-31,TVSHLTD.NS
2023-03-31,TWL.NS
2023-03-31,UCOBANK.NS
2023-03-31,UEL.NS
2023-03-31,UFBL.NS
2023-03-31,UJJIVAN.NS
2023-03-31,UJJIVANSFB.NS
2023-03-31,UNICHEMLAB.NS
2023-03-31,UNIPARTS.NS
2023-03-31,UNITDSPR.NS
2023-03-31,USHAMART.NS
2023-03-31,UTISENSETF.NS
2023-03-31,VAKRANGEE.NS
2023-03-31,VENKEYS.NS
2023-03-31,VERTOZ.NS
2023-03-31,VESUVIUS.NS
2023-03-31,VOLTAMP.NS
2023-03-31,VRLLOG.NS
2023-03-31,VSTIND.NS
2023-03-31,WELSPUNLIV.NS
2023-03-31,WSTCSTPAPR.NS
2023-09-30,AARTIPHARM.NS
2023-09-30,ABREL.NS
2023-09-30,ABSLAMC.NS
2023-09-30,ACE.NS
2023-09-30,ADANIENSOL.NS
2023-09-30,ADVENZYMES.NS
2023-09-30,AEGISLOG.NS
2023-09-30,AGI.NS
2023-09-30,AHLUCONT.NS
2023-09-30,AKZOINDIA.NS
2023-09-30,ALOKINDS.NS
2023-09-30,ANANTRAJ.NS
2023-09-30,ARE&M.NS
2023-09-30,ARVIND.NS
2023-09-30,ARVINDFASN.NS
2023-09-30,ASTRAMICRO.NS
2023-09-30,ASTRAZEN.NS
2023-09-30,AUTOAXLES.NS
2023-09-30,AVALON.NS
2023-09-30,BANARISUG.NS
2023-09-30,BANKBEES.NS
2023-09-30,BECTORFOOD.NS
2023-09-30,BIRET-RR.NS
2023-09-30,BIRET.NS
2023-09-30,BOROLTD.NS
2023-09-30,BSHSL.NS
2023-09-30,CAPLIPOINT.NS
2023-09-30,CHENNPETRO.NS
2023-09-30,CHOICEIN.NS
2023-09-30,CIEINDIA.NS
2023-09-30,CMSINFO.NS
2023-09-30,COHANCE.NS
2023-09-30,CPSEETF.NS
2023-09-30,CYIENTDLM.NS
2023-09-30,DAAWAT.NS
2023-09-30,DALMIASUG.NS
2023-09-30,DATAMATICS.NS
2023-09-30,DBCORP.NS
2023-09-30,DBL.NS
2023-09-30,DBREALTY.NS
2023-09-30,DCBBANK.NS
2023-09-30,DHANUKA.NS
2023-09-30,DHFL.NS
2023-09-30,DISHTV.NS
2023-09-30,DODLA.NS
2023-09-30,DREAMFOLKS.NS
2023-09-30,ELECON.NS
2023-09-30,ELECTCAST.NS
2023-09-30,EMBASSY-RR.NS
2023-09-30,EMBASSY.NS
2023-09-30,EMIL.NS
2023-09-30,EMUDHRA.NS
2023-09-30,EPIGRAL.NS
2023-09-30,ERIS.NS
2023-09-30,ESABINDIA.NS
2023-09-30,ETERNAL.NS
2023-09-30,ETHOSLTD.NS
2023-09-30,FORCEMOT.NS
2023-09-30,FUSION.NS
2023-09-30,GABRIEL.NS
2023-09-30,GANESHHOUC.NS
2023-09-30,GATEWAY.NS
2023-09-30,GBGLOBAL.NS
2023-09-30,GENUSPOWER.NS
2023-09-30,GET&D.NS
2023-09-30,GHCL.NS
2023-09-30,GILLETTE.NS
2023-09-30,GLS.NS
2023-09-30,GMDCLTD.NS
2023-09-30,GMRAIRPORT.NS
2023-09-30,GOKEX.NS
2023-09-30,GOLDBEES.NS
2023-09-30,GOODYEAR.NS
2023-09-30,GPIL.NS
2023-09-30,GRAVITA.NS
2023-09-30,GREAVESCOT.NS
2023-09-30,GRSE.NS
2023-09-30,GVT&D.NS
2023-09-30,HARSHA.NS
2023-09-30,HATSUN.NS
2023-09-30,HBLPOWER.NS
2023-09-30,HCC.NS
2023-09-30,HCG.NS
2023-09-30,HEIDELBERG.NS
2023-09-30,HEMIPROP.NS
2023-09-30,HGINFRA.NS
2023-09-30,HINDWAREAP.NS
2023-09-30,HMAAGRO.NS
2023-09-30,HNDFDS.NS
2023-09-30,HSCL.NS
2023-09-30,ICIL.NS
2023-09-30,ICRA.NS
2023-09-30,IDEAFORGE.NS
2023-09-30,IFCI.NS
2023-09-30,IIFL-RE.NS
2023-09-30,IKIO.NS
2023-09-30,INDIGRID-IV.NS
2023-09-30,INDIGRID.NS
2023-09-30,INDOCO.NS
2023-09-30,INOXWIND.NS
2023-09-30,IONEXCHANG.NS
2023-09-30,IRBINVIT.NS
2023-09-30,IRCON.NS
2023-09-30,ISGEC.NS
2023-09-30,ITDC.NS
2023-09-30,ITDCEM.NS
2023-09-30,J&KBANK.NS
2023-09-30,JAICORPLTD.NS
2023-09-30,JCHAC.NS
2023-09-30,JINDALSAW.NS
2023-09-30,JISLJALEQS.NS
2023-09-30,JKTYRE.NS
2023-09-30,JPPOWER.NS
2023-09-30,JSWDULUX.NS
2023-09-30,JSWHL.NS
2023-09-30,JTEKTINDIA.NS
2023-09-30,JUNIORBEES.NS
2023-09-30,JWL.NS
2023-09-30,KAYNES.NS
2023-09-30,KIOCL.NS
2023-09-30,KIRLFER.NS
2023-09-30,KIRLOSBROS.NS
2023-09-30,KIRLOSENG.NS
2023-09-30,KIRLOSIND.NS
2023-09-30,KIRLPNU.NS
2023-09-30,KKCL.NS
2023-09-30,KPIL.NS
2023-09-30,KSCL.NS
2023-09-30,KTKBANK.NS
2023-09-30,LAOPALA.NS
2023-09-30,LGBBROSLTD.NS
2023-09-30,LIQUIDBEES.NS
2023-09-30,LLOYDSENGG.NS
2023-09-30,LLOYDSME.NS
2023-09-30,LMW.NS
2023-09-30,LSIL.NS
2023-09-30,LTF.NS
2023-09-30,LTFOODS.NS
2023-09-30,MAHSCOOTER.NS
2023-09-30,MAHSEAMLES.NS
2023-09-30,MAITHANALL.NS
2023-09-30,MANINFRA.NS
2023-09-30,MANKIND.NS
2023-09-30,MARKSANS.NS
2023-09-30,MASFIN.NS
2023-09-30,MIDHANI.NS
2023-09-30,MINDACORP.NS
2023-09-30,MINDSPACE-RR.NS
2023-09-30,MINDSPACE.NS
2023-09-30,MOIL.NS
2023-09-30,MOLDTKPAC.NS
2023-09-30,NAVA.NS
2023-09-30,NAVNETEDUL.NS
2023-09-30,NEOGEN.NS
2023-09-30,NESCO.NS
2023-09-30,NETWEB.NS
2023-09-30,NEULANDLAB.NS
2023-09-30,NEWGEN.NS
2023-09-30,NFL.NS
2023-09-30,NIFTYBEES.NS
2023-09-30,NILKAMAL.NS
2023-09-30,NSLNISP.NS
2023-09-30,NXST-RR.NS
2023-09-30,ORIENTCEM.NS
2023-09-30,PARADEEP.NS
2023-09-30,PDSL.NS
2023-09-30,PGEL.NS
2023-09-30,PGHL.NS
2023-09-30,PGINVIT-IV.NS
2023-09-30,PGINVIT.NS
2023-09-30,PRICOLLTD.NS
2023-09-30,PRIVISCL.NS
2023-09-30,PRUDENT.NS
2023-09-30,PSB.NS
2023-09-30,PTC.NS
2023-09-30,PTCIL.NS
2023-09-30,PVRINOX.NS
2023-09-30,RAILTEL.NS
2023-09-30,RAJRATAN.NS
2023-09-30,RAMKY.NS
2023-09-30,RATEGAIN.NS
2023-09-30,RELIGARE.NS
2023-09-30,RELINFRA.NS
2023-09-30,RESPONIND.NS
2023-09-30,RKFORGE.NS
2023-09-30,RNAVAL.NS
2023-09-30,RPOWER.NS
2023-09-30,RSYSTEMS.NS
2023-09-30,SAFARI.NS
2023-09-30,SAMMAANCAP.NS
2023-09-30,SANSERA.NS
2023-09-30,SARDAEN.NS
2023-09-30,SAREGAMA.NS
2023-09-30,SBCL.NS
2023-09-30,SCHNEIDER.NS
2023-09-30,SCI.NS
2023-09-30,SFL.NS
2023-09-30,SHANTIGEAR.NS
2023-09-30,SHAREINDIA.NS
2023-09-30,SHRIPISTON.NS
2023-09-30,SINDHUTRAD.NS
2023-09-30,SIS.NS
2023-09-30,SOUTHBANK.NS
2023-09-30,SPANDANA.NS
2023-09-30,SPLPETRO.NS
2023-09-30,SSWL.NS
2023-09-30,STARCEMENT.NS
2023-09-30,SUDARSCHEM.NS
2023-09-30,SULA.NS
2023-09-30,SUNCLAYLTD.NS
2023-09-30,SUNFLAG.NS
2023-09-30,SURYAROSNI.NS
2023-09-30,SWANCORP.NS
2023-09-30,SYMPHONY.NS
2023-09-30,SYRMA.NS
2023-09-30,TARSONS.NS
2023-09-30,TASTYBITE.NS
2023-09-30,TATACOFFEE.NS
2023-09-30,TATASTLLP.NS
2023-09-30,TATVA.NS
2023-09-30,TDPOWERSYS.NS
2023-09-30,TECHNOE.NS
2023-09-30,TEGA.NS
2023-09-30,THOMASCOOK.NS
2023-09-30,TI.NS
2023-09-30,TIIL.NS
2023-09-30,TINPLATE.NS
2023-09-30,TIPSINDLTD.NS
2023-09-30,TIPSMUSIC.NS
2023-09-30,TITAGARH.NS
2023-09-30,TMPV.NS
2023-09-30,TVSHLTD.NS
2023-09-30,TWL.NS
2023-09-30,UEL.NS
2023-09-30,UJJIVAN.NS
2023-09-30,UJJIVANSFB.NS
2023-09-30,UNITDSPR.NS
2023-09-30,USHAMART.NS
2023-09-30,UTISENSETF.NS
2023-09-30,UTKARSHBNK.NS
2023-09-30,VERTOZ.NS
2023-09-30,VESUVIUS.NS
2023-09-30,VOLTAMP.NS
2023-09-30,VRLLOG.NS
2023-09-30,VSTIND.NS
2023-09-30,WELSPUNLIV.NS
2023-09-30,WOCKPHARMA.NS
2023-09-30,WONDERLA.NS
2023-09-30,WSTCSTPAPR.NS
2023-09-30,ZENTEC.NS
2024-03-31,AARTIPHARM.NS
2024-03-31,ABREL.NS
2024-03-31,ABSLAMC.NS
2024-03-31,ACE.NS
2024-03-31,AEGISLOG.NS
2024-03-31,AGI.NS
2024-03-31,AHLUCONT.NS
2024-03-31,AKZOINDIA.NS
2024-03-31,AMARAJABAT.NS
2024-03-31,ANANDRATHI.NS
2024-03-31,ANANTRAJ.NS
2024-03-31,ARVIND.NS
2024-03-31,ARVINDFASN.NS
2024-03-31,ASHOKA.NS
2024-03-31,ASKAUTOLTD.NS
2024-03-31,ASTRAMICRO.NS
2024-03-31,ASTRAZEN.NS
2024-03-31,AURIONPRO.NS
2024-03-31,AZAD.NS
2024-03-31,BAJAJELEC.NS
2024-03-31,BANCOINDIA.NS
2024-03-31,BANKBEES.NS
2024-03-31,BASF.NS
2024-03-31,BBOX.NS
2024-03-31,BECTORFOOD.NS
2024-03-31,BIRET-RR.NS
2024-03-31,BIRET.NS
2024-03-31,BLUEJET.NS
2024-03-31,CAPLIPOINT.NS
2024-03-31,CELLO.NS
2024-03-31,CHENNPETRO.NS
2024-03-31,CHOICEIN.NS
2024-03-31,CMSINFO.NS
2024-03-31,COHANCE.NS
2024-03-31,CPSEETF.NS
2024-03-31,CYIENTDLM.NS
2024-03-31,DAAWAT.NS
2024-03-31,DBCORP.NS
2024-03-31,DBL.NS
2024-03-31,DBREALTY.NS
2024-03-31,DHANUKA.NS
2024-03-31,DHFL.NS
2024-03-31,DODLA.NS
2024-03-31,DOMS.NS
2024-03-31,EDELWEISS.NS
2024-03-31,ELECON.NS
2024-03-31,ELECTCAST.NS
2024-03-31,EMBASSY-RR.NS
2024-03-31,EMBASSY.NS
2024-03-31,EMIL.NS
2024-03-31,EMUDHRA.NS
2024-03-31,ESABINDIA.NS
2024-03-31,ETERNAL.NS
2024-03-31,ETHOSLTD.NS
2024-03-31,FEDFINA.NS
2024-03-31,FORCEMOT.NS
2024-03-31,FUSION.NS
2024-03-31,GABRIEL.NS
2024-03-31,GANESHHOUC.NS
2024-03-31,GATEWAY.NS
2024-03-31,GENUSPOWER.NS
2024-03-31,GET&D.NS
2024-03-31,GHCL.NS
2024-03-31,GMDCLTD.NS
2024-03-31,GMRAIRPORT.NS
2024-03-31,GODREJAGRO.NS
2024-03-31,GOKEX.NS
2024-03-31,GOLDBEES.NS
2024-03-31,GRAVITA.NS
2024-03-31,GREENPANEL.NS
2024-03-31,GRSE.NS
2024-03-31,GVT&D.NS
2024-03-31,HAPPYFORGE.NS
2024-03-31,HATSUN.NS
2024-03-31,HBLPOWER.NS
2024-03-31,HCC.NS
2024-03-31,HCG.NS
2024-03-31,HEIDELBERG.NS
2024-03-31,HEMIPROP.NS
2024-03-31,HGINFRA.NS
2024-03-31,HGS.NS
2024-03-31,HNDFDS.NS
2024-03-31,HONASA.NS
2024-03-31,HSCL.NS
2024-03-31,IBREALEST.NS
2024-03-31,ICIL.NS
2024-03-31,ICRA.NS
2024-03-31,IFBIND.NS
2024-03-31,IFCI.NS
2024-03-31,IIFL-RE.NS
2024-03-31,IIFLSEC.NS
2024-03-31,INDIASHLTR.NS
2024-03-31,INDIGRID-IV.NS
2024-03-31,INDIGRID.NS
2024-03-31,INOXINDIA.NS
2024-03-31,INOXWIND.NS
2024-03-31,IONEXCHANG.NS
2024-03-31,IRBINVIT.NS
2024-03-31,IREDA.NS
2024-03-31,ISGEC.NS
2024-03-31,ITDC.NS
2024-03-31,ITDCEM.NS
2024-03-31,IWEL.NS
2024-03-31,J&KBANK.NS
2024-03-31,JAIBALAJI.NS
2024-03-31,JAICORPLTD.NS
2024-03-31,JAYNECOIND.NS
2024-03-31,JINDWORLD.NS
2024-03-31,JIOFIN.NS
2024-03-31,JISLJALEQS.NS
2024-03-31,JKIL.NS
2024-03-31,JKTYRE.NS
2024-03-31,JLHL.NS
2024-03-31,JPASSOCIAT.NS
2024-03-31,JPPOWER.NS
2024-03-31,JSWDULUX.NS
2024-03-31,JSWHL.NS
2024-03-31,JSWINFRA.NS
2024-03-31,JUNIORBEES.NS
2024-03-31,JWL.NS
2024-03-31,JYOTICNC.NS
2024-03-31,KENNAMET.NS
2024-03-31,KIOCL.NS
2024-03-31,KIRLFER.NS
2024-03-31,KIRLOSBROS.NS
2024-03-31,KIRLOSENG.NS
2024-03-31,KIRLPNU.NS
2024-03-31,KKCL.NS
2024-03-31,KPIGREEN.NS
2024-03-31,KTKBANK.NS
2024-03-31,LAOPALA.NS
2024-03-31,LIQUIDBEES.NS
2024-03-31,LLOYDSENGG.NS
2024-03-31,LLOYDSME.NS
2024-03-31,LMW.NS
2024-03-31,LTF.NS
2024-03-31,LTFOODS.NS
2024-03-31,MAHSCOOTER.NS
2024-03-31,MAHSEAMLES.NS
2024-03-31,MANINFRA.NS
2024-03-31,MARKSANS.NS
2024-03-31,MASFIN.NS
2024-03-31,MAXESTATES.NS
2024-03-31,MIDHANI.NS
2024-03-31,MINDSPACE-RR.NS
2024-03-31,MINDSPACE.NS
2024-03-31,MOIL.NS
2024-03-31,MSTCLTD.NS
2024-03-31,NAVA.NS
2024-03-31,NESCO.NS
2024-03-31,NETWEB.NS
2024-03-31,NEULANDLAB.NS
2024-03-31,NEWGEN.NS
2024-03-31,NFL.NS
2024-03-31,NIFTYBEES.NS
2024-03-31,NIFTYIETF.NS
2024-03-31,NIITMTS.NS
2024-03-31,NOCIL.NS
2024-03-31,NUVAMA.NS
2024-03-31,NXST-RR.NS
2024-03-31,ORIENTCEM.NS
2024-03-31,ORISSAMINE.NS
2024-03-31,PAISALO.NS
2024-03-31,PARADEEP.NS
2024-03-31,PATELENG.NS
2024-03-31,PDSL.NS
2024-03-31,PGEL.NS
2024-03-31,PGINVIT-IV.NS
2024-03-31,PGINVIT.NS
2024-03-31,PRICOLLTD.NS
2024-03-31,PRIVISCL.NS
2024-03-31,PRUDENT.NS
2024-03-31,PSB.NS
2024-03-31,PTC.NS
2024-03-31,PTCIL.NS
2024-03-31,PURVA.NS
2024-03-31,RAILTEL.NS
2024-03-31,RAMKY.NS
2024-03-31,RATEGAIN.NS
2024-03-31,REDTAPE.NS
2024-03-31,RELIGARE.NS
2024-03-31,RELINFRA.NS
2024-03-31,RESPONIND.NS
2024-03-31,RKFORGE.NS
2024-03-31,RNAVAL.NS
2024-03-31,RPOWER.NS
2024-03-31,RRKABEL.NS
2024-03-31,RSYSTEMS.NS
2024-03-31,RTNPOWER.NS
2024-03-31,RUSTOMJEE.NS
2024-03-31,SAMHI.NS
2024-03-31,SAMMAANCAP.NS
2024-03-31,SANGHVIMOV.NS
2024-03-31,SANSERA.NS
2024-03-31,SARDAEN.NS
2024-03-31,SBFC.NS
2024-03-31,SCHNEIDER.NS
2024-03-31,SCI.NS
2024-03-31,SENCO.NS
2024-03-31,SHANTIGEAR.NS
2024-03-31,SHAREINDIA.NS
2024-03-31,SHRIPISTON.NS
2024-03-31,SIGNATURE.NS
2024-03-31,SINDHUTRAD.NS
2024-03-31,SIS.NS
2024-03-31,SOUTHBANK.NS
2024-03-31,SPANDANA.NS
2024-03-31,SPLPETRO.NS
2024-03-31,SSWL.NS
2024-03-31,STARCEMENT.NS
2024-03-31,SULA.NS
2024-03-31,SURYAROSNI.NS
2024-03-31,SWANCORP.NS
2024-03-31,TARC.NS
2024-03-31,TATACOFFEE.NS
2024-03-31,TATATECH.NS
2024-03-31,TCI.NS
2024-03-31,TCIEXP.NS
2024-03-31,TDPOWERSYS.NS
2024-03-31,TECHNOE.NS
2024-03-31,TEGA.NS
2024-03-31,TEXRAIL.NS
2024-03-31,THOMASCOOK.NS
2024-03-31,TI.NS
2024-03-31,TIIL.NS
2024-03-31,TIMETECHNO.NS
2024-03-31,TINPLATE.NS
2024-03-31,TIPSINDLTD.NS
2024-03-31,TIPSMUSIC.NS
2024-03-31,TITAGARH.NS
2024-03-31,TMB.NS
2024-03-31,TMPV.NS
2024-03-31,TVSHLTD.NS
2024-03-31,TVSSCS.NS
2024-03-31,UJAAS.NS
2024-03-31,UJJIVAN.NS
2024-03-31,UNITDSPR.NS
2024-03-31,UTISENSETF.NS
2024-03-31,UTKARSHBNK.NS
2024-03-31,VERTOZ.NS
2024-03-31,VESUVIUS.NS
2024-03-31,VOLTAMP.NS
2024-03-31,VSTIND.NS
2024-03-31,WABAG.NS
2024-03-31,WELENT.NS
2024-03-31,WELSPUNIND.NS
2024-03-31,WOCKPHARMA.NS
2024-03-31,WONDERLA.NS
2024-03-31,WSTCSTPAPR.NS
2024-03-31,ZENTEC.NS
2024-09-30,AADHARHFC.NS
2024-09-30,AARTIPHARM.NS
2024-09-30,ABDL.NS
2024-09-30,ABREL.NS
2024-09-30,ABSLAMC.NS
2024-09-30,ACE.NS
2024-09-30,AEGISLOG.NS
2024-09-30,AGI.NS
2024-09-30,AHLUCONT.NS
2024-09-30,AIIL.NS
2024-09-30,AKZOINDIA.NS
2024-09-30,ANANDRATHI.NS
2024-09-30,ANANTRAJ.NS
2024-09-30,ARVIND.NS
2024-09-30,ARVINDFASN.NS
2024-09-30,ASHOKA.NS
2024-09-30,ASKAUTOLTD.NS
2024-09-30,ASTRAMICRO.NS
2024-09-30,ASTRAZEN.NS
2024-09-30,AURIONPRO.NS
2024-09-30,AZAD.NS
2024-09-30,BAJAJELEC.NS
2024-09-30,BALUFORGE.NS
2024-09-30,BANKBEES.NS
2024-09-30,BANSALWIRE.NS
2024-09-30,BASF.NS
2024-09-30,BBOX.NS
2024-09-30,BECTORFOOD.NS
2024-09-30,BHARTIHEXA.NS
2024-09-30,BIRET-RR.NS
2024-09-30,BIRET.NS
2024-09-30,BLUEJET.NS
2024-09-30,CAPLIPOINT.NS
2024-09-30,CELLO.NS
2024-09-30,CHENNPETRO.NS
2024-09-30,CHOICEIN.NS
2024-09-30,CMSINFO.NS
2024-09-30,COHANCE.NS
2024-09-30,CPSEETF.NS
2024-09-30,CYIENTDLM.NS
2024-09-30,DBCORP.NS
2024-09-30,DBL.NS
2024-09-30,DBREALTY.NS
2024-09-30,DHANUKA.NS
2024-09-30,DHFL.NS
2024-09-30,DIACABS.NS
2024-09-30,DODLA.NS
2024-09-30,DOMS.NS
2024-09-30,DYNAMATECH.NS
2024-09-30,EDELWEISS.NS
2024-09-30,ELECON.NS
2024-09-30,ELECTCAST.NS
2024-09-30,EMBASSY-RR.NS
2024-09-30,EMBASSY.NS
2024-09-30,EMBDL.NS
2024-09-30,EMCURE.NS
2024-09-30,EMIL.NS
2024-09-30,EMUDHRA.NS
2024-09-30,ESABINDIA.NS
2024-09-30,ETERNAL.NS
2024-09-30,ETHOSLTD.NS
2024-09-30,FORCEMOT.NS
2024-09-30,GABRIEL.NS
2024-09-30,GALLANTT.NS
2024-09-30,GANESHHOUC.NS
2024-09-30,GARFIBRES.NS
2024-09-30,GENUSPOWER.NS
2024-09-30,GET&D.NS
2024-09-30,GHCL.NS
2024-09-30,GMDCLTD.NS
2024-09-30,GMRAIRPORT.NS
2024-09-30,GMRP&UI.NS
2024-09-30,GODIGIT.NS
2024-09-30,GODREJAGRO.NS
2024-09-30,GOKEX.NS
2024-09-30,GOLDBEES.NS
2024-09-30,GRAVITA.NS
2024-09-30,GRSE.NS
2024-09-30,GRWRHITECH.NS
2024-09-30,GULFOILLUB.NS
2024-09-30,GVT&D.NS
2024-09-30,HAPPYFORGE.NS
2024-09-30,HATSUN.NS
2024-09-30,HBLPOWER.NS
2024-09-30,HCC.NS
2024-09-30,HCG.NS
2024-09-30,HEMIPROP.NS
2024-09-30,HGINFRA.NS
2024-09-30,HNDFDS.NS
2024-09-30,HONASA.NS
2024-09-30,HSCL.NS
2024-09-30,IBREALEST.NS
2024-09-30,ICIL.NS
2024-09-30,ICRA.NS
2024-09-30,IFBIND.NS
2024-09-30,IFCI.NS
2024-09-30,IIFL-RE.NS
2024-09-30,IIFLSEC.NS
2024-09-30,INDGN.NS
2024-09-30,INDIASHLTR.NS
2024-09-30,INDIGRID-IV.NS
2024-09-30,INDIGRID.NS
2024-09-30,INOXGREEN.NS
2024-09-30,INOXINDIA.NS
2024-09-30,INOXWIND.NS
2024-09-30,IONEXCHANG.NS
2024-09-30,IREDA.NS
2024-09-30,ISGEC.NS
2024-09-30,ITDC.NS
2024-09-30,ITDCEM.NS
2024-09-30,IWEL.NS
2024-09-30,J&KBANK.NS
2024-09-30,JAIBALAJI.NS
2024-09-30,JAICORPLTD.NS
2024-09-30,JINDWORLD.NS
2024-09-30,JIOFIN.NS
2024-09-30,JKIL.NS
2024-09-30,JKTYRE.NS
2024-09-30,JLHL.NS
2024-09-30,JPPOWER.NS
2024-09-30,JSFB.NS
2024-09-30,JSWDULUX.NS
2024-09-30,JSWHL.NS
2024-09-30,JSWINFRA.NS
2024-09-30,JUNIORBEES.NS
2024-09-30,JUNIPER.NS
2024-09-30,JWL.NS
2024-09-30,JYOTICNC.NS
2024-09-30,KENNAMET.NS
2024-09-30,KIOCL.NS
2024-09-30,KIRLFER.NS
2024-09-30,KIRLOSBROS.NS
2024-09-30,KIRLOSENG.NS
2024-09-30,KIRLOSIND.NS
2024-09-30,KIRLPNU.NS
2024-09-30,KPIGREEN.NS
2024-09-30,KTKBANK.NS
2024-09-30,LIQUIDBEES.NS
2024-09-30,LLOYDSENGG.NS
2024-09-30,LLOYDSME.NS
2024-09-30,LMW.NS
2024-09-30,LTF.NS
2024-09-30,LTFOODS.NS
2024-09-30,MAHSCOOTER.NS
2024-09-30,MAHSEAMLES.NS
2024-09-30,MANINFRA.NS
2024-09-30,MARKSANS.NS
2024-09-30,MAXESTATES.NS
2024-09-30,MIDHANI.NS
2024-09-30,MINDSPACE-RR.NS
2024-09-30,MINDSPACE.NS
2024-09-30,MOIL.NS
2024-09-30,MSTCLTD.NS
2024-09-30,NAVA.NS
2024-09-30,NESCO.NS
2024-09-30,NETWEB.NS
2024-09-30,NEULANDLAB.NS
2024-09-30,NEWGEN.NS
2024-09-30,NFL.NS
2024-09-30,NIFTYBEES.NS
2024-09-30,NIFTYIETF.NS
2024-09-30,NIITMTS.NS
2024-09-30,NUVAMA.NS
2024-09-30,NXST-RR.NS
2024-09-30,ORCHPHARMA.NS
2024-09-30,ORIENTCEM.NS
2024-09-30,PAISALO.NS
2024-09-30,PARADEEP.NS
2024-09-30,PDSL.NS
2024-09-30,PGEL.NS
2024-09-30,PGINVIT-IV.NS
2024-09-30,PGINVIT.NS
2024-09-30,PILANIINVS.NS
2024-09-30,POWERMECH.NS
2024-09-30,PRICOLLTD.NS
2024-09-30,PRIVISCL.NS
2024-09-30,PRUDENT.NS
2024-09-30,PSB.NS
2024-09-30,PTC.NS
2024-09-30,PTCIL.NS
2024-09-30,PURVA.NS
2024-09-30,RAILTEL.NS
2024-09-30,RATEGAIN.NS
2024-09-30,REDTAPE.NS
2024-09-30,RELIGARE.NS
2024-09-30,RELINFRA.NS
2024-09-30,RESPONIND.NS
2024-09-30,RKFORGE.NS
2024-09-30,RNAVAL.NS
2024-09-30,RPOWER.NS
2024-09-30,RRKABEL.NS
2024-09-30,RSYSTEMS.NS
2024-09-30,RTNPOWER.NS
2024-09-30,RUSTOMJEE.NS
2024-09-30,SAMMAANCAP.NS
2024-09-30,SANSERA.NS
2024-09-30,SARDAEN.NS
2024-09-30,SBFC.NS
2024-09-30,SCHNEIDER.NS
2024-09-30,SCI.NS
2024-09-30,SENCO.NS
2024-09-30,SHAKTIPUMP.NS
2024-09-30,SHAREINDIA.NS
2024-09-30,SHILPAMED.NS
2024-09-30,SHRIPISTON.NS
2024-09-30,SIGNATURE.NS
2024-09-30,SIS.NS
2024-09-30,SOUTHBANK.NS
2024-09-30,SPANDANA.NS
2024-09-30,SPICEJET.NS
2024-09-30,SPLPETRO.NS
2024-09-30,STARCEMENT.NS
2024-09-30,SUDARSCHEM.NS
2024-09-30,SUNDARMHLD.NS
2024-09-30,SURYAROSNI.NS
2024-09-30,SWANCORP.NS
2024-09-30,TARC.NS
2024-09-30,TARIL.NS
2024-09-30,TATATECH.NS
2024-09-30,TBOTEK.NS
2024-09-30,TCI.NS
2024-09-30,TDPOWERSYS.NS
2024-09-30,TECHNOE.NS
2024-09-30,TEGA.NS
2024-09-30,TEXRAIL.NS
2024-09-30,THOMASCOOK.NS
2024-09-30,TIIL.NS
2024-09-30,TIMETECHNO.NS
2024-09-30,TIPSINDLTD.NS
2024-09-30,TIPSMUSIC.NS
2024-09-30,TITAGARH.NS
2024-09-30,TMB.NS
2024-09-30,TMPV.NS
2024-09-30,TRIL.NS
2024-09-30,TSFINV.NS
2024-09-30,TVSHLTD.NS
2024-09-30,TVSSCS.NS
2024-09-30,UJJIVAN.NS
2024-09-30,UNITDSPR.NS
2024-09-30,UTISENSETF.NS
2024-09-30,UTKARSHBNK.NS
2024-09-30,VERTOZ.NS
2024-09-30,VESUVIUS.NS
2024-09-30,VOLTAMP.NS
2024-09-30,VSTIND.NS
2024-09-30,WABAG.NS
2024-09-30,WELENT.NS
2024-09-30,WOCKPHARMA.NS
2024-09-30,WONDERLA.NS
2024-09-30,ZENTEC.NS
2025-03-31,AADHARHFC.NS
2025-03-31,AARTIPHARM.NS
2025-03-31,ABDL.NS
2025-03-31,ABREL.NS
2025-03-31,ABSLAMC.NS
2025-03-31,ACE.NS
2025-03-31,ACMESOLAR.NS
2025-03-31,ACUTAAS.NS
2025-03-31,AEGISLOG.NS
2025-03-31,AFCONS.NS
2025-03-31,AHLUCONT.NS
2025-03-31,AIIL.NS
2025-03-31,AKUMS.NS
2025-03-31,AKZOINDIA.NS
2025-03-31,ALIVUS.NS
2025-03-31,AMIORG.NS
2025-03-31,ANANDRATHI.NS
2025-03-31,ANANTRAJ.NS
2025-03-31,ANUP.NS
2025-03-31,ARVIND.NS
2025-03-31,ARVINDFASN.NS
2025-03-31,ASHOKA.NS
2025-03-31,ASKAUTOLTD.NS
2025-03-31,ASTRAMICRO.NS
2025-03-31,ASTRAZEN.NS
2025-03-31,AURIONPRO.NS
2025-03-31,AZAD.NS
2025-03-31,BAJAJELEC.NS
2025-03-31,BAJAJHFL.NS
2025-03-31,BALUFORGE.NS
2025-03-31,BANCOINDIA.NS
2025-03-31,BANSALWIRE.NS
2025-03-31,BASF.NS
2025-03-31,BBOX.NS
2025-03-31,BECTORFOOD.NS
2025-03-31,BHARTIHEXA.NS
2025-03-31,BIRET-RR.NS
2025-03-31,BIRET.NS
2025-03-31,BLACKBUCK.NS
2025-03-31,BLUEJET.NS
2025-03-31,CAPLIPOINT.NS
2025-03-31,CARTRADE.NS
2025-03-31,CELLO.NS
2025-03-31,CHENNPETRO.NS
2025-03-31,CHOICEIN.NS
2025-03-31,CMSINFO.NS
2025-03-31,COHANCE.NS
2025-03-31,CPSEETF.NS
2025-03-31,DBREALTY.NS
2025-03-31,DHANUKA.NS
2025-03-31,DHFL.NS
2025-03-31,DIACABS.NS
2025-03-31,DODLA.NS
2025-03-31,DOMS.NS
2025-03-31,EDELWEISS.NS
2025-03-31,ELECON.NS
2025-03-31,ELECTCAST.NS
2025-03-31,EMBASSY-RR.NS
2025-03-31,EMBASSY.NS
2025-03-31,EMBDL.NS
2025-03-31,EMCURE.NS
2025-03-31,EMUDHRA.NS
2025-03-31,ESABINDIA.NS
2025-03-31,ETERNAL.NS
2025-03-31,ETHOSLTD.NS
2025-03-31,EUREKAFORB.NS
2025-03-31,FORCEMOT.NS
2025-03-31,GABRIEL.NS
2025-03-31,GALLANTT.NS
2025-03-31,GANESHHOUC.NS
2025-03-31,GARFIBRES.NS
2025-03-31,GENUSPOWER.NS
2025-03-31,GET&D.NS
2025-03-31,GHCL.NS
2025-03-31,GMDCLTD.NS
2025-03-31,GMRAIRPORT.NS
2025-03-31,GMRP&UI.NS
2025-03-31,GODIGIT.NS
2025-03-31,GODREJAGRO.NS
2025-03-31,GOKEX.NS
2025-03-31,GOLDBEES.NS
2025-03-31,GRAVITA.NS
2025-03-31,GRSE.NS
2025-03-31,GRWRHITECH.NS
2025-03-31,GVT&D.NS
2025-03-31,HAPPYFORGE.NS
2025-03-31,HATSUN.NS
2025-03-31,HBLENGINE.NS
2025-03-31,HBLPOWER.NS
2025-03-31,HCG.NS
2025-03-31,HGINFRA.NS
2025-03-31,HNDFDS.NS
2025-03-31,HONASA.NS
2025-03-31,HSCL.NS
2025-03-31,HYUNDAI.NS
2025-03-31,ICIL.NS
2025-03-31,ICRA.NS
2025-03-31,IFBIND.NS
2025-03-31,IFCI.NS
2025-03-31,IGIL.NS
2025-03-31,IIFL-RE.NS
2025-03-31,IIFLCAPS.NS
2025-03-31,IIFLSEC.NS
2025-03-31,IKS.NS
2025-03-31,INDGN.NS
2025-03-31,INDIASHLTR.NS
2025-03-31,INDIGRID-IV.NS
2025-03-31,INDIGRID.NS
2025-03-31,INDOSTAR.NS
2025-03-31,INOXINDIA.NS
2025-03-31,INOXWIND.NS
2025-03-31,IONEXCHANG.NS
2025-03-31,IREDA.NS
2025-03-31,ISGEC.NS
2025-03-31,ITCHOTELS.NS
2025-03-31,ITDCEM.NS
2025-03-31,IWEL.NS
2025-03-31,J&KBANK.NS
2025-03-31,JAIBALAJI.NS
2025-03-31,JINDWORLD.NS
2025-03-31,JIOFIN.NS
2025-03-31,JKTYRE.NS
2025-03-31,JLHL.NS
2025-03-31,JPPOWER.NS
2025-03-31,JSWDULUX.NS
2025-03-31,JSWHL.NS
2025-03-31,JSWINFRA.NS
2025-03-31,JUNIPER.NS
2025-03-31,JWL.NS
2025-03-31,JYOTICNC.NS
2025-03-31,KIOCL.NS
2025-03-31,KIRLFER.NS
2025-03-31,KIRLOSBROS.NS
2025-03-31,KIRLOSENG.NS
2025-03-31,KIRLPNU.NS
2025-03-31,KOVAI.NS
2025-03-31,KPIGREEN.NS
2025-03-31,KTKBANK.NS
2025-03-31,LIQUIDBEES.NS
2025-03-31,LLOYDSENGG.NS
2025-03-31,LLOYDSENT.NS
2025-03-31,LLOYDSME.NS
2025-03-31,LMW.NS
2025-03-31,LTF.NS
2025-03-31,LTFOODS.NS
2025-03-31,MAHSCOOTER.NS
2025-03-31,MAHSEAMLES.NS
2025-03-31,MANINFRA.NS
2025-03-31,MANORAMA.NS
2025-03-31,MARKSANS.NS
2025-03-31,MAXESTATES.NS
2025-03-31,MINDSPACE-RR.NS
2025-03-31,MINDSPACE.NS
2025-03-31,MOIL.NS
2025-03-31,NAVA.NS
2025-03-31,NESCO.NS
2025-03-31,NETWEB.NS
2025-03-31,NEULANDLAB.NS
2025-03-31,NEWGEN.NS
2025-03-31,NIFTYBEES.NS
2025-03-31,NIFTYIETF.NS
2025-03-31,NIITMTS.NS
2025-03-31,NIVABUPA.NS
2025-03-31,NTPCGREEN.NS
2025-03-31,NUVAMA.NS
2025-03-31,NXST-RR.NS
2025-03-31,OLAELEC.NS
2025-03-31,ONESOURCE.NS
2025-03-31,ORCHPHARMA.NS
2025-03-31,ORIENTCEM.NS
2025-03-31,PARADEEP.NS
2025-03-31,PCJEWELLER.NS
2025-03-31,PDSL.NS
2025-03-31,PGEL.NS
2025-03-31,PGINVIT-IV.NS
2025-03-31,PGINVIT.NS
2025-03-31,PNGJL.NS
2025-03-31,POWERMECH.NS
2025-03-31,PREMIERENE.NS
2025-03-31,PRIVISCL.NS
2025-03-31,PRUDENT.NS
2025-03-31,PSB.NS
2025-03-31,PTCIL.NS
2025-03-31,PURVA.NS
2025-03-31,RAILTEL.NS
2025-03-31,RATEGAIN.NS
2025-03-31,RAYMONDLSL.NS
2025-03-31,REDTAPE.NS
2025-03-31,RELIGARE.NS
2025-03-31,RELINFRA.NS
2025-03-31,RESPONIND.NS
2025-03-31,RKFORGE.NS
2025-03-31,RPOWER.NS
2025-03-31,RRKABEL.NS
2025-03-31,RUSTOMJEE.NS
2025-03-31,SAGILITY.NS
2025-03-31,SAILIFE.NS
2025-03-31,SAMMAANCAP.NS
2025-03-31,SANOFICONR.NS
2025-03-31,SANSERA.NS
2025-03-31,SARDAEN.NS
2025-03-31,SBFC.NS
2025-03-31,SCHNEIDER.NS
2025-03-31,SCI.NS
2025-03-31,SENCO.NS
2025-03-31,SHAILY.NS
2025-03-31,SHAKTIPUMP.NS
2025-03-31,SHILPAMED.NS
2025-03-31,SHRIPISTON.NS
2025-03-31,SIGNATURE.NS
2025-03-31,SOUTHBANK.NS
2025-03-31,SPICEJET.NS
2025-03-31,SPLPETRO.NS
2025-03-31,STAR.NS
2025-03-31,STARCEMENT.NS
2025-03-31,SUNDARMHLD.NS
2025-03-31,SWANCORP.NS
2025-03-31,SWIGGY.NS
2025-03-31,TARIL.NS
2025-03-31,TATATECH.NS
2025-03-31,TBOTEK.NS
2025-03-31,TCI.NS
2025-03-31,TDPOWERSYS.NS
2025-03-31,TECHNOE.NS
2025-03-31,TEGA.NS
2025-03-31,TEXRAIL.NS
2025-03-31,THOMASCOOK.NS
2025-03-31,TI.NS
2025-03-31,TIIL.NS
2025-03-31,TIMETECHNO.NS
2025-03-31,TIPSMUSIC.NS
2025-03-31,TITAGARH.NS
2025-03-31,TMB.NS
2025-03-31,TMPV.NS
2025-03-31,TRANSRAILL.NS
2025-03-31,TSFINV.NS
2025-03-31,TVSHLTD.NS
2025-03-31,TVSSCS.NS
2025-03-31,UNITDSPR.NS
2025-03-31,UTISENSETF.NS
2025-03-31,VENTIVE.NS
2025-03-31,VERTOZ.NS
2025-03-31,VESUVIUS.NS
2025-03-31,VMM.NS
2025-03-31,VOLTAMP.NS
2025-03-31,WAAREEENER.NS
2025-03-31,WABAG.NS
2025-03-31,WELENT.NS
2025-03-31,WOCKPHARMA.NS
2025-03-31,ZENTEC.NS
2025-09-30,AARTIPHARM.NS
2025-09-30,ABDL.NS
2025-09-30,ABLBL.NS
2025-09-30,ACI.NS
2025-09-30,ACUTAAS.NS
2025-09-30,AEGISVOPAK.NS
2025-09-30,AETHER.NS
2025-09-30,AGARWALEYE.NS
2025-09-30,AGI.NS
2025-09-30,AHLUCONT.NS
2025-09-30,AJAXENGG.NS
2025-09-30,AKZOINDIA.NS
2025-09-30,AMIORG.NS
2025-09-30,ANTHEM.NS
2025-09-30,ANUP.NS
2025-09-30,ANURAS.NS
2025-09-30,APOLLO.NS
2025-09-30,ARVIND.NS
2025-09-30,ARVINDFASN.NS
2025-09-30,ASHOKA.NS
2025-09-30,ASKAUTOLTD.NS
2025-09-30,ASTRAMICRO.NS
2025-09-30,ATHERENERG.NS
2025-09-30,AURIONPRO.NS
2025-09-30,AVALON.NS
2025-09-30,AVANTIFEED.NS
2025-09-30,AVL.NS
2025-09-30,AZAD.NS
2025-09-30,BAJAJELEC.NS
2025-09-30,BALUFORGE.NS
2025-09-30,BANCOINDIA.NS
2025-09-30,BANKBEES.NS
2025-09-30,BANSALWIRE.NS
2025-09-30,BBOX.NS
2025-09-30,BECTORFOOD.NS
2025-09-30,BELRISE.NS
2025-09-30,BIRET-RR.NS
2025-09-30,BIRET.NS
2025-09-30,BIRLACORPN.NS
2025-09-30,BLACKBUCK.NS
2025-09-30,BLUEJET.NS
2025-09-30,BORORENEW.NS
2025-09-30,CARTRADE.NS
2025-09-30,CELLO.NS
2025-09-30,CHEMPLASTS.NS
2025-09-30,CHOICEIN.NS
2025-09-30,CIEINDIA.NS
2025-09-30,CMSINFO.NS
2025-09-30,CPSEETF.NS
2025-09-30,CRIZAC.NS
2025-09-30,CSBBANK.NS
2025-09-30,DBL.NS
2025-09-30,DHANUKA.NS
2025-09-30,DHFL.NS
2025-09-30,DIACABS.NS
2025-09-30,DODLA.NS
2025-09-30,EDELWEISS.NS
2025-09-30,ELECTCAST.NS
2025-09-30,ELLEN.NS
2025-09-30,EMBASSY-RR.NS
2025-09-30,EMBASSY.NS
2025-09-30,EMBDL.NS
2025-09-30,EMUDHRA.NS
2025-09-30,ENRIN.NS
2025-09-30,EPIGRAL.NS
2025-09-30,EPL.NS
2025-09-30,EQUITASBNK.NS
2025-09-30,ESABINDIA.NS
2025-09-30,ETHOSLTD.NS
2025-09-30,EUREKAFORB.NS
2025-09-30,FDC.NS
2025-09-30,FINEORG.NS
2025-09-30,FISCHER.NS
2025-09-30,FORCEMOT.NS
2025-09-30,GABRIEL.NS
2025-09-30,GALAXYSURF.NS
2025-09-30,GALLANTT.NS
2025-09-30,GANESHHOUC.NS
2025-09-30,GARFIBRES.NS
2025-09-30,GENUSPOWER.NS
2025-09-30,GHCL.NS
2025-09-30,GMRP&UI.NS
2025-09-30,GOKEX.NS
2025-09-30,GOLDBEES.NS
2025-09-30,GREENLAM.NS
2025-09-30,GRINDWELL.NS
2025-09-30,GRINFRA.NS
2025-09-30,GRWRHITECH.NS
2025-09-30,GSFC.NS
2025-09-30,GULFOILLUB.NS
2025-09-30,HAPPYFORGE.NS
2025-09-30,HATSUN.NS
2025-09-30,HCG.NS
2025-09-30,HEXT.NS
2025-09-30,HGINFRA.NS
2025-09-30,HNDFDS.NS
2025-09-30,ICIL.NS
2025-09-30,ICRA.NS
2025-09-30,IFBIND.NS
2025-09-30,IIFL-RE.NS
2025-09-30,IIFLCAPS.NS
2025-09-30,INDIASHLTR.NS
2025-09-30,INDIGRID-IV.NS
2025-09-30,INDOSTAR.NS
2025-09-30,INGERRAND.NS
2025-09-30,INOXGREEN.NS
2025-09-30,IONEXCHANG.NS
2025-09-30,ISGEC.NS
2025-09-30,ITCHOTELS.NS
2025-09-30,ITDCEM.NS
2025-09-30,IWEL.NS
2025-09-30,JAIBALAJI.NS
2025-09-30,JKLAKSHMI.NS
2025-09-30,JKPAPER.NS
2025-09-30,JLHL.NS
2025-09-30,JSWDULUX.NS
2025-09-30,JUNIPER.NS
2025-09-30,KALPATARU.NS
2025-09-30,KIOCL.NS
2025-09-30,KIRLFER.NS
2025-09-30,KIRLPNU.NS
2025-09-30,KOVAI.NS
2025-09-30,KPIGREEN.NS
2025-09-30,KRBL.NS
2025-09-30,KSB.NS
2025-09-30,KSCL.NS
2025-09-30,KTKBANK.NS
2025-09-30,LIQUIDBEES.NS
2025-09-30,LLOYDSENGG.NS
2025-09-30,LLOYDSENT.NS
2025-09-30,LMW.NS
2025-09-30,LUMAXTECH.NS
2025-09-30,LXCHEM.NS
2025-09-30,MAHLIFE.NS
2025-09-30,MAHSCOOTER.NS
2025-09-30,MANINFRA.NS
2025-09-30,MANORAMA.NS
2025-09-30,MARKSANS.NS
2025-09-30,MAXESTATES.NS
2025-09-30,MEDPLUS.NS
2025-09-30,METROBRAND.NS
2025-09-30,MHRIL.NS
2025-09-30,MIDHANI.NS
2025-09-30,MINDSPACE-RR.NS
2025-09-30,MINDSPACE.NS
2025-09-30,MOIL.NS
2025-09-30,NAZARA.NS
2025-09-30,NESCO.NS
2025-09-30,NIFTYBEES.NS
2025-09-30,NIFTYIETF.NS
2025-09-30,NUVOCO.NS
2025-09-30,NXST-RR.NS
2025-09-30,ONESOURCE.NS
2025-09-30,ORIENTCEM.NS
2025-09-30,PARADEEP.NS
2025-09-30,PARAS.NS
2025-09-30,PCJEWELLER.NS
2025-09-30,PDSL.NS
2025-09-30,PFOCUS.NS
2025-09-30,PGHH.NS
2025-09-30,PGHL.NS
2025-09-30,PGIL.NS
2025-09-30,PGINVIT-IV.NS
2025-09-30,PGINVIT.NS
2025-09-30,PICCADIL.NS
2025-09-30,PILANIINVS.NS
2025-09-30,PNGJL.NS
2025-09-30,POWERMECH.NS
2025-09-30,PRICOLLTD.NS
2025-09-30,PRIVISCL.NS
2025-09-30,PRSMJOHNSN.NS
2025-09-30,PRUDENT.NS
2025-09-30,PSB.NS
2025-09-30,PURVA.NS
2025-09-30,RAJESHEXPO.NS
2025-09-30,RALLIS.NS
2025-09-30,RATEGAIN.NS
2025-09-30,RATNAMANI.NS
2025-09-30,REDTAPE.NS
2025-09-30,REFEX.NS
2025-09-30,RELAXO.NS
2025-09-30,RELIGARE.NS
2025-09-30,RELINFRA.NS
2025-09-30,RESPONIND.NS
2025-09-30,RMDRIP.NS
2025-09-30,RTNPOWER.NS
2025-09-30,RUSTOMJEE.NS
2025-09-30,SAFARI.NS
2025-09-30,SANOFI.NS
2025-09-30,SANOFICONR.NS
2025-09-30,SANSERA.NS
2025-09-30,SENCO.NS
2025-09-30,SFL.NS
2025-09-30,SHAILY.NS
2025-09-30,SHAKTIPUMP.NS
2025-09-30,SHARDACROP.NS
2025-09-30,SHILPAMED.NS
2025-09-30,SHOPERSTOP.NS
2025-09-30,SHRIPISTON.NS
2025-09-30,SKIPPER.NS
2025-09-30,SMARTWORKS.NS
2025-09-30,SOUTHBANK.NS
2025-09-30,SPICEJET.NS
2025-09-30,SPLPETRO.NS
2025-09-30,STAR.NS
2025-09-30,STARCEMENT.NS
2025-09-30,SUDARSCHEM.NS
2025-09-30,SUNDARMHLD.NS
2025-09-30,SUNTECK.NS
2025-09-30,SUPRAJIT.NS
2025-09-30,SUPRIYA.NS
2025-09-30,SURYAROSNI.NS
2025-09-30,SUVENPHAR.NS
2025-09-30,SWANCORP.NS
2025-09-30,SYMPHONY.NS
2025-09-30,TCI.NS
2025-09-30,TDPOWERSYS.NS
2025-09-30,TEGA.NS
2025-09-30,TEXRAIL.NS
2025-09-30,THANGAMAYL.NS
2025-09-30,THELEELA.NS
2025-09-30,THOMASCOOK.NS
2025-09-30,TI.NS
2025-09-30,TIIL.NS
2025-09-30,TIMETECHNO.NS
2025-09-30,TIPSMUSIC.NS
2025-09-30,TMB.NS
2025-09-30,TMPV.NS
2025-09-30,TRANSRAILL.NS
2025-09-30,TSFINV.NS
2025-09-30,TTKPRESTIG.NS
2025-09-30,TVSHLTD.NS
2025-09-30,TVSSCS.NS
2025-09-30,UJJIVANSFB.NS
2025-09-30,UNIMECH.NS
2025-09-30,UTISENSETF.NS
2025-09-30,V2RETAIL.NS
2025-09-30,VARROC.NS
2025-09-30,VENTIVE.NS
2025-09-30,VESUVIUS.NS
2025-09-30,VINATIORGA.NS
2025-09-30,VIPIND.NS
2025-09-30,VMART.NS
2025-09-30,VOLTAMP.NS
2025-09-30,WAAREERTL.NS
2025-09-30,WABAG.NS
2025-09-30,WELENT.NS
2025-09-30,YATHARTH.NS
2025-09-30,ZOMATO.NS
2025-09-30,ZYDUSWELL.NS
2026-03-31,AARTIPHARM.NS
2026-03-31,ABDL.NS
2026-03-31,ACI.NS
2026-03-31,ACUTAAS.NS
2026-03-31,AETHER.NS
2026-03-31,AHLUCONT.NS
2026-03-31,AJAXENGG.NS
2026-03-31,ALIVUS.NS
2026-03-31,ANTHEM.NS
2026-03-31,ANURAS.NS
2026-03-31,APOLLO.NS
2026-03-31,ARVIND.NS
2026-03-31,ARVINDFASN.NS
2026-03-31,ASHAPURMIN.NS
2026-03-31,ASKAUTOLTD.NS
2026-03-31,ASTRAMICRO.NS
2026-03-31,AURIONPRO.NS
2026-03-31,AVALON.NS
2026-03-31,AVANTIFEED.NS
2026-03-31,AVL.NS
2026-03-31,AXISCADES.NS
2026-03-31,AZAD.NS
2026-03-31,BALUFORGE.NS
2026-03-31,BANCOINDIA.NS
2026-03-31,BANKBEES.NS
2026-03-31,BBOX.NS
2026-03-31,BECTORFOOD.NS
2026-03-31,BELRISE.NS
2026-03-31,BIRET-RR.NS
2026-03-31,BIRET.NS
2026-03-31,BIRLACORPN.NS
2026-03-31,BLACKBUCK.NS
2026-03-31,BLUESTONE.NS
2026-03-31,BORORENEW.NS
2026-03-31,CARTRADE.NS
2026-03-31,CELLO.NS
2026-03-31,CEMPRO.NS
2026-03-31,CIEINDIA.NS
2026-03-31,CMSINFO.NS
2026-03-31,CPPLUS.NS
2026-03-31,CPSEETF.NS
2026-03-31,CSBBANK.NS
2026-03-31,CUPID.NS
2026-03-31,DBL.NS
2026-03-31,DCBBANK.NS
2026-03-31,DIACABS.NS
2026-03-31,DODLA.NS
2026-03-31,DYNAMATECH.NS
2026-03-31,EDELWEISS.NS
2026-03-31,EMBASSY-RR.NS
2026-03-31,EMBASSY.NS
2026-03-31,EMBDL.NS
2026-03-31,EPL.NS
2026-03-31,EQUITASBNK.NS
2026-03-31,ESABINDIA.NS
2026-03-31,ETHOSLTD.NS
2026-03-31,EUREKAFORB.NS
2026-03-31,FDC.NS
2026-03-31,FEDFINA.NS
2026-03-31,FIEMIND.NS
2026-03-31,FINEORG.NS
2026-03-31,GABRIEL.NS
2026-03-31,GAEL.NS
2026-03-31,GALAXYSURF.NS
2026-03-31,GALLANTT.NS
2026-03-31,GANESHHOU.NS
2026-03-31,GANESHHOUC.NS
2026-03-31,GARFIBRES.NS
2026-03-31,GENUSPOWER.NS
2026-03-31,GMRP&UI.NS
2026-03-31,GNFC.NS
2026-03-31,GOKEX.NS
2026-03-31,GOKULAGRO.NS
2026-03-31,GOLDBEES.NS
2026-03-31,GPPL.NS
2026-03-31,GREENLAM.NS
2026-03-31,GRINDWELL.NS
2026-03-31,GRINFRA.NS
2026-03-31,GRWRHITECH.NS
2026-03-31,GSFC.NS
2026-03-31,GULFOILLUB.NS
2026-03-31,HAPPYFORGE.NS
2026-03-31,HATSUN.NS
2026-03-31,HCG.NS
2026-03-31,HNDFDS.NS
2026-03-31,ICIL.NS
2026-03-31,ICRA.NS
2026-03-31,IFBIND.NS
2026-03-31,IIFL-RE.NS
2026-03-31,IIFLCAPS.NS
2026-03-31,IMFA.NS
2026-03-31,INDIAGLYCO.NS
2026-03-31,INDIASHLTR.NS
2026-03-31,INDIGRID-IV.NS
2026-03-31,INDIGRID.NS
2026-03-31,INFIBEAM.NS
2026-03-31,INGERRAND.NS
2026-03-31,INOXGREEN.NS
2026-03-31,IRBINVIT.NS
2026-03-31,ISGEC.NS
2026-03-31,ITDCEM.NS
2026-03-31,JAIBALAJI.NS
2026-03-31,JAYNECOIND.NS
2026-03-31,JKLAKSHMI.NS
2026-03-31,JKPAPER.NS
2026-03-31,JLHL.NS
2026-03-31,JSWDULUX.NS
2026-03-31,JSWHL.NS
2026-03-31,JUNIORBEES.NS
2026-03-31,JUNIPER.NS
2026-03-31,KALPATARU.NS
2026-03-31,KANSAINER.NS
2026-03-31,KINGFA.NS
2026-03-31,KIOCL.NS
2026-03-31,KIRLFER.NS
2026-03-31,KIRLPNU.NS
2026-03-31,KOVAI.NS
2026-03-31,KPIGREEN.NS
2026-03-31,KRBL.NS
2026-03-31,KTKBANK.NS
2026-03-31,LGBBROSLTD.NS
2026-03-31,LIQUIDBEES.NS
2026-03-31,LLOYDSENGG.NS
2026-03-31,LLOYDSENT.NS
2026-03-31,LMW.NS
2026-03-31,LOTUSDEV.NS
2026-03-31,LUMAXTECH.NS
2026-03-31,MAHLIFE.NS
2026-03-31,MANORAMA.NS
2026-03-31,MARKSANS.NS
2026-03-31,MASFIN.NS
2026-03-31,MASTEK.NS
2026-03-31,MAXESTATES.NS
2026-03-31,MEDPLUS.NS
2026-03-31,MEESHO.NS
2026-03-31,METROBRAND.NS
2026-03-31,MHRIL.NS
2026-03-31,MIDHANI.NS
2026-03-31,MINDSPACE-RR.NS
2026-03-31,MINDSPACE.NS
2026-03-31,MOIL.NS
2026-03-31,MTARTECH.NS
2026-03-31,NAZARA.NS
2026-03-31,NESCO.NS
2026-03-31,NETWORK18.NS
2026-03-31,NIFTYBEES.NS
2026-03-31,NIFTYIETF.NS
2026-03-31,NINSYS.NS
2026-03-31,NXST-RR.NS
2026-03-31,ORKLAINDIA.NS
2026-03-31,PARADEEP.NS
2026-03-31,PARAS.NS
2026-03-31,PASHUPATI.NS
2026-03-31,PCJEWELLER.NS
2026-03-31,PFOCUS.NS
2026-03-31,PGHL.NS
2026-03-31,PGIL.NS
2026-03-31,PGINVIT-IV.NS
2026-03-31,PGINVIT.NS
2026-03-31,PICCADIL.NS
2026-03-31,PILANIINVS.NS
2026-03-31,PNCINFRA.NS
2026-03-31,PNGJL.NS
2026-03-31,POWERMECH.NS
2026-03-31,PRICOLLTD.NS
2026-03-31,PRIVISCL.NS
2026-03-31,PRSMJOHNSN.NS
2026-03-31,PRUDENT.NS
2026-03-31,PSB.NS
2026-03-31,PURVA.NS
2026-03-31,PWL.NS
2026-03-31,QPOWER.NS
2026-03-31,RATEGAIN.NS
2026-03-31,RATNAMANI.NS
2026-03-31,RAYMONDLSL.NS
2026-03-31,REDTAPE.NS
2026-03-31,RELAXO.NS
2026-03-31,RELIGARE.NS
2026-03-31,RENUKA.NS
2026-03-31,RUSTOMJEE.NS
2026-03-31,SAFARI.NS
2026-03-31,SANDUMA.NS
2026-03-31,SANOFI.NS
2026-03-31,SANOFICONR.NS
2026-03-31,SANSERA.NS
2026-03-31,SEQUENT.NS
2026-03-31,SFL.NS
2026-03-31,SHAILY.NS
2026-03-31,SHAKTIPUMP.NS
2026-03-31,SHARDACROP.NS
2026-03-31,SHILPAMED.NS
2026-03-31,SHREEJISPG.NS
2026-03-31,SHRIPISTON.NS
2026-03-31,SILVERTUC.NS
2026-03-31,SJS.NS
2026-03-31,SKFINDIA.NS
2026-03-31,SKFINDUS.NS
2026-03-31,SMARTWORKS.NS
2026-03-31,SMLISUZU.NS
2026-03-31,SMLMAH.NS
2026-03-31,SOUTHBANK.NS
2026-03-31,SPLPETRO.NS
2026-03-31,STAR.NS
2026-03-31,STARCEMENT.NS
2026-03-31,STLTECH.NS
2026-03-31,SUBROS.NS
2026-03-31,SUDARSCHEM.NS
2026-03-31,SUDEEPPHRM.NS
2026-03-31,SUNTECK.NS
2026-03-31,SUPRAJIT.NS
2026-03-31,SUPRIYA.NS
2026-03-31,SURYAROSNI.NS
2026-03-31,SWANDEF.NS
2026-03-31,SWANENERGY.NS
2026-03-31,SYMPHONY.NS
2026-03-31,TANLA.NS
2026-03-31,TATAMOTORS.NS
2026-03-31,TCI.NS
2026-03-31,TDPOWERSYS.NS
2026-03-31,TEGA.NS
2026-03-31,THANGAMAYL.NS
2026-03-31,THOMASCOOK.NS
2026-03-31,THYROCARE.NS
2026-03-31,TI.NS
2026-03-31,TIMETECHNO.NS
2026-03-31,TIPSMUSIC.NS
2026-03-31,TMB.NS
2026-03-31,TMCV.NS
2026-03-31,TRANSRAILL.NS
2026-03-31,TSFINV.NS
2026-03-31,TTKPRESTIG.NS
2026-03-31,TVSHLTD.NS
2026-03-31,UJJIVANSFB.NS
2026-03-31,URBANCO.NS
2026-03-31,UTISENSETF.NS
2026-03-31,V2RETAIL.NS
2026-03-31,VARROC.NS
2026-03-31,VESUVIUS.NS
2026-03-31,VIKRAMSOLR.NS
2026-03-31,VINATIORGA.NS
2026-03-31,VIPIND.NS
2026-03-31,VIYASH.NS
2026-03-31,VOLTAMP.NS
2026-03-31,WAAREERTL.NS
2026-03-31,WABAG.NS
2026-03-31,WAKEFIT.NS
2026-03-31,WELENT.NS
2026-03-31,WESTLIFE.NS
2026-03-31,YATHARTH.NS
2026-03-31,ZYDUSWELL.NS
