effective_date,symbol
2015-06-01,AARTIIND.NS
2015-06-01,ABAN.NS
2015-06-01,ABREL.NS
2015-06-01,ACCELYA.NS
2015-06-01,ACLGATI.NS
2015-06-01,AEGISCHEM.NS
2015-06-01,AEGISLOG.NS
2015-06-01,AHLUCONT.NS
2015-06-01,ANDHRACEMT.NS
2015-06-01,ANDREWYU.NS
2015-06-01,APARINDS.NS
2015-06-01,ARVIND.NS
2015-06-01,ASAHIINDIA.NS
2015-06-01,ASHIANA.NS
2015-06-01,ASHOKA.NS
2015-06-01,ASTRAL.NS
2015-06-01,ASTRAZEN.NS
2015-06-01,ATFL.NS
2015-06-01,ATUL.NS
2015-06-01,AVANTIFEED.NS
2015-06-01,BAJAJELEC.NS
2015-06-01,BAJAJHIND.NS
2015-06-01,BALMLAWRIE.NS
2015-06-01,BANARISUG.NS
2015-06-01,BBTC.NS
2015-06-01,BEML.NS
2015-06-01,BFUTILITIE.NS
2015-06-01,BIRLACORPN.NS
2015-06-01,BLUESTARCO.NS
2015-06-01,BOMDYEING.NS
2015-06-01,BRFL.NS
2015-06-01,BRIGADE.NS
2015-06-01,BSOFT.NS
2015-06-01,CARBORUNIV.NS
2015-06-01,CARERATING.NS
2015-06-01,CCL.NS
2015-06-01,CEATLTD.NS
2015-06-01,CENTURYPLY.NS
2015-06-01,CENTURYTEX.NS
2015-06-01,CERA.NS
2015-06-01,CHAMBLFERT.NS
2015-06-01,CHOLAHLDNG.NS
2015-06-01,CLCIND.NS
2015-06-01,COFORGE.NS
2015-06-01,COX&KINGS.NS
2015-06-01,CUB.NS
2015-06-01,DBREALTY.NS
2015-06-01,DCBBANK.NS
2015-06-01,DCMSHRIRAM.NS
2015-06-01,DELTACORP.NS
2015-06-01,DEN.NS
2015-06-01,DHANUKA.NS
2015-06-01,DPSCLTD.NS
2015-06-01,DYNAMATECH.NS
2015-06-01,ECLERX.NS
2015-06-01,EDELWEISS.NS
2015-06-01,EIDPARRY.NS
2015-06-01,ELGIEQUIP.NS
2015-06-01,ENIL.NS
2015-06-01,EPL.NS
2015-06-01,EROSMEDIA.NS
2015-06-01,ESCORTS.NS
2015-06-01,EVEREADY.NS
2015-06-01,FACT.NS
2015-06-01,FCONSUMER.NS
2015-06-01,FDC.NS
2015-06-01,FEL.NS
2015-06-01,FINCABLES.NS
2015-06-01,FINPIPE.NS
2015-06-01,FLFL.NS
2015-06-01,FMGOETZE.NS
2015-06-01,FSL.NS
2015-06-01,GABRIEL.NS
2015-06-01,GATEWAY.NS
2015-06-01,GATI.NS
2015-06-01,GEPIL.NS
2015-06-01,GIPCL.NS
2015-06-01,GLOBOFFS.NS
2015-06-01,GNFC.NS
2015-06-01,GOODYEAR.NS
2015-06-01,GRANULES.NS
2015-06-01,GRAPHITE.NS
2015-06-01,GREAVESCOT.NS
2015-06-01,GREENPLY.NS
2015-06-01,GRINDWELL.NS
2015-06-01,GSFC.NS
2015-06-01,GUJALKALI.NS
2015-06-01,GULFOILLUB.NS
2015-06-01,GVKPIL.NS
2015-06-01,GVPIL.NS
2015-06-01,HATSUN.NS
2015-06-01,HCC.NS
2015-06-01,HCL-INSYS.NS
2015-06-01,HDIL.NS
2015-06-01,HEIDELBERG.NS
2015-06-01,HEUBACHIND.NS
2015-06-01,HFCL.NS
2015-06-01,HGS.NS
2015-06-01,HMT.NS
2015-06-01,HMVL.NS
2015-06-01,HTMEDIA.NS
2015-06-01,HUHTAMAKI.NS
2015-06-01,IBREALEST.NS
2015-06-01,ICRA.NS
2015-06-01,IFBIND.NS
2015-06-01,IIFL-RE.NS
2015-06-01,IIFL.NS
2015-06-01,INDIACEM.NS
2015-06-01,INDOCO.NS
2015-06-01,INGERRAND.NS
2015-06-01,INOXLEISUR.NS
2015-06-01,ITI.NS
2015-06-01,JAGRAN.NS
2015-06-01,JAICORPLTD.NS
2015-06-01,JBFIND.NS
2015-06-01,JCHAC.NS
2015-06-01,JETAIRWAYS.NS
2015-06-01,JINDALSAW.NS
2015-06-01,JISLDVREQS.NS
2015-06-01,JISLJALEQS.NS
2015-06-01,JKCEMENT.NS
2015-06-01,JKIL.NS
2015-06-01,JKLAKSHMI.NS
2015-06-01,JKTYRE.NS
2015-06-01,JMFINANCIL.NS
2015-06-01,JPINFRATEC.NS
2015-06-01,JPPOWER.NS
2015-06-01,JUBLPHARMA.NS
2015-06-01,JUNIORBEES.NS
2015-06-01,JYOTHYLAB.NS
2015-06-01,KALPATPOWR.NS
2015-06-01,KEC.NS
2015-06-01,KENNAMET.NS
2015-06-01,KIRLOSBROS.NS
2015-06-01,KIRLOSENG.NS
2015-06-01,KKCL.NS
2015-06-01,KNRCON.NS
2015-06-01,KOLTEPATIL.NS
2015-06-01,KPIL.NS
2015-06-01,KPRMILL.NS
2015-06-01,KRBL.NS
2015-06-01,KSB.NS
2015-06-01,KSK.NS
2015-06-01,KTKBANK.NS
2015-06-01,LAKSHVILAS.NS
2015-06-01,LAOPALA.NS
2015-06-01,LAXMIMACH.NS
2015-06-01,LINDEINDIA.NS
2015-06-01,LMW.NS
2015-06-01,MAHLIFE.NS
2015-06-01,MAHSEAMLES.NS
2015-06-01,MANAPPURAM.NS
2015-06-01,MARKSANS.NS
2015-06-01,MAYURUNIQ.NS
2015-06-01,MCLEODRUSS.NS
2015-06-01,MHRIL.NS
2015-06-01,MINDACORP.NS
2015-06-01,MOTILALOFS.NS
2015-06-01,MPSLTD.NS
2015-06-01,MTNL.NS
2015-06-01,NAVA.NS
2015-06-01,NAVNETEDUL.NS
2015-06-01,NCC.NS
2015-06-01,NESCO.NS
2015-06-01,NFL.NS
2015-06-01,NOVARTIND.NS
2015-06-01,NRBBEARING.NS
2015-06-01,OMAXE.NS
2015-06-01,ORIENTCEM.NS
2015-06-01,ORISSAMINE.NS
2015-06-01,PATELENG.NS
2015-06-01,PCJEWELLER.NS
2015-06-01,PFS.NS
2015-06-01,PGHL.NS
2015-06-01,PHOENIXLTD.NS
2015-06-01,POLYMED.NS
2015-06-01,POONAWALLA.NS
2015-06-01,PRSMJOHNSN.NS
2015-06-01,PTC.NS
2015-06-01,PURVA.NS
2015-06-01,PVR.NS
2015-06-01,RAIN.NS
2015-06-01,RALLIS.NS
2015-06-01,RATNAMANI.NS
2015-06-01,RCF.NS
2015-06-01,RELAXO.NS
2015-06-01,RENUKA.NS
2015-06-01,REPCOHOME.NS
2015-06-01,RESPONIND.NS
2015-06-01,ROLTA.NS
2015-06-01,RTNPOWER.NS
2015-06-01,RUPA.NS
2015-06-01,SADBHAV.NS
2015-06-01,SANGHIIND.NS
2015-06-01,SANOFI.NS
2015-06-01,SCHNEIDER.NS
2015-06-01,SCI.NS
2015-06-01,SHARDACROP.NS
2015-06-01,SHILPAMED.NS
2015-06-01,SHOPERSTOP.NS
2015-06-01,SICAL.NS
2015-06-01,SIMPLEXINF.NS
2015-06-01,SITINET.NS
2015-06-01,SKFINDIA.NS
2015-06-01,SMLISUZU.NS
2015-06-01,SNOWMAN.NS
2015-06-01,SOBHA.NS
2015-06-01,SONATSOFTW.NS
2015-06-01,SOUTHBANK.NS
2015-06-01,SREINFRA.NS
2015-06-01,STAR.NS
2015-06-01,STLTECH.NS
2015-06-01,SUNCLAYLTD.NS
2015-06-01,SUNDRMFAST.NS
2015-06-01,SUNDROP.NS
2015-06-01,SUNTECK.NS
2015-06-01,SUPRAJIT.NS
2015-06-01,SWANCORP.NS
2015-06-01,TATACHEM.NS
2015-06-01,TATACOFFEE.NS
2015-06-01,TATAELXSI.NS
2015-06-01,TEXRAIL.NS
2015-06-01,THOMASCOOK.NS
2015-06-01,TIDEWATER.NS
2015-06-01,TIMKEN.NS
2015-06-01,TREEHOUSE.NS
2015-06-01,TRENT.NS
2015-06-01,TRITURBINE.NS
2015-06-01,TTKPRESTIG.NS
2015-06-01,TTML.NS
2015-06-01,TVSHLTD.NS
2015-06-01,TVTODAY.NS
2015-06-01,UNICHEMLAB.NS
2015-06-01,VAIBHAVGBL.NS
2015-06-01,VEEDOL.NS
2015-06-01,VESUVIUS.NS
2015-06-01,VGUARD.NS
2015-06-01,VINATIORGA.NS
2015-06-01,VIPIND.NS
2015-06-01,VIVIDHA.NS
2015-06-01,VSTIND.NS
2015-06-01,VTL.NS
2015-06-01,WABAG.NS
2015-06-01,WELCORP.NS
2015-06-01,WELSPUNIND.NS
2015-06-01,WELSPUNLIV.NS
2015-06-01,WHEELS.NS
2015-06-01,WONDERLA.NS
2015-06-01,ZENSARTECH.NS
2015-06-01,ZFCVINDIA.NS
2015-09-30,AARTIDRUGS.NS
2015-09-30,AARTIIND.NS
2015-09-30,ABAN.NS
2015-09-30,ABREL.NS
2015-09-30,ACCELYA.NS
2015-09-30,ACLGATI.NS
2015-09-30,ADANIENSOL.NS
2015-09-30,ADANITRANS.NS
2015-09-30,AEGISCHEM.NS
2015-09-30,AEGISLOG.NS
2015-09-30,AHLUCONT.NS
2015-09-30,APARINDS.NS
2015-09-30,ARVIND.NS
2015-09-30,ASAHIINDIA.NS
2015-09-30,ASHIANA.NS
2015-09-30,ASHOKA.NS
2015-09-30,ASTRAL.NS
2015-09-30,ASTRAZEN.NS
2015-09-30,ATFL.NS
2015-09-30,ATUL.NS
2015-09-30,AVANTIFEED.NS
2015-09-30,BAJAJELEC.NS
2015-09-30,BAJAJHIND.NS
2015-09-30,BALMLAWRIE.NS
2015-09-30,BBTC.NS
2015-09-30,BCG.NS
2015-09-30,BEML.NS
2015-09-30,BFUTILITIE.NS
2015-09-30,BIRLACORPN.NS
2015-09-30,BLISSGVS.NS
2015-09-30,BLUESTARCO.NS
2015-09-30,BOMDYEING.NS
2015-09-30,BRFL.NS
2015-09-30,CANFINHOME.NS
2015-09-30,CAPLIPOINT.NS
2015-09-30,CARBORUNIV.NS
2015-09-30,CARERATING.NS
2015-09-30,CCL.NS
2015-09-30,CEATLTD.NS
2015-09-30,CENTURYPLY.NS
2015-09-30,CENTURYTEX.NS
2015-09-30,CERA.NS
2015-09-30,CHAMBLFERT.NS
2015-09-30,CHENNPETRO.NS
2015-09-30,CHOLAHLDNG.NS
2015-09-30,CLCIND.NS
2015-09-30,COFORGE.NS
2015-09-30,COX&KINGS.NS
2015-09-30,CUB.NS
2015-09-30,DBREALTY.NS
2015-09-30,DCAL.NS
2015-09-30,DCBBANK.NS
2015-09-30,DCMSHRIRAM.NS
2015-09-30,DELTACORP.NS
2015-09-30,DEN.NS
2015-09-30,DHANUKA.NS
2015-09-30,DPSCLTD.NS
2015-09-30,DYNAMATECH.NS
2015-09-30,ECLERX.NS
2015-09-30,EDELWEISS.NS
2015-09-30,EIDPARRY.NS
2015-09-30,ELGIEQUIP.NS
2015-09-30,ENIL.NS
2015-09-30,EPL.NS
2015-09-30,EROSMEDIA.NS
2015-09-30,ESCORTS.NS
2015-09-30,EVEREADY.NS
2015-09-30,FACT.NS
2015-09-30,FCONSUMER.NS
2015-09-30,FDC.NS
2015-09-30,FEL.NS
2015-09-30,FINCABLES.NS
2015-09-30,FINPIPE.NS
2015-09-30,FLFL.NS
2015-09-30,FMGOETZE.NS
2015-09-30,FSL.NS
2015-09-30,GATEWAY.NS
2015-09-30,GATI.NS
2015-09-30,GEPIL.NS
2015-09-30,GLOBOFFS.NS
2015-09-30,GODFRYPHLP.NS
2015-09-30,GRANULES.NS
2015-09-30,GRAPHITE.NS
2015-09-30,GREAVESCOT.NS
2015-09-30,GREENPLY.NS
2015-09-30,GRINDWELL.NS
2015-09-30,GSFC.NS
2015-09-30,GULFOILLUB.NS
2015-09-30,GVPIL.NS
2015-09-30,HATSUN.NS
2015-09-30,HCC.NS
2015-09-30,HDIL.NS
2015-09-30,HEIDELBERG.NS
2015-09-30,HEUBACHIND.NS
2015-09-30,HFCL.NS
2015-09-30,HMT.NS
2015-09-30,HMVL.NS
2015-09-30,HTMEDIA.NS
2015-09-30,HUHTAMAKI.NS
2015-09-30,IBREALEST.NS
2015-09-30,ICIL.NS
2015-09-30,ICRA.NS
2015-09-30,IFBIND.NS
2015-09-30,IFCI.NS
2015-09-30,IGARASHI.NS
2015-09-30,IIFL-RE.NS
2015-09-30,IIFL.NS
2015-09-30,IL&FSTRANS.NS
2015-09-30,INDIACEM.NS
2015-09-30,INDOCO.NS
2015-09-30,INGERRAND.NS
2015-09-30,INOXLEISUR.NS
2015-09-30,J&KBANK.NS
2015-09-30,JAGRAN.NS
2015-09-30,JBFIND.NS
2015-09-30,JCHAC.NS
2015-09-30,JETAIRWAYS.NS
2015-09-30,JISLDVREQS.NS
2015-09-30,JISLJALEQS.NS
2015-09-30,JKCEMENT.NS
2015-09-30,JKIL.NS
2015-09-30,JKLAKSHMI.NS
2015-09-30,JKTYRE.NS
2015-09-30,JMFINANCIL.NS
2015-09-30,JMTAUTOLTD.NS
2015-09-30,JPASSOCIAT.NS
2015-09-30,JPINFRATEC.NS
2015-09-30,JPPOWER.NS
2015-09-30,JUBLPHARMA.NS
2015-09-30,JUNIORBEES.NS
2015-09-30,KALPATPOWR.NS
2015-09-30,KEC.NS
2015-09-30,KENNAMET.NS
2015-09-30,KIRLOSBROS.NS
2015-09-30,KIRLOSENG.NS
2015-09-30,KKCL.NS
2015-09-30,KNRCON.NS
2015-09-30,KOLTEPATIL.NS
2015-09-30,KPIL.NS
2015-09-30,KPRMILL.NS
2015-09-30,KRBL.NS
2015-09-30,KSB.NS
2015-09-30,KSK.NS
2015-09-30,KTKBANK.NS
2015-09-30,LAKSHVILAS.NS
2015-09-30,LAOPALA.NS
2015-09-30,LAXMIMACH.NS
2015-09-30,LINDEINDIA.NS
2015-09-30,LMW.NS
2015-09-30,MAHLIFE.NS
2015-09-30,MANAPPURAM.NS
2015-09-30,MANPASAND.NS
2015-09-30,MARKSANS.NS
2015-09-30,MAYURUNIQ.NS
2015-09-30,MCLEODRUSS.NS
2015-09-30,MHRIL.NS
2015-09-30,MINDACORP.NS
2015-09-30,MMTC.NS
2015-09-30,MOIL.NS
2015-09-30,MOTILALOFS.NS
2015-09-30,MPSLTD.NS
2015-09-30,NAVA.NS
2015-09-30,NAVNETEDUL.NS
2015-09-30,NCC.NS
2015-09-30,NESCO.NS
2015-09-30,NOVARTIND.NS
2015-09-30,NXTDIGITAL.NS
2015-09-30,OMAXE.NS
2015-09-30,ORIENTCEM.NS
2015-09-30,ORISSAMINE.NS
2015-09-30,PATELENG.NS
2015-09-30,PFS.NS
2015-09-30,PHOENIXLTD.NS
2015-09-30,PNCINFRA.NS
2015-09-30,POLYMED.NS
2015-09-30,POONAWALLA.NS
2015-09-30,PRAJIND.NS
2015-09-30,PTC.NS
2015-09-30,PURVA.NS
2015-09-30,PVR.NS
2015-09-30,RALLIS.NS
2015-09-30,RAMCOSYS.NS
2015-09-30,RATNAMANI.NS
2015-09-30,RCF.NS
2015-09-30,REDINGTON.NS
2015-09-30,RENUKA.NS
2015-09-30,REPCOHOME.NS
2015-09-30,RESPONIND.NS
2015-09-30,RKFORGE.NS
2015-09-30,ROLTA.NS
2015-09-30,RTNPOWER.NS
2015-09-30,RUPA.NS
2015-09-30,SADBHAV.NS
2015-09-30,SCHNEIDER.NS
2015-09-30,SCI.NS
2015-09-30,SHARDACROP.NS
2015-09-30,SHILPAMED.NS
2015-09-30,SHOPERSTOP.NS
2015-09-30,SIMPLEXINF.NS
2015-09-30,SITINET.NS
2015-09-30,SKFINDIA.NS
2015-09-30,SKIPPER.NS
2015-09-30,SMLISUZU.NS
2015-09-30,SNOWMAN.NS
2015-09-30,SOBHA.NS
2015-09-30,SOMANYCERA.NS
2015-09-30,SONATSOFTW.NS
2015-09-30,SOUTHBANK.NS
2015-09-30,SPICEJET.NS
2015-09-30,SREINFRA.NS
2015-09-30,STAR.NS
2015-09-30,STLTECH.NS
2015-09-30,SUNCLAYLTD.NS
2015-09-30,SUNDRMFAST.NS
2015-09-30,SUNDROP.NS
2015-09-30,SUNTECK.NS
2015-09-30,SUPRAJIT.NS
2015-09-30,SWANCORP.NS
2015-09-30,SWANENERGY.NS
2015-09-30,TAKE.NS
2015-09-30,TATACHEM.NS
2015-09-30,TATACOFFEE.NS
2015-09-30,TATAELXSI.NS
2015-09-30,TEXRAIL.NS
2015-09-30,THOMASCOOK.NS
2015-09-30,TIMKEN.NS
2015-09-30,TREEHOUSE.NS
2015-09-30,TRENT.NS
2015-09-30,TRIDENT.NS
2015-09-30,TRITURBINE.NS
2015-09-30,TTKPRESTIG.NS
2015-09-30,TVSHLTD.NS
2015-09-30,TVSSRICHAK.NS
2015-09-30,UFO.NS
2015-09-30,UNICHEMLAB.NS
2015-09-30,UNITECH.NS
2015-09-30,VAIBHAVGBL.NS
2015-09-30,VESUVIUS.NS
2015-09-30,VGUARD.NS
2015-09-30,VIDEOIND.NS
2015-09-30,VINATIORGA.NS
2015-09-30,VRLLOG.NS
2015-09-30,VSTIND.NS
2015-09-30,VTL.NS
2015-09-30,WABAG.NS
2015-09-30,WELCORP.NS
2015-09-30,WHEELS.NS
2015-09-30,WONDERLA.NS
2015-09-30,ZENSARTECH.NS
2015-09-30,ZFCVINDIA.NS
2016-03-31,AARTIIND.NS
2016-03-31,ABFRL.NS
2016-03-31,ABREL.NS
2016-03-31,ADANIENSOL.NS
2016-03-31,ADANIENT.NS
2016-03-31,ADANITRANS.NS
2016-03-31,AEGISCHEM.NS
2016-03-31,AEGISLOG.NS
2016-03-31,AHLUCONT.NS
2016-03-31,APARINDS.NS
2016-03-31,APLAPOLLO.NS
2016-03-31,ARVIND.NS
2016-03-31,ASAHIINDIA.NS
2016-03-31,ASHIANA.NS
2016-03-31,ASHOKA.NS
2016-03-31,ASTRAL.NS
2016-03-31,ASTRAZEN.NS
2016-03-31,ATUL.NS
2016-03-31,AURUM.NS
2016-03-31,AVANTIFEED.NS
2016-03-31,BAJAJELEC.NS
2016-03-31,BAJAJHIND.NS
2016-03-31,BALMLAWRIE.NS
2016-03-31,BALRAMCHIN.NS
2016-03-31,BASF.NS
2016-03-31,BBTC.NS
2016-03-31,BEML.NS
2016-03-31,BFUTILITIE.NS
2016-03-31,BIRLACORPN.NS
2016-03-31,BLISSGVS.NS
2016-03-31,BLUESTARCO.NS
2016-03-31,BRFL.NS
2016-03-31,BSOFT.NS
2016-03-31,CANFINHOME.NS
2016-03-31,CAPLIPOINT.NS
2016-03-31,CARBORUNIV.NS
2016-03-31,CARERATING.NS
2016-03-31,CCL.NS
2016-03-31,CEATLTD.NS
2016-03-31,CENTURYPLY.NS
2016-03-31,CENTURYTEX.NS
2016-03-31,CERA.NS
2016-03-31,CESC.NS
2016-03-31,CGPOWER.NS
2016-03-31,CHAMBLFERT.NS
2016-03-31,CHENNPETRO.NS
2016-03-31,CHOLAHLDNG.NS
2016-03-31,CLCIND.NS
2016-03-31,COFFEEDAY.NS
2016-03-31,COFORGE.NS
2016-03-31,COX&KINGS.NS
2016-03-31,CUB.NS
2016-03-31,CYIENT.NS
2016-03-31,DBREALTY.NS
2016-03-31,DCAL.NS
2016-03-31,DCBBANK.NS
2016-03-31,DCMSHRIRAM.NS
2016-03-31,DELTACORP.NS
2016-03-31,DEN.NS
2016-03-31,DHANUKA.NS
2016-03-31,DPSCLTD.NS
2016-03-31,EDELWEISS.NS
2016-03-31,EIDPARRY.NS
2016-03-31,ELGIEQUIP.NS
2016-03-31,ENIL.NS
2016-03-31,EPL.NS
2016-03-31,EROSMEDIA.NS
2016-03-31,ESCORTS.NS
2016-03-31,EVEREADY.NS
2016-03-31,FCONSUMER.NS
2016-03-31,FDC.NS
2016-03-31,FINCABLES.NS
2016-03-31,FINPIPE.NS
2016-03-31,FLFL.NS
2016-03-31,FMGOETZE.NS
2016-03-31,FSL.NS
2016-03-31,GATEWAY.NS
2016-03-31,GAYAPROJ.NS
2016-03-31,GEPIL.NS
2016-03-31,GESHIP.NS
2016-03-31,GMDCLTD.NS
2016-03-31,GRANULES.NS
2016-03-31,GREAVESCOT.NS
2016-03-31,GREENPLY.NS
2016-03-31,GRINDWELL.NS
2016-03-31,GSFC.NS
2016-03-31,GULFOILLUB.NS
2016-03-31,GVPIL.NS
2016-03-31,HATSUN.NS
2016-03-31,HCC.NS
2016-03-31,HDIL.NS
2016-03-31,HEIDELBERG.NS
2016-03-31,HFCL.NS
2016-03-31,HIMATSEIDE.NS
2016-03-31,HINDCOPPER.NS
2016-03-31,HMT.NS
2016-03-31,HMVL.NS
2016-03-31,HTMEDIA.NS
2016-03-31,HUHTAMAKI.NS
2016-03-31,IBREALEST.NS
2016-03-31,ICIL.NS
2016-03-31,ICRA.NS
2016-03-31,IFBIND.NS
2016-03-31,IFCI.NS
2016-03-31,IGARASHI.NS
2016-03-31,IIFL-RE.NS
2016-03-31,IIFL.NS
2016-03-31,IL&FSTRANS.NS
2016-03-31,INDIACEM.NS
2016-03-31,INDOCO.NS
2016-03-31,INGERRAND.NS
2016-03-31,INOXLEISUR.NS
2016-03-31,INTELLECT.NS
2016-03-31,ITDCEM.NS
2016-03-31,ITI.NS
2016-03-31,J&KBANK.NS
2016-03-31,JAGRAN.NS
2016-03-31,JBFIND.NS
2016-03-31,JCHAC.NS
2016-03-31,JINDALPOLY.NS
2016-03-31,JISLDVREQS.NS
2016-03-31,JISLJALEQS.NS
2016-03-31,JKCEMENT.NS
2016-03-31,JKIL.NS
2016-03-31,JKLAKSHMI.NS
2016-03-31,JKTYRE.NS
2016-03-31,JMFINANCIL.NS
2016-03-31,JMTAUTOLTD.NS
2016-03-31,JPASSOCIAT.NS
2016-03-31,JPINFRATEC.NS
2016-03-31,JPPOWER.NS
2016-03-31,JSWISPL.NS
2016-03-31,KALPATPOWR.NS
2016-03-31,KARURVYSYA.NS
2016-03-31,KEC.NS
2016-03-31,KENNAMET.NS
2016-03-31,KIRLOSENG.NS
2016-03-31,KKCL.NS
2016-03-31,KNRCON.NS
2016-03-31,KPIL.NS
2016-03-31,KPRMILL.NS
2016-03-31,KRBL.NS
2016-03-31,KSB.NS
2016-03-31,KSCL.NS
2016-03-31,KSK.NS
2016-03-31,KTKBANK.NS
2016-03-31,LAKSHVILAS.NS
2016-03-31,LAOPALA.NS
2016-03-31,LAXMIMACH.NS
2016-03-31,LINDEINDIA.NS
2016-03-31,LMW.NS
2016-03-31,LUXIND.NS
2016-03-31,MAHLIFE.NS
2016-03-31,MAHSCOOTER.NS
2016-03-31,MANAPPURAM.NS
2016-03-31,MANPASAND.NS
2016-03-31,MARKSANS.NS
2016-03-31,MAYURUNIQ.NS
2016-03-31,MCLEODRUSS.NS
2016-03-31,MCX.NS
2016-03-31,MHRIL.NS
2016-03-31,MINDACORP.NS
2016-03-31,MMTC.NS
2016-03-31,MOIL.NS
2016-03-31,MOTILALOFS.NS
2016-03-31,NAVINFLUOR.NS
2016-03-31,NAVKARCORP.NS
2016-03-31,NAVNETEDUL.NS
2016-03-31,NCC.NS
2016-03-31,NESCO.NS
2016-03-31,NETWORK18.NS
2016-03-31,NILKAMAL.NS
2016-03-31,NOVARTIND.NS
2016-03-31,OMAXE.NS
2016-03-31,ORIENTCEM.NS
2016-03-31,PATELENG.NS
2016-03-31,PFOCUS.NS
2016-03-31,PFS.NS
2016-03-31,PHOENIXLTD.NS
2016-03-31,PNCINFRA.NS
2016-03-31,POONAWALLA.NS
2016-03-31,PRAJIND.NS
2016-03-31,PRSMJOHNSN.NS
2016-03-31,PTC.NS
2016-03-31,PVR.NS
2016-03-31,RALLIS.NS
2016-03-31,RAMCOSYS.NS
2016-03-31,RATNAMANI.NS
2016-03-31,RCF.NS
2016-03-31,REDINGTON.NS
2016-03-31,RENUKA.NS
2016-03-31,REPCOHOME.NS
2016-03-31,RESPONIND.NS
2016-03-31,RTNPOWER.NS
2016-03-31,RUPA.NS
2016-03-31,SADBHAV.NS
2016-03-31,SADBHIN.NS
2016-03-31,SCHNEIDER.NS
2016-03-31,SCI.NS
2016-03-31,SECURKLOUD.NS
2016-03-31,SHARDACROP.NS
2016-03-31,SHILPAMED.NS
2016-03-31,SHK.NS
2016-03-31,SHOPERSTOP.NS
2016-03-31,SITINET.NS
2016-03-31,SKFINDIA.NS
2016-03-31,SKIPPER.NS
2016-03-31,SMLISUZU.NS
2016-03-31,SOBHA.NS
2016-03-31,SONATSOFTW.NS
2016-03-31,SOUTHBANK.NS
2016-03-31,SPICEJET.NS
2016-03-31,SREINFRA.NS
2016-03-31,STAR.NS
2016-03-31,STLTECH.NS
2016-03-31,SUNCLAYLTD.NS
2016-03-31,SUNDRMFAST.NS
2016-03-31,SUPRAJIT.NS
2016-03-31,SWANCORP.NS
2016-03-31,SWANENERGY.NS
2016-03-31,TAKE.NS
2016-03-31,TATACHEM.NS
2016-03-31,TATACOFFEE.NS
2016-03-31,TEXRAIL.NS
2016-03-31,THOMASCOOK.NS
2016-03-31,TIDEWATER.NS
2016-03-31,TIMKEN.NS
2016-03-31,TNPL.NS
2016-03-31,TRENT.NS
2016-03-31,TRIDENT.NS
2016-03-31,TRITURBINE.NS
2016-03-31,TTKPRESTIG.NS
2016-03-31,TVSHLTD.NS
2016-03-31,TVSSRICHAK.NS
2016-03-31,TVTODAY.NS
2016-03-31,UNICHEMLAB.NS
2016-03-31,UNITECH.NS
2016-03-31,VEEDOL.NS
2016-03-31,VESUVIUS.NS
2016-03-31,VGUARD.NS
2016-03-31,VIDEOIND.NS
2016-03-31,VINATIORGA.NS
2016-03-31,VRLLOG.NS
2016-03-31,VSTIND.NS
2016-03-31,VTL.NS
2016-03-31,WABAG.NS
2016-03-31,WELCORP.NS
2016-03-31,WONDERLA.NS
2016-03-31,ZENSARTECH.NS
2016-03-31,ZFCVINDIA.NS
2016-09-30,AARTIIND.NS
2016-09-30,ABFRL.NS
2016-09-30,ABREL.NS
2016-09-30,ACCELYA.NS
2016-09-30,ADANIENSOL.NS
2016-09-30,ADANIENT.NS
2016-09-30,ADANITRANS.NS
2016-09-30,AEGISCHEM.NS
2016-09-30,AEGISLOG.NS
2016-09-30,AHLUCONT.NS
2016-09-30,APARINDS.NS
2016-09-30,APLAPOLLO.NS
2016-09-30,ARVIND.NS
2016-09-30,ASAHIINDIA.NS
2016-09-30,ASHOKA.NS
2016-09-30,ASTRAL.NS
2016-09-30,ASTRAZEN.NS
2016-09-30,AVANTIFEED.NS
2016-09-30,BAJAJELEC.NS
2016-09-30,BAJAJHIND.NS
2016-09-30,BALMLAWRIE.NS
2016-09-30,BALRAMCHIN.NS
2016-09-30,BANARISUG.NS
2016-09-30,BASF.NS
2016-09-30,BBTC.NS
2016-09-30,BFUTILITIE.NS
2016-09-30,BIRLACORPN.NS
2016-09-30,BLUESTARCO.NS
2016-09-30,BRFL.NS
2016-09-30,CANFINHOME.NS
2016-09-30,CAPLIPOINT.NS
2016-09-30,CARBORUNIV.NS
2016-09-30,CARERATING.NS
2016-09-30,CCL.NS
2016-09-30,CEATLTD.NS
2016-09-30,CENTURYPLY.NS
2016-09-30,CENTURYTEX.NS
2016-09-30,CERA.NS
2016-09-30,CHAMBLFERT.NS
2016-09-30,CHENNPETRO.NS
2016-09-30,CLCIND.NS
2016-09-30,COFFEEDAY.NS
2016-09-30,COFORGE.NS
2016-09-30,COX&KINGS.NS
2016-09-30,CUB.NS
2016-09-30,CYIENT.NS
2016-09-30,DCAL.NS
2016-09-30,DCBBANK.NS
2016-09-30,DCMSHRIRAM.NS
2016-09-30,DELTACORP.NS
2016-09-30,DHANUKA.NS
2016-09-30,DPSCLTD.NS
2016-09-30,EDELWEISS.NS
2016-09-30,EIDPARRY.NS
2016-09-30,ELGIEQUIP.NS
2016-09-30,ENIL.NS
2016-09-30,EPL.NS
2016-09-30,EQUITAS.NS
2016-09-30,EROSMEDIA.NS
2016-09-30,EVEREADY.NS
2016-09-30,FCONSUMER.NS
2016-09-30,FDC.NS
2016-09-30,FEL.NS
2016-09-30,FINCABLES.NS
2016-09-30,FINPIPE.NS
2016-09-30,FLFL.NS
2016-09-30,FMGOETZE.NS
2016-09-30,FSL.NS
2016-09-30,GATEWAY.NS
2016-09-30,GAYAPROJ.NS
2016-09-30,GEPIL.NS
2016-09-30,GESHIP.NS
2016-09-30,GHCL.NS
2016-09-30,GMDCLTD.NS
2016-09-30,GNFC.NS
2016-09-30,GODFRYPHLP.NS
2016-09-30,GRANULES.NS
2016-09-30,GREAVESCOT.NS
2016-09-30,GREENPLY.NS
2016-09-30,GRINDWELL.NS
2016-09-30,GSFC.NS
2016-09-30,GUJALKALI.NS
2016-09-30,GULFOILLUB.NS
2016-09-30,GVPIL.NS
2016-09-30,HATSUN.NS
2016-09-30,HCC.NS
2016-09-30,HCG.NS
2016-09-30,HDIL.NS
2016-09-30,HEIDELBERG.NS
2016-09-30,HFCL.NS
2016-09-30,HIMATSEIDE.NS
2016-09-30,HINDCOPPER.NS
2016-09-30,HMVL.NS
2016-09-30,HTMEDIA.NS
2016-09-30,HUHTAMAKI.NS
2016-09-30,IBREALEST.NS
2016-09-30,ICIL.NS
2016-09-30,ICRA.NS
2016-09-30,IFCI.NS
2016-09-30,IGARASHI.NS
2016-09-30,IIFL-RE.NS
2016-09-30,IIFL.NS
2016-09-30,IL&FSTRANS.NS
2016-09-30,IMAGICAA.NS
2016-09-30,INDIACEM.NS
2016-09-30,INDOCO.NS
2016-09-30,INFIBEAM.NS
2016-09-30,INGERRAND.NS
2016-09-30,INOXLEISUR.NS
2016-09-30,INTELLECT.NS
2016-09-30,ITDCEM.NS
2016-09-30,J&KBANK.NS
2016-09-30,JAGRAN.NS
2016-09-30,JCHAC.NS
2016-09-30,JINDALPOLY.NS
2016-09-30,JINDALSAW.NS
2016-09-30,JISLDVREQS.NS
2016-09-30,JISLJALEQS.NS
2016-09-30,JKCEMENT.NS
2016-09-30,JKIL.NS
2016-09-30,JKLAKSHMI.NS
2016-09-30,JKTYRE.NS
2016-09-30,JMFINANCIL.NS
2016-09-30,JPASSOCIAT.NS
2016-09-30,JSWISPL.NS
2016-09-30,JUSTDIAL.NS
2016-09-30,JYOTHYLAB.NS
2016-09-30,KALPATPOWR.NS
2016-09-30,KARURVYSYA.NS
2016-09-30,KEC.NS
2016-09-30,KIRLOSENG.NS
2016-09-30,KKCL.NS
2016-09-30,KNRCON.NS
2016-09-30,KPIL.NS
2016-09-30,KPRMILL.NS
2016-09-30,KSB.NS
2016-09-30,KSCL.NS
2016-09-30,KTKBANK.NS
2016-09-30,LAKSHVILAS.NS
2016-09-30,LAOPALA.NS
2016-09-30,LAXMIMACH.NS
2016-09-30,LINDEINDIA.NS
2016-09-30,LMW.NS
2016-09-30,MAHLIFE.NS
2016-09-30,MANAPPURAM.NS
2016-09-30,MANPASAND.NS
2016-09-30,MARKSANS.NS
2016-09-30,MAYURUNIQ.NS
2016-09-30,MCX.NS
2016-09-30,MHRIL.NS
2016-09-30,MINDACORP.NS
2016-09-30,MMTC.NS
2016-09-30,MOIL.NS
2016-09-30,MOTILALOFS.NS
2016-09-30,NAVA.NS
2016-09-30,NAVINFLUOR.NS
2016-09-30,NAVKARCORP.NS
2016-09-30,NAVNETEDUL.NS
2016-09-30,NCC.NS
2016-09-30,NESCO.NS
2016-09-30,NETWORK18.NS
2016-09-30,NFL.NS
2016-09-30,NILKAMAL.NS
2016-09-30,NOVARTIND.NS
2016-09-30,OMAXE.NS
2016-09-30,ORIENTCEM.NS
2016-09-30,PARAGMILK.NS
2016-09-30,PATELENG.NS
2016-09-30,PERSISTENT.NS
2016-09-30,PFOCUS.NS
2016-09-30,PFS.NS
2016-09-30,PHOENIXLTD.NS
2016-09-30,PNCINFRA.NS
2016-09-30,POONAWALLA.NS
2016-09-30,PRSMJOHNSN.NS
2016-09-30,PTC.NS
2016-09-30,PVR.NS
2016-09-30,QUESS.NS
2016-09-30,RALLIS.NS
2016-09-30,RAMCOSYS.NS
2016-09-30,RATNAMANI.NS
2016-09-30,RCF.NS
2016-09-30,REDINGTON.NS
2016-09-30,RELAXO.NS
2016-09-30,RELIGARE.NS
2016-09-30,RENUKA.NS
2016-09-30,REPCOHOME.NS
2016-09-30,RESPONIND.NS
2016-09-30,RTNPOWER.NS
2016-09-30,RUPA.NS
2016-09-30,SADBHAV.NS
2016-09-30,SADBHIN.NS
2016-09-30,SCHNEIDER.NS
2016-09-30,SCI.NS
2016-09-30,SECURKLOUD.NS
2016-09-30,SEQUENT.NS
2016-09-30,SHARDACROP.NS
2016-09-30,SHILPAMED.NS
2016-09-30,SHK.NS
2016-09-30,SHOPERSTOP.NS
2016-09-30,SHRIPISTON.NS
2016-09-30,SITINET.NS
2016-09-30,SKFINDIA.NS
2016-09-30,SMLISUZU.NS
2016-09-30,SOBHA.NS
2016-09-30,SOMANYCERA.NS
2016-09-30,SOUTHBANK.NS
2016-09-30,SPICEJET.NS
2016-09-30,SPLPETRO.NS
2016-09-30,SREINFRA.NS
2016-09-30,STAR.NS
2016-09-30,STLTECH.NS
2016-09-30,SUDARSCHEM.NS
2016-09-30,SUNCLAYLTD.NS
2016-09-30,SUNDRMFAST.NS
2016-09-30,SUPRAJIT.NS
2016-09-30,TAKE.NS
2016-09-30,TATACHEM.NS
2016-09-30,TATACOFFEE.NS
2016-09-30,TATAELXSI.NS
2016-09-30,TCI.NS
2016-09-30,TEAMLEASE.NS
2016-09-30,TEXRAIL.NS
2016-09-30,THOMASCOOK.NS
2016-09-30,TIDEWATER.NS
2016-09-30,TIMKEN.NS
2016-09-30,TNPL.NS
2016-09-30,TRENT.NS
2016-09-30,TRIDENT.NS
2016-09-30,TRITURBINE.NS
2016-09-30,TTKPRESTIG.NS
2016-09-30,TVSHLTD.NS
2016-09-30,TVSSRICHAK.NS
2016-09-30,TVTODAY.NS
2016-09-30,UJJIVAN.NS
2016-09-30,UNICHEMLAB.NS
2016-09-30,UNOMINDA.NS
2016-09-30,VEEDOL.NS
2016-09-30,VESUVIUS.NS
2016-09-30,VGUARD.NS
2016-09-30,VIDEOIND.NS
2016-09-30,VINATIORGA.NS
2016-09-30,VIPIND.NS
2016-09-30,VIYASH.NS
2016-09-30,VSTIND.NS
2016-09-30,WABAG.NS
2016-09-30,WELCORP.NS
2016-09-30,WONDERLA.NS
2016-09-30,ZENSARTECH.NS
2016-09-30,ZFCVINDIA.NS
2017-03-31,AARTIIND.NS
2017-03-31,ABFRL.NS
2017-03-31,ABREL.NS
2017-03-31,ACCELYA.NS
2017-03-31,ADANIENSOL.NS
2017-03-31,ADANIENT.NS
2017-03-31,ADANITRANS.NS
2017-03-31,ADVENZYMES.NS
2017-03-31,AEGISCHEM.NS
2017-03-31,AEGISLOG.NS
2017-03-31,APARINDS.NS
2017-03-31,APLAPOLLO.NS
2017-03-31,ARVIND.NS
2017-03-31,ASAHIINDIA.NS
2017-03-31,ASHOKA.NS
2017-03-31,ASTRAL.NS
2017-03-31,ASTRAZEN.NS
2017-03-31,AVANTIFEED.NS
2017-03-31,BAJAJCON.NS
2017-03-31,BAJAJELEC.NS
2017-03-31,BALMLAWRIE.NS
2017-03-31,BALRAMCHIN.NS
2017-03-31,BANARISUG.NS
2017-03-31,BASF.NS
2017-03-31,BATAINDIA.NS
2017-03-31,BBTC.NS
2017-03-31,BIRLACORPN.NS
2017-03-31,BKMINDST.NS
2017-03-31,BLUESTARCO.NS
2017-03-31,BRFL.NS
2017-03-31,CANFINHOME.NS
2017-03-31,CAPLIPOINT.NS
2017-03-31,CARBORUNIV.NS
2017-03-31,CARERATING.NS
2017-03-31,CCL.NS
2017-03-31,CEATLTD.NS
2017-03-31,CENTURYPLY.NS
2017-03-31,CENTURYTEX.NS
2017-03-31,CERA.NS
2017-03-31,CGPOWER.NS
2017-03-31,CHAMBLFERT.NS
2017-03-31,CHENNPETRO.NS
2017-03-31,CLCIND.NS
2017-03-31,COFFEEDAY.NS
2017-03-31,COFORGE.NS
2017-03-31,COX&KINGS.NS
2017-03-31,CUB.NS
2017-03-31,CYIENT.NS
2017-03-31,DBL.NS
2017-03-31,DCAL.NS
2017-03-31,DCBBANK.NS
2017-03-31,DCMSHRIRAM.NS
2017-03-31,DEEPAKFERT.NS
2017-03-31,DELTACORP.NS
2017-03-31,DHANUKA.NS
2017-03-31,DPSCLTD.NS
2017-03-31,ECLERX.NS
2017-03-31,EDELWEISS.NS
2017-03-31,EIDPARRY.NS
2017-03-31,EIHOTEL.NS
2017-03-31,ELGIEQUIP.NS
2017-03-31,ENIL.NS
2017-03-31,EPL.NS
2017-03-31,EQUITAS.NS
2017-03-31,ESCORTS.NS
2017-03-31,FCONSUMER.NS
2017-03-31,FDC.NS
2017-03-31,FINPIPE.NS
2017-03-31,FLFL.NS
2017-03-31,FMGOETZE.NS
2017-03-31,FSL.NS
2017-03-31,GATEWAY.NS
2017-03-31,GAYAPROJ.NS
2017-03-31,GEPIL.NS
2017-03-31,GESHIP.NS
2017-03-31,GHCL.NS
2017-03-31,GMDCLTD.NS
2017-03-31,GNFC.NS
2017-03-31,GODFRYPHLP.NS
2017-03-31,GRANULES.NS
2017-03-31,GREAVESCOT.NS
2017-03-31,GREENPLY.NS
2017-03-31,GRINDWELL.NS
2017-03-31,GSFC.NS
2017-03-31,GTLINFRA.NS
2017-03-31,GUJALKALI.NS
2017-03-31,GULFOILLUB.NS
2017-03-31,GVPIL.NS
2017-03-31,HATHWAY.NS
2017-03-31,HCC.NS
2017-03-31,HDIL.NS
2017-03-31,HEIDELBERG.NS
2017-03-31,HERITGFOOD.NS
2017-03-31,HEXAWARE.NS
2017-03-31,HIMATSEIDE.NS
2017-03-31,HINDCOPPER.NS
2017-03-31,HMVL.NS
2017-03-31,IBREALEST.NS
2017-03-31,ICIL.NS
2017-03-31,ICRA.NS
2017-03-31,IFBIND.NS
2017-03-31,IFCI.NS
2017-03-31,IGARASHI.NS
2017-03-31,IIFL-RE.NS
2017-03-31,IIFL.NS
2017-03-31,IL&FSTRANS.NS
2017-03-31,IMAGICAA.NS
2017-03-31,INDIACEM.NS
2017-03-31,INDOCO.NS
2017-03-31,INFIBEAM.NS
2017-03-31,INGERRAND.NS
2017-03-31,INOXLEISUR.NS
2017-03-31,INOXWIND.NS
2017-03-31,ITDC.NS
2017-03-31,ITDCEM.NS
2017-03-31,ITI.NS
2017-03-31,J&KBANK.NS
2017-03-31,JAGRAN.NS
2017-03-31,JCHAC.NS
2017-03-31,JETAIRWAYS.NS
2017-03-31,JINDALSAW.NS
2017-03-31,JISLDVREQS.NS
2017-03-31,JISLJALEQS.NS
2017-03-31,JKCEMENT.NS
2017-03-31,JKLAKSHMI.NS
2017-03-31,JKTYRE.NS
2017-03-31,JMFINANCIL.NS
2017-03-31,JPASSOCIAT.NS
2017-03-31,JSLHISAR.NS
2017-03-31,JSWISPL.NS
2017-03-31,JUBLFOOD.NS
2017-03-31,JUSTDIAL.NS
2017-03-31,KALPATPOWR.NS
2017-03-31,KARURVYSYA.NS
2017-03-31,KEC.NS
2017-03-31,KIRLOSENG.NS
2017-03-31,KKCL.NS
2017-03-31,KNRCON.NS
2017-03-31,KPIL.NS
2017-03-31,KPRMILL.NS
2017-03-31,KSB.NS
2017-03-31,KSCL.NS
2017-03-31,KTKBANK.NS
2017-03-31,LAKSHVILAS.NS
2017-03-31,LAOPALA.NS
2017-03-31,LAURUSLABS.NS
2017-03-31,LAXMIMACH.NS
2017-03-31,LINDEINDIA.NS
2017-03-31,LMW.NS
2017-03-31,MANPASAND.NS
2017-03-31,MBECL.NS
2017-03-31,MCX.NS
2017-03-31,MHRIL.NS
2017-03-31,MINDACORP.NS
2017-03-31,MMTC.NS
2017-03-31,MOIL.NS
2017-03-31,NAVA.NS
2017-03-31,NAVINFLUOR.NS
2017-03-31,NAVKARCORP.NS
2017-03-31,NAVNETEDUL.NS
2017-03-31,NCC.NS
2017-03-31,NESCO.NS
2017-03-31,NETWORK18.NS
2017-03-31,NFL.NS
2017-03-31,NILKAMAL.NS
2017-03-31,OMAXE.NS
2017-03-31,ORIENTCEM.NS
2017-03-31,PARAGMILK.NS
2017-03-31,PATELENG.NS
2017-03-31,PERSISTENT.NS
2017-03-31,PFOCUS.NS
2017-03-31,PFS.NS
2017-03-31,PHOENIXLTD.NS
2017-03-31,PNCINFRA.NS
2017-03-31,POONAWALLA.NS
2017-03-31,PRIVISCL.NS
2017-03-31,PRSMJOHNSN.NS
2017-03-31,PTC.NS
2017-03-31,PVR.NS
2017-03-31,QUESS.NS
2017-03-31,RAIN.NS
2017-03-31,RALLIS.NS
2017-03-31,RATNAMANI.NS
2017-03-31,RCF.NS
2017-03-31,REDINGTON.NS
2017-03-31,RELAXO.NS
2017-03-31,RELIGARE.NS
2017-03-31,RENUKA.NS
2017-03-31,REPCOHOME.NS
2017-03-31,RTNPOWER.NS
2017-03-31,RUPA.NS
2017-03-31,SADBHAV.NS
2017-03-31,SADBHIN.NS
2017-03-31,SANOFI.NS
2017-03-31,SCHNEIDER.NS
2017-03-31,SCI.NS
2017-03-31,SECURKLOUD.NS
2017-03-31,SEPC.NS
2017-03-31,SEQUENT.NS
2017-03-31,SFL.NS
2017-03-31,SHARDACROP.NS
2017-03-31,SHILPAMED.NS
2017-03-31,SHK.NS
2017-03-31,SHOPERSTOP.NS
2017-03-31,SHRIPISTON.NS
2017-03-31,SITINET.NS
2017-03-31,SKFINDIA.NS
2017-03-31,SOBHA.NS
2017-03-31,SOLARINDS.NS
2017-03-31,SOMANYCERA.NS
2017-03-31,SOUTHBANK.NS
2017-03-31,SPICEJET.NS
2017-03-31,SPLPETRO.NS
2017-03-31,SREINFRA.NS
2017-03-31,STAR.NS
2017-03-31,STLTECH.NS
2017-03-31,SUDARSCHEM.NS
2017-03-31,SUPRAJIT.NS
2017-03-31,SWANCORP.NS
2017-03-31,SWANENERGY.NS
2017-03-31,TATACHEM.NS
2017-03-31,TATACOFFEE.NS
2017-03-31,TATAELXSI.NS
2017-03-31,TCI.NS
2017-03-31,TEXRAIL.NS
2017-03-31,THOMASCOOK.NS
2017-03-31,TIMETECHNO.NS
2017-03-31,TIMKEN.NS
2017-03-31,TNPL.NS
2017-03-31,TRENT.NS
2017-03-31,TRIDENT.NS
2017-03-31,TRITURBINE.NS
2017-03-31,TVSHLTD.NS
2017-03-31,TVSSRICHAK.NS
2017-03-31,UFLEX.NS
2017-03-31,UJJIVAN.NS
2017-03-31,UNOMINDA.NS
2017-03-31,VEEDOL.NS
2017-03-31,VESUVIUS.NS
2017-03-31,VGUARD.NS
2017-03-31,VIDEOIND.NS
2017-03-31,VINATIORGA.NS
2017-03-31,VIPIND.NS
2017-03-31,VIYASH.NS
2017-03-31,VSTIND.NS
2017-03-31,VTL.NS
2017-03-31,WABAG.NS
2017-03-31,WELCORP.NS
2017-03-31,WONDERLA.NS
2017-03-31,ZENSARTECH.NS
2017-09-30,AARTIIND.NS
2017-09-30,ABFRL.NS
2017-09-30,ABREL.NS
2017-09-30,ADANIENT.NS
2017-09-30,ADVENZYMES.NS
2017-09-30,AEGISCHEM.NS
2017-09-30,AEGISLOG.NS
2017-09-30,APARINDS.NS
2017-09-30,APLAPOLLO.NS
2017-09-30,ARVIND.NS
2017-09-30,ASAHIINDIA.NS
2017-09-30,ASHOKA.NS
2017-09-30,ASTRAL.NS
2017-09-30,ATUL.NS
2017-09-30,AVANTIFEED.NS
2017-09-30,BAJAJCON.NS
2017-09-30,BAJAJELEC.NS
2017-09-30,BALMLAWRIE.NS
2017-09-30,BALRAMCHIN.NS
2017-09-30,BANARISUG.NS
2017-09-30,BASF.NS
2017-09-30,BATAINDIA.NS
2017-09-30,BBTC.NS
2017-09-30,BEML.NS
2017-09-30,BIRLACORPN.NS
2017-09-30,BKMINDST.NS
2017-09-30,BLUESTARCO.NS
2017-09-30,BRFL.NS
2017-09-30,BRIGADE.NS
2017-09-30,CANFINHOME.NS
2017-09-30,CAPLIPOINT.NS
2017-09-30,CARBORUNIV.NS
2017-09-30,CARERATING.NS
2017-09-30,CCL.NS
2017-09-30,CDSL.NS
2017-09-30,CEATLTD.NS
2017-09-30,CENTURYPLY.NS
2017-09-30,CENTURYTEX.NS
2017-09-30,CERA.NS
2017-09-30,CGPOWER.NS
2017-09-30,CHAMBLFERT.NS
2017-09-30,CHENNPETRO.NS
2017-09-30,CLCIND.NS
2017-09-30,COFFEEDAY.NS
2017-09-30,COFORGE.NS
2017-09-30,COX&KINGS.NS
2017-09-30,CUB.NS
2017-09-30,CYIENT.NS
2017-09-30,DBCORP.NS
2017-09-30,DBL.NS
2017-09-30,DCAL.NS
2017-09-30,DCBBANK.NS
2017-09-30,DCMSHRIRAM.NS
2017-09-30,DEEPAKFERT.NS
2017-09-30,DELTACORP.NS
2017-09-30,DHANI.NS
2017-09-30,DHANUKA.NS
2017-09-30,DIACABS.NS
2017-09-30,DPSCLTD.NS
2017-09-30,ECLERX.NS
2017-09-30,EIDPARRY.NS
2017-09-30,EIHOTEL.NS
2017-09-30,ELGIEQUIP.NS
2017-09-30,ENIL.NS
2017-09-30,EPL.NS
2017-09-30,EQUITAS.NS
2017-09-30,ESCORTS.NS
2017-09-30,FACT.NS
2017-09-30,FCONSUMER.NS
2017-09-30,FDC.NS
2017-09-30,FINPIPE.NS
2017-09-30,FLFL.NS
2017-09-30,FMGOETZE.NS
2017-09-30,FSL.NS
2017-09-30,GATEWAY.NS
2017-09-30,GAYAPROJ.NS
2017-09-30,GEPIL.NS
2017-09-30,GESHIP.NS
2017-09-30,GICHSGFIN.NS
2017-09-30,GMDCLTD.NS
2017-09-30,GNFC.NS
2017-09-30,GODFRYPHLP.NS
2017-09-30,GPPL.NS
2017-09-30,GRANULES.NS
2017-09-30,GRAPHITE.NS
2017-09-30,GREAVESCOT.NS
2017-09-30,GREENPLY.NS
2017-09-30,GRINDWELL.NS
2017-09-30,GSFC.NS
2017-09-30,GTLINFRA.NS
2017-09-30,GUJALKALI.NS
2017-09-30,GULFOILLUB.NS
2017-09-30,GVPIL.NS
2017-09-30,HATHWAY.NS
2017-09-30,HCC.NS
2017-09-30,HDIL.NS
2017-09-30,HEIDELBERG.NS
2017-09-30,HERITGFOOD.NS
2017-09-30,HEXAWARE.NS
2017-09-30,HIMATSEIDE.NS
2017-09-30,HINDCOPPER.NS
2017-09-30,HSCL.NS
2017-09-30,ICIL.NS
2017-09-30,ICRA.NS
2017-09-30,IFBIND.NS
2017-09-30,IFCI.NS
2017-09-30,IGARASHI.NS
2017-09-30,IL&FSTRANS.NS
2017-09-30,IMAGICAA.NS
2017-09-30,INDIACEM.NS
2017-09-30,INDIGRID-IV.NS
2017-09-30,INDIGRID.NS
2017-09-30,INFIBEAM.NS
2017-09-30,INGERRAND.NS
2017-09-30,INOXWIND.NS
2017-09-30,IPCALAB.NS
2017-09-30,IRBINVIT.NS
2017-09-30,ITDC.NS
2017-09-30,ITDCEM.NS
2017-09-30,ITI.NS
2017-09-30,J&KBANK.NS
2017-09-30,JAGRAN.NS
2017-09-30,JCHAC.NS
2017-09-30,JETAIRWAYS.NS
2017-09-30,JISLDVREQS.NS
2017-09-30,JISLJALEQS.NS
2017-09-30,JKCEMENT.NS
2017-09-30,JKLAKSHMI.NS
2017-09-30,JKTYRE.NS
2017-09-30,JPASSOCIAT.NS
2017-09-30,JSL.NS
2017-09-30,JSLHISAR.NS
2017-09-30,JSWISPL.NS
2017-09-30,JUBLFOOD.NS
2017-09-30,JUSTDIAL.NS
2017-09-30,JYOTHYLAB.NS
2017-09-30,KALPATPOWR.NS
2017-09-30,KARURVYSYA.NS
2017-09-30,KEC.NS
2017-09-30,KIOCL.NS
2017-09-30,KIRLOSENG.NS
2017-09-30,KNRCON.NS
2017-09-30,KPIL.NS
2017-09-30,KPRMILL.NS
2017-09-30,KSB.NS
2017-09-30,KSCL.NS
2017-09-30,KTKBANK.NS
2017-09-30,LAKSHVILAS.NS
2017-09-30,LALPATHLAB.NS
2017-09-30,LAOPALA.NS
2017-09-30,LAURUSLABS.NS
2017-09-30,LAXMIMACH.NS
2017-09-30,LINDEINDIA.NS
2017-09-30,LMW.NS
2017-09-30,LUXIND.NS
2017-09-30,MAHSCOOTER.NS
2017-09-30,MAHSEAMLES.NS
2017-09-30,MANPASAND.NS
2017-09-30,MBECL.NS
2017-09-30,MCX.NS
2017-09-30,MHRIL.NS
2017-09-30,MMTC.NS
2017-09-30,MOIL.NS
2017-09-30,NAVINFLUOR.NS
2017-09-30,NAVKARCORP.NS
2017-09-30,NAVNETEDUL.NS
2017-09-30,NCC.NS
2017-09-30,NESCO.NS
2017-09-30,NETWORK18.NS
2017-09-30,NFL.NS
2017-09-30,NH.NS
2017-09-30,NILKAMAL.NS
2017-09-30,OMAXE.NS
2017-09-30,ORIENTCEM.NS
2017-09-30,PATELENG.NS
2017-09-30,PERSISTENT.NS
2017-09-30,PFOCUS.NS
2017-09-30,PFS.NS
2017-09-30,PHOENIXLTD.NS
2017-09-30,PNCINFRA.NS
2017-09-30,POONAWALLA.NS
2017-09-30,PRSMJOHNSN.NS
2017-09-30,PTC.NS
2017-09-30,PVR.NS
2017-09-30,QUESS.NS
2017-09-30,RAIN.NS
2017-09-30,RALLIS.NS
2017-09-30,RATNAMANI.NS
2017-09-30,RCF.NS
2017-09-30,RCOM.NS
2017-09-30,REDINGTON.NS
2017-09-30,RELAXO.NS
2017-09-30,RENUKA.NS
2017-09-30,REPCOHOME.NS
2017-09-30,RUPA.NS
2017-09-30,SADBHAV.NS
2017-09-30,SADBHIN.NS
2017-09-30,SANOFI.NS
2017-09-30,SCHNEIDER.NS
2017-09-30,SCI.NS
2017-09-30,SFL.NS
2017-09-30,SHARDACROP.NS
2017-09-30,SHILPAMED.NS
2017-09-30,SHK.NS
2017-09-30,SHOPERSTOP.NS
2017-09-30,SHRIPISTON.NS
2017-09-30,SITINET.NS
2017-09-30,SKFINDIA.NS
2017-09-30,SOBHA.NS
2017-09-30,SOLARINDS.NS
2017-09-30,SOMANYCERA.NS
2017-09-30,SOUTHBANK.NS
2017-09-30,SPICEJET.NS
2017-09-30,SPLPETRO.NS
2017-09-30,SREINFRA.NS
2017-09-30,STAR.NS
2017-09-30,STARCEMENT.NS
2017-09-30,STLTECH.NS
2017-09-30,SUDARSCHEM.NS
2017-09-30,SUNTECK.NS
2017-09-30,SUPRAJIT.NS
2017-09-30,SWANCORP.NS
2017-09-30,SWANENERGY.NS
2017-09-30,TATACHEM.NS
2017-09-30,TATACOFFEE.NS
2017-09-30,TATAELXSI.NS
2017-09-30,TEJASNET.NS
2017-09-30,THOMASCOOK.NS
2017-09-30,TIMETECHNO.NS
2017-09-30,TIMKEN.NS
2017-09-30,TRIDENT.NS
2017-09-30,TRITURBINE.NS
2017-09-30,TTKPRESTIG.NS
2017-09-30,TV18BRDCST.NS
2017-09-30,TVSHLTD.NS
2017-09-30,TVSSRICHAK.NS
2017-09-30,UFLEX.NS
2017-09-30,UJJIVAN.NS
2017-09-30,UNOMINDA.NS
2017-09-30,VESUVIUS.NS
2017-09-30,VGUARD.NS
2017-09-30,VINATIORGA.NS
2017-09-30,VIPIND.NS
2017-09-30,VIYASH.NS
2017-09-30,VSTIND.NS
2017-09-30,VTL.NS
2017-09-30,WABAG.NS
2017-09-30,WELCORP.NS
2017-09-30,WOCKPHARMA.NS
2017-09-30,ZENSARTECH.NS
2018-03-31,AARTIIND.NS
2018-03-31,ABFRL.NS
2018-03-31,ABREL.NS
2018-03-31,AEGISCHEM.NS
2018-03-31,AEGISLOG.NS
2018-03-31,AKZOINDIA.NS
2018-03-31,AMBER.NS
2018-03-31,APLAPOLLO.NS
2018-03-31,APLLTD.NS
2018-03-31,ARVIND.NS
2018-03-31,ASAHIINDIA.NS
2018-03-31,ASHOKA.NS
2018-03-31,ASTRAL.NS
2018-03-31,ATUL.NS
2018-03-31,BAJAJCON.NS
2018-03-31,BAJAJELEC.NS
2018-03-31,BALRAMCHIN.NS
2018-03-31,BASF.NS
2018-03-31,BATAINDIA.NS
2018-03-31,BIRLACORPN.NS
2018-03-31,BKMINDST.NS
2018-03-31,BLUEDART.NS
2018-03-31,BLUESTARCO.NS
2018-03-31,BOMDYEING.NS
2018-03-31,BRFL.NS
2018-03-31,CANFINHOME.NS
2018-03-31,CAPLIPOINT.NS
2018-03-31,CARBORUNIV.NS
2018-03-31,CARERATING.NS
2018-03-31,CCL.NS
2018-03-31,CDSL.NS
2018-03-31,CEATLTD.NS
2018-03-31,CENTURYPLY.NS
2018-03-31,CENTURYTEX.NS
2018-03-31,CERA.NS
2018-03-31,CGPOWER.NS
2018-03-31,CHAMBLFERT.NS
2018-03-31,CHENNPETRO.NS
2018-03-31,CIEINDIA.NS
2018-03-31,CLCIND.NS
2018-03-31,COCHINSHIP.NS
2018-03-31,COFFEEDAY.NS
2018-03-31,COFORGE.NS
2018-03-31,COX&KINGS.NS
2018-03-31,CUB.NS
2018-03-31,CYIENT.NS
2018-03-31,DBCORP.NS
2018-03-31,DCAL.NS
2018-03-31,DCBBANK.NS
2018-03-31,DCMSHRIRAM.NS
2018-03-31,DEEPAKFERT.NS
2018-03-31,DELTACORP.NS
2018-03-31,DHANUKA.NS
2018-03-31,DIACABS.NS
2018-03-31,DISHTV.NS
2018-03-31,DIXON.NS
2018-03-31,DPSCLTD.NS
2018-03-31,ECLERX.NS
2018-03-31,EIDPARRY.NS
2018-03-31,EIHOTEL.NS
2018-03-31,ELGIEQUIP.NS
2018-03-31,ENIL.NS
2018-03-31,EPL.NS
2018-03-31,EQUITAS.NS
2018-03-31,ESCORTS.NS
2018-03-31,FACT.NS
2018-03-31,FDC.NS
2018-03-31,FINPIPE.NS
2018-03-31,FLFL.NS
2018-03-31,FSL.NS
2018-03-31,GAYAPROJ.NS
2018-03-31,GEPIL.NS
2018-03-31,GESHIP.NS
2018-03-31,GMDCLTD.NS
2018-03-31,GNFC.NS
2018-03-31,GODFRYPHLP.NS
2018-03-31,GPPL.NS
2018-03-31,GRANULES.NS
2018-03-31,GREAVESCOT.NS
2018-03-31,GREENPLY.NS
2018-03-31,GRINDWELL.NS
2018-03-31,GSFC.NS
2018-03-31,GTLINFRA.NS
2018-03-31,GUJALKALI.NS
2018-03-31,GULFOILLUB.NS
2018-03-31,GVPIL.NS
2018-03-31,HATHWAY.NS
2018-03-31,HEG.NS
2018-03-31,HEIDELBERG.NS
2018-03-31,HERITGFOOD.NS
2018-03-31,HEXAWARE.NS
2018-03-31,HFCL.NS
2018-03-31,HIMATSEIDE.NS
2018-03-31,HINDCOPPER.NS
2018-03-31,HSCL.NS
2018-03-31,IBREALEST.NS
2018-03-31,ICRA.NS
2018-03-31,IDFC.NS
2018-03-31,IEX.NS
2018-03-31,IFBIND.NS
2018-03-31,IFCI.NS
2018-03-31,IMAGICAA.NS
2018-03-31,INDIACEM.NS
2018-03-31,INDIGRID-IV.NS
2018-03-31,INDIGRID.NS
2018-03-31,INFIBEAM.NS
2018-03-31,INOXWIND.NS
2018-03-31,IPCALAB.NS
2018-03-31,IRB.NS
2018-03-31,IRBINVIT.NS
2018-03-31,ITDC.NS
2018-03-31,ITDCEM.NS
2018-03-31,ITI.NS
2018-03-31,J&KBANK.NS
2018-03-31,JAGRAN.NS
2018-03-31,JCHAC.NS
2018-03-31,JETAIRWAYS.NS
2018-03-31,JISLDVREQS.NS
2018-03-31,JISLJALEQS.NS
2018-03-31,JKCEMENT.NS
2018-03-31,JKLAKSHMI.NS
2018-03-31,JKTYRE.NS
2018-03-31,JPASSOCIAT.NS
2018-03-31,JSL.NS
2018-03-31,JSLHISAR.NS
2018-03-31,JSWDULUX.NS
2018-03-31,JSWISPL.NS
2018-03-31,JUSTDIAL.NS
2018-03-31,JYOTHYLAB.NS
2018-03-31,KALPATPOWR.NS
2018-03-31,KARURVYSYA.NS
2018-03-31,KEC.NS
2018-03-31,KIRLOSENG.NS
2018-03-31,KNRCON.NS
2018-03-31,KPIL.NS
2018-03-31,KPRMILL.NS
2018-03-31,KSCL.NS
2018-03-31,KTKBANK.NS
2018-03-31,LALPATHLAB.NS
2018-03-31,LAOPALA.NS
2018-03-31,LAURUSLABS.NS
2018-03-31,LAXMIMACH.NS
2018-03-31,LINDEINDIA.NS
2018-03-31,LMW.NS
2018-03-31,LUXIND.NS
2018-03-31,MAHINDCIE.NS
2018-03-31,MAHSEAMLES.NS
2018-03-31,MANAPPURAM.NS
2018-03-31,MANPASAND.NS
2018-03-31,MASFIN.NS
2018-03-31,MBECL.NS
2018-03-31,MCX.NS
2018-03-31,MHRIL.NS
2018-03-31,MINDACORP.NS
2018-03-31,MMTC.NS
2018-03-31,MOIL.NS
2018-03-31,NAVINFLUOR.NS
2018-03-31,NAVNETEDUL.NS
2018-03-31,NCC.NS
2018-03-31,NESCO.NS
2018-03-31,NETWORK18.NS
2018-03-31,NFL.NS
2018-03-31,NH.NS
2018-03-31,NOCIL.NS
2018-03-31,OMAXE.NS
2018-03-31,ORIENTCEM.NS
2018-03-31,PATELENG.NS
2018-03-31,PCBL.NS
2018-03-31,PERSISTENT.NS
2018-03-31,PFIZER.NS
2018-03-31,PFOCUS.NS
2018-03-31,PGHL.NS
2018-03-31,PHOENIXLTD.NS
2018-03-31,PNCINFRA.NS
2018-03-31,POONAWALLA.NS
2018-03-31,PRSMJOHNSN.NS
2018-03-31,PTC.NS
2018-03-31,PURVA.NS
2018-03-31,PVR.NS
2018-03-31,QUESS.NS
2018-03-31,RADICO.NS
2018-03-31,RALLIS.NS
2018-03-31,RANEHOLDIN.NS
2018-03-31,RATNAMANI.NS
2018-03-31,RCF.NS
2018-03-31,RCOM.NS
2018-03-31,REDINGTON.NS
2018-03-31,RELAXO.NS
2018-03-31,RELINFRA.NS
2018-03-31,REPCOHOME.NS
2018-03-31,RHFL.NS
2018-03-31,RUPA.NS
2018-03-31,SABTN.NS
2018-03-31,SADBHAV.NS
2018-03-31,SADBHIN.NS
2018-03-31,SANOFI.NS
2018-03-31,SCHAEFFLER.NS
2018-03-31,SCHNEIDER.NS
2018-03-31,SFL.NS
2018-03-31,SHARDACROP.NS
2018-03-31,SHILPAMED.NS
2018-03-31,SHK.NS
2018-03-31,SHOPERSTOP.NS
2018-03-31,SHRIPISTON.NS
2018-03-31,SIS.NS
2018-03-31,SKFINDIA.NS
2018-03-31,SOBHA.NS
2018-03-31,SOLARINDS.NS
2018-03-31,SOMANYCERA.NS
2018-03-31,SOUTHBANK.NS
2018-03-31,SPICEJET.NS
2018-03-31,SPLPETRO.NS
2018-03-31,SPTL.NS
2018-03-31,SREINFRA.NS
2018-03-31,STAR.NS
2018-03-31,STARCEMENT.NS
2018-03-31,STLTECH.NS
2018-03-31,SUNTECK.NS
2018-03-31,SUPRAJIT.NS
2018-03-31,SWANCORP.NS
2018-03-31,SWANENERGY.NS
2018-03-31,TATACHEM.NS
2018-03-31,TATAELXSI.NS
2018-03-31,TEAMLEASE.NS
2018-03-31,TEJASNET.NS
2018-03-31,THOMASCOOK.NS
2018-03-31,TIINDIA.NS
2018-03-31,TIMETECHNO.NS
2018-03-31,TIMKEN.NS
2018-03-31,TRIDENT.NS
2018-03-31,TRITURBINE.NS
2018-03-31,TTKPRESTIG.NS
2018-03-31,TV18BRDCST.NS
2018-03-31,TVSHLTD.NS
2018-03-31,UJJIVAN.NS
2018-03-31,UNOMINDA.NS
2018-03-31,VENKEYS.NS
2018-03-31,VGUARD.NS
2018-03-31,VHLTD.NS
2018-03-31,VICEROY.NS
2018-03-31,VINATIORGA.NS
2018-03-31,VIPIND.NS
2018-03-31,VSTIND.NS
2018-03-31,VTL.NS
2018-03-31,WABAG.NS
2018-03-31,WELCORP.NS
2018-03-31,WELSPUNIND.NS
2018-03-31,WELSPUNLIV.NS
2018-03-31,WOCKPHARMA.NS
2018-03-31,ZENSARTECH.NS
2018-09-30,AARTIIND.NS
2018-09-30,ABFRL.NS
2018-09-30,ABREL.NS
2018-09-30,ADANIGREEN.NS
2018-09-30,AEGISCHEM.NS
2018-09-30,AEGISLOG.NS
2018-09-30,AKZOINDIA.NS
2018-09-30,AMBER.NS
2018-09-30,APLAPOLLO.NS
2018-09-30,ARVIND.NS
2018-09-30,ASAHIINDIA.NS
2018-09-30,ASHOKA.NS
2018-09-30,ASTERDM.NS
2018-09-30,ASTRAZEN.NS
2018-09-30,ATUL.NS
2018-09-30,AVANTIFEED.NS
2018-09-30,BAJAJCON.NS
2018-09-30,BAJAJELEC.NS
2018-09-30,BASF.NS
2018-09-30,BDL.NS
2018-09-30,BIRLACORPN.NS
2018-09-30,BKMINDST.NS
2018-09-30,BLUEDART.NS
2018-09-30,BLUESTARCO.NS
2018-09-30,BOMDYEING.NS
2018-09-30,CANFINHOME.NS
2018-09-30,CAPLIPOINT.NS
2018-09-30,CARBORUNIV.NS
2018-09-30,CARERATING.NS
2018-09-30,CCL.NS
2018-09-30,CEATLTD.NS
2018-09-30,CENTURYPLY.NS
2018-09-30,CENTURYTEX.NS
2018-09-30,CERA.NS
2018-09-30,CGPOWER.NS
2018-09-30,CHAMBLFERT.NS
2018-09-30,CHENNPETRO.NS
2018-09-30,CIEINDIA.NS
2018-09-30,CLCIND.NS
2018-09-30,COCHINSHIP.NS
2018-09-30,COFFEEDAY.NS
2018-09-30,COFORGE.NS
2018-09-30,COX&KINGS.NS
2018-09-30,CUB.NS
2018-09-30,CYIENT.NS
2018-09-30,DBCORP.NS
2018-09-30,DCAL.NS
2018-09-30,DCBBANK.NS
2018-09-30,DCMSHRIRAM.NS
2018-09-30,DEEPAKNTR.NS
2018-09-30,DELTACORP.NS
2018-09-30,DIXON.NS
2018-09-30,ECLERX.NS
2018-09-30,EIDPARRY.NS
2018-09-30,ELGIEQUIP.NS
2018-09-30,ENGINERSIN.NS
2018-09-30,ENIL.NS
2018-09-30,EPL.NS
2018-09-30,EQUITAS.NS
2018-09-30,ESCORTS.NS
2018-09-30,FACT.NS
2018-09-30,FCONSUMER.NS
2018-09-30,FDC.NS
2018-09-30,FINCABLES.NS
2018-09-30,FINEORG.NS
2018-09-30,FINPIPE.NS
2018-09-30,FLFL.NS
2018-09-30,FORTIS.NS
2018-09-30,FSL.NS
2018-09-30,GALAXYSURF.NS
2018-09-30,GAYAPROJ.NS
2018-09-30,GEPIL.NS
2018-09-30,GESHIP.NS
2018-09-30,GET&D.NS
2018-09-30,GMDCLTD.NS
2018-09-30,GNFC.NS
2018-09-30,GODFRYPHLP.NS
2018-09-30,GPPL.NS
2018-09-30,GREAVESCOT.NS
2018-09-30,GRINDWELL.NS
2018-09-30,GSFC.NS
2018-09-30,GUJALKALI.NS
2018-09-30,GULFOILLUB.NS
2018-09-30,GVPIL.NS
2018-09-30,GVT&D.NS
2018-09-30,HATHWAY.NS
2018-09-30,HEIDELBERG.NS
2018-09-30,HERITGFOOD.NS
2018-09-30,HFCL.NS
2018-09-30,HIMATSEIDE.NS
2018-09-30,HINDCOPPER.NS
2018-09-30,HSCL.NS
2018-09-30,IBREALEST.NS
2018-09-30,IBULLSLTD.NS
2018-09-30,ICRA.NS
2018-09-30,IDFC.NS
2018-09-30,IEX.NS
2018-09-30,IFBIND.NS
2018-09-30,IFCI.NS
2018-09-30,INDIACEM.NS
2018-09-30,INDIGRID-IV.NS
2018-09-30,INDIGRID.NS
2018-09-30,INDOSTAR.NS
2018-09-30,INFIBEAM.NS
2018-09-30,INOXWIND.NS
2018-09-30,IPCALAB.NS
2018-09-30,IRB.NS
2018-09-30,IRBINVIT.NS
2018-09-30,ITDC.NS
2018-09-30,ITI.NS
2018-09-30,J&KBANK.NS
2018-09-30,JAGRAN.NS
2018-09-30,JAMNAAUTO.NS
2018-09-30,JCHAC.NS
2018-09-30,JETAIRWAYS.NS
2018-09-30,JINDALSAW.NS
2018-09-30,JISLDVREQS.NS
2018-09-30,JISLJALEQS.NS
2018-09-30,JKCEMENT.NS
2018-09-30,JKLAKSHMI.NS
2018-09-30,JKTYRE.NS
2018-09-30,JPASSOCIAT.NS
2018-09-30,JSL.NS
2018-09-30,JSLHISAR.NS
2018-09-30,JSWDULUX.NS
2018-09-30,JUSTDIAL.NS
2018-09-30,JYOTHYLAB.NS
2018-09-30,KAJARIACER.NS
2018-09-30,KALPATPOWR.NS
2018-09-30,KARURVYSYA.NS
2018-09-30,KEC.NS
2018-09-30,KEI.NS
2018-09-30,KIRLOSENG.NS
2018-09-30,KNRCON.NS
2018-09-30,KPIL.NS
2018-09-30,KPRMILL.NS
2018-09-30,KRBL.NS
2018-09-30,KSCL.NS
2018-09-30,KTKBANK.NS
2018-09-30,LALPATHLAB.NS
2018-09-30,LAOPALA.NS
2018-09-30,LAURUSLABS.NS
2018-09-30,LAXMIMACH.NS
2018-09-30,LEMONTREE.NS
2018-09-30,LINDEINDIA.NS
2018-09-30,LMW.NS
2018-09-30,LUXIND.NS
2018-09-30,MAHABANK.NS
2018-09-30,MAHINDCIE.NS
2018-09-30,MAHLOG.NS
2018-09-30,MAHSCOOTER.NS
2018-09-30,MAHSEAMLES.NS
2018-09-30,MANAPPURAM.NS
2018-09-30,MASFIN.NS
2018-09-30,MCX.NS
2018-09-30,MGL.NS
2018-09-30,MHRIL.NS
2018-09-30,MINDACORP.NS
2018-09-30,MMTC.NS
2018-09-30,MOIL.NS
2018-09-30,NAVINFLUOR.NS
2018-09-30,NAVNETEDUL.NS
2018-09-30,NCC.NS
2018-09-30,NESCO.NS
2018-09-30,NETWORK18.NS
2018-09-30,NH.NS
2018-09-30,NOCIL.NS
2018-09-30,OMAXE.NS
2018-09-30,ORIENTELEC.NS
2018-09-30,PCBL.NS
2018-09-30,PCJEWELLER.NS
2018-09-30,PERSISTENT.NS
2018-09-30,PGHL.NS
2018-09-30,PNCINFRA.NS
2018-09-30,POONAWALLA.NS
2018-09-30,PRSMJOHNSN.NS
2018-09-30,PVR.NS
2018-09-30,QUESS.NS
2018-09-30,RADICO.NS
2018-09-30,RAIN.NS
2018-09-30,RALLIS.NS
2018-09-30,RANEHOLDIN.NS
2018-09-30,RATNAMANI.NS
2018-09-30,RCF.NS
2018-09-30,RCOM.NS
2018-09-30,REDINGTON.NS
2018-09-30,RELAXO.NS
2018-09-30,RELCAPITAL.NS
2018-09-30,RELINFRA.NS
2018-09-30,REPCOHOME.NS
2018-09-30,RHFL.NS
2018-09-30,RITES.NS
2018-09-30,RPOWER.NS
2018-09-30,RUPA.NS
2018-09-30,SABTN.NS
2018-09-30,SADBHAV.NS
2018-09-30,SADBHIN.NS
2018-09-30,SANOFI.NS
2018-09-30,SFL.NS
2018-09-30,SHARDACROP.NS
2018-09-30,SHILPAMED.NS
2018-09-30,SHK.NS
2018-09-30,SHOPERSTOP.NS
2018-09-30,SHRIPISTON.NS
2018-09-30,SIS.NS
2018-09-30,SKFINDIA.NS
2018-09-30,SOBHA.NS
2018-09-30,SONATSOFTW.NS
2018-09-30,SOUTHBANK.NS
2018-09-30,SPICEJET.NS
2018-09-30,SREINFRA.NS
2018-09-30,STARCEMENT.NS
2018-09-30,SUDARSCHEM.NS
2018-09-30,SUNCLAYLTD.NS
2018-09-30,SUNTECK.NS
2018-09-30,SUPRAJIT.NS
2018-09-30,SWANCORP.NS
2018-09-30,SWANENERGY.NS
2018-09-30,TAKE.NS
2018-09-30,TATACHEM.NS
2018-09-30,TATAELXSI.NS
2018-09-30,TCNSBRANDS.NS
2018-09-30,TEAMLEASE.NS
2018-09-30,TEJASNET.NS
2018-09-30,THOMASCOOK.NS
2018-09-30,TIINDIA.NS
2018-09-30,TIMETECHNO.NS
2018-09-30,TIMKEN.NS
2018-09-30,TRENT.NS
2018-09-30,TRIDENT.NS
2018-09-30,TRITURBINE.NS
2018-09-30,TTKPRESTIG.NS
2018-09-30,TV18BRDCST.NS
2018-09-30,TVSHLTD.NS
2018-09-30,UJJIVAN.NS
2018-09-30,VAKRANGEE.NS
2018-09-30,VENKEYS.NS
2018-09-30,VGUARD.NS
2018-09-30,VHLTD.NS
2018-09-30,VICEROY.NS
2018-09-30,VINATIORGA.NS
2018-09-30,VIPIND.NS
2018-09-30,VSTIND.NS
2018-09-30,VTL.NS
2018-09-30,WELCORP.NS
2018-09-30,WELSPUNIND.NS
2018-09-30,WELSPUNLIV.NS
2018-09-30,WOCKPHARMA.NS
2018-09-30,YAARI.NS
2018-09-30,ZENSARTECH.NS
2019-03-31,AAVAS.NS
2019-03-31,ABFRL.NS
2019-03-31,ABREL.NS
2019-03-31,ADANIGREEN.NS
2019-03-31,AEGISCHEM.NS
2019-03-31,AEGISLOG.NS
2019-03-31,AKZOINDIA.NS
2019-03-31,AMBER.NS
2019-03-31,APARINDS.NS
2019-03-31,APLAPOLLO.NS
2019-03-31,ASAHIINDIA.NS
2019-03-31,ASHOKA.NS
2019-03-31,ASTERDM.NS
2019-03-31,ASTRAZEN.NS
2019-03-31,AVANTIFEED.NS
2019-03-31,BAJAJCON.NS
2019-03-31,BAJAJELEC.NS
2019-03-31,BALRAMCHIN.NS
2019-03-31,BASF.NS
2019-03-31,BDL.NS
2019-03-31,BIRLACORPN.NS
2019-03-31,BLUEDART.NS
2019-03-31,BLUESTARCO.NS
2019-03-31,BSOFT.NS
2019-03-31,CANFINHOME.NS
2019-03-31,CAPLIPOINT.NS
2019-03-31,CARBORUNIV.NS
2019-03-31,CARERATING.NS
2019-03-31,CCL.NS
2019-03-31,CDSL.NS
2019-03-31,CEATLTD.NS
2019-03-31,CENTURYPLY.NS
2019-03-31,CENTURYTEX.NS
2019-03-31,CERA.NS
2019-03-31,CGCL.NS
2019-03-31,CGPOWER.NS
2019-03-31,CHAMBLFERT.NS
2019-03-31,CHENNPETRO.NS
2019-03-31,COCHINSHIP.NS
2019-03-31,COFFEEDAY.NS
2019-03-31,COFORGE.NS
2019-03-31,COX&KINGS.NS
2019-03-31,CREDITACC.NS
2019-03-31,CYIENT.NS
2019-03-31,DBCORP.NS
2019-03-31,DBL.NS
2019-03-31,DCAL.NS
2019-03-31,DCBBANK.NS
2019-03-31,DCMSHRIRAM.NS
2019-03-31,DEEPAKNTR.NS
2019-03-31,DELTACORP.NS
2019-03-31,DISHTV.NS
2019-03-31,DIXON.NS
2019-03-31,ECLERX.NS
2019-03-31,EIDPARRY.NS
2019-03-31,ELGIEQUIP.NS
2019-03-31,ENGINERSIN.NS
2019-03-31,ENIL.NS
2019-03-31,EPL.NS
2019-03-31,EQUITAS.NS
2019-03-31,ESCORTS.NS
2019-03-31,FACT.NS
2019-03-31,FCONSUMER.NS
2019-03-31,FDC.NS
2019-03-31,FINCABLES.NS
2019-03-31,FINEORG.NS
2019-03-31,FINPIPE.NS
2019-03-31,FLFL.NS
2019-03-31,FMGOETZE.NS
2019-03-31,FSC.NS
2019-03-31,FSL.NS
2019-03-31,GALAXYSURF.NS
2019-03-31,GAYAPROJ.NS
2019-03-31,GEPIL.NS
2019-03-31,GESHIP.NS
2019-03-31,GET&D.NS
2019-03-31,GMDCLTD.NS
2019-03-31,GNFC.NS
2019-03-31,GODFRYPHLP.NS
2019-03-31,GPPL.NS
2019-03-31,GRANULES.NS
2019-03-31,GREAVESCOT.NS
2019-03-31,GRINDWELL.NS
2019-03-31,GSFC.NS
2019-03-31,GUJALKALI.NS
2019-03-31,GULFOILLUB.NS
2019-03-31,GVPIL.NS
2019-03-31,GVT&D.NS
2019-03-31,HATHWAY.NS
2019-03-31,HEIDELBERG.NS
2019-03-31,HERITGFOOD.NS
2019-03-31,HFCL.NS
2019-03-31,HINDCOPPER.NS
2019-03-31,HSCL.NS
2019-03-31,HUDCO.NS
2019-03-31,IBREALEST.NS
2019-03-31,IBULLSLTD.NS
2019-03-31,ICRA.NS
2019-03-31,IDFC.NS
2019-03-31,IEX.NS
2019-03-31,IFBIND.NS
2019-03-31,IIFL-RE.NS
2019-03-31,IIFL.NS
2019-03-31,INDIACEM.NS
2019-03-31,INDIGRID-IV.NS
2019-03-31,INDIGRID.NS
2019-03-31,INDOSTAR.NS
2019-03-31,INOXLEISUR.NS
2019-03-31,INOXWIND.NS
2019-03-31,INTELLECT.NS
2019-03-31,IRB.NS
2019-03-31,IRBINVIT.NS
2019-03-31,IRCON.NS
2019-03-31,ISEC.NS
2019-03-31,JAGRAN.NS
2019-03-31,JAMNAAUTO.NS
2019-03-31,JCHAC.NS
2019-03-31,JETAIRWAYS.NS
2019-03-31,JINDALSAW.NS
2019-03-31,JISLJALEQS.NS
2019-03-31,JKCEMENT.NS
2019-03-31,JKLAKSHMI.NS
2019-03-31,JKPAPER.NS
2019-03-31,JMFINANCIL.NS
2019-03-31,JSWDULUX.NS
2019-03-31,JSWHL.NS
2019-03-31,JTEKTINDIA.NS
2019-03-31,JUSTDIAL.NS
2019-03-31,JYOTHYLAB.NS
2019-03-31,KAJARIACER.NS
2019-03-31,KALPATPOWR.NS
2019-03-31,KARURVYSYA.NS
2019-03-31,KEC.NS
2019-03-31,KEI.NS
2019-03-31,KIRLOSENG.NS
2019-03-31,KNRCON.NS
2019-03-31,KPIL.NS
2019-03-31,KPRMILL.NS
2019-03-31,KRBL.NS
2019-03-31,KSB.NS
2019-03-31,KSCL.NS
2019-03-31,KTKBANK.NS
2019-03-31,LALPATHLAB.NS
2019-03-31,LAOPALA.NS
2019-03-31,LAURUSLABS.NS
2019-03-31,LAXMIMACH.NS
2019-03-31,LEMONTREE.NS
2019-03-31,LINDEINDIA.NS
2019-03-31,LMW.NS
2019-03-31,LUXIND.NS
2019-03-31,MAHABANK.NS
2019-03-31,MAHLOG.NS
2019-03-31,MAHSCOOTER.NS
2019-03-31,MAHSEAMLES.NS
2019-03-31,MANAPPURAM.NS
2019-03-31,MASFIN.NS
2019-03-31,MBECL.NS
2019-03-31,MCX.NS
2019-03-31,MHRIL.NS
2019-03-31,MIDHANI.NS
2019-03-31,MINDACORP.NS
2019-03-31,MMTC.NS
2019-03-31,MOIL.NS
2019-03-31,NAVINFLUOR.NS
2019-03-31,NAVNETEDUL.NS
2019-03-31,NCC.NS
2019-03-31,NESCO.NS
2019-03-31,NETWORK18.NS
2019-03-31,NH.NS
2019-03-31,NOCIL.NS
2019-03-31,OMAXE.NS
2019-03-31,ORIENTELEC.NS
2019-03-31,PCBL.NS
2019-03-31,PCJEWELLER.NS
2019-03-31,PERSISTENT.NS
2019-03-31,PNCINFRA.NS
2019-03-31,POONAWALLA.NS
2019-03-31,PRESTIGE.NS
2019-03-31,PRSMJOHNSN.NS
2019-03-31,PTC.NS
2019-03-31,PVR.NS
2019-03-31,QUESS.NS
2019-03-31,RADICO.NS
2019-03-31,RAIN.NS
2019-03-31,RALLIS.NS
2019-03-31,RATNAMANI.NS
2019-03-31,RCF.NS
2019-03-31,RCOM.NS
2019-03-31,REDINGTON.NS
2019-03-31,RELCAPITAL.NS
2019-03-31,REPCOHOME.NS
2019-03-31,RESPONIND.NS
2019-03-31,RHIM.NS
2019-03-31,RITES.NS
2019-03-31,RPOWER.NS
2019-03-31,RUPA.NS
2019-03-31,SADBHAV.NS
2019-03-31,SADBHIN.NS
2019-03-31,SANOFI.NS
2019-03-31,SCHNEIDER.NS
2019-03-31,SFL.NS
2019-03-31,SHARDACROP.NS
2019-03-31,SHILPAMED.NS
2019-03-31,SHOPERSTOP.NS
2019-03-31,SHRIPISTON.NS
2019-03-31,SIS.NS
2019-03-31,SKFINDIA.NS
2019-03-31,SOBHA.NS
2019-03-31,SONATSOFTW.NS
2019-03-31,SOUTHBANK.NS
2019-03-31,SPARC.NS
2019-03-31,SPICEJET.NS
2019-03-31,STARCEMENT.NS
2019-03-31,STLTECH.NS
2019-03-31,SUNCLAYLTD.NS
2019-03-31,SUNTECK.NS
2019-03-31,SUPRAJIT.NS
2019-03-31,SUZLON.NS
2019-03-31,SWANCORP.NS
2019-03-31,SWANENERGY.NS
2019-03-31,SYMPHONY.NS
2019-03-31,TATACHEM.NS
2019-03-31,TATAELXSI.NS
2019-03-31,TCIEXP.NS
2019-03-31,TCNSBRANDS.NS
2019-03-31,TEAMLEASE.NS
2019-03-31,TECHNOE.NS
2019-03-31,THOMASCOOK.NS
2019-03-31,TIINDIA.NS
2019-03-31,TIMKEN.NS
2019-03-31,TRENT.NS
2019-03-31,TRIDENT.NS
2019-03-31,TRITURBINE.NS
2019-03-31,TTKPRESTIG.NS
2019-03-31,TV18BRDCST.NS
2019-03-31,TVSHLTD.NS
2019-03-31,UJJIVAN.NS
2019-03-31,UNOMINDA.NS
2019-03-31,VAKRANGEE.NS
2019-03-31,VENKEYS.NS
2019-03-31,VINATIORGA.NS
2019-03-31,VIPIND.NS
2019-03-31,VSTIND.NS
2019-03-31,VTL.NS
2019-03-31,WELCORP.NS
2019-03-31,WELSPUNIND.NS
2019-03-31,WELSPUNLIV.NS
2019-03-31,WOCKPHARMA.NS
2019-03-31,YAARI.NS
2019-03-31,ZENSARTECH.NS
2019-09-30,ABFRL.NS
2019-09-30,ABREL.NS
2019-09-30,ADANIGREEN.NS
2019-09-30,AEGISCHEM.NS
2019-09-30,AEGISLOG.NS
2019-09-30,AKZOINDIA.NS
2019-09-30,AMBER.NS
2019-09-30,APARINDS.NS
2019-09-30,APLAPOLLO.NS
2019-09-30,ARVINDFASN.NS
2019-09-30,ASAHIINDIA.NS
2019-09-30,ASHOKA.NS
2019-09-30,ASTERDM.NS
2019-09-30,ASTRAZEN.NS
2019-09-30,AVANTIFEED.NS
2019-09-30,BAJAJCON.NS
2019-09-30,BAJAJELEC.NS
2019-09-30,BALRAMCHIN.NS
2019-09-30,BASF.NS
2019-09-30,BBTC.NS
2019-09-30,BDL.NS
2019-09-30,BIRLACORPN.NS
2019-09-30,BLUEDART.NS
2019-09-30,BLUESTARCO.NS
2019-09-30,BRIGADE.NS
2019-09-30,BSOFT.NS
2019-09-30,CANFINHOME.NS
2019-09-30,CAPLIPOINT.NS
2019-09-30,CARBORUNIV.NS
2019-09-30,CARERATING.NS
2019-09-30,CCL.NS
2019-09-30,CDSL.NS
2019-09-30,CEATLTD.NS
2019-09-30,CENTURYPLY.NS
2019-09-30,CENTURYTEX.NS
2019-09-30,CERA.NS
2019-09-30,CGCL.NS
2019-09-30,CGPOWER.NS
2019-09-30,CHALET.NS
2019-09-30,CHAMBLFERT.NS
2019-09-30,CHENNPETRO.NS
2019-09-30,CIEINDIA.NS
2019-09-30,COCHINSHIP.NS
2019-09-30,COFFEEDAY.NS
2019-09-30,COFORGE.NS
2019-09-30,CREDITACC.NS
2019-09-30,CYIENT.NS
2019-09-30,DBCORP.NS
2019-09-30,DBL.NS
2019-09-30,DCAL.NS
2019-09-30,DCBBANK.NS
2019-09-30,DCMSHRIRAM.NS
2019-09-30,DEEPAKNTR.NS
2019-09-30,DELTACORP.NS
2019-09-30,DEN.NS
2019-09-30,DISHTV.NS
2019-09-30,DIXON.NS
2019-09-30,ECLERX.NS
2019-09-30,EDELWEISS.NS
2019-09-30,EIDPARRY.NS
2019-09-30,ELGIEQUIP.NS
2019-09-30,ENGINERSIN.NS
2019-09-30,EPL.NS
2019-09-30,EQUITAS.NS
2019-09-30,ERIS.NS
2019-09-30,ESCORTS.NS
2019-09-30,FACT.NS
2019-09-30,FCONSUMER.NS
2019-09-30,FDC.NS
2019-09-30,FINCABLES.NS
2019-09-30,FINEORG.NS
2019-09-30,FINPIPE.NS
2019-09-30,FMGOETZE.NS
2019-09-30,FSC.NS
2019-09-30,FSL.NS
2019-09-30,GALAXYSURF.NS
2019-09-30,GAYAPROJ.NS
2019-09-30,GEPIL.NS
2019-09-30,GESHIP.NS
2019-09-30,GET&D.NS
2019-09-30,GHCL.NS
2019-09-30,GMDCLTD.NS
2019-09-30,GMRAIRPORT.NS
2019-09-30,GMRINFRA.NS
2019-09-30,GNFC.NS
2019-09-30,GODFRYPHLP.NS
2019-09-30,GPPL.NS
2019-09-30,GRANULES.NS
2019-09-30,GRAPHITE.NS
2019-09-30,GREAVESCOT.NS
2019-09-30,GRINDWELL.NS
2019-09-30,GSFC.NS
2019-09-30,GUJALKALI.NS
2019-09-30,GULFOILLUB.NS
2019-09-30,GVPIL.NS
2019-09-30,GVT&D.NS
2019-09-30,HATHWAY.NS
2019-09-30,HEG.NS
2019-09-30,HEIDELBERG.NS
2019-09-30,HFCL.NS
2019-09-30,HINDCOPPER.NS
2019-09-30,HSCL.NS
2019-09-30,HUDCO.NS
2019-09-30,IBREALEST.NS
2019-09-30,ICRA.NS
2019-09-30,IDFC.NS
2019-09-30,IEX.NS
2019-09-30,IFBIND.NS
2019-09-30,IIFL-RE.NS
2019-09-30,IIFL.NS
2019-09-30,INDIACEM.NS
2019-09-30,INDIAMART.NS
2019-09-30,INDIGRID-IV.NS
2019-09-30,INDIGRID.NS
2019-09-30,INDOSTAR.NS
2019-09-30,INFIBEAM.NS
2019-09-30,INOXLEISUR.NS
2019-09-30,INTELLECT.NS
2019-09-30,IRB.NS
2019-09-30,IRBINVIT.NS
2019-09-30,IRCON.NS
2019-09-30,ISEC.NS
2019-09-30,ITI.NS
2019-09-30,J&KBANK.NS
2019-09-30,JAGRAN.NS
2019-09-30,JCHAC.NS
2019-09-30,JINDALSAW.NS
2019-09-30,JKCEMENT.NS
2019-09-30,JKLAKSHMI.NS
2019-09-30,JKPAPER.NS
2019-09-30,JMFINANCIL.NS
2019-09-30,JSWDULUX.NS
2019-09-30,JSWHL.NS
2019-09-30,JUBLPHARMA.NS
2019-09-30,JUSTDIAL.NS
2019-09-30,JYOTHYLAB.NS
2019-09-30,KALPATPOWR.NS
2019-09-30,KARURVYSYA.NS
2019-09-30,KEC.NS
2019-09-30,KEI.NS
2019-09-30,KENNAMET.NS
2019-09-30,KIOCL.NS
2019-09-30,KIRLOSENG.NS
2019-09-30,KPIL.NS
2019-09-30,KPITTECH.NS
2019-09-30,KPRMILL.NS
2019-09-30,KRBL.NS
2019-09-30,KSB.NS
2019-09-30,KSCL.NS
2019-09-30,KTKBANK.NS
2019-09-30,LAURUSLABS.NS
2019-09-30,LAXMIMACH.NS
2019-09-30,LEMONTREE.NS
2019-09-30,LINDEINDIA.NS
2019-09-30,LMW.NS
2019-09-30,LUXIND.NS
2019-09-30,MAHABANK.NS
2019-09-30,MAHINDCIE.NS
2019-09-30,MAHLOG.NS
2019-09-30,MAHSCOOTER.NS
2019-09-30,MAHSEAMLES.NS
2019-09-30,MASFIN.NS
2019-09-30,MCX.NS
2019-09-30,METROPOLIS.NS
2019-09-30,MHRIL.NS
2019-09-30,MIDHANI.NS
2019-09-30,MINDACORP.NS
2019-09-30,MMTC.NS
2019-09-30,MOIL.NS
2019-09-30,NAVINFLUOR.NS
2019-09-30,NAVNETEDUL.NS
2019-09-30,NCC.NS
2019-09-30,NESCO.NS
2019-09-30,NETWORK18.NS
2019-09-30,NH.NS
2019-09-30,OMAXE.NS
2019-09-30,ORIENTELEC.NS
2019-09-30,PCBL.NS
2019-09-30,PCJEWELLER.NS
2019-09-30,PERSISTENT.NS
2019-09-30,PGHL.NS
2019-09-30,PNCINFRA.NS
2019-09-30,POONAWALLA.NS
2019-09-30,PRAJIND.NS
2019-09-30,PRSMJOHNSN.NS
2019-09-30,PVR.NS
2019-09-30,QUESS.NS
2019-09-30,RADICO.NS
2019-09-30,RAIN.NS
2019-09-30,RALLIS.NS
2019-09-30,RATNAMANI.NS
2019-09-30,RCF.NS
2019-09-30,REDINGTON.NS
2019-09-30,RELCAPITAL.NS
2019-09-30,REPCOHOME.NS
2019-09-30,RESPONIND.NS
2019-09-30,RHIM.NS
2019-09-30,RITES.NS
2019-09-30,RVNL.NS
2019-09-30,SADBHAV.NS
2019-09-30,SADBHIN.NS
2019-09-30,SANOFI.NS
2019-09-30,SFL.NS
2019-09-30,SHARDACROP.NS
2019-09-30,SHILPAMED.NS
2019-09-30,SHOPERSTOP.NS
2019-09-30,SIS.NS
2019-09-30,SKFINDIA.NS
2019-09-30,SOBHA.NS
2019-09-30,SONATSOFTW.NS
2019-09-30,SOUTHBANK.NS
2019-09-30,SPARC.NS
2019-09-30,SPICEJET.NS
2019-09-30,STARCEMENT.NS
2019-09-30,STLTECH.NS
2019-09-30,SUDARSCHEM.NS
2019-09-30,SUNCLAYLTD.NS
2019-09-30,SUNTECK.NS
2019-09-30,SUPRAJIT.NS
2019-09-30,SUZLON.NS
2019-09-30,SWANCORP.NS
2019-09-30,SWANENERGY.NS
2019-09-30,TASTYBITE.NS
2019-09-30,TATACHEM.NS
2019-09-30,TATAELXSI.NS
2019-09-30,TCI.NS
2019-09-30,TCIEXP.NS
2019-09-30,TCNSBRANDS.NS
2019-09-30,TEAMLEASE.NS
2019-09-30,TECHNOE.NS
2019-09-30,THOMASCOOK.NS
2019-09-30,TIINDIA.NS
2019-09-30,TIMKEN.NS
2019-09-30,TRIDENT.NS
2019-09-30,TRITURBINE.NS
2019-09-30,TV18BRDCST.NS
2019-09-30,TVSHLTD.NS
2019-09-30,UJJIVAN.NS
2019-09-30,VAIBHAVGBL.NS
2019-09-30,VAKRANGEE.NS
2019-09-30,VARROC.NS
2019-09-30,VENKEYS.NS
2019-09-30,VIPIND.NS
2019-09-30,VSTIND.NS
2019-09-30,VTL.NS
2019-09-30,WELCORP.NS
2019-09-30,WELSPUNIND.NS
2019-09-30,WELSPUNLIV.NS
2019-09-30,WOCKPHARMA.NS
2019-09-30,ZENSARTECH.NS
2020-03-31,ABFRL.NS
2020-03-31,ABREL.NS
2020-03-31,AEGISCHEM.NS
2020-03-31,AEGISLOG.NS
2020-03-31,AFFLE.NS
2020-03-31,ALKYLAMINE.NS
2020-03-31,AMBER.NS
2020-03-31,APLAPOLLO.NS
2020-03-31,APOLLOTYRE.NS
2020-03-31,ARVINDFASN.NS
2020-03-31,ASAHIINDIA.NS
2020-03-31,ASHOKA.NS
2020-03-31,ASTERDM.NS
2020-03-31,ASTRAZEN.NS
2020-03-31,AVANTIFEED.NS
2020-03-31,BAJAJCON.NS
2020-03-31,BAJAJELEC.NS
2020-03-31,BALMLAWRIE.NS
2020-03-31,BALRAMCHIN.NS
2020-03-31,BASF.NS
2020-03-31,BBTC.NS
2020-03-31,BDL.NS
2020-03-31,BIRLACORPN.NS
2020-03-31,BLUEDART.NS
2020-03-31,BLUESTARCO.NS
2020-03-31,BRIGADE.NS
2020-03-31,BSOFT.NS
2020-03-31,CANFINHOME.NS
2020-03-31,CAPLIPOINT.NS
2020-03-31,CARBORUNIV.NS
2020-03-31,CCL.NS
2020-03-31,CDSL.NS
2020-03-31,CEATLTD.NS
2020-03-31,CENTURYPLY.NS
2020-03-31,CENTURYTEX.NS
2020-03-31,CERA.NS
2020-03-31,CGCL.NS
2020-03-31,CHALET.NS
2020-03-31,CHAMBLFERT.NS
2020-03-31,CHOLAHLDNG.NS
2020-03-31,CIEINDIA.NS
2020-03-31,COCHINSHIP.NS
2020-03-31,CSBBANK.NS
2020-03-31,CYIENT.NS
2020-03-31,DBCORP.NS
2020-03-31,DBL.NS
2020-03-31,DCBBANK.NS
2020-03-31,DCMSHRIRAM.NS
2020-03-31,DEEPAKNTR.NS
2020-03-31,DELTACORP.NS
2020-03-31,DEN.NS
2020-03-31,DISHTV.NS
2020-03-31,DIXON.NS
2020-03-31,EDELWEISS.NS
2020-03-31,EIDPARRY.NS
2020-03-31,EIHOTEL.NS
2020-03-31,ELGIEQUIP.NS
2020-03-31,ENGINERSIN.NS
2020-03-31,EPL.NS
2020-03-31,EQUITAS.NS
2020-03-31,ERIS.NS
2020-03-31,ESABINDIA.NS
2020-03-31,ESCORTS.NS
2020-03-31,FACT.NS
2020-03-31,FCONSUMER.NS
2020-03-31,FDC.NS
2020-03-31,FINCABLES.NS
2020-03-31,FINEORG.NS
2020-03-31,FINPIPE.NS
2020-03-31,FLFL.NS
2020-03-31,FLUOROCHEM.NS
2020-03-31,FMGOETZE.NS
2020-03-31,FSL.NS
2020-03-31,GALAXYSURF.NS
2020-03-31,GEPIL.NS
2020-03-31,GESHIP.NS
2020-03-31,GET&D.NS
2020-03-31,GLENMARK.NS
2020-03-31,GMMPFAUDLR.NS
2020-03-31,GNFC.NS
2020-03-31,GODFRYPHLP.NS
2020-03-31,GOODYEAR.NS
2020-03-31,GPPL.NS
2020-03-31,GRANULES.NS
2020-03-31,GRAPHITE.NS
2020-03-31,GREAVESCOT.NS
2020-03-31,GRINDWELL.NS
2020-03-31,GRSE.NS
2020-03-31,GSFC.NS
2020-03-31,GUJALKALI.NS
2020-03-31,GULFOILLUB.NS
2020-03-31,GVPIL.NS
2020-03-31,GVT&D.NS
2020-03-31,HATHWAY.NS
2020-03-31,HEG.NS
2020-03-31,HEIDELBERG.NS
2020-03-31,HINDCOPPER.NS
2020-03-31,HSCL.NS
2020-03-31,HUDCO.NS
2020-03-31,IBREALEST.NS
2020-03-31,ICRA.NS
2020-03-31,IDFC.NS
2020-03-31,IEX.NS
2020-03-31,IFBIND.NS
2020-03-31,IIFL-RE.NS
2020-03-31,IIFL.NS
2020-03-31,INDIACEM.NS
2020-03-31,INDIAMART.NS
2020-03-31,INDIGRID-IV.NS
2020-03-31,INDIGRID.NS
2020-03-31,INDOSTAR.NS
2020-03-31,INFIBEAM.NS
2020-03-31,INGERRAND.NS
2020-03-31,INOXLEISUR.NS
2020-03-31,IRB.NS
2020-03-31,IRBINVIT.NS
2020-03-31,IRCON.NS
2020-03-31,ITDC.NS
2020-03-31,ITI.NS
2020-03-31,JCHAC.NS
2020-03-31,JINDALSAW.NS
2020-03-31,JKLAKSHMI.NS
2020-03-31,JKPAPER.NS
2020-03-31,JMFINANCIL.NS
2020-03-31,JSWHL.NS
2020-03-31,JUBLPHARMA.NS
2020-03-31,JUNIORBEES.NS
2020-03-31,JUSTDIAL.NS
2020-03-31,JYOTHYLAB.NS
2020-03-31,KAJARIACER.NS
2020-03-31,KALPATPOWR.NS
2020-03-31,KARURVYSYA.NS
2020-03-31,KEC.NS
2020-03-31,KEI.NS
2020-03-31,KENNAMET.NS
2020-03-31,KIOCL.NS
2020-03-31,KIRLOSENG.NS
2020-03-31,KNRCON.NS
2020-03-31,KPIL.NS
2020-03-31,KPITTECH.NS
2020-03-31,KPRMILL.NS
2020-03-31,KRBL.NS
2020-03-31,KSB.NS
2020-03-31,KSCL.NS
2020-03-31,KTKBANK.NS
2020-03-31,LAURUSLABS.NS
2020-03-31,LAXMIMACH.NS
2020-03-31,LEMONTREE.NS
2020-03-31,LINDEINDIA.NS
2020-03-31,LMW.NS
2020-03-31,LUXIND.NS
2020-03-31,MAHABANK.NS
2020-03-31,MAHINDCIE.NS
2020-03-31,MAHLOG.NS
2020-03-31,MAHSCOOTER.NS
2020-03-31,MAHSEAMLES.NS
2020-03-31,MASFIN.NS
2020-03-31,MBECL.NS
2020-03-31,MCX.NS
2020-03-31,METROPOLIS.NS
2020-03-31,MHRIL.NS
2020-03-31,MIDHANI.NS
2020-03-31,MINDACORP.NS
2020-03-31,MMTC.NS
2020-03-31,MOIL.NS
2020-03-31,MRPL.NS
2020-03-31,NATIONALUM.NS
2020-03-31,NAVINFLUOR.NS
2020-03-31,NAVNETEDUL.NS
2020-03-31,NBCC.NS
2020-03-31,NCC.NS
2020-03-31,NESCO.NS
2020-03-31,NETWORK18.NS
2020-03-31,NH.NS
2020-03-31,NLCINDIA.NS
2020-03-31,OMAXE.NS
2020-03-31,ORIENTELEC.NS
2020-03-31,PATANJALI.NS
2020-03-31,PERSISTENT.NS
2020-03-31,PGHL.NS
2020-03-31,PNBHOUSING.NS
2020-03-31,PNCINFRA.NS
2020-03-31,POLYMED.NS
2020-03-31,PRSMJOHNSN.NS
2020-03-31,QUESS.NS
2020-03-31,RADICO.NS
2020-03-31,RAIN.NS
2020-03-31,RALLIS.NS
2020-03-31,RATNAMANI.NS
2020-03-31,RCF.NS
2020-03-31,REDINGTON.NS
2020-03-31,RESPONIND.NS
2020-03-31,RHIM.NS
2020-03-31,RITES.NS
2020-03-31,RVNL.NS
2020-03-31,SCI.NS
2020-03-31,SFL.NS
2020-03-31,SHILPAMED.NS
2020-03-31,SHOPERSTOP.NS
2020-03-31,SIS.NS
2020-03-31,SKFINDIA.NS
2020-03-31,SOBHA.NS
2020-03-31,SONATSOFTW.NS
2020-03-31,SPANDANA.NS
2020-03-31,SPARC.NS
2020-03-31,SPICEJET.NS
2020-03-31,STARCEMENT.NS
2020-03-31,STLTECH.NS
2020-03-31,SUDARSCHEM.NS
2020-03-31,SUNCLAYLTD.NS
2020-03-31,SUNTECK.NS
2020-03-31,SUPRAJIT.NS
2020-03-31,SUZLON.NS
2020-03-31,SWANCORP.NS
2020-03-31,SWANENERGY.NS
2020-03-31,SWSOLAR.NS
2020-03-31,SYMPHONY.NS
2020-03-31,TASTYBITE.NS
2020-03-31,TATACHEM.NS
2020-03-31,TATAELXSI.NS
2020-03-31,TCI.NS
2020-03-31,TCIEXP.NS
2020-03-31,TCNSBRANDS.NS
2020-03-31,TEAMLEASE.NS
2020-03-31,TECHNOE.NS
2020-03-31,TIINDIA.NS
2020-03-31,TIMKEN.NS
2020-03-31,TRIDENT.NS
2020-03-31,TRITURBINE.NS
2020-03-31,TTKPRESTIG.NS
2020-03-31,TV18BRDCST.NS
2020-03-31,TVSHLTD.NS
2020-03-31,UEL.NS
2020-03-31,UJJIVAN.NS
2020-03-31,UJJIVANSFB.NS
2020-03-31,VAIBHAVGBL.NS
2020-03-31,VAKRANGEE.NS
2020-03-31,VARROC.NS
2020-03-31,VENKEYS.NS
2020-03-31,VESUVIUS.NS
2020-03-31,VIPIND.NS
2020-03-31,VSTIND.NS
2020-03-31,VTL.NS
2020-03-31,WELCORP.NS
2020-03-31,WELSPUNIND.NS
2020-03-31,WELSPUNLIV.NS
2020-03-31,WESTLIFE.NS
2020-03-31,WOCKPHARMA.NS
2020-03-31,ZENSARTECH.NS
2020-03-31,ZFCVINDIA.NS
2020-09-30,AARTIDRUGS.NS
2020-09-30,ABFRL.NS
2020-09-30,ABREL.NS
2020-09-30,ADVENZYMES.NS
2020-09-30,AEGISCHEM.NS
2020-09-30,AEGISLOG.NS
2020-09-30,AFFLE.NS
2020-09-30,ALKYLAMINE.NS
2020-09-30,ALOKINDS.NS
2020-09-30,AMBER.NS
2020-09-30,APLAPOLLO.NS
2020-09-30,APOLLOTYRE.NS
2020-09-30,ASAHIINDIA.NS
2020-09-30,ASTERDM.NS
2020-09-30,AURUM.NS
2020-09-30,AVANTIFEED.NS
2020-09-30,BAJAJCON.NS
2020-09-30,BAJAJELEC.NS
2020-09-30,BALRAMCHIN.NS
2020-09-30,BASF.NS
2020-09-30,BBTC.NS
2020-09-30,BDL.NS
2020-09-30,BIRLACORPN.NS
2020-09-30,BLUEDART.NS
2020-09-30,BLUESTARCO.NS
2020-09-30,BRIGADE.NS
2020-09-30,BSOFT.NS
2020-09-30,CANFINHOME.NS
2020-09-30,CAPLIPOINT.NS
2020-09-30,CARBORUNIV.NS
2020-09-30,CCL.NS
2020-09-30,CDSL.NS
2020-09-30,CEATLTD.NS
2020-09-30,CENTURYPLY.NS
2020-09-30,CENTURYTEX.NS
2020-09-30,CERA.NS
2020-09-30,CESC.NS
2020-09-30,CGCL.NS
2020-09-30,CHALET.NS
2020-09-30,CHAMBLFERT.NS
2020-09-30,CHOLAHLDNG.NS
2020-09-30,CIEINDIA.NS
2020-09-30,COCHINSHIP.NS
2020-09-30,COHANCE.NS
2020-09-30,CREDITACC.NS
2020-09-30,CSBBANK.NS
2020-09-30,CUB.NS
2020-09-30,CYIENT.NS
2020-09-30,DBL.NS
2020-09-30,DCAL.NS
2020-09-30,DCBBANK.NS
2020-09-30,DCMSHRIRAM.NS
2020-09-30,DELTACORP.NS
2020-09-30,DEN.NS
2020-09-30,DHANI.NS
2020-09-30,DHANUKA.NS
2020-09-30,DIXON.NS
2020-09-30,EDELWEISS.NS
2020-09-30,EIDPARRY.NS
2020-09-30,EIHOTEL.NS
2020-09-30,ELGIEQUIP.NS
2020-09-30,ENGINERSIN.NS
2020-09-30,EPL.NS
2020-09-30,ERIS.NS
2020-09-30,ESABINDIA.NS
2020-09-30,FACT.NS
2020-09-30,FCONSUMER.NS
2020-09-30,FDC.NS
2020-09-30,FINCABLES.NS
2020-09-30,FINEORG.NS
2020-09-30,FINPIPE.NS
2020-09-30,FLFL.NS
2020-09-30,FLUOROCHEM.NS
2020-09-30,FMGOETZE.NS
2020-09-30,FRETAIL.NS
2020-09-30,FSL.NS
2020-09-30,GALAXYSURF.NS
2020-09-30,GEPIL.NS
2020-09-30,GESHIP.NS
2020-09-30,GET&D.NS
2020-09-30,GMMPFAUDLR.NS
2020-09-30,GNFC.NS
2020-09-30,GODFRYPHLP.NS
2020-09-30,GOODYEAR.NS
2020-09-30,GPPL.NS
2020-09-30,GRANULES.NS
2020-09-30,GRAPHITE.NS
2020-09-30,GRINDWELL.NS
2020-09-30,GRSE.NS
2020-09-30,GSFC.NS
2020-09-30,GUJALKALI.NS
2020-09-30,GULFOILLUB.NS
2020-09-30,GVPIL.NS
2020-09-30,GVT&D.NS
2020-09-30,HATHWAY.NS
2020-09-30,HEG.NS
2020-09-30,HEIDELBERG.NS
2020-09-30,HINDCOPPER.NS
2020-09-30,HSCL.NS
2020-09-30,HUDCO.NS
2020-09-30,IBREALEST.NS
2020-09-30,IBULHSGFIN.NS
2020-09-30,ICRA.NS
2020-09-30,IDFC.NS
2020-09-30,IEX.NS
2020-09-30,IIFL-RE.NS
2020-09-30,IIFL.NS
2020-09-30,INDIACEM.NS
2020-09-30,INDIANB.NS
2020-09-30,INDIGRID-IV.NS
2020-09-30,INDIGRID.NS
2020-09-30,INDOCO.NS
2020-09-30,INDOSTAR.NS
2020-09-30,INFIBEAM.NS
2020-09-30,INGERRAND.NS
2020-09-30,INOXLEISUR.NS
2020-09-30,IOLCP.NS
2020-09-30,IRB.NS
2020-09-30,IRBINVIT.NS
2020-09-30,IRCON.NS
2020-09-30,JBCHEPHARM.NS
2020-09-30,JCHAC.NS
2020-09-30,JINDALSAW.NS
2020-09-30,JKLAKSHMI.NS
2020-09-30,JMFINANCIL.NS
2020-09-30,JSWHL.NS
2020-09-30,JUNIORBEES.NS
2020-09-30,JUSTDIAL.NS
2020-09-30,JYOTHYLAB.NS
2020-09-30,KAJARIACER.NS
2020-09-30,KALPATPOWR.NS
2020-09-30,KARURVYSYA.NS
2020-09-30,KEC.NS
2020-09-30,KEI.NS
2020-09-30,KIOCL.NS
2020-09-30,KNRCON.NS
2020-09-30,KPIL.NS
2020-09-30,KPITTECH.NS
2020-09-30,KPRMILL.NS
2020-09-30,KRBL.NS
2020-09-30,KSCL.NS
2020-09-30,LAOPALA.NS
2020-09-30,LAXMIMACH.NS
2020-09-30,LINDEINDIA.NS
2020-09-30,LMW.NS
2020-09-30,LUXIND.NS
2020-09-30,MAHABANK.NS
2020-09-30,MAHINDCIE.NS
2020-09-30,MAHLOG.NS
2020-09-30,MAHSCOOTER.NS
2020-09-30,MASFIN.NS
2020-09-30,MBECL.NS
2020-09-30,MCX.NS
2020-09-30,METROPOLIS.NS
2020-09-30,MHRIL.NS
2020-09-30,MIDHANI.NS
2020-09-30,MMTC.NS
2020-09-30,MOIL.NS
2020-09-30,MRPL.NS
2020-09-30,NATIONALUM.NS
2020-09-30,NBCC.NS
2020-09-30,NESCO.NS
2020-09-30,NETWORK18.NS
2020-09-30,NH.NS
2020-09-30,NLCINDIA.NS
2020-09-30,OIL.NS
2020-09-30,OMAXE.NS
2020-09-30,ORIENTELEC.NS
2020-09-30,PERSISTENT.NS
2020-09-30,PGHL.NS
2020-09-30,PNBHOUSING.NS
2020-09-30,PNCINFRA.NS
2020-09-30,POLYMED.NS
2020-09-30,POWERINDIA.NS
2020-09-30,PRSMJOHNSN.NS
2020-09-30,PVR.NS
2020-09-30,QUESS.NS
2020-09-30,RADICO.NS
2020-09-30,RAIN.NS
2020-09-30,RALLIS.NS
2020-09-30,RATNAMANI.NS
2020-09-30,RCF.NS
2020-09-30,REDINGTON.NS
2020-09-30,RESPONIND.NS
2020-09-30,RHIM.NS
2020-09-30,RITES.NS
2020-09-30,ROSSARI.NS
2020-09-30,RVNL.NS
2020-09-30,SAMMAANCAP.NS
2020-09-30,SCHNEIDER.NS
2020-09-30,SCI.NS
2020-09-30,SEQUENT.NS
2020-09-30,SFL.NS
2020-09-30,SHARDACROP.NS
2020-09-30,SHILPAMED.NS
2020-09-30,SIS.NS
2020-09-30,SKFINDIA.NS
2020-09-30,SOBHA.NS
2020-09-30,SOLARA.NS
2020-09-30,SONATSOFTW.NS
2020-09-30,SPANDANA.NS
2020-09-30,SPARC.NS
2020-09-30,SPICEJET.NS
2020-09-30,STAR.NS
2020-09-30,STARCEMENT.NS
2020-09-30,STLTECH.NS
2020-09-30,SUDARSCHEM.NS
2020-09-30,SUNCLAYLTD.NS
2020-09-30,SUNDRMFAST.NS
2020-09-30,SUNTECK.NS
2020-09-30,SUPRAJIT.NS
2020-09-30,SUVENPHAR.NS
2020-09-30,SUZLON.NS
2020-09-30,SWANCORP.NS
2020-09-30,SWANENERGY.NS
2020-09-30,SWSOLAR.NS
2020-09-30,SYMPHONY.NS
2020-09-30,TANLA.NS
2020-09-30,TASTYBITE.NS
2020-09-30,TATACHEM.NS
2020-09-30,TATAELXSI.NS
2020-09-30,TCIEXP.NS
2020-09-30,TCNSBRANDS.NS
2020-09-30,TEAMLEASE.NS
2020-09-30,TECHNOE.NS
2020-09-30,TIMKEN.NS
2020-09-30,TRIDENT.NS
2020-09-30,TRITURBINE.NS
2020-09-30,TTKPRESTIG.NS
2020-09-30,TV18BRDCST.NS
2020-09-30,TVSHLTD.NS
2020-09-30,UEL.NS
2020-09-30,UJJIVAN.NS
2020-09-30,UJJIVANSFB.NS
2020-09-30,VAIBHAVGBL.NS
2020-09-30,VAKRANGEE.NS
2020-09-30,VARROC.NS
2020-09-30,VESUVIUS.NS
2020-09-30,VGUARD.NS
2020-09-30,VIPIND.NS
2020-09-30,VIYASH.NS
2020-09-30,VSTIND.NS
2020-09-30,VTL.NS
2020-09-30,WELCORP.NS
2020-09-30,WELSPUNIND.NS
2020-09-30,WELSPUNLIV.NS
2020-09-30,WESTLIFE.NS
2020-09-30,WOCKPHARMA.NS
2020-09-30,ZENSARTECH.NS
2020-09-30,ZFCVINDIA.NS
2021-03-31,AARTIDRUGS.NS
2021-03-31,ABFRL.NS
2021-03-31,ADVENZYMES.NS
2021-03-31,ALKYLAMINE.NS
2021-03-31,ALLCARGO.NS
2021-03-31,AMBER.NS
2021-03-31,ANGELONE.NS
2021-03-31,ASAHIINDIA.NS
2021-03-31,ASTERDM.NS
2021-03-31,AVANTIFEED.NS
2021-03-31,BAJAJELEC.NS
2021-03-31,BALAMINES.NS
2021-03-31,BALRAMCHIN.NS
2021-03-31,BASF.NS
2021-03-31,BBTC.NS
2021-03-31,BCG.NS
2021-03-31,BDL.NS
2021-03-31,BIRLACORPN.NS
2021-03-31,BLUESTARCO.NS
2021-03-31,BORORENEW.NS
2021-03-31,BRIGADE.NS
2021-03-31,BSE.NS
2021-03-31,BSOFT.NS
2021-03-31,CAMS.NS
2021-03-31,CANFINHOME.NS
2021-03-31,CAPLIPOINT.NS
2021-03-31,CARBORUNIV.NS
2021-03-31,CCL.NS
2021-03-31,CDSL.NS
2021-03-31,CEATLTD.NS
2021-03-31,CENTURYPLY.NS
2021-03-31,CENTURYTEX.NS
2021-03-31,CERA.NS
2021-03-31,CESC.NS
2021-03-31,CGCL.NS
2021-03-31,CGPOWER.NS
2021-03-31,CHALET.NS
2021-03-31,CHAMBLFERT.NS
2021-03-31,COCHINSHIP.NS
2021-03-31,CSBBANK.NS
2021-03-31,CYIENT.NS
2021-03-31,DBL.NS
2021-03-31,DCMSHRIRAM.NS
2021-03-31,DELTACORP.NS
2021-03-31,ECLERX.NS
2021-03-31,EDELWEISS.NS
2021-03-31,EIDPARRY.NS
2021-03-31,EIHOTEL.NS
2021-03-31,ELGIEQUIP.NS
2021-03-31,ENGINERSIN.NS
2021-03-31,EPL.NS
2021-03-31,EQUITAS.NS
2021-03-31,EQUITASBNK.NS
2021-03-31,ERIS.NS
2021-03-31,FACT.NS
2021-03-31,FDC.NS
2021-03-31,FINCABLES.NS
2021-03-31,FINEORG.NS
2021-03-31,FINPIPE.NS
2021-03-31,FLUOROCHEM.NS
2021-03-31,FSL.NS
2021-03-31,GAEL.NS
2021-03-31,GALAXYSURF.NS
2021-03-31,GARFIBRES.NS
2021-03-31,GESHIP.NS
2021-03-31,GMMPFAUDLR.NS
2021-03-31,GNFC.NS
2021-03-31,GODFRYPHLP.NS
2021-03-31,GPPL.NS
2021-03-31,GRANULES.NS
2021-03-31,GRAPHITE.NS
2021-03-31,GRINDWELL.NS
2021-03-31,GSFC.NS
2021-03-31,GUJALKALI.NS
2021-03-31,HAPPSTMNDS.NS
2021-03-31,HATHWAY.NS
2021-03-31,HEG.NS
2021-03-31,HEMIPROP.NS
2021-03-31,HFCL.NS
2021-03-31,HGS.NS
2021-03-31,HIKAL.NS
2021-03-31,HINDCOPPER.NS
2021-03-31,HUDCO.NS
2021-03-31,IBREALEST.NS
2021-03-31,IBULHSGFIN.NS
2021-03-31,ICIL.NS
2021-03-31,IDFC.NS
2021-03-31,IEX.NS
2021-03-31,IFBIND.NS
2021-03-31,IIFL.NS
2021-03-31,INDIACEM.NS
2021-03-31,INDOCO.NS
2021-03-31,INFIBEAM.NS
2021-03-31,INOXLEISUR.NS
2021-03-31,INTELLECT.NS
2021-03-31,IRB.NS
2021-03-31,IRCON.NS
2021-03-31,JAMNAAUTO.NS
2021-03-31,JBCHEPHARM.NS
2021-03-31,JKLAKSHMI.NS
2021-03-31,JKPAPER.NS
2021-03-31,JMFINANCIL.NS
2021-03-31,JSL.NS
2021-03-31,JSLHISAR.NS
2021-03-31,JUSTDIAL.NS
2021-03-31,JYOTHYLAB.NS
2021-03-31,KALPATPOWR.NS
2021-03-31,KARURVYSYA.NS
2021-03-31,KEI.NS
2021-03-31,KPITTECH.NS
2021-03-31,KPRMILL.NS
2021-03-31,KRBL.NS
2021-03-31,LAXMIMACH.NS
2021-03-31,LUXIND.NS
2021-03-31,MAHINDCIE.NS
2021-03-31,MAHLOG.NS
2021-03-31,MASTEK.NS
2021-03-31,MAZDOCK.NS
2021-03-31,MCX.NS
2021-03-31,MHRIL.NS
2021-03-31,MMTC.NS
2021-03-31,MOIL.NS
2021-03-31,MOTILALOFS.NS
2021-03-31,MRPL.NS
2021-03-31,NATIONALUM.NS
2021-03-31,NBCC.NS
2021-03-31,NCC.NS
2021-03-31,NESCO.NS
2021-03-31,NETWORK18.NS
2021-03-31,NH.NS
2021-03-31,NLCINDIA.NS
2021-03-31,NOCIL.NS
2021-03-31,OIL.NS
2021-03-31,ORIENTELEC.NS
2021-03-31,PCBL.NS
2021-03-31,PNBHOUSING.NS
2021-03-31,PNCINFRA.NS
2021-03-31,POLYMED.NS
2021-03-31,POLYPLEX.NS
2021-03-31,POONAWALLA.NS
2021-03-31,POWERINDIA.NS
2021-03-31,PRAJIND.NS
2021-03-31,PRINCEPIPE.NS
2021-03-31,PRIVISCL.NS
2021-03-31,PRSMJOHNSN.NS
2021-03-31,PVR.NS
2021-03-31,QUESS.NS
2021-03-31,RADICO.NS
2021-03-31,RAIN.NS
2021-03-31,RALLIS.NS
2021-03-31,RATNAMANI.NS
2021-03-31,RBA.NS
2021-03-31,RCF.NS
2021-03-31,REDINGTON.NS
2021-03-31,RENUKA.NS
2021-03-31,RHIM.NS
2021-03-31,RITES.NS
2021-03-31,ROSSARI.NS
2021-03-31,ROUTE.NS
2021-03-31,RTNINDIA.NS
2021-03-31,RVNL.NS
2021-03-31,SAREGAMA.NS
2021-03-31,SCI.NS
2021-03-31,SEQUENT.NS
2021-03-31,SFL.NS
2021-03-31,SHILPAMED.NS
2021-03-31,SIS.NS
2021-03-31,SKFINDIA.NS
2021-03-31,SOBHA.NS
2021-03-31,SOLARA.NS
2021-03-31,SONATSOFTW.NS
2021-03-31,SPARC.NS
2021-03-31,SPICEJET.NS
2021-03-31,STAR.NS
2021-03-31,STLTECH.NS
2021-03-31,SUDARSCHEM.NS
2021-03-31,SUNTECK.NS
2021-03-31,SUPRAJIT.NS
2021-03-31,SUZLON.NS
2021-03-31,SWSOLAR.NS
2021-03-31,SYMPHONY.NS
2021-03-31,TANLA.NS
2021-03-31,TATACOFFEE.NS
2021-03-31,TATAINVEST.NS
2021-03-31,TATASTLLP.NS
2021-03-31,TCIEXP.NS
2021-03-31,TCNSBRANDS.NS
2021-03-31,TEAMLEASE.NS
2021-03-31,THYROCARE.NS
2021-03-31,TRIDENT.NS
2021-03-31,TRITURBINE.NS
2021-03-31,TTKPRESTIG.NS
2021-03-31,TTML.NS
2021-03-31,TV18BRDCST.NS
2021-03-31,UFLEX.NS
2021-03-31,UTIAMC.NS
2021-03-31,VAIBHAVGBL.NS
2021-03-31,VAKRANGEE.NS
2021-03-31,VARROC.NS
2021-03-31,VENKEYS.NS
2021-03-31,VGUARD.NS
2021-03-31,VIPIND.NS
2021-03-31,VMART.NS
2021-03-31,VTL.NS
2021-03-31,WELCORP.NS
2021-03-31,WELSPUNIND.NS
2021-03-31,WESTLIFE.NS
2021-03-31,WOCKPHARMA.NS
2021-03-31,ZENSARTECH.NS
2021-03-31,ZFCVINDIA.NS
2021-03-31,ZYDUSWELL.NS
2021-09-30,AARTIDRUGS.NS
2021-09-30,ABFRL.NS
2021-09-30,ADVENZYMES.NS
2021-09-30,AEGISCHEM.NS
2021-09-30,ALLCARGO.NS
2021-09-30,ALOKINDS.NS
2021-09-30,AMBER.NS
2021-09-30,ANGELONE.NS
2021-09-30,ANURAS.NS
2021-09-30,ASAHIINDIA.NS
2021-09-30,ASTERDM.NS
2021-09-30,ASTRAZEN.NS
2021-09-30,AVANTIFEED.NS
2021-09-30,BAJAJELEC.NS
2021-09-30,BALAMINES.NS
2021-09-30,BALRAMCHIN.NS
2021-09-30,BASF.NS
2021-09-30,BBTC.NS
2021-09-30,BCG.NS
2021-09-30,BDL.NS
2021-09-30,BIRLACORPN.NS
2021-09-30,BLUESTARCO.NS
2021-09-30,BORORENEW.NS
2021-09-30,BRIGADE.NS
2021-09-30,BSE.NS
2021-09-30,BSOFT.NS
2021-09-30,CAMS.NS
2021-09-30,CANFINHOME.NS
2021-09-30,CAPLIPOINT.NS
2021-09-30,CCL.NS
2021-09-30,CDSL.NS
2021-09-30,CEATLTD.NS
2021-09-30,CENTURYPLY.NS
2021-09-30,CENTURYTEX.NS
2021-09-30,CERA.NS
2021-09-30,CESC.NS
2021-09-30,CGCL.NS
2021-09-30,CGPOWER.NS
2021-09-30,CHALET.NS
2021-09-30,COCHINSHIP.NS
2021-09-30,CREDITACC.NS
2021-09-30,CSBBANK.NS
2021-09-30,CUB.NS
2021-09-30,CYIENT.NS
2021-09-30,DBL.NS
2021-09-30,DELTACORP.NS
2021-09-30,DHANI.NS
2021-09-30,EASEMYTRIP.NS
2021-09-30,ECLERX.NS
2021-09-30,EDELWEISS.NS
2021-09-30,EIDPARRY.NS
2021-09-30,EIHOTEL.NS
2021-09-30,ELGIEQUIP.NS
2021-09-30,ENGINERSIN.NS
2021-09-30,EPL.NS
2021-09-30,EQUITAS.NS
2021-09-30,EQUITASBNK.NS
2021-09-30,ERIS.NS
2021-09-30,FACT.NS
2021-09-30,FDC.NS
2021-09-30,FINCABLES.NS
2021-09-30,FINEORG.NS
2021-09-30,FINPIPE.NS
2021-09-30,FSL.NS
2021-09-30,GAEL.NS
2021-09-30,GALAXYSURF.NS
2021-09-30,GARFIBRES.NS
2021-09-30,GESHIP.NS
2021-09-30,GMMPFAUDLR.NS
2021-09-30,GNFC.NS
2021-09-30,GODFRYPHLP.NS
2021-09-30,GODREJAGRO.NS
2021-09-30,GPPL.NS
2021-09-30,GRANULES.NS
2021-09-30,GSFC.NS
2021-09-30,GUJALKALI.NS
2021-09-30,HATHWAY.NS
2021-09-30,HEG.NS
2021-09-30,HEMIPROP.NS
2021-09-30,HFCL.NS
2021-09-30,HGS.NS
2021-09-30,HIKAL.NS
2021-09-30,HLEGLAS.NS
2021-09-30,HOMEFIRST.NS
2021-09-30,HUDCO.NS
2021-09-30,IBREALEST.NS
2021-09-30,IBULHSGFIN.NS
2021-09-30,ICIL.NS
2021-09-30,IDFC.NS
2021-09-30,IFBIND.NS
2021-09-30,IIFL.NS
2021-09-30,IIFLWAM.NS
2021-09-30,INDIACEM.NS
2021-09-30,INDIGOPNTS.NS
2021-09-30,INDOCO.NS
2021-09-30,INFIBEAM.NS
2021-09-30,INOXLEISUR.NS
2021-09-30,INTELLECT.NS
2021-09-30,IRB.NS
2021-09-30,IRCON.NS
2021-09-30,ITI.NS
2021-09-30,JAMNAAUTO.NS
2021-09-30,JBCHEPHARM.NS
2021-09-30,JKLAKSHMI.NS
2021-09-30,JKPAPER.NS
2021-09-30,JMFINANCIL.NS
2021-09-30,JSL.NS
2021-09-30,JSLHISAR.NS
2021-09-30,JUBLINGREA.NS
2021-09-30,JUBLPHARMA.NS
2021-09-30,JUSTDIAL.NS
2021-09-30,JYOTHYLAB.NS
2021-09-30,KALPATPOWR.NS
2021-09-30,KALYANKJIL.NS
2021-09-30,KARURVYSYA.NS
2021-09-30,KEC.NS
2021-09-30,KEI.NS
2021-09-30,KIMS.NS
2021-09-30,KPITTECH.NS
2021-09-30,KPRMILL.NS
2021-09-30,KRBL.NS
2021-09-30,LAXMIMACH.NS
2021-09-30,LUXIND.NS
2021-09-30,LXCHEM.NS
2021-09-30,MAHINDCIE.NS
2021-09-30,MAHLOG.NS
2021-09-30,MASTEK.NS
2021-09-30,MAZDOCK.NS
2021-09-30,MCX.NS
2021-09-30,MGL.NS
2021-09-30,MHRIL.NS
2021-09-30,MMTC.NS
2021-09-30,MOIL.NS
2021-09-30,MOTILALOFS.NS
2021-09-30,MRPL.NS
2021-09-30,MTARTECH.NS
2021-09-30,NAZARA.NS
2021-09-30,NBCC.NS
2021-09-30,NCC.NS
2021-09-30,NESCO.NS
2021-09-30,NETWORK18.NS
2021-09-30,NH.NS
2021-09-30,NLCINDIA.NS
2021-09-30,NOCIL.NS
2021-09-30,OIL.NS
2021-09-30,ORIENTELEC.NS
2021-09-30,PCBL.NS
2021-09-30,PGHL.NS
2021-09-30,PNBHOUSING.NS
2021-09-30,PNCINFRA.NS
2021-09-30,POLYMED.NS
2021-09-30,POLYPLEX.NS
2021-09-30,POONAWALLA.NS
2021-09-30,POWERINDIA.NS
2021-09-30,PRAJIND.NS
2021-09-30,PRINCEPIPE.NS
2021-09-30,PRIVISCL.NS
2021-09-30,PRSMJOHNSN.NS
2021-09-30,PVR.NS
2021-09-30,QUESS.NS
2021-09-30,RADICO.NS
2021-09-30,RAILTEL.NS
2021-09-30,RAIN.NS
2021-09-30,RALLIS.NS
2021-09-30,RATNAMANI.NS
2021-09-30,RBA.NS
2021-09-30,RBLBANK.NS
2021-09-30,RCF.NS
2021-09-30,REDINGTON.NS
2021-09-30,RENUKA.NS
2021-09-30,RHIM.NS
2021-09-30,RITES.NS
2021-09-30,ROSSARI.NS
2021-09-30,ROUTE.NS
2021-09-30,RTNINDIA.NS
2021-09-30,RVNL.NS
2021-09-30,SANOFI.NS
2021-09-30,SAREGAMA.NS
2021-09-30,SCI.NS
2021-09-30,SEQUENT.NS
2021-09-30,SFL.NS
2021-09-30,SHILPAMED.NS
2021-09-30,SHYAMMETL.NS
2021-09-30,SIS.NS
2021-09-30,SJVN.NS
2021-09-30,SKFINDIA.NS
2021-09-30,SOBHA.NS
2021-09-30,SOLARA.NS
2021-09-30,SONATSOFTW.NS
2021-09-30,SPARC.NS
2021-09-30,SPICEJET.NS
2021-09-30,STAR.NS
2021-09-30,STLTECH.NS
2021-09-30,SUDARSCHEM.NS
2021-09-30,SUNTECK.NS
2021-09-30,SUPRAJIT.NS
2021-09-30,SUZLON.NS
2021-09-30,SWSOLAR.NS
2021-09-30,SYMPHONY.NS
2021-09-30,TANLA.NS
2021-09-30,TATACOFFEE.NS
2021-09-30,TATAINVEST.NS
2021-09-30,TATASTLLP.NS
2021-09-30,TCIEXP.NS
2021-09-30,TCNSBRANDS.NS
2021-09-30,TEAMLEASE.NS
2021-09-30,THYROCARE.NS
2021-09-30,TIMKEN.NS
2021-09-30,TRIDENT.NS
2021-09-30,TRITURBINE.NS
2021-09-30,TTKPRESTIG.NS
2021-09-30,TTML.NS
2021-09-30,TV18BRDCST.NS
2021-09-30,UFLEX.NS
2021-09-30,UTIAMC.NS
2021-09-30,VAKRANGEE.NS
2021-09-30,VARROC.NS
2021-09-30,VENKEYS.NS
2021-09-30,VGUARD.NS
2021-09-30,VIPIND.NS
2021-09-30,VMART.NS
2021-09-30,VTL.NS
2021-09-30,WELCORP.NS
2021-09-30,WELSPUNIND.NS
2021-09-30,WESTLIFE.NS
2021-09-30,WOCKPHARMA.NS
2021-09-30,ZENSARTECH.NS
2021-09-30,ZFCVINDIA.NS
2021-09-30,ZYDUSWELL.NS
2022-03-31,AARTIDRUGS.NS
2022-03-31,ABFRL.NS
2022-03-31,ADVENZYMES.NS
2022-03-31,AEGISCHEM.NS
2022-03-31,ALLCARGO.NS
2022-03-31,ALOKINDS.NS
2022-03-31,AMARAJABAT.NS
2022-03-31,AMBER.NS
2022-03-31,ANGELONE.NS
2022-03-31,ANURAS.NS
2022-03-31,APLLTD.NS
2022-03-31,APOLLOTYRE.NS
2022-03-31,ASAHIINDIA.NS
2022-03-31,ASTERDM.NS
2022-03-31,ASTRAZEN.NS
2022-03-31,AVANTIFEED.NS
2022-03-31,BAJAJELEC.NS
2022-03-31,BALAMINES.NS
2022-03-31,BALRAMCHIN.NS
2022-03-31,BASF.NS
2022-03-31,BBTC.NS
2022-03-31,BDL.NS
2022-03-31,BIRLACORPN.NS
2022-03-31,BLUESTARCO.NS
2022-03-31,BORORENEW.NS
2022-03-31,BRIGADE.NS
2022-03-31,BSE.NS
2022-03-31,BSOFT.NS
2022-03-31,CAMS.NS
2022-03-31,CANFINHOME.NS
2022-03-31,CAPLIPOINT.NS
2022-03-31,CASTROLIND.NS
2022-03-31,CCL.NS
2022-03-31,CDSL.NS
2022-03-31,CEATLTD.NS
2022-03-31,CENTURYPLY.NS
2022-03-31,CENTURYTEX.NS
2022-03-31,CERA.NS
2022-03-31,CESC.NS
2022-03-31,CGCL.NS
2022-03-31,CHALET.NS
2022-03-31,CHEMPLASTS.NS
2022-03-31,CHOLAHLDNG.NS
2022-03-31,COCHINSHIP.NS
2022-03-31,CREDITACC.NS
2022-03-31,CSBBANK.NS
2022-03-31,CUB.NS
2022-03-31,CYIENT.NS
2022-03-31,DBL.NS
2022-03-31,DELTACORP.NS
2022-03-31,DHANI.NS
2022-03-31,EASEMYTRIP.NS
2022-03-31,ECLERX.NS
2022-03-31,EDELWEISS.NS
2022-03-31,EIDPARRY.NS
2022-03-31,EIHOTEL.NS
2022-03-31,ELGIEQUIP.NS
2022-03-31,ENGINERSIN.NS
2022-03-31,EPL.NS
2022-03-31,EQUITAS.NS
2022-03-31,EQUITASBNK.NS
2022-03-31,ERIS.NS
2022-03-31,EXIDEIND.NS
2022-03-31,FACT.NS
2022-03-31,FDC.NS
2022-03-31,FINCABLES.NS
2022-03-31,FINEORG.NS
2022-03-31,FINPIPE.NS
2022-03-31,FSL.NS
2022-03-31,GAEL.NS
2022-03-31,GALAXYSURF.NS
2022-03-31,GARFIBRES.NS
2022-03-31,GESHIP.NS
2022-03-31,GLENMARK.NS
2022-03-31,GLS.NS
2022-03-31,GMMPFAUDLR.NS
2022-03-31,GNFC.NS
2022-03-31,GOCOLORS.NS
2022-03-31,GODFRYPHLP.NS
2022-03-31,GODREJAGRO.NS
2022-03-31,GPPL.NS
2022-03-31,GRANULES.NS
2022-03-31,GRAPHITE.NS
2022-03-31,GSFC.NS
2022-03-31,GUJALKALI.NS
2022-03-31,HATHWAY.NS
2022-03-31,HEG.NS
2022-03-31,HEMIPROP.NS
2022-03-31,HFCL.NS
2022-03-31,HGS.NS
2022-03-31,HIKAL.NS
2022-03-31,HINDCOPPER.NS
2022-03-31,HLEGLAS.NS
2022-03-31,HOMEFIRST.NS
2022-03-31,HUDCO.NS
2022-03-31,IBREALEST.NS
2022-03-31,IBULHSGFIN.NS
2022-03-31,ICIL.NS
2022-03-31,IDFC.NS
2022-03-31,IFBIND.NS
2022-03-31,IIFL.NS
2022-03-31,IIFLWAM.NS
2022-03-31,INDIACEM.NS
2022-03-31,INDIGOPNTS.NS
2022-03-31,INDOCO.NS
2022-03-31,INFIBEAM.NS
2022-03-31,INOXLEISUR.NS
2022-03-31,INTELLECT.NS
2022-03-31,IRB.NS
2022-03-31,IRCON.NS
2022-03-31,ITI.NS
2022-03-31,JAMNAAUTO.NS
2022-03-31,JBCHEPHARM.NS
2022-03-31,JKLAKSHMI.NS
2022-03-31,JKPAPER.NS
2022-03-31,JMFINANCIL.NS
2022-03-31,JSL.NS
2022-03-31,JSLHISAR.NS
2022-03-31,JUBLINGREA.NS
2022-03-31,JUBLPHARMA.NS
2022-03-31,JUSTDIAL.NS
2022-03-31,JYOTHYLAB.NS
2022-03-31,KALPATPOWR.NS
2022-03-31,KALYANKJIL.NS
2022-03-31,KARURVYSYA.NS
2022-03-31,KEC.NS
2022-03-31,KEI.NS
2022-03-31,KIMS.NS
2022-03-31,KPITTECH.NS
2022-03-31,KRBL.NS
2022-03-31,LATENTVIEW.NS
2022-03-31,LAXMIMACH.NS
2022-03-31,LUXIND.NS
2022-03-31,LXCHEM.NS
2022-03-31,MAHABANK.NS
2022-03-31,MAHINDCIE.NS
2022-03-31,MAHLOG.NS
2022-03-31,MANAPPURAM.NS
2022-03-31,MAPMYINDIA.NS
2022-03-31,MASTEK.NS
2022-03-31,MAZDOCK.NS
2022-03-31,MCX.NS
2022-03-31,MEDPLUS.NS
2022-03-31,METROBRAND.NS
2022-03-31,METROPOLIS.NS
2022-03-31,MGL.NS
2022-03-31,MHRIL.NS
2022-03-31,MMTC.NS
2022-03-31,MOIL.NS
2022-03-31,MOTILALOFS.NS
2022-03-31,MRPL.NS
2022-03-31,MTARTECH.NS
2022-03-31,NATCOPHARM.NS
2022-03-31,NAZARA.NS
2022-03-31,NBCC.NS
2022-03-31,NCC.NS
2022-03-31,NESCO.NS
2022-03-31,NETWORK18.NS
2022-03-31,NH.NS
2022-03-31,NLCINDIA.NS
2022-03-31,NOCIL.NS
2022-03-31,ORIENTELEC.NS
2022-03-31,PCBL.NS
2022-03-31,PGHL.NS
2022-03-31,PNBHOUSING.NS
2022-03-31,PNCINFRA.NS
2022-03-31,POLYMED.NS
2022-03-31,POLYPLEX.NS
2022-03-31,POWERINDIA.NS
2022-03-31,PRAJIND.NS
2022-03-31,PRINCEPIPE.NS
2022-03-31,PRIVISCL.NS
2022-03-31,PRSMJOHNSN.NS
2022-03-31,PVR.NS
2022-03-31,QUESS.NS
2022-03-31,RADICO.NS
2022-03-31,RAILTEL.NS
2022-03-31,RAIN.NS
2022-03-31,RALLIS.NS
2022-03-31,RATNAMANI.NS
2022-03-31,RBA.NS
2022-03-31,RBLBANK.NS
2022-03-31,RCF.NS
2022-03-31,REDINGTON.NS
2022-03-31,RENUKA.NS
2022-03-31,RHIM.NS
2022-03-31,RITES.NS
2022-03-31,ROSSARI.NS
2022-03-31,ROUTE.NS
2022-03-31,RTNINDIA.NS
2022-03-31,RVNL.NS
2022-03-31,SANOFI.NS
2022-03-31,SAPPHIRE.NS
2022-03-31,SAREGAMA.NS
2022-03-31,SCI.NS
2022-03-31,SEQUENT.NS
2022-03-31,SFL.NS
2022-03-31,SHILPAMED.NS
2022-03-31,SHYAMMETL.NS
2022-03-31,SIS.NS
2022-03-31,SJVN.NS
2022-03-31,SKFINDIA.NS
2022-03-31,SOBHA.NS
2022-03-31,SOLARA.NS
2022-03-31,SONATSOFTW.NS
2022-03-31,SPARC.NS
2022-03-31,SPICEJET.NS
2022-03-31,STAR.NS
2022-03-31,STLTECH.NS
2022-03-31,SUDARSCHEM.NS
2022-03-31,SUNTECK.NS
2022-03-31,SUPRAJIT.NS
2022-03-31,SUVENPHAR.NS
2022-03-31,SUZLON.NS
2022-03-31,SWSOLAR.NS
2022-03-31,SYMPHONY.NS
2022-03-31,TATACOFFEE.NS
2022-03-31,TATAINVEST.NS
2022-03-31,TATASTLLP.NS
2022-03-31,TCIEXP.NS
2022-03-31,TCNSBRANDS.NS
2022-03-31,TEAMLEASE.NS
2022-03-31,THYROCARE.NS
2022-03-31,TIMKEN.NS
2022-03-31,TRITURBINE.NS
2022-03-31,TTKPRESTIG.NS
2022-03-31,TV18BRDCST.NS
2022-03-31,UCOBANK.NS
2022-03-31,UFLEX.NS
2022-03-31,UTIAMC.NS
2022-03-31,VAIBHAVGBL.NS
2022-03-31,VAKRANGEE.NS
2022-03-31,VARROC.NS
2022-03-31,VENKEYS.NS
2022-03-31,VGUARD.NS
2022-03-31,VIJAYA.NS
2022-03-31,VIPIND.NS
2022-03-31,VMART.NS
2022-03-31,VTL.NS
2022-03-31,WELCORP.NS
2022-03-31,WELSPUNIND.NS
2022-03-31,WESTLIFE.NS
2022-03-31,WOCKPHARMA.NS
2022-03-31,ZENSARTECH.NS
2022-03-31,ZFCVINDIA.NS
2022-03-31,ZYDUSWELL.NS
2022-09-30,AARTIDRUGS.NS
2022-09-30,ABFRL.NS
2022-09-30,ABSLAMC.NS
2022-09-30,ADVENZYMES.NS
2022-09-30,AEGISCHEM.NS
2022-09-30,ALLCARGO.NS
2022-09-30,ALOKINDS.NS
2022-09-30,AMARAJABAT.NS
2022-09-30,AMBER.NS
2022-09-30,ANGELONE.NS
2022-09-30,ANURAS.NS
2022-09-30,APLLTD.NS
2022-09-30,APOLLOTYRE.NS
2022-09-30,ASAHIINDIA.NS
2022-09-30,ASTERDM.NS
2022-09-30,ASTRAZEN.NS
2022-09-30,AVANTIFEED.NS
2022-09-30,BAJAJELEC.NS
2022-09-30,BALAMINES.NS
2022-09-30,BALRAMCHIN.NS
2022-09-30,BASF.NS
2022-09-30,BBTC.NS
2022-09-30,BCG.NS
2022-09-30,BDL.NS
2022-09-30,BIRLACORPN.NS
2022-09-30,BLUESTARCO.NS
2022-09-30,BORORENEW.NS
2022-09-30,BRIGADE.NS
2022-09-30,BSE.NS
2022-09-30,BSOFT.NS
2022-09-30,CAMS.NS
2022-09-30,CANFINHOME.NS
2022-09-30,CAPLIPOINT.NS
2022-09-30,CASTROLIND.NS
2022-09-30,CCL.NS
2022-09-30,CDSL.NS
2022-09-30,CEATLTD.NS
2022-09-30,CENTURYPLY.NS
2022-09-30,CENTURYTEX.NS
2022-09-30,CERA.NS
2022-09-30,CESC.NS
2022-09-30,CGCL.NS
2022-09-30,CHALET.NS
2022-09-30,CHEMPLASTS.NS
2022-09-30,CHOLAHLDNG.NS
2022-09-30,COCHINSHIP.NS
2022-09-30,CSBBANK.NS
2022-09-30,CUB.NS
2022-09-30,CYIENT.NS
2022-09-30,DBL.NS
2022-09-30,DELTACORP.NS
2022-09-30,DHANI.NS
2022-09-30,EASEMYTRIP.NS
2022-09-30,ECLERX.NS
2022-09-30,EDELWEISS.NS
2022-09-30,EIDPARRY.NS
2022-09-30,EIHOTEL.NS
2022-09-30,ELGIEQUIP.NS
2022-09-30,ENGINERSIN.NS
2022-09-30,EPL.NS
2022-09-30,EQUITAS.NS
2022-09-30,EQUITASBNK.NS
2022-09-30,ERIS.NS
2022-09-30,EXIDEIND.NS
2022-09-30,FACT.NS
2022-09-30,FDC.NS
2022-09-30,FINCABLES.NS
2022-09-30,FINPIPE.NS
2022-09-30,FSL.NS
2022-09-30,GAEL.NS
2022-09-30,GALAXYSURF.NS
2022-09-30,GARFIBRES.NS
2022-09-30,GESHIP.NS
2022-09-30,GLENMARK.NS
2022-09-30,GLS.NS
2022-09-30,GMMPFAUDLR.NS
2022-09-30,GNFC.NS
2022-09-30,GOCOLORS.NS
2022-09-30,GODFRYPHLP.NS
2022-09-30,GODREJAGRO.NS
2022-09-30,GPPL.NS
2022-09-30,GRANULES.NS
2022-09-30,GRAPHITE.NS
2022-09-30,GRINFRA.NS
2022-09-30,GSFC.NS
2022-09-30,GSPL.NS
2022-09-30,GUJALKALI.NS
2022-09-30,HAPPSTMNDS.NS
2022-09-30,HATHWAY.NS
2022-09-30,HEG.NS
2022-09-30,HEMIPROP.NS
2022-09-30,HFCL.NS
2022-09-30,HGS.NS
2022-09-30,HIKAL.NS
2022-09-30,HINDCOPPER.NS
2022-09-30,HLEGLAS.NS
2022-09-30,HOMEFIRST.NS
2022-09-30,HUDCO.NS
2022-09-30,IBREALEST.NS
2022-09-30,IBULHSGFIN.NS
2022-09-30,ICIL.NS
2022-09-30,IDFC.NS
2022-09-30,IFBIND.NS
2022-09-30,IIFL.NS
2022-09-30,INDIACEM.NS
2022-09-30,INDIAMART.NS
2022-09-30,INDIGOPNTS.NS
2022-09-30,INDOCO.NS
2022-09-30,INFIBEAM.NS
2022-09-30,INOXLEISUR.NS
2022-09-30,INTELLECT.NS
2022-09-30,IRB.NS
2022-09-30,IRCON.NS
2022-09-30,ITI.NS
2022-09-30,JAMNAAUTO.NS
2022-09-30,JBCHEPHARM.NS
2022-09-30,JKLAKSHMI.NS
2022-09-30,JKPAPER.NS
2022-09-30,JMFINANCIL.NS
2022-09-30,JSL.NS
2022-09-30,JSLHISAR.NS
2022-09-30,JUBLINGREA.NS
2022-09-30,JUBLPHARMA.NS
2022-09-30,JUSTDIAL.NS
2022-09-30,JYOTHYLAB.NS
2022-09-30,KALPATPOWR.NS
2022-09-30,KALYANKJIL.NS
2022-09-30,KARURVYSYA.NS
2022-09-30,KEC.NS
2022-09-30,KEI.NS
2022-09-30,KIMS.NS
2022-09-30,KRBL.NS
2022-09-30,LATENTVIEW.NS
2022-09-30,LAXMIMACH.NS
2022-09-30,LUXIND.NS
2022-09-30,LXCHEM.NS
2022-09-30,MAHABANK.NS
2022-09-30,MAHINDCIE.NS
2022-09-30,MAHLOG.NS
2022-09-30,MANAPPURAM.NS
2022-09-30,MAPMYINDIA.NS
2022-09-30,MASTEK.NS
2022-09-30,MAZDOCK.NS
2022-09-30,MCX.NS
2022-09-30,MEDPLUS.NS
2022-09-30,METROPOLIS.NS
2022-09-30,MGL.NS
2022-09-30,MHRIL.NS
2022-09-30,MMTC.NS
2022-09-30,MOIL.NS
2022-09-30,MOTILALOFS.NS
2022-09-30,MRPL.NS
2022-09-30,MTARTECH.NS
2022-09-30,NATCOPHARM.NS
2022-09-30,NAZARA.NS
2022-09-30,NBCC.NS
2022-09-30,NCC.NS
2022-09-30,NESCO.NS
2022-09-30,NETWORK18.NS
2022-09-30,NH.NS
2022-09-30,NLCINDIA.NS
2022-09-30,NOCIL.NS
2022-09-30,NUVOCO.NS
2022-09-30,ORIENTELEC.NS
2022-09-30,PCBL.NS
2022-09-30,PGHL.NS
2022-09-30,PNBHOUSING.NS
2022-09-30,PNCINFRA.NS
2022-09-30,POLYMED.NS
2022-09-30,POLYPLEX.NS
2022-09-30,POWERINDIA.NS
2022-09-30,PRAJIND.NS
2022-09-30,PRINCEPIPE.NS
2022-09-30,PRIVISCL.NS
2022-09-30,PRSMJOHNSN.NS
2022-09-30,PVR.NS
2022-09-30,QUESS.NS
2022-09-30,RADICO.NS
2022-09-30,RAILTEL.NS
2022-09-30,RAIN.NS
2022-09-30,RALLIS.NS
2022-09-30,RATNAMANI.NS
2022-09-30,RBA.NS
2022-09-30,RBLBANK.NS
2022-09-30,RCF.NS
2022-09-30,REDINGTON.NS
2022-09-30,RENUKA.NS
2022-09-30,RHIM.NS
2022-09-30,RITES.NS
2022-09-30,ROSSARI.NS
2022-09-30,ROUTE.NS
2022-09-30,RTNINDIA.NS
2022-09-30,RVNL.NS
2022-09-30,SANOFI.NS
2022-09-30,SAPPHIRE.NS
2022-09-30,SAREGAMA.NS
2022-09-30,SCI.NS
2022-09-30,SEQUENT.NS
2022-09-30,SHILPAMED.NS
2022-09-30,SHYAMMETL.NS
2022-09-30,SIS.NS
2022-09-30,SJVN.NS
2022-09-30,SKFINDIA.NS
2022-09-30,SOBHA.NS
2022-09-30,SOLARA.NS
2022-09-30,SONATSOFTW.NS
2022-09-30,SPARC.NS
2022-09-30,SPICEJET.NS
2022-09-30,STAR.NS
2022-09-30,STLTECH.NS
2022-09-30,SUDARSCHEM.NS
2022-09-30,SUNTECK.NS
2022-09-30,SUPRAJIT.NS
2022-09-30,SUVENPHAR.NS
2022-09-30,SUZLON.NS
2022-09-30,SWSOLAR.NS
2022-09-30,SYMPHONY.NS
2022-09-30,TATACOFFEE.NS
2022-09-30,TATAINVEST.NS
2022-09-30,TATASTLLP.NS
2022-09-30,TCIEXP.NS
2022-09-30,TCNSBRANDS.NS
2022-09-30,TEAMLEASE.NS
2022-09-30,THYROCARE.NS
2022-09-30,TRITURBINE.NS
2022-09-30,TTKPRESTIG.NS
2022-09-30,TV18BRDCST.NS
2022-09-30,UCOBANK.NS
2022-09-30,UFLEX.NS
2022-09-30,UTIAMC.NS
2022-09-30,VAIBHAVGBL.NS
2022-09-30,VAKRANGEE.NS
2022-09-30,VARROC.NS
2022-09-30,VENKEYS.NS
2022-09-30,VGUARD.NS
2022-09-30,VIJAYA.NS
2022-09-30,VIPIND.NS
2022-09-30,VMART.NS
2022-09-30,VTL.NS
2022-09-30,WELCORP.NS
2022-09-30,WELSPUNIND.NS
2022-09-30,WESTLIFE.NS
2022-09-30,WOCKPHARMA.NS
2022-09-30,ZENSARTECH.NS
2022-09-30,ZFCVINDIA.NS
2022-09-30,ZYDUSWELL.NS
2023-03-31,AARTIDRUGS.NS
2023-03-31,AAVAS.NS
2023-03-31,ABFRL.NS
2023-03-31,ABSLAMC.NS
2023-03-31,AEGISCHEM.NS
2023-03-31,AETHER.NS
2023-03-31,AFFLE.NS
2023-03-31,ALKYLAMINE.NS
2023-03-31,ALLCARGO.NS
2023-03-31,ALOKINDS.NS
2023-03-31,AMARAJABAT.NS
2023-03-31,AMBER.NS
2023-03-31,ANGELONE.NS
2023-03-31,ANURAS.NS
2023-03-31,APLLTD.NS
2023-03-31,APTUS.NS
2023-03-31,ASAHIINDIA.NS
2023-03-31,ASTERDM.NS
2023-03-31,ASTRAZEN.NS
2023-03-31,AVANTIFEED.NS
2023-03-31,BAJAJELEC.NS
2023-03-31,BALAMINES.NS
2023-03-31,BALRAMCHIN.NS
2023-03-31,BASF.NS
2023-03-31,BBTC.NS
2023-03-31,BCG.NS
2023-03-31,BHARATRAS.NS
2023-03-31,BIRLACORPN.NS
2023-03-31,BLUESTARCO.NS
2023-03-31,BORORENEW.NS
2023-03-31,BRIGADE.NS
2023-03-31,BSE.NS
2023-03-31,BSOFT.NS
2023-03-31,CAMPUS.NS
2023-03-31,CAMS.NS
2023-03-31,CANFINHOME.NS
2023-03-31,CAPLIPOINT.NS
2023-03-31,CASTROLIND.NS
2023-03-31,CCL.NS
2023-03-31,CDSL.NS
2023-03-31,CEATLTD.NS
2023-03-31,CENTURYPLY.NS
2023-03-31,CENTURYTEX.NS
2023-03-31,CERA.NS
2023-03-31,CESC.NS
2023-03-31,CGCL.NS
2023-03-31,CHALET.NS
2023-03-31,CHAMBLFERT.NS
2023-03-31,CHEMPLASTS.NS
2023-03-31,CHOLAHLDNG.NS
2023-03-31,CLEAN.NS
2023-03-31,COCHINSHIP.NS
2023-03-31,CREDITACC.NS
2023-03-31,CSBBANK.NS
2023-03-31,CUB.NS
2023-03-31,CYIENT.NS
2023-03-31,DBL.NS
2023-03-31,DCMSHRIRAM.NS
2023-03-31,DEEPAKFERT.NS
2023-03-31,DELTACORP.NS
2023-03-31,DHANI.NS
2023-03-31,EASEMYTRIP.NS
2023-03-31,ECLERX.NS
2023-03-31,EDELWEISS.NS
2023-03-31,EIDPARRY.NS
2023-03-31,EIHOTEL.NS
2023-03-31,ELGIEQUIP.NS
2023-03-31,ENGINERSIN.NS
2023-03-31,EPL.NS
2023-03-31,EQUITASBNK.NS
2023-03-31,EXIDEIND.NS
2023-03-31,FACT.NS
2023-03-31,FDC.NS
2023-03-31,FINCABLES.NS
2023-03-31,FINPIPE.NS
2023-03-31,FSL.NS
2023-03-31,GAEL.NS
2023-03-31,GALAXYSURF.NS
2023-03-31,GARFIBRES.NS
2023-03-31,GESHIP.NS
2023-03-31,GLENMARK.NS
2023-03-31,GMMPFAUDLR.NS
2023-03-31,GNFC.NS
2023-03-31,GOCOLORS.NS
2023-03-31,GODFRYPHLP.NS
2023-03-31,GODREJAGRO.NS
2023-03-31,GODREJIND.NS
2023-03-31,GPPL.NS
2023-03-31,GRANULES.NS
2023-03-31,GRAPHITE.NS
2023-03-31,GREENPANEL.NS
2023-03-31,GRINFRA.NS
2023-03-31,GSFC.NS
2023-03-31,GSPL.NS
2023-03-31,GUJALKALI.NS
2023-03-31,HAPPSTMNDS.NS
2023-03-31,HEG.NS
2023-03-31,HFCL.NS
2023-03-31,HGS.NS
2023-03-31,HIKAL.NS
2023-03-31,HINDCOPPER.NS
2023-03-31,HLEGLAS.NS
2023-03-31,HOMEFIRST.NS
2023-03-31,HUDCO.NS
2023-03-31,IBREALEST.NS
2023-03-31,IBULHSGFIN.NS
2023-03-31,IDFC.NS
2023-03-31,IEX.NS
2023-03-31,IFBIND.NS
2023-03-31,INDIACEM.NS
2023-03-31,INDIAMART.NS
2023-03-31,INDIGOPNTS.NS
2023-03-31,INDOCO.NS
2023-03-31,INFIBEAM.NS
2023-03-31,INOXLEISUR.NS
2023-03-31,INTELLECT.NS
2023-03-31,ITI.NS
2023-03-31,JAMNAAUTO.NS
2023-03-31,JBMA.NS
2023-03-31,JKLAKSHMI.NS
2023-03-31,JKPAPER.NS
2023-03-31,JMFINANCIL.NS
2023-03-31,JUBLINGREA.NS
2023-03-31,JUBLPHARMA.NS
2023-03-31,JUSTDIAL.NS
2023-03-31,JYOTHYLAB.NS
2023-03-31,KALPATPOWR.NS
2023-03-31,KALYANKJIL.NS
2023-03-31,KARURVYSYA.NS
2023-03-31,KEC.NS
2023-03-31,KEI.NS
2023-03-31,KIMS.NS
2023-03-31,KRBL.NS
2023-03-31,LATENTVIEW.NS
2023-03-31,LAXMIMACH.NS
2023-03-31,LUXIND.NS
2023-03-31,LXCHEM.NS
2023-03-31,MAHINDCIE.NS
2023-03-31,MAHLIFE.NS
2023-03-31,MAHLOG.NS
2023-03-31,MANAPPURAM.NS
2023-03-31,MAPMYINDIA.NS
2023-03-31,MASTEK.NS
2023-03-31,MAZDOCK.NS
2023-03-31,MCX.NS
2023-03-31,MEDPLUS.NS
2023-03-31,METROPOLIS.NS
2023-03-31,MGL.NS
2023-03-31,MHRIL.NS
2023-03-31,MMTC.NS
2023-03-31,MOIL.NS
2023-03-31,MOTILALOFS.NS
2023-03-31,MRPL.NS
2023-03-31,MTARTECH.NS
2023-03-31,NAM-INDIA.NS
2023-03-31,NATCOPHARM.NS
2023-03-31,NATIONALUM.NS
2023-03-31,NAZARA.NS
2023-03-31,NBCC.NS
2023-03-31,NCC.NS
2023-03-31,NETWORK18.NS
2023-03-31,NIITLTD.NS
2023-03-31,NLCINDIA.NS
2023-03-31,NOCIL.NS
2023-03-31,NUVOCO.NS
2023-03-31,OLECTRA.NS
2023-03-31,ORIENTELEC.NS
2023-03-31,PCBL.NS
2023-03-31,PGHL.NS
2023-03-31,PNBHOUSING.NS
2023-03-31,PNCINFRA.NS
2023-03-31,POLYMED.NS
2023-03-31,POLYPLEX.NS
2023-03-31,POWERINDIA.NS
2023-03-31,PRAJIND.NS
2023-03-31,PRINCEPIPE.NS
2023-03-31,PRIVISCL.NS
2023-03-31,PRSMJOHNSN.NS
2023-03-31,PVR.NS
2023-03-31,QUESS.NS
2023-03-31,RADICO.NS
2023-03-31,RAIN.NS
2023-03-31,RALLIS.NS
2023-03-31,RATNAMANI.NS
2023-03-31,RAYMOND.NS
2023-03-31,RBA.NS
2023-03-31,RBLBANK.NS
2023-03-31,RCF.NS
2023-03-31,REDINGTON.NS
2023-03-31,RENUKA.NS
2023-03-31,RHIM.NS
2023-03-31,RITES.NS
2023-03-31,ROSSARI.NS
2023-03-31,ROUTE.NS
2023-03-31,RTNINDIA.NS
2023-03-31,RVNL.NS
2023-03-31,SANOFI.NS
2023-03-31,SAPPHIRE.NS
2023-03-31,SAREGAMA.NS
2023-03-31,SCI.NS
2023-03-31,SFL.NS
2023-03-31,SHARDACROP.NS
2023-03-31,SHILPAMED.NS
2023-03-31,SHOPERSTOP.NS
2023-03-31,SHYAMMETL.NS
2023-03-31,SIS.NS
2023-03-31,SJVN.NS
2023-03-31,SKFINDIA.NS
2023-03-31,SOBHA.NS
2023-03-31,SONATSOFTW.NS
2023-03-31,SPARC.NS
2023-03-31,STLTECH.NS
2023-03-31,SUDARSCHEM.NS
2023-03-31,SUNTECK.NS
2023-03-31,SUPRAJIT.NS
2023-03-31,SUVENPHAR.NS
2023-03-31,SUZLON.NS
2023-03-31,SWANENERGY.NS
2023-03-31,SWSOLAR.NS
2023-03-31,SYMPHONY.NS
2023-03-31,TANLA.NS
2023-03-31,TATACOFFEE.NS
2023-03-31,TATAINVEST.NS
2023-03-31,TCI.NS
2023-03-31,TCIEXP.NS
2023-03-31,TCNSBRANDS.NS
2023-03-31,TEAMLEASE.NS
2023-03-31,TEJASNET.NS
2023-03-31,THYROCARE.NS
2023-03-31,TRITURBINE.NS
2023-03-31,TRIVENI.NS
2023-03-31,TTKPRESTIG.NS
2023-03-31,TV18BRDCST.NS
2023-03-31,UFLEX.NS
2023-03-31,UTIAMC.NS
2023-03-31,VAIBHAVGBL.NS
2023-03-31,VARROC.NS
2023-03-31,VGUARD.NS
2023-03-31,VIJAYA.NS
2023-03-31,VIPIND.NS
2023-03-31,VMART.NS
2023-03-31,VTL.NS
2023-03-31,WELCORP.NS
2023-03-31,WELSPUNIND.NS
2023-03-31,WESTLIFE.NS
2023-03-31,WOCKPHARMA.NS
2023-03-31,ZENSARTECH.NS
2023-03-31,ZFCVINDIA.NS
2023-03-31,ZYDUSWELL.NS
2023-09-30,360ONE.NS
2023-09-30,AARTIDRUGS.NS
2023-09-30,AARTIIND.NS
2023-09-30,AAVAS.NS
2023-09-30,ABFRL.NS
2023-09-30,ACI.NS
2023-09-30,AEGISCHEM.NS
2023-09-30,AETHER.NS
2023-09-30,AFFLE.NS
2023-09-30,ALKYLAMINE.NS
2023-09-30,AMARAJABAT.NS
2023-09-30,AMBER.NS
2023-09-30,ANGELONE.NS
2023-09-30,ANURAS.NS
2023-09-30,APARINDS.NS
2023-09-30,APLLTD.NS
2023-09-30,APTUS.NS
2023-09-30,ASAHIINDIA.NS
2023-09-30,ASTERDM.NS
2023-09-30,AVANTIFEED.NS
2023-09-30,BAJAJELEC.NS
2023-09-30,BALAMINES.NS
2023-09-30,BALRAMCHIN.NS
2023-09-30,BASF.NS
2023-09-30,BBTC.NS
2023-09-30,BCG.NS
2023-09-30,BEML.NS
2023-09-30,BIKAJI.NS
2023-09-30,BIRLACORPN.NS
2023-09-30,BLS.NS
2023-09-30,BLUEDART.NS
2023-09-30,BLUESTARCO.NS
2023-09-30,BORORENEW.NS
2023-09-30,BRIGADE.NS
2023-09-30,BSE.NS
2023-09-30,BSOFT.NS
2023-09-30,CAMPUS.NS
2023-09-30,CAMS.NS
2023-09-30,CANFINHOME.NS
2023-09-30,CASTROLIND.NS
2023-09-30,CCL.NS
2023-09-30,CDSL.NS
2023-09-30,CEATLTD.NS
2023-09-30,CENTURYPLY.NS
2023-09-30,CENTURYTEX.NS
2023-09-30,CERA.NS
2023-09-30,CESC.NS
2023-09-30,CGCL.NS
2023-09-30,CHALET.NS
2023-09-30,CHAMBLFERT.NS
2023-09-30,CHEMPLASTS.NS
2023-09-30,CHOLAHLDNG.NS
2023-09-30,CLEAN.NS
2023-09-30,COCHINSHIP.NS
2023-09-30,CRAFTSMAN.NS
2023-09-30,CROMPTON.NS
2023-09-30,CSBBANK.NS
2023-09-30,CUB.NS
2023-09-30,CYIENT.NS
2023-09-30,DATAPATTNS.NS
2023-09-30,DCMSHRIRAM.NS
2023-09-30,DEEPAKFERT.NS
2023-09-30,DELTACORP.NS
2023-09-30,EASEMYTRIP.NS
2023-09-30,ECLERX.NS
2023-09-30,EDELWEISS.NS
2023-09-30,EIDPARRY.NS
2023-09-30,EIHOTEL.NS
2023-09-30,ELGIEQUIP.NS
2023-09-30,ENGINERSIN.NS
2023-09-30,EPL.NS
2023-09-30,EQUITASBNK.NS
2023-09-30,FDC.NS
2023-09-30,FINCABLES.NS
2023-09-30,FINEORG.NS
2023-09-30,FINPIPE.NS
2023-09-30,FIVESTAR.NS
2023-09-30,FSL.NS
2023-09-30,GAEL.NS
2023-09-30,GALAXYSURF.NS
2023-09-30,GARFIBRES.NS
2023-09-30,GESHIP.NS
2023-09-30,GMMPFAUDLR.NS
2023-09-30,GNFC.NS
2023-09-30,GOCOLORS.NS
2023-09-30,GODFRYPHLP.NS
2023-09-30,GODREJAGRO.NS
2023-09-30,GODREJIND.NS
2023-09-30,GPPL.NS
2023-09-30,GRANULES.NS
2023-09-30,GRAPHITE.NS
2023-09-30,GREENPANEL.NS
2023-09-30,GRINFRA.NS
2023-09-30,GSFC.NS
2023-09-30,GSPL.NS
2023-09-30,GUJALKALI.NS
2023-09-30,HAPPSTMNDS.NS
2023-09-30,HEG.NS
2023-09-30,HFCL.NS
2023-09-30,HGS.NS
2023-09-30,HIKAL.NS
2023-09-30,HINDCOPPER.NS
2023-09-30,HLEGLAS.NS
2023-09-30,HOMEFIRST.NS
2023-09-30,HUDCO.NS
2023-09-30,IBREALEST.NS
2023-09-30,IBULHSGFIN.NS
2023-09-30,IDFC.NS
2023-09-30,IEX.NS
2023-09-30,IFBIND.NS
2023-09-30,INDIACEM.NS
2023-09-30,INDIAMART.NS
2023-09-30,INDIGOPNTS.NS
2023-09-30,INFIBEAM.NS
2023-09-30,INGERRAND.NS
2023-09-30,INTELLECT.NS
2023-09-30,IRB.NS
2023-09-30,ISEC.NS
2023-09-30,ITI.NS
2023-09-30,JAMNAAUTO.NS
2023-09-30,JBCHEPHARM.NS
2023-09-30,JBMA.NS
2023-09-30,JINDWORLD.NS
2023-09-30,JKLAKSHMI.NS
2023-09-30,JKPAPER.NS
2023-09-30,JMFINANCIL.NS
2023-09-30,JUBLINGREA.NS
2023-09-30,JUBLPHARMA.NS
2023-09-30,JUSTDIAL.NS
2023-09-30,JYOTHYLAB.NS
2023-09-30,KALPATPOWR.NS
2023-09-30,KALYANKJIL.NS
2023-09-30,KARURVYSYA.NS
2023-09-30,KEC.NS
2023-09-30,KENNAMET.NS
2023-09-30,KFINTECH.NS
2023-09-30,KIMS.NS
2023-09-30,KNRCON.NS
2023-09-30,KRBL.NS
2023-09-30,KSB.NS
2023-09-30,LALPATHLAB.NS
2023-09-30,LATENTVIEW.NS
2023-09-30,LAXMIMACH.NS
2023-09-30,LEMONTREE.NS
2023-09-30,LUXIND.NS
2023-09-30,LXCHEM.NS
2023-09-30,MAHINDCIE.NS
2023-09-30,MAHLIFE.NS
2023-09-30,MAHLOG.NS
2023-09-30,MANAPPURAM.NS
2023-09-30,MAPMYINDIA.NS
2023-09-30,MASTEK.NS
2023-09-30,MCX.NS
2023-09-30,MEDANTA.NS
2023-09-30,MEDPLUS.NS
2023-09-30,METROPOLIS.NS
2023-09-30,MFL.NS
2023-09-30,MGL.NS
2023-09-30,MHRIL.NS
2023-09-30,MMTC.NS
2023-09-30,MOTILALOFS.NS
2023-09-30,MRPL.NS
2023-09-30,MTARTECH.NS
2023-09-30,NAM-INDIA.NS
2023-09-30,NATCOPHARM.NS
2023-09-30,NATIONALUM.NS
2023-09-30,NAZARA.NS
2023-09-30,NBCC.NS
2023-09-30,NCC.NS
2023-09-30,NETWORK18.NS
2023-09-30,NLCINDIA.NS
2023-09-30,NOCIL.NS
2023-09-30,NUVOCO.NS
2023-09-30,OLECTRA.NS
2023-09-30,ORIENTELEC.NS
2023-09-30,PCBL.NS
2023-09-30,PFIZER.NS
2023-09-30,PNBHOUSING.NS
2023-09-30,PNCINFRA.NS
2023-09-30,POLYMED.NS
2023-09-30,POLYPLEX.NS
2023-09-30,POWERINDIA.NS
2023-09-30,PPLPHARMA.NS
2023-09-30,PRAJIND.NS
2023-09-30,PRINCEPIPE.NS
2023-09-30,PRSMJOHNSN.NS
2023-09-30,PVR.NS
2023-09-30,QUESS.NS
2023-09-30,RADICO.NS
2023-09-30,RAIN.NS
2023-09-30,RAINBOW.NS
2023-09-30,RAJESHEXPO.NS
2023-09-30,RALLIS.NS
2023-09-30,RATNAMANI.NS
2023-09-30,RAYMOND.NS
2023-09-30,RBA.NS
2023-09-30,RBLBANK.NS
2023-09-30,RCF.NS
2023-09-30,REDINGTON.NS
2023-09-30,RENUKA.NS
2023-09-30,RHIM.NS
2023-09-30,RITES.NS
2023-09-30,ROSSARI.NS
2023-09-30,ROUTE.NS
2023-09-30,RTNINDIA.NS
2023-09-30,RUSTOMJEE.NS
2023-09-30,SANOFI.NS
2023-09-30,SAPPHIRE.NS
2023-09-30,SHARDACROP.NS
2023-09-30,SHOPERSTOP.NS
2023-09-30,SHYAMMETL.NS
2023-09-30,SKFINDIA.NS
2023-09-30,SOBHA.NS
2023-09-30,SONATSOFTW.NS
2023-09-30,SPARC.NS
2023-09-30,STLTECH.NS
2023-09-30,SUNTECK.NS
2023-09-30,SUPRAJIT.NS
2023-09-30,SUVENPHAR.NS
2023-09-30,SWANENERGY.NS
2023-09-30,SWSOLAR.NS
2023-09-30,TANLA.NS
2023-09-30,TATAINVEST.NS
2023-09-30,TCI.NS
2023-09-30,TCIEXP.NS
2023-09-30,TCNSBRANDS.NS
2023-09-30,TEAMLEASE.NS
2023-09-30,TEJASNET.NS
2023-09-30,TMB.NS
2023-09-30,TRIDENT.NS
2023-09-30,TRITURBINE.NS
2023-09-30,TRIVENI.NS
2023-09-30,TTKPRESTIG.NS
2023-09-30,TTML.NS
2023-09-30,TV18BRDCST.NS
2023-09-30,UFLEX.NS
2023-09-30,UTIAMC.NS
2023-09-30,VAIBHAVGBL.NS
2023-09-30,VARROC.NS
2023-09-30,VGUARD.NS
2023-09-30,VIJAYA.NS
2023-09-30,VIPIND.NS
2023-09-30,VTL.NS
2023-09-30,WELCORP.NS
2023-09-30,WELSPUNIND.NS
2023-09-30,WESTLIFE.NS
2023-09-30,WHIRLPOOL.NS
2023-09-30,ZENSARTECH.NS
2023-09-30,ZFCVINDIA.NS
2023-09-30,ZYDUSWELL.NS
2024-03-31,360ONE.NS
2024-03-31,AARTIDRUGS.NS
2024-03-31,AARTIIND.NS
2024-03-31,AAVAS.NS
2024-03-31,ABFRL.NS
2024-03-31,ACI.NS
2024-03-31,AEGISCHEM.NS
2024-03-31,AETHER.NS
2024-03-31,AFFLE.NS
2024-03-31,ALKYLAMINE.NS
2024-03-31,ALLCARGO.NS
2024-03-31,ALOKINDS.NS
2024-03-31,AMBER.NS
2024-03-31,ANURAS.NS
2024-03-31,APLLTD.NS
2024-03-31,APTUS.NS
2024-03-31,ARE&M.NS
2024-03-31,ASAHIINDIA.NS
2024-03-31,ASTERDM.NS
2024-03-31,ATUL.NS
2024-03-31,AVANTIFEED.NS
2024-03-31,BALAMINES.NS
2024-03-31,BALRAMCHIN.NS
2024-03-31,BATAINDIA.NS
2024-03-31,BBTC.NS
2024-03-31,BCG.NS
2024-03-31,BEML.NS
2024-03-31,BIKAJI.NS
2024-03-31,BIRLACORPN.NS
2024-03-31,BLS.NS
2024-03-31,BLUEDART.NS
2024-03-31,BLUESTARCO.NS
2024-03-31,BORORENEW.NS
2024-03-31,BRIGADE.NS
2024-03-31,BSE.NS
2024-03-31,BSOFT.NS
2024-03-31,CAMPUS.NS
2024-03-31,CAMS.NS
2024-03-31,CANFINHOME.NS
2024-03-31,CARBORUNIV.NS
2024-03-31,CASTROLIND.NS
2024-03-31,CCL.NS
2024-03-31,CDSL.NS
2024-03-31,CEATLTD.NS
2024-03-31,CENTURYPLY.NS
2024-03-31,CENTURYTEX.NS
2024-03-31,CERA.NS
2024-03-31,CESC.NS
2024-03-31,CGCL.NS
2024-03-31,CHALET.NS
2024-03-31,CHAMBLFERT.NS
2024-03-31,CHEMPLASTS.NS
2024-03-31,CHOLAHLDNG.NS
2024-03-31,CIEINDIA.NS
2024-03-31,CLEAN.NS
2024-03-31,COCHINSHIP.NS
2024-03-31,CONCORDBIO.NS
2024-03-31,CRAFTSMAN.NS
2024-03-31,CROMPTON.NS
2024-03-31,CSBBANK.NS
2024-03-31,CUB.NS
2024-03-31,CYIENT.NS
2024-03-31,DATAPATTNS.NS
2024-03-31,DCMSHRIRAM.NS
2024-03-31,DEEPAKFERT.NS
2024-03-31,DELTACORP.NS
2024-03-31,DEVYANI.NS
2024-03-31,EASEMYTRIP.NS
2024-03-31,ECLERX.NS
2024-03-31,EIDPARRY.NS
2024-03-31,EIHOTEL.NS
2024-03-31,ELGIEQUIP.NS
2024-03-31,EMAMILTD.NS
2024-03-31,ENGINERSIN.NS
2024-03-31,EPIGRAL.NS
2024-03-31,EPL.NS
2024-03-31,EQUITASBNK.NS
2024-03-31,ERIS.NS
2024-03-31,FDC.NS
2024-03-31,FINCABLES.NS
2024-03-31,FINEORG.NS
2024-03-31,FINPIPE.NS
2024-03-31,FIVESTAR.NS
2024-03-31,FSL.NS
2024-03-31,GAEL.NS
2024-03-31,GALAXYSURF.NS
2024-03-31,GESHIP.NS
2024-03-31,GILLETTE.NS
2024-03-31,GLS.NS
2024-03-31,GMMPFAUDLR.NS
2024-03-31,GNFC.NS
2024-03-31,GOCOLORS.NS
2024-03-31,GODFRYPHLP.NS
2024-03-31,GPIL.NS
2024-03-31,GPPL.NS
2024-03-31,GRANULES.NS
2024-03-31,GRAPHITE.NS
2024-03-31,GRINFRA.NS
2024-03-31,GSFC.NS
2024-03-31,GSPL.NS
2024-03-31,GUJALKALI.NS
2024-03-31,HAPPSTMNDS.NS
2024-03-31,HEG.NS
2024-03-31,HFCL.NS
2024-03-31,HLEGLAS.NS
2024-03-31,HOMEFIRST.NS
2024-03-31,IBULHSGFIN.NS
2024-03-31,IDFC.NS
2024-03-31,IEX.NS
2024-03-31,IIFL.NS
2024-03-31,INDIACEM.NS
2024-03-31,INDIAMART.NS
2024-03-31,INDIGOPNTS.NS
2024-03-31,INFIBEAM.NS
2024-03-31,INGERRAND.NS
2024-03-31,INTELLECT.NS
2024-03-31,IRCON.NS
2024-03-31,JAMNAAUTO.NS
2024-03-31,JBMA.NS
2024-03-31,JINDALSAW.NS
2024-03-31,JKLAKSHMI.NS
2024-03-31,JKPAPER.NS
2024-03-31,JMFINANCIL.NS
2024-03-31,JUBLINGREA.NS
2024-03-31,JUBLPHARMA.NS
2024-03-31,JUSTDIAL.NS
2024-03-31,JYOTHYLAB.NS
2024-03-31,KAJARIACER.NS
2024-03-31,KARURVYSYA.NS
2024-03-31,KAYNES.NS
2024-03-31,KEC.NS
2024-03-31,KFINTECH.NS
2024-03-31,KIMS.NS
2024-03-31,KNRCON.NS
2024-03-31,KPIL.NS
2024-03-31,KRBL.NS
2024-03-31,KSB.NS
2024-03-31,LALPATHLAB.NS
2024-03-31,LATENTVIEW.NS
2024-03-31,LAURUSLABS.NS
2024-03-31,LAXMIMACH.NS
2024-03-31,LEMONTREE.NS
2024-03-31,LUXIND.NS
2024-03-31,LXCHEM.NS
2024-03-31,MAHLIFE.NS
2024-03-31,MANAPPURAM.NS
2024-03-31,MAPMYINDIA.NS
2024-03-31,MASTEK.NS
2024-03-31,MCX.NS
2024-03-31,MEDPLUS.NS
2024-03-31,METROPOLIS.NS
2024-03-31,MGL.NS
2024-03-31,MHRIL.NS
2024-03-31,MINDACORP.NS
2024-03-31,MMTC.NS
2024-03-31,MOTILALOFS.NS
2024-03-31,MTARTECH.NS
2024-03-31,NATCOPHARM.NS
2024-03-31,NAVINFLUOR.NS
2024-03-31,NAZARA.NS
2024-03-31,NBCC.NS
2024-03-31,NCC.NS
2024-03-31,NETWORK18.NS
2024-03-31,NSLNISP.NS
2024-03-31,NUVOCO.NS
2024-03-31,OLECTRA.NS
2024-03-31,ORIENTELEC.NS
2024-03-31,PCBL.NS
2024-03-31,PEL.NS
2024-03-31,PFIZER.NS
2024-03-31,PGHL.NS
2024-03-31,PNBHOUSING.NS
2024-03-31,PNCINFRA.NS
2024-03-31,POLYMED.NS
2024-03-31,POLYPLEX.NS
2024-03-31,PPLPHARMA.NS
2024-03-31,PRAJIND.NS
2024-03-31,PRINCEPIPE.NS
2024-03-31,PRSMJOHNSN.NS
2024-03-31,PVRINOX.NS
2024-03-31,QUESS.NS
2024-03-31,RADICO.NS
2024-03-31,RAIN.NS
2024-03-31,RAINBOW.NS
2024-03-31,RAJESHEXPO.NS
2024-03-31,RALLIS.NS
2024-03-31,RAMCOCEM.NS
2024-03-31,RATNAMANI.NS
2024-03-31,RAYMOND.NS
2024-03-31,RBA.NS
2024-03-31,RBLBANK.NS
2024-03-31,RCF.NS
2024-03-31,REDINGTON.NS
2024-03-31,RELAXO.NS
2024-03-31,RENUKA.NS
2024-03-31,RHIM.NS
2024-03-31,RITES.NS
2024-03-31,ROSSARI.NS
2024-03-31,ROUTE.NS
2024-03-31,RTNINDIA.NS
2024-03-31,SAFARI.NS
2024-03-31,SANOFI.NS
2024-03-31,SAPPHIRE.NS
2024-03-31,SAREGAMA.NS
2024-03-31,SFL.NS
2024-03-31,SHARDACROP.NS
2024-03-31,SHOPERSTOP.NS
2024-03-31,SHYAMMETL.NS
2024-03-31,SKFINDIA.NS
2024-03-31,SOBHA.NS
2024-03-31,SONATSOFTW.NS
2024-03-31,SPARC.NS
2024-03-31,STLTECH.NS
2024-03-31,SUMICHEM.NS
2024-03-31,SUNTECK.NS
2024-03-31,SUPRAJIT.NS
2024-03-31,SUVENPHAR.NS
2024-03-31,SWANENERGY.NS
2024-03-31,SWSOLAR.NS
2024-03-31,SYMPHONY.NS
2024-03-31,SYRMA.NS
2024-03-31,TANLA.NS
2024-03-31,TATAINVEST.NS
2024-03-31,TEAMLEASE.NS
2024-03-31,TEJASNET.NS
2024-03-31,TIMKEN.NS
2024-03-31,TRIDENT.NS
2024-03-31,TRITURBINE.NS
2024-03-31,TRIVENI.NS
2024-03-31,TTKPRESTIG.NS
2024-03-31,TTML.NS
2024-03-31,TV18BRDCST.NS
2024-03-31,UJJIVANSFB.NS
2024-03-31,USHAMART.NS
2024-03-31,UTIAMC.NS
2024-03-31,VAIBHAVGBL.NS
2024-03-31,VARROC.NS
2024-03-31,VGUARD.NS
2024-03-31,VIJAYA.NS
2024-03-31,VINATIORGA.NS
2024-03-31,VIPIND.NS
2024-03-31,VTL.NS
2024-03-31,WELCORP.NS
2024-03-31,WELSPUNLIV.NS
2024-03-31,WESTLIFE.NS
2024-03-31,WHIRLPOOL.NS
2024-03-31,ZEEL.NS
2024-03-31,ZENSARTECH.NS
2024-03-31,ZFCVINDIA.NS
2024-03-31,ZYDUSWELL.NS
2024-09-30,AARTIDRUGS.NS
2024-09-30,AARTIIND.NS
2024-09-30,AAVAS.NS
2024-09-30,ABFRL.NS
2024-09-30,ACI.NS
2024-09-30,AEGISCHEM.NS
2024-09-30,AETHER.NS
2024-09-30,AFFLE.NS
2024-09-30,ALKYLAMINE.NS
2024-09-30,ALLCARGO.NS
2024-09-30,ALOKINDS.NS
2024-09-30,AMBER.NS
2024-09-30,ANGELONE.NS
2024-09-30,ANURAS.NS
2024-09-30,APLLTD.NS
2024-09-30,APTUS.NS
2024-09-30,ARE&M.NS
2024-09-30,ASAHIINDIA.NS
2024-09-30,ASTERDM.NS
2024-09-30,ATUL.NS
2024-09-30,AVANTIFEED.NS
2024-09-30,BALAMINES.NS
2024-09-30,BALRAMCHIN.NS
2024-09-30,BATAINDIA.NS
2024-09-30,BBTC.NS
2024-09-30,BCG.NS
2024-09-30,BEML.NS
2024-09-30,BIKAJI.NS
2024-09-30,BIRLACORPN.NS
2024-09-30,BLS.NS
2024-09-30,BLUEDART.NS
2024-09-30,BORORENEW.NS
2024-09-30,BRIGADE.NS
2024-09-30,BSE.NS
2024-09-30,BSOFT.NS
2024-09-30,CAMPUS.NS
2024-09-30,CAMS.NS
2024-09-30,CANFINHOME.NS
2024-09-30,CASTROLIND.NS
2024-09-30,CCL.NS
2024-09-30,CDSL.NS
2024-09-30,CEATLTD.NS
2024-09-30,CENTURYPLY.NS
2024-09-30,CENTURYTEX.NS
2024-09-30,CERA.NS
2024-09-30,CESC.NS
2024-09-30,CGCL.NS
2024-09-30,CHALET.NS
2024-09-30,CHAMBLFERT.NS
2024-09-30,CHEMPLASTS.NS
2024-09-30,CHOLAHLDNG.NS
2024-09-30,CIEINDIA.NS
2024-09-30,CLEAN.NS
2024-09-30,CONCORDBIO.NS
2024-09-30,CRAFTSMAN.NS
2024-09-30,CREDITACC.NS
2024-09-30,CROMPTON.NS
2024-09-30,CSBBANK.NS
2024-09-30,CUB.NS
2024-09-30,CYIENT.NS
2024-09-30,DATAPATTNS.NS
2024-09-30,DCMSHRIRAM.NS
2024-09-30,DEEPAKFERT.NS
2024-09-30,DELTACORP.NS
2024-09-30,DEVYANI.NS
2024-09-30,EASEMYTRIP.NS
2024-09-30,ECLERX.NS
2024-09-30,EIDPARRY.NS
2024-09-30,EIHOTEL.NS
2024-09-30,ELGIEQUIP.NS
2024-09-30,ENGINERSIN.NS
2024-09-30,EPIGRAL.NS
2024-09-30,EPL.NS
2024-09-30,EQUITASBNK.NS
2024-09-30,ERIS.NS
2024-09-30,FDC.NS
2024-09-30,FINCABLES.NS
2024-09-30,FINEORG.NS
2024-09-30,FINPIPE.NS
2024-09-30,FIVESTAR.NS
2024-09-30,FSL.NS
2024-09-30,GAEL.NS
2024-09-30,GALAXYSURF.NS
2024-09-30,GESHIP.NS
2024-09-30,GILLETTE.NS
2024-09-30,GLS.NS
2024-09-30,GMMPFAUDLR.NS
2024-09-30,GNFC.NS
2024-09-30,GOCOLORS.NS
2024-09-30,GODFRYPHLP.NS
2024-09-30,GPIL.NS
2024-09-30,GPPL.NS
2024-09-30,GRANULES.NS
2024-09-30,GRAPHITE.NS
2024-09-30,GRINDWELL.NS
2024-09-30,GRINFRA.NS
2024-09-30,GSFC.NS
2024-09-30,GSPL.NS
2024-09-30,GUJALKALI.NS
2024-09-30,HAPPSTMNDS.NS
2024-09-30,HEG.NS
2024-09-30,HFCL.NS
2024-09-30,HLEGLAS.NS
2024-09-30,HOMEFIRST.NS
2024-09-30,IBULHSGFIN.NS
2024-09-30,IDFC.NS
2024-09-30,IEX.NS
2024-09-30,IIFL.NS
2024-09-30,INDIACEM.NS
2024-09-30,INDIAMART.NS
2024-09-30,INDIGOPNTS.NS
2024-09-30,INFIBEAM.NS
2024-09-30,INGERRAND.NS
2024-09-30,INTELLECT.NS
2024-09-30,IRCON.NS
2024-09-30,ISEC.NS
2024-09-30,JAMNAAUTO.NS
2024-09-30,JBMA.NS
2024-09-30,JINDALSAW.NS
2024-09-30,JKLAKSHMI.NS
2024-09-30,JKPAPER.NS
2024-09-30,JMFINANCIL.NS
2024-09-30,JUBLINGREA.NS
2024-09-30,JUBLPHARMA.NS
2024-09-30,JUSTDIAL.NS
2024-09-30,JYOTHYLAB.NS
2024-09-30,KAJARIACER.NS
2024-09-30,KANSAINER.NS
2024-09-30,KARURVYSYA.NS
2024-09-30,KAYNES.NS
2024-09-30,KEC.NS
2024-09-30,KFINTECH.NS
2024-09-30,KIMS.NS
2024-09-30,KNRCON.NS
2024-09-30,KPIL.NS
2024-09-30,KRBL.NS
2024-09-30,KSB.NS
2024-09-30,LALPATHLAB.NS
2024-09-30,LATENTVIEW.NS
2024-09-30,LAURUSLABS.NS
2024-09-30,LAXMIMACH.NS
2024-09-30,LEMONTREE.NS
2024-09-30,LUXIND.NS
2024-09-30,LXCHEM.NS
2024-09-30,MAHLIFE.NS
2024-09-30,MANAPPURAM.NS
2024-09-30,MANYAVAR.NS
2024-09-30,MAPMYINDIA.NS
2024-09-30,MASTEK.NS
2024-09-30,MCX.NS
2024-09-30,MEDPLUS.NS
2024-09-30,METROPOLIS.NS
2024-09-30,MGL.NS
2024-09-30,MHRIL.NS
2024-09-30,MINDACORP.NS
2024-09-30,MMTC.NS
2024-09-30,MTARTECH.NS
2024-09-30,NATCOPHARM.NS
2024-09-30,NAVINFLUOR.NS
2024-09-30,NAZARA.NS
2024-09-30,NCC.NS
2024-09-30,NETWORK18.NS
2024-09-30,NH.NS
2024-09-30,NSLNISP.NS
2024-09-30,NUVOCO.NS
2024-09-30,OLECTRA.NS
2024-09-30,ORIENTELEC.NS
2024-09-30,PCBL.NS
2024-09-30,PEL.NS
2024-09-30,PFIZER.NS
2024-09-30,PGHL.NS
2024-09-30,PNBHOUSING.NS
2024-09-30,PNCINFRA.NS
2024-09-30,POLYMED.NS
2024-09-30,POLYPLEX.NS
2024-09-30,PPLPHARMA.NS
2024-09-30,PRAJIND.NS
2024-09-30,PRINCEPIPE.NS
2024-09-30,PRSMJOHNSN.NS
2024-09-30,PVRINOX.NS
2024-09-30,QUESS.NS
2024-09-30,RADICO.NS
2024-09-30,RAIN.NS
2024-09-30,RAINBOW.NS
2024-09-30,RAJESHEXPO.NS
2024-09-30,RALLIS.NS
2024-09-30,RAMCOCEM.NS
2024-09-30,RATNAMANI.NS
2024-09-30,RAYMOND.NS
2024-09-30,RBA.NS
2024-09-30,RBLBANK.NS
2024-09-30,RCF.NS
2024-09-30,REDINGTON.NS
2024-09-30,RELAXO.NS
2024-09-30,RENUKA.NS
2024-09-30,RHIM.NS
2024-09-30,RITES.NS
2024-09-30,ROSSARI.NS
2024-09-30,ROUTE.NS
2024-09-30,RTNINDIA.NS
2024-09-30,SAFARI.NS
2024-09-30,SANOFI.NS
2024-09-30,SAPPHIRE.NS
2024-09-30,SAREGAMA.NS
2024-09-30,SFL.NS
2024-09-30,SHARDACROP.NS
2024-09-30,SHOPERSTOP.NS
2024-09-30,SHYAMMETL.NS
2024-09-30,SKFINDIA.NS
2024-09-30,SOBHA.NS
2024-09-30,SONATSOFTW.NS
2024-09-30,SPARC.NS
2024-09-30,STLTECH.NS
2024-09-30,SUMICHEM.NS
2024-09-30,SUNDRMFAST.NS
2024-09-30,SUNTECK.NS
2024-09-30,SUPRAJIT.NS
2024-09-30,SUVENPHAR.NS
2024-09-30,SWANENERGY.NS
2024-09-30,SWSOLAR.NS
2024-09-30,SYMPHONY.NS
2024-09-30,SYRMA.NS
2024-09-30,TANLA.NS
2024-09-30,TATAINVEST.NS
2024-09-30,TEAMLEASE.NS
2024-09-30,TEJASNET.NS
2024-09-30,TRIDENT.NS
2024-09-30,TRITURBINE.NS
2024-09-30,TRIVENI.NS
2024-09-30,TTKPRESTIG.NS
2024-09-30,TTML.NS
2024-09-30,TV18BRDCST.NS
2024-09-30,UJJIVANSFB.NS
2024-09-30,USHAMART.NS
2024-09-30,UTIAMC.NS
2024-09-30,VAIBHAVGBL.NS
2024-09-30,VARROC.NS
2024-09-30,VGUARD.NS
2024-09-30,VIJAYA.NS
2024-09-30,VINATIORGA.NS
2024-09-30,VIPIND.NS
2024-09-30,VTL.NS
2024-09-30,WELCORP.NS
2024-09-30,WELSPUNLIV.NS
2024-09-30,WESTLIFE.NS
2024-09-30,WHIRLPOOL.NS
2024-09-30,ZEEL.NS
2024-09-30,ZENSARTECH.NS
2024-09-30,ZFCVINDIA.NS
2024-09-30,ZYDUSWELL.NS
2025-03-31,AARTIDRUGS.NS
2025-03-31,AARTIIND.NS
2025-03-31,AAVAS.NS
2025-03-31,ABFRL.NS
2025-03-31,ACI.NS
2025-03-31,AETHER.NS
2025-03-31,AFFLE.NS
2025-03-31,ALKYLAMINE.NS
2025-03-31,ALLCARGO.NS
2025-03-31,ALOKINDS.NS
2025-03-31,AMBER.NS
2025-03-31,ANGELONE.NS
2025-03-31,ANURAS.NS
2025-03-31,APLLTD.NS
2025-03-31,APTUS.NS
2025-03-31,ARE&M.NS
2025-03-31,ASAHIINDIA.NS
2025-03-31,ASTERDM.NS
2025-03-31,ATUL.NS
2025-03-31,AVANTIFEED.NS
2025-03-31,BALAMINES.NS
2025-03-31,BALRAMCHIN.NS
2025-03-31,BANDHANBNK.NS
2025-03-31,BATAINDIA.NS
2025-03-31,BAYERCROP.NS
2025-03-31,BBTC.NS
2025-03-31,BCG.NS
2025-03-31,BEML.NS
2025-03-31,BIKAJI.NS
2025-03-31,BIRLACORPN.NS
2025-03-31,BLS.NS
2025-03-31,BLUEDART.NS
2025-03-31,BORORENEW.NS
2025-03-31,BRIGADE.NS
2025-03-31,BSOFT.NS
2025-03-31,CAMPUS.NS
2025-03-31,CAMS.NS
2025-03-31,CANFINHOME.NS
2025-03-31,CARBORUNIV.NS
2025-03-31,CASTROLIND.NS
2025-03-31,CCL.NS
2025-03-31,CEATLTD.NS
2025-03-31,CENTURYPLY.NS
2025-03-31,CERA.NS
2025-03-31,CESC.NS
2025-03-31,CGCL.NS
2025-03-31,CHALET.NS
2025-03-31,CHAMBLFERT.NS
2025-03-31,CHEMPLASTS.NS
2025-03-31,CIEINDIA.NS
2025-03-31,CLEAN.NS
2025-03-31,CONCORDBIO.NS
2025-03-31,CRAFTSMAN.NS
2025-03-31,CREDITACC.NS
2025-03-31,CROMPTON.NS
2025-03-31,CSBBANK.NS
2025-03-31,CUB.NS
2025-03-31,CYIENT.NS
2025-03-31,DATAPATTNS.NS
2025-03-31,DCMSHRIRAM.NS
2025-03-31,DEEPAKFERT.NS
2025-03-31,DELHIVERY.NS
2025-03-31,DELTACORP.NS
2025-03-31,DEVYANI.NS
2025-03-31,EASEMYTRIP.NS
2025-03-31,ECLERX.NS
2025-03-31,EIDPARRY.NS
2025-03-31,EIHOTEL.NS
2025-03-31,ELGIEQUIP.NS
2025-03-31,ENGINERSIN.NS
2025-03-31,EPIGRAL.NS
2025-03-31,EPL.NS
2025-03-31,EQUITASBNK.NS
2025-03-31,ERIS.NS
2025-03-31,FDC.NS
2025-03-31,FINCABLES.NS
2025-03-31,FINEORG.NS
2025-03-31,FINPIPE.NS
2025-03-31,FIVESTAR.NS
2025-03-31,FSL.NS
2025-03-31,GAEL.NS
2025-03-31,GALAXYSURF.NS
2025-03-31,GESHIP.NS
2025-03-31,GLS.NS
2025-03-31,GMMPFAUDLR.NS
2025-03-31,GNFC.NS
2025-03-31,GOCOLORS.NS
2025-03-31,GPIL.NS
2025-03-31,GPPL.NS
2025-03-31,GRANULES.NS
2025-03-31,GRAPHITE.NS
2025-03-31,GRINDWELL.NS
2025-03-31,GRINFRA.NS
2025-03-31,GSFC.NS
2025-03-31,GSPL.NS
2025-03-31,GUJALKALI.NS
2025-03-31,HAPPSTMNDS.NS
2025-03-31,HEG.NS
2025-03-31,HFCL.NS
2025-03-31,HINDCOPPER.NS
2025-03-31,HLEGLAS.NS
2025-03-31,HOMEFIRST.NS
2025-03-31,IEX.NS
2025-03-31,IIFL.NS
2025-03-31,INDIACEM.NS
2025-03-31,INDIAMART.NS
2025-03-31,INDIGOPNTS.NS
2025-03-31,INFIBEAM.NS
2025-03-31,INGERRAND.NS
2025-03-31,INTELLECT.NS
2025-03-31,IRCON.NS
2025-03-31,JAMNAAUTO.NS
2025-03-31,JBMA.NS
2025-03-31,JINDALSAW.NS
2025-03-31,JKLAKSHMI.NS
2025-03-31,JKPAPER.NS
2025-03-31,JMFINANCIL.NS
2025-03-31,JUBLINGREA.NS
2025-03-31,JUBLPHARMA.NS
2025-03-31,JUSTDIAL.NS
2025-03-31,JYOTHYLAB.NS
2025-03-31,KAJARIACER.NS
2025-03-31,KANSAINER.NS
2025-03-31,KARURVYSYA.NS
2025-03-31,KEC.NS
2025-03-31,KFINTECH.NS
2025-03-31,KIMS.NS
2025-03-31,KNRCON.NS
2025-03-31,KPIL.NS
2025-03-31,KRBL.NS
2025-03-31,KSB.NS
2025-03-31,LALPATHLAB.NS
2025-03-31,LATENTVIEW.NS
2025-03-31,LEMONTREE.NS
2025-03-31,LUXIND.NS
2025-03-31,LXCHEM.NS
2025-03-31,MAHLIFE.NS
2025-03-31,MANAPPURAM.NS
2025-03-31,MAPMYINDIA.NS
2025-03-31,MASTEK.NS
2025-03-31,MEDPLUS.NS
2025-03-31,METROPOLIS.NS
2025-03-31,MGL.NS
2025-03-31,MHRIL.NS
2025-03-31,MINDACORP.NS
2025-03-31,MMTC.NS
2025-03-31,MRPL.NS
2025-03-31,MSUMI.NS
2025-03-31,MTARTECH.NS
2025-03-31,NATCOPHARM.NS
2025-03-31,NAVINFLUOR.NS
2025-03-31,NAZARA.NS
2025-03-31,NBCC.NS
2025-03-31,NCC.NS
2025-03-31,NETWORK18.NS
2025-03-31,NSLNISP.NS
2025-03-31,NUVOCO.NS
2025-03-31,OLECTRA.NS
2025-03-31,ORIENTELEC.NS
2025-03-31,PCBL.NS
2025-03-31,PEL.NS
2025-03-31,PFIZER.NS
2025-03-31,PGHL.NS
2025-03-31,PNBHOUSING.NS
2025-03-31,PNCINFRA.NS
2025-03-31,POLYMED.NS
2025-03-31,POLYPLEX.NS
2025-03-31,POONAWALLA.NS
2025-03-31,PRAJIND.NS
2025-03-31,PRINCEPIPE.NS
2025-03-31,PRSMJOHNSN.NS
2025-03-31,PVRINOX.NS
2025-03-31,QUESS.NS
2025-03-31,RAIN.NS
2025-03-31,RAINBOW.NS
2025-03-31,RAJESHEXPO.NS
2025-03-31,RALLIS.NS
2025-03-31,RAMCOCEM.NS
2025-03-31,RATNAMANI.NS
2025-03-31,RAYMOND.NS
2025-03-31,RBA.NS
2025-03-31,RBLBANK.NS
2025-03-31,RCF.NS
2025-03-31,REDINGTON.NS
2025-03-31,RELAXO.NS
2025-03-31,RENUKA.NS
2025-03-31,RHIM.NS
2025-03-31,RITES.NS
2025-03-31,ROSSARI.NS
2025-03-31,ROUTE.NS
2025-03-31,RTNINDIA.NS
2025-03-31,SAFARI.NS
2025-03-31,SANOFI.NS
2025-03-31,SAPPHIRE.NS
2025-03-31,SAREGAMA.NS
2025-03-31,SFL.NS
2025-03-31,SHARDACROP.NS
2025-03-31,SHOPERSTOP.NS
2025-03-31,SHYAMMETL.NS
2025-03-31,SKFINDIA.NS
2025-03-31,SOBHA.NS
2025-03-31,SONATSOFTW.NS
2025-03-31,SPARC.NS
2025-03-31,STARHEALTH.NS
2025-03-31,STLTECH.NS
2025-03-31,SUNDRMFAST.NS
2025-03-31,SUNTECK.NS
2025-03-31,SUNTV.NS
2025-03-31,SUPRAJIT.NS
2025-03-31,SWANENERGY.NS
2025-03-31,SWSOLAR.NS
2025-03-31,SYMPHONY.NS
2025-03-31,SYRMA.NS
2025-03-31,TANLA.NS
2025-03-31,TATACHEM.NS
2025-03-31,TATAINVEST.NS
2025-03-31,TEAMLEASE.NS
2025-03-31,TEJASNET.NS
2025-03-31,TIMKEN.NS
2025-03-31,TRIDENT.NS
2025-03-31,TRITURBINE.NS
2025-03-31,TRIVENI.NS
2025-03-31,TTKPRESTIG.NS
2025-03-31,TTML.NS
2025-03-31,UJJIVANSFB.NS
2025-03-31,USHAMART.NS
2025-03-31,UTIAMC.NS
2025-03-31,VAIBHAVGBL.NS
2025-03-31,VARROC.NS
2025-03-31,VGUARD.NS
2025-03-31,VIJAYA.NS
2025-03-31,VINATIORGA.NS
2025-03-31,VIPIND.NS
2025-03-31,VMART.NS
2025-03-31,VTL.NS
2025-03-31,WELCORP.NS
2025-03-31,WELSPUNLIV.NS
2025-03-31,WESTLIFE.NS
2025-03-31,WHIRLPOOL.NS
2025-03-31,ZEEL.NS
2025-03-31,ZENSARTECH.NS
2025-03-31,ZFCVINDIA.NS
2025-03-31,ZYDUSWELL.NS
2025-09-30,AADHARHFC.NS
2025-09-30,AARTIIND.NS
2025-09-30,AAVAS.NS
2025-09-30,ABFRL.NS
2025-09-30,ABREL.NS
2025-09-30,ABSLAMC.NS
2025-09-30,ACE.NS
2025-09-30,ACMESOLAR.NS
2025-09-30,AEGISLOG.NS
2025-09-30,AFCONS.NS
2025-09-30,AFFLE.NS
2025-09-30,AKUMS.NS
2025-09-30,ALIVUS.NS
2025-09-30,ALKYLAMINE.NS
2025-09-30,ALOKINDS.NS
2025-09-30,AMBER.NS
2025-09-30,ANANDRATHI.NS
2025-09-30,ANANTRAJ.NS
2025-09-30,ANGELONE.NS
2025-09-30,APLLTD.NS
2025-09-30,APOLLOTYRE.NS
2025-09-30,APTUS.NS
2025-09-30,ARE&M.NS
2025-09-30,ASAHIINDIA.NS
2025-09-30,ASTERDM.NS
2025-09-30,ASTRAZEN.NS
2025-09-30,ATUL.NS
2025-09-30,BALRAMCHIN.NS
2025-09-30,BANDHANBNK.NS
2025-09-30,BASF.NS
2025-09-30,BATAINDIA.NS
2025-09-30,BAYERCROP.NS
2025-09-30,BBTC.NS
2025-09-30,BEML.NS
2025-09-30,BIKAJI.NS
2025-09-30,BLS.NS
2025-09-30,BLUEDART.NS
2025-09-30,BRIGADE.NS
2025-09-30,BSOFT.NS
2025-09-30,CAMPUS.NS
2025-09-30,CAMS.NS
2025-09-30,CANFINHOME.NS
2025-09-30,CAPLIPOINT.NS
2025-09-30,CARBORUNIV.NS
2025-09-30,CASTROLIND.NS
2025-09-30,CCL.NS
2025-09-30,CEATLTD.NS
2025-09-30,CENTURYPLY.NS
2025-09-30,CERA.NS
2025-09-30,CESC.NS
2025-09-30,CGCL.NS
2025-09-30,CHALET.NS
2025-09-30,CHAMBLFERT.NS
2025-09-30,CHENNPETRO.NS
2025-09-30,CLEAN.NS
2025-09-30,COHANCE.NS
2025-09-30,CONCORDBIO.NS
2025-09-30,CRAFTSMAN.NS
2025-09-30,CREDITACC.NS
2025-09-30,CROMPTON.NS
2025-09-30,CUB.NS
2025-09-30,CYIENT.NS
2025-09-30,DATAPATTNS.NS
2025-09-30,DBREALTY.NS
2025-09-30,DCMSHRIRAM.NS
2025-09-30,DEEPAKFERT.NS
2025-09-30,DEEPAKNTR.NS
2025-09-30,DELHIVERY.NS
2025-09-30,DEVYANI.NS
2025-09-30,DOMS.NS
2025-09-30,ECLERX.NS
2025-09-30,EIDPARRY.NS
2025-09-30,EIHOTEL.NS
2025-09-30,ELECON.NS
2025-09-30,ELGIEQUIP.NS
2025-09-30,EMAMILTD.NS
2025-09-30,EMCURE.NS
2025-09-30,ENGINERSIN.NS
2025-09-30,ERIS.NS
2025-09-30,FINCABLES.NS
2025-09-30,FINPIPE.NS
2025-09-30,FIVESTAR.NS
2025-09-30,FSL.NS
2025-09-30,GESHIP.NS
2025-09-30,GLAND.NS
2025-09-30,GMDCLTD.NS
2025-09-30,GNFC.NS
2025-09-30,GODREJAGRO.NS
2025-09-30,GPIL.NS
2025-09-30,GPPL.NS
2025-09-30,GRANULES.NS
2025-09-30,GRAPHITE.NS
2025-09-30,GRAVITA.NS
2025-09-30,GRSE.NS
2025-09-30,GSPL.NS
2025-09-30,HAPPSTMNDS.NS
2025-09-30,HBLENGINE.NS
2025-09-30,HEG.NS
2025-09-30,HFCL.NS
2025-09-30,HINDCOPPER.NS
2025-09-30,HOMEFIRST.NS
2025-09-30,HONASA.NS
2025-09-30,HSCL.NS
2025-09-30,IEX.NS
2025-09-30,IFCI.NS
2025-09-30,IGIL.NS
2025-09-30,IGL.NS
2025-09-30,IIFL.NS
2025-09-30,IKS.NS
2025-09-30,INDGN.NS
2025-09-30,INDIACEM.NS
2025-09-30,INDIAMART.NS
2025-09-30,INOXINDIA.NS
2025-09-30,INOXWIND.NS
2025-09-30,INTELLECT.NS
2025-09-30,IRB.NS
2025-09-30,IRCON.NS
2025-09-30,ITI.NS
2025-09-30,J&KBANK.NS
2025-09-30,JBCHEPHARM.NS
2025-09-30,JBMA.NS
2025-09-30,JINDALSAW.NS
2025-09-30,JKTYRE.NS
2025-09-30,JMFINANCIL.NS
2025-09-30,JPPOWER.NS
2025-09-30,JSWHL.NS
2025-09-30,JUBLINGREA.NS
2025-09-30,JUBLPHARMA.NS
2025-09-30,JUSTDIAL.NS
2025-09-30,JWL.NS
2025-09-30,JYOTHYLAB.NS
2025-09-30,JYOTICNC.NS
2025-09-30,KAJARIACER.NS
2025-09-30,KANSAINER.NS
2025-09-30,KARURVYSYA.NS
2025-09-30,KEC.NS
2025-09-30,KFINTECH.NS
2025-09-30,KIMS.NS
2025-09-30,KIRLOSBROS.NS
2025-09-30,KIRLOSENG.NS
2025-09-30,KNRCON.NS
2025-09-30,KPIL.NS
2025-09-30,LALPATHLAB.NS
2025-09-30,LATENTVIEW.NS
2025-09-30,LEMONTREE.NS
2025-09-30,LTFOODS.NS
2025-09-30,MAHSEAMLES.NS
2025-09-30,MANAPPURAM.NS
2025-09-30,MANYAVAR.NS
2025-09-30,MAPMYINDIA.NS
2025-09-30,MASTEK.NS
2025-09-30,METROPOLIS.NS
2025-09-30,MGL.NS
2025-09-30,MINDACORP.NS
2025-09-30,MMTC.NS
2025-09-30,MRPL.NS
2025-09-30,MSUMI.NS
2025-09-30,NATCOPHARM.NS
2025-09-30,NAVA.NS
2025-09-30,NAVINFLUOR.NS
2025-09-30,NBCC.NS
2025-09-30,NCC.NS
2025-09-30,NETWEB.NS
2025-09-30,NETWORK18.NS
2025-09-30,NEULANDLAB.NS
2025-09-30,NEWGEN.NS
2025-09-30,NIVABUPA.NS
2025-09-30,NSLNISP.NS
2025-09-30,NUVAMA.NS
2025-09-30,OLAELEC.NS
2025-09-30,OLECTRA.NS
2025-09-30,PCBL.NS
2025-09-30,PEL.NS
2025-09-30,PFIZER.NS
2025-09-30,PGEL.NS
2025-09-30,PNBHOUSING.NS
2025-09-30,PNCINFRA.NS
2025-09-30,POLYMED.NS
2025-09-30,PPLPHARMA.NS
2025-09-30,PRAJIND.NS
2025-09-30,PTCIL.NS
2025-09-30,PVRINOX.NS
2025-09-30,RAILTEL.NS
2025-09-30,RAINBOW.NS
2025-09-30,RAMCOCEM.NS
2025-09-30,RAYMOND.NS
2025-09-30,RAYMONDLSL.NS
2025-09-30,RBLBANK.NS
2025-09-30,RCF.NS
2025-09-30,REDINGTON.NS
2025-09-30,RENUKA.NS
2025-09-30,RHIM.NS
2025-09-30,RITES.NS
2025-09-30,RKFORGE.NS
2025-09-30,ROUTE.NS
2025-09-30,RPOWER.NS
2025-09-30,RRKABEL.NS
2025-09-30,RTNINDIA.NS
2025-09-30,SAGILITY.NS
2025-09-30,SAILIFE.NS
2025-09-30,SAMMAANCAP.NS
2025-09-30,SAPPHIRE.NS
2025-09-30,SARDAEN.NS
2025-09-30,SAREGAMA.NS
2025-09-30,SBFC.NS
2025-09-30,SCHNEIDER.NS
2025-09-30,SCI.NS
2025-09-30,SHYAMMETL.NS
2025-09-30,SIGNATURE.NS
2025-09-30,SKFINDIA.NS
2025-09-30,SOBHA.NS
2025-09-30,SONACOMS.NS
2025-09-30,SONATSOFTW.NS
2025-09-30,STARHEALTH.NS
2025-09-30,SUMICHEM.NS
2025-09-30,SUNDRMFAST.NS
2025-09-30,SUNTV.NS
2025-09-30,SWANENERGY.NS
2025-09-30,SWSOLAR.NS
2025-09-30,SYNGENE.NS
2025-09-30,SYRMA.NS
2025-09-30,TANLA.NS
2025-09-30,TARIL.NS
2025-09-30,TATACHEM.NS
2025-09-30,TATAINVEST.NS
2025-09-30,TATATECH.NS
2025-09-30,TBOTEK.NS
2025-09-30,TECHNOE.NS
2025-09-30,TEJASNET.NS
2025-09-30,TIMKEN.NS
2025-09-30,TITAGARH.NS
2025-09-30,TRIDENT.NS
2025-09-30,TRITURBINE.NS
2025-09-30,TRIVENI.NS
2025-09-30,TTML.NS
2025-09-30,USHAMART.NS
2025-09-30,UTIAMC.NS
2025-09-30,VGUARD.NS
2025-09-30,VIJAYA.NS
2025-09-30,VTL.NS
2025-09-30,WELCORP.NS
2025-09-30,WELSPUNLIV.NS
2025-09-30,WESTLIFE.NS
2025-09-30,WHIRLPOOL.NS
2025-09-30,WOCKPHARMA.NS
2025-09-30,ZEEL.NS
2025-09-30,ZENSARTECH.NS
2025-09-30,ZENTEC.NS
2025-09-30,ZFCVINDIA.NS
2026-03-31,AADHARHFC.NS
2026-03-31,AARTIIND.NS
2026-03-31,AAVAS.NS
2026-03-31,ABFRL.NS
2026-03-31,ABLBL.NS
2026-03-31,ABREL.NS
2026-03-31,ABSLAMC.NS
2026-03-31,ACE.NS
2026-03-31,ACMESOLAR.NS
2026-03-31,AEGISLOG.NS
2026-03-31,AEGISVOPAK.NS
2026-03-31,AFCONS.NS
2026-03-31,AFFLE.NS
2026-03-31,AGARWALEYE.NS
2026-03-31,AKUMS.NS
2026-03-31,AKZOINDIA.NS
2026-03-31,ALKYLAMINE.NS
2026-03-31,ALOKINDS.NS
2026-03-31,AMBER.NS
2026-03-31,ANANDRATHI.NS
2026-03-31,ANANTRAJ.NS
2026-03-31,ANGELONE.NS
2026-03-31,APLLTD.NS
2026-03-31,APOLLOTYRE.NS
2026-03-31,APTUS.NS
2026-03-31,ARE&M.NS
2026-03-31,ASAHIINDIA.NS
2026-03-31,ASTRAZEN.NS
2026-03-31,ATHERENERG.NS
2026-03-31,ATUL.NS
2026-03-31,AWL.NS
2026-03-31,BALRAMCHIN.NS
2026-03-31,BANDHANBNK.NS
2026-03-31,BASF.NS
2026-03-31,BATAINDIA.NS
2026-03-31,BAYERCROP.NS
2026-03-31,BBTC.NS
2026-03-31,BEML.NS
2026-03-31,BIKAJI.NS
2026-03-31,BLS.NS
2026-03-31,BLUEDART.NS
2026-03-31,BLUEJET.NS
2026-03-31,BRIGADE.NS
2026-03-31,BSOFT.NS
2026-03-31,CAMPUS.NS
2026-03-31,CAMS.NS
2026-03-31,CANFINHOME.NS
2026-03-31,CAPLIPOINT.NS
2026-03-31,CARBORUNIV.NS
2026-03-31,CASTROLIND.NS
2026-03-31,CCL.NS
2026-03-31,CDSL.NS
2026-03-31,CEATLTD.NS
2026-03-31,CENTURYPLY.NS
2026-03-31,CERA.NS
2026-03-31,CESC.NS
2026-03-31,CGCL.NS
2026-03-31,CHALET.NS
2026-03-31,CHAMBLFERT.NS
2026-03-31,CHENNPETRO.NS
2026-03-31,CHOICEIN.NS
2026-03-31,CLEAN.NS
2026-03-31,COHANCE.NS
2026-03-31,CONCORDBIO.NS
2026-03-31,CRAFTSMAN.NS
2026-03-31,CREDITACC.NS
2026-03-31,CROMPTON.NS
2026-03-31,CUB.NS
2026-03-31,CYIENT.NS
2026-03-31,DATAPATTNS.NS
2026-03-31,DBREALTY.NS
2026-03-31,DCMSHRIRAM.NS
2026-03-31,DEEPAKFERT.NS
2026-03-31,DEEPAKNTR.NS
2026-03-31,DEVYANI.NS
2026-03-31,DOMS.NS
2026-03-31,ECLERX.NS
2026-03-31,EIDPARRY.NS
2026-03-31,EIHOTEL.NS
2026-03-31,ELECON.NS
2026-03-31,ELGIEQUIP.NS
2026-03-31,EMAMILTD.NS
2026-03-31,EMCURE.NS
2026-03-31,ENGINERSIN.NS
2026-03-31,ERIS.NS
2026-03-31,EXIDEIND.NS
2026-03-31,FINCABLES.NS
2026-03-31,FINPIPE.NS
2026-03-31,FIVESTAR.NS
2026-03-31,FORCEMOT.NS
2026-03-31,FSL.NS
2026-03-31,GESHIP.NS
2026-03-31,GILLETTE.NS
2026-03-31,GLAND.NS
2026-03-31,GMDCLTD.NS
2026-03-31,GODREJAGRO.NS
2026-03-31,GPIL.NS
2026-03-31,GRANULES.NS
2026-03-31,GRAPHITE.NS
2026-03-31,GRAVITA.NS
2026-03-31,GRSE.NS
2026-03-31,GSPL.NS
2026-03-31,HAPPSTMNDS.NS
2026-03-31,HBLENGINE.NS
2026-03-31,HEG.NS
2026-03-31,HFCL.NS
2026-03-31,HOMEFIRST.NS
2026-03-31,HONASA.NS
2026-03-31,HONAUT.NS
2026-03-31,HSCL.NS
2026-03-31,IEX.NS
2026-03-31,IFCI.NS
2026-03-31,IGIL.NS
2026-03-31,IGL.NS
2026-03-31,IIFL.NS
2026-03-31,IKS.NS
2026-03-31,INDGN.NS
2026-03-31,INDIACEM.NS
2026-03-31,INDIAMART.NS
2026-03-31,INOXINDIA.NS
2026-03-31,INOXWIND.NS
2026-03-31,INTELLECT.NS
2026-03-31,IRB.NS
2026-03-31,IRCON.NS
2026-03-31,ITI.NS
2026-03-31,J&KBANK.NS
2026-03-31,JBCHEPHARM.NS
2026-03-31,JBMA.NS
2026-03-31,JINDALSAW.NS
2026-03-31,JKTYRE.NS
2026-03-31,JMFINANCIL.NS
2026-03-31,JPPOWER.NS
2026-03-31,JSWCEMENT.NS
2026-03-31,JUBLINGREA.NS
2026-03-31,JUBLPHARMA.NS
2026-03-31,JWL.NS
2026-03-31,JYOTHYLAB.NS
2026-03-31,JYOTICNC.NS
2026-03-31,KAJARIACER.NS
2026-03-31,KARURVYSYA.NS
2026-03-31,KAYNES.NS
2026-03-31,KEC.NS
2026-03-31,KFINTECH.NS
2026-03-31,KIMS.NS
2026-03-31,KIRLOSBROS.NS
2026-03-31,KIRLOSENG.NS
2026-03-31,KPIL.NS
2026-03-31,KPITTECH.NS
2026-03-31,KSB.NS
2026-03-31,LALPATHLAB.NS
2026-03-31,LATENTVIEW.NS
2026-03-31,LEMONTREE.NS
2026-03-31,LICHSGFIN.NS
2026-03-31,LTFOODS.NS
2026-03-31,MAHSCOOTER.NS
2026-03-31,MAHSEAMLES.NS
2026-03-31,MANAPPURAM.NS
2026-03-31,MANYAVAR.NS
2026-03-31,MAPMYINDIA.NS
2026-03-31,METROPOLIS.NS
2026-03-31,MGL.NS
2026-03-31,MINDACORP.NS
2026-03-31,MMTC.NS
2026-03-31,MRPL.NS
2026-03-31,MSUMI.NS
2026-03-31,NATCOPHARM.NS
2026-03-31,NAVA.NS
2026-03-31,NBCC.NS
2026-03-31,NCC.NS
2026-03-31,NETWEB.NS
2026-03-31,NEULANDLAB.NS
2026-03-31,NEWGEN.NS
2026-03-31,NIACL.NS
2026-03-31,NIVABUPA.NS
2026-03-31,NSLNISP.NS
2026-03-31,NUVAMA.NS
2026-03-31,NUVOCO.NS
2026-03-31,OLAELEC.NS
2026-03-31,OLECTRA.NS
2026-03-31,ONESOURCE.NS
2026-03-31,PCBL.NS
2026-03-31,PFIZER.NS
2026-03-31,PGEL.NS
2026-03-31,PNBHOUSING.NS
2026-03-31,POLYMED.NS
2026-03-31,PPLPHARMA.NS
2026-03-31,PRAJIND.NS
2026-03-31,PTCIL.NS
2026-03-31,PVRINOX.NS
2026-03-31,RAILTEL.NS
2026-03-31,RAINBOW.NS
2026-03-31,RAMCOCEM.NS
2026-03-31,RBLBANK.NS
2026-03-31,RCF.NS
2026-03-31,REDINGTON.NS
2026-03-31,RELINFRA.NS
2026-03-31,RHIM.NS
2026-03-31,RITES.NS
2026-03-31,RKFORGE.NS
2026-03-31,RPOWER.NS
2026-03-31,RRKABEL.NS
2026-03-31,SAGILITY.NS
2026-03-31,SAILIFE.NS
2026-03-31,SAMMAANCAP.NS
2026-03-31,SAPPHIRE.NS
2026-03-31,SARDAEN.NS
2026-03-31,SAREGAMA.NS
2026-03-31,SBFC.NS
2026-03-31,SCHNEIDER.NS
2026-03-31,SCI.NS
2026-03-31,SHYAMMETL.NS
2026-03-31,SIGNATURE.NS
2026-03-31,SJVN.NS
2026-03-31,SOBHA.NS
2026-03-31,SONATSOFTW.NS
2026-03-31,STARHEALTH.NS
2026-03-31,SUMICHEM.NS
2026-03-31,SUNDRMFAST.NS
2026-03-31,SUNTV.NS
2026-03-31,SWANCORP.NS
2026-03-31,SYNGENE.NS
2026-03-31,SYRMA.NS
2026-03-31,TARIL.NS
2026-03-31,TATACHEM.NS
2026-03-31,TATATECH.NS
2026-03-31,TBOTEK.NS
2026-03-31,TECHNOE.NS
2026-03-31,TEJASNET.NS
2026-03-31,THELEELA.NS
2026-03-31,TIMKEN.NS
2026-03-31,TITAGARH.NS
2026-03-31,TRIDENT.NS
2026-03-31,TRITURBINE.NS
2026-03-31,TRIVENI.NS
2026-03-31,TTML.NS
2026-03-31,USHAMART.NS
2026-03-31,UTIAMC.NS
2026-03-31,VENTIVE.NS
2026-03-31,VGUARD.NS
2026-03-31,VIJAYA.NS
2026-03-31,VTL.NS
2026-03-31,WELCORP.NS
2026-03-31,WELSPUNLIV.NS
2026-03-31,WHIRLPOOL.NS
2026-03-31,WOCKPHARMA.NS
2026-03-31,ZEEL.NS
2026-03-31,ZENSARTECH.NS
2026-03-31,ZENTEC.NS
2026-03-31,ZFCVINDIA.NS
