effective_date,symbol
2015-06-01,3MINDIA.NS
2015-06-01,AARTIIND.NS
2015-06-01,ABAN.NS
2015-06-01,ABB.NS
2015-06-01,ABBOTINDIA.NS
2015-06-01,ABREL.NS
2015-06-01,ACC.NS
2015-06-01,ACCELYA.NS
2015-06-01,ACLGATI.NS
2015-06-01,ADANIENT.NS
2015-06-01,ADANIPORTS.NS
2015-06-01,ADANIPOWER.NS
2015-06-01,AEGISCHEM.NS
2015-06-01,AEGISLOG.NS
2015-06-01,AHLUCONT.NS
2015-06-01,AIAENG.NS
2015-06-01,AJANTPHARM.NS
2015-06-01,AKZOINDIA.NS
2015-06-01,AMARAJABAT.NS
2015-06-01,AMBUJACEM.NS
2015-06-01,ANDHRACEMT.NS
2015-06-01,ANDREWYU.NS
2015-06-01,APARINDS.NS
2015-06-01,APLLTD.NS
2015-06-01,APOLLOHOSP.NS
2015-06-01,APOLLOTYRE.NS
2015-06-01,ARE&M.NS
2015-06-01,ARVIND.NS
2015-06-01,ASAHIINDIA.NS
2015-06-01,ASHIANA.NS
2015-06-01,ASHOKA.NS
2015-06-01,ASHOKLEY.NS
2015-06-01,ASIANPAINT.NS
2015-06-01,ASTRAL.NS
2015-06-01,ASTRAZEN.NS
2015-06-01,ATFL.NS
2015-06-01,ATUL.NS
2015-06-01,AUROPHARMA.NS
2015-06-01,AVANTIFEED.NS
2015-06-01,AXISBANK.NS
2015-06-01,BAJAJ-AUTO.NS
2015-06-01,BAJAJCON.NS
2015-06-01,BAJAJELEC.NS
2015-06-01,BAJAJFINSV.NS
2015-06-01,BAJAJHIND.NS
2015-06-01,BAJAJHLDNG.NS
2015-06-01,BAJFINANCE.NS
2015-06-01,BALKRISIND.NS
2015-06-01,BALLARPUR.NS
2015-06-01,BALMLAWRIE.NS
2015-06-01,BANARISUG.NS
2015-06-01,BANKBARODA.NS
2015-06-01,BANKINDIA.NS
2015-06-01,BASF.NS
2015-06-01,BATAINDIA.NS
2015-06-01,BAYERCROP.NS
2015-06-01,BBTC.NS
2015-06-01,BEL.NS
2015-06-01,BEML.NS
2015-06-01,BERGEPAINT.NS
2015-06-01,BFUTILITIE.NS
2015-06-01,BHARATFORG.NS
2015-06-01,BHARTIARTL.NS
2015-06-01,BHEL.NS
2015-06-01,BIOCON.NS
2015-06-01,BIRLACORPN.NS
2015-06-01,BLUEDART.NS
2015-06-01,BLUESTARCO.NS
2015-06-01,BOMDYEING.NS
2015-06-01,BOSCHLTD.NS
2015-06-01,BPCL.NS
2015-06-01,BRFL.NS
2015-06-01,BRIGADE.NS
2015-06-01,BRITANNIA.NS
2015-06-01,BSOFT.NS
2015-06-01,CANBK.NS
2015-06-01,CARBORUNIV.NS
2015-06-01,CARERATING.NS
2015-06-01,CASTROLIND.NS
2015-06-01,CCL.NS
2015-06-01,CEATLTD.NS
2015-06-01,CENTRALBK.NS
2015-06-01,CENTURYPLY.NS
2015-06-01,CENTURYTEX.NS
2015-06-01,CERA.NS
2015-06-01,CESC.NS
2015-06-01,CGPOWER.NS
2015-06-01,CHAMBLFERT.NS
2015-06-01,CHOLAFIN.NS
2015-06-01,CHOLAHLDNG.NS
2015-06-01,CIEINDIA.NS
2015-06-01,CIPLA.NS
2015-06-01,CLCIND.NS
2015-06-01,COALINDIA.NS
2015-06-01,COFORGE.NS
2015-06-01,COLPAL.NS
2015-06-01,CONCOR.NS
2015-06-01,COROMANDEL.NS
2015-06-01,COX&KINGS.NS
2015-06-01,CPSEETF.NS
2015-06-01,CRISIL.NS
2015-06-01,CUB.NS
2015-06-01,CUMMINSIND.NS
2015-06-01,CYIENT.NS
2015-06-01,DABUR.NS
2015-06-01,DALBHARAT.NS
2015-06-01,DBCORP.NS
2015-06-01,DBREALTY.NS
2015-06-01,DCBBANK.NS
2015-06-01,DCMSHRIRAM.NS
2015-06-01,DELTACORP.NS
2015-06-01,DEN.NS
2015-06-01,DHANUKA.NS
2015-06-01,DHFL.NS
2015-06-01,DIACABS.NS
2015-06-01,DISHTV.NS
2015-06-01,DIVISLAB.NS
2015-06-01,DLF.NS
2015-06-01,DPSCLTD.NS
2015-06-01,DRREDDY.NS
2015-06-01,DYNAMATECH.NS
2015-06-01,ECLERX.NS
2015-06-01,EDELWEISS.NS
2015-06-01,EICHERMOT.NS
2015-06-01,EIDPARRY.NS
2015-06-01,EIHOTEL.NS
2015-06-01,ELGIEQUIP.NS
2015-06-01,EMAMILTD.NS
2015-06-01,ENGINERSIN.NS
2015-06-01,ENIL.NS
2015-06-01,EPL.NS
2015-06-01,EROSMEDIA.NS
2015-06-01,ESCORTS.NS
2015-06-01,EVEREADY.NS
2015-06-01,EXIDEIND.NS
2015-06-01,FACT.NS
2015-06-01,FCONSUMER.NS
2015-06-01,FDC.NS
2015-06-01,FEDERALBNK.NS
2015-06-01,FEL.NS
2015-06-01,FINCABLES.NS
2015-06-01,FINPIPE.NS
2015-06-01,FLFL.NS
2015-06-01,FMGOETZE.NS
2015-06-01,FORTIS.NS
2015-06-01,FSL.NS
2015-06-01,GABRIEL.NS
2015-06-01,GAIL.NS
2015-06-01,GATEWAY.NS
2015-06-01,GATI.NS
2015-06-01,GEPIL.NS
2015-06-01,GESHIP.NS
2015-06-01,GET&D.NS
2015-06-01,GILLETTE.NS
2015-06-01,GIPCL.NS
2015-06-01,GLAXO.NS
2015-06-01,GLENMARK.NS
2015-06-01,GLOBOFFS.NS
2015-06-01,GMDCLTD.NS
2015-06-01,GMRAIRPORT.NS
2015-06-01,GMRINFRA.NS
2015-06-01,GNFC.NS
2015-06-01,GODREJCP.NS
2015-06-01,GODREJIND.NS
2015-06-01,GODREJPROP.NS
2015-06-01,GOODYEAR.NS
2015-06-01,GPPL.NS
2015-06-01,GRANULES.NS
2015-06-01,GRAPHITE.NS
2015-06-01,GRASIM.NS
2015-06-01,GREAVESCOT.NS
2015-06-01,GREENPLY.NS
2015-06-01,GRINDWELL.NS
2015-06-01,GSFC.NS
2015-06-01,GSPL.NS
2015-06-01,GUJALKALI.NS
2015-06-01,GULFOILLUB.NS
2015-06-01,GVKPIL.NS
2015-06-01,GVPIL.NS
2015-06-01,GVT&D.NS
2015-06-01,HATHWAY.NS
2015-06-01,HATSUN.NS
2015-06-01,HAVELLS.NS
2015-06-01,HCC.NS
2015-06-01,HCL-INSYS.NS
2015-06-01,HCLTECH.NS
2015-06-01,HDFC.NS
2015-06-01,HDFCBANK.NS
2015-06-01,HDIL.NS
2015-06-01,HEIDELBERG.NS
2015-06-01,HEROMOTOCO.NS
2015-06-01,HEUBACHIND.NS
2015-06-01,HEXAWARE.NS
2015-06-01,HFCL.NS
2015-06-01,HGS.NS
2015-06-01,HINDALCO.NS
2015-06-01,HINDCOPPER.NS
2015-06-01,HINDPETRO.NS
2015-06-01,HINDUNILVR.NS
2015-06-01,HINDZINC.NS
2015-06-01,HMT.NS
2015-06-01,HMVL.NS
2015-06-01,HONAUT.NS
2015-06-01,HTMEDIA.NS
2015-06-01,HUHTAMAKI.NS
2015-06-01,IBREALEST.NS
2015-06-01,IBULHSGFIN.NS
2015-06-01,ICICIBANK.NS
2015-06-01,ICRA.NS
2015-06-01,IDBI.NS
2015-06-01,IDEA.NS
2015-06-01,IDFC.NS
2015-06-01,IFBIND.NS
2015-06-01,IFCI.NS
2015-06-01,IGL.NS
2015-06-01,IIFL-RE.NS
2015-06-01,IIFL.NS
2015-06-01,IL&FSTRANS.NS
2015-06-01,INDHOTEL.NS
2015-06-01,INDIACEM.NS
2015-06-01,INDIANB.NS
2015-06-01,INDOCO.NS
2015-06-01,INDUSINDBK.NS
2015-06-01,INDUSTOWER.NS
2015-06-01,INFY.NS
2015-06-01,INGERRAND.NS
2015-06-01,INOXLEISUR.NS
2015-06-01,IOB.NS
2015-06-01,IOC.NS
2015-06-01,IPCALAB.NS
2015-06-01,IRB.NS
2015-06-01,ITC.NS
2015-06-01,ITI.NS
2015-06-01,J&KBANK.NS
2015-06-01,JAGRAN.NS
2015-06-01,JAICORPLTD.NS
2015-06-01,JBFIND.NS
2015-06-01,JCHAC.NS
2015-06-01,JETAIRWAYS.NS
2015-06-01,JINDALSAW.NS
2015-06-01,JINDALSTEL.NS
2015-06-01,JISLDVREQS.NS
2015-06-01,JISLJALEQS.NS
2015-06-01,JKCEMENT.NS
2015-06-01,JKIL.NS
2015-06-01,JKLAKSHMI.NS
2015-06-01,JKTYRE.NS
2015-06-01,JMFINANCIL.NS
2015-06-01,JPASSOCIAT.NS
2015-06-01,JPINFRATEC.NS
2015-06-01,JPPOWER.NS
2015-06-01,JSWDULUX.NS
2015-06-01,JSWENERGY.NS
2015-06-01,JSWISPL.NS
2015-06-01,JSWSTEEL.NS
2015-06-01,JUBLFOOD.NS
2015-06-01,JUBLPHARMA.NS
2015-06-01,JUNIORBEES.NS
2015-06-01,JUSTDIAL.NS
2015-06-01,JYOTHYLAB.NS
2015-06-01,KAJARIACER.NS
2015-06-01,KALPATPOWR.NS
2015-06-01,KANSAINER.NS
2015-06-01,KARURVYSYA.NS
2015-06-01,KEC.NS
2015-06-01,KENNAMET.NS
2015-06-01,KIRLOSBROS.NS
2015-06-01,KIRLOSENG.NS
2015-06-01,KKCL.NS
2015-06-01,KNRCON.NS
2015-06-01,KOLTEPATIL.NS
2015-06-01,KOTAKBANK.NS
2015-06-01,KPIL.NS
2015-06-01,KPRMILL.NS
2015-06-01,KRBL.NS
2015-06-01,KSB.NS
2015-06-01,KSCL.NS
2015-06-01,KSK.NS
2015-06-01,KTKBANK.NS
2015-06-01,L&TFH.NS
2015-06-01,LAKSHVILAS.NS
2015-06-01,LAOPALA.NS
2015-06-01,LAXMIMACH.NS
2015-06-01,LICHSGFIN.NS
2015-06-01,LINDEINDIA.NS
2015-06-01,LIQUIDBEES.NS
2015-06-01,LMW.NS
2015-06-01,LT.NS
2015-06-01,LTF.NS
2015-06-01,LUPIN.NS
2015-06-01,M&M.NS
2015-06-01,M&MFIN.NS
2015-06-01,MAHABANK.NS
2015-06-01,MAHINDCIE.NS
2015-06-01,MAHLIFE.NS
2015-06-01,MAHSEAMLES.NS
2015-06-01,MANAPPURAM.NS
2015-06-01,MARICO.NS
2015-06-01,MARKSANS.NS
2015-06-01,MARUTI.NS
2015-06-01,MAYURUNIQ.NS
2015-06-01,MBECL.NS
2015-06-01,MCDOWELL-N.NS
2015-06-01,MCLEODRUSS.NS
2015-06-01,MCX.NS
2015-06-01,MFSL.NS
2015-06-01,MHRIL.NS
2015-06-01,MINDACORP.NS
2015-06-01,MMTC.NS
2015-06-01,MOIL.NS
2015-06-01,MOTHERSON.NS
2015-06-01,MOTILALOFS.NS
2015-06-01,MPHASIS.NS
2015-06-01,MPSLTD.NS
2015-06-01,MRF.NS
2015-06-01,MRPL.NS
2015-06-01,MTNL.NS
2015-06-01,MUTHOOTFIN.NS
2015-06-01,NATCOPHARM.NS
2015-06-01,NATIONALUM.NS
2015-06-01,NAUKRI.NS
2015-06-01,NAVA.NS
2015-06-01,NAVNETEDUL.NS
2015-06-01,NBCC.NS
2015-06-01,NCC.NS
2015-06-01,NESCO.NS
2015-06-01,NESTLEIND.NS
2015-06-01,NETWORK18.NS
2015-06-01,NFL.NS
2015-06-01,NHPC.NS
2015-06-01,NLCINDIA.NS
2015-06-01,NMDC.NS
2015-06-01,NOVARTIND.NS
2015-06-01,NRBBEARING.NS
2015-06-01,NTPC.NS
2015-06-01,OBEROIRLTY.NS
2015-06-01,OFSS.NS
2015-06-01,OIL.NS
2015-06-01,OMAXE.NS
2015-06-01,ONGC.NS
2015-06-01,ORIENTCEM.NS
2015-06-01,ORISSAMINE.NS
2015-06-01,PAGEIND.NS
2015-06-01,PATELENG.NS
2015-06-01,PCJEWELLER.NS
2015-06-01,PEL.NS
2015-06-01,PERSISTENT.NS
2015-06-01,PETRONET.NS
2015-06-01,PFC.NS
2015-06-01,PFIZER.NS
2015-06-01,PFS.NS
2015-06-01,PGHH.NS
2015-06-01,PGHL.NS
2015-06-01,PHOENIXLTD.NS
2015-06-01,PIDILITIND.NS
2015-06-01,PIIND.NS
2015-06-01,PNB.NS
2015-06-01,POLYMED.NS
2015-06-01,POONAWALLA.NS
2015-06-01,POWERGRID.NS
2015-06-01,PRESTIGE.NS
2015-06-01,PRSMJOHNSN.NS
2015-06-01,PSB.NS
2015-06-01,PTC.NS
2015-06-01,PURVA.NS
2015-06-01,PVR.NS
2015-06-01,RAIN.NS
2015-06-01,RAJESHEXPO.NS
2015-06-01,RALLIS.NS
2015-06-01,RAMCOCEM.NS
2015-06-01,RATNAMANI.NS
2015-06-01,RCF.NS
2015-06-01,RCOM.NS
2015-06-01,RECLTD.NS
2015-06-01,REDINGTON.NS
2015-06-01,RELAXO.NS
2015-06-01,RELCAPITAL.NS
2015-06-01,RELIANCE.NS
2015-06-01,RELIGARE.NS
2015-06-01,RELINFRA.NS
2015-06-01,RENUKA.NS
2015-06-01,REPCOHOME.NS
2015-06-01,RESPONIND.NS
2015-06-01,RNAVAL.NS
2015-06-01,ROLTA.NS
2015-06-01,RPOWER.NS
2015-06-01,RTNPOWER.NS
2015-06-01,RUPA.NS
2015-06-01,SABTN.NS
2015-06-01,SADBHAV.NS
2015-06-01,SAIL.NS
2015-06-01,SAMMAANCAP.NS
2015-06-01,SANGHIIND.NS
2015-06-01,SANOFI.NS
2015-06-01,SBIN.NS
2015-06-01,SCHAEFFLER.NS
2015-06-01,SCHNEIDER.NS
2015-06-01,SCI.NS
2015-06-01,SHARDACROP.NS
2015-06-01,SHILPAMED.NS
2015-06-01,SHOPERSTOP.NS
2015-06-01,SHREECEM.NS
2015-06-01,SHRIRAMFIN.NS
2015-06-01,SICAL.NS
2015-06-01,SIEMENS.NS
2015-06-01,SIMPLEXINF.NS
2015-06-01,SITINET.NS
2015-06-01,SJVN.NS
2015-06-01,SKFINDIA.NS
2015-06-01,SMLISUZU.NS
2015-06-01,SNOWMAN.NS
2015-06-01,SOBHA.NS
2015-06-01,SOLARINDS.NS
2015-06-01,SONATSOFTW.NS
2015-06-01,SOUTHBANK.NS
2015-06-01,SPARC.NS
2015-06-01,SREINFRA.NS
2015-06-01,SRF.NS
2015-06-01,STAR.NS
2015-06-01,STLTECH.NS
2015-06-01,SUNCLAYLTD.NS
2015-06-01,SUNDARMFIN.NS
2015-06-01,SUNDRMFAST.NS
2015-06-01,SUNDROP.NS
2015-06-01,SUNPHARMA.NS
2015-06-01,SUNTECK.NS
2015-06-01,SUNTV.NS
2015-06-01,SUPRAJIT.NS
2015-06-01,SUPREMEIND.NS
2015-06-01,SUZLON.NS
2015-06-01,SWANCORP.NS
2015-06-01,SYMPHONY.NS
2015-06-01,TATACHEM.NS
2015-06-01,TATACOFFEE.NS
2015-06-01,TATACOMM.NS
2015-06-01,TATACONSUM.NS
2015-06-01,TATAELXSI.NS
2015-06-01,TATAMOTORS.NS
2015-06-01,TATAMTRDVR.NS
2015-06-01,TATAPOWER.NS
2015-06-01,TATASTEEL.NS
2015-06-01,TCS.NS
2015-06-01,TECHM.NS
2015-06-01,TEXRAIL.NS
2015-06-01,THERMAX.NS
2015-06-01,THOMASCOOK.NS
2015-06-01,TIDEWATER.NS
2015-06-01,TIMKEN.NS
2015-06-01,TITAN.NS
2015-06-01,TMPV.NS
2015-06-01,TORNTPHARM.NS
2015-06-01,TORNTPOWER.NS
2015-06-01,TREEHOUSE.NS
2015-06-01,TRENT.NS
2015-06-01,TRITURBINE.NS
2015-06-01,TTKPRESTIG.NS
2015-06-01,TTML.NS
2015-06-01,TV18BRDCST.NS
2015-06-01,TVSHLTD.NS
2015-06-01,TVSMOTOR.NS
2015-06-01,TVTODAY.NS
2015-06-01,UBL.NS
2015-06-01,UCOBANK.NS
2015-06-01,UEL.NS
2015-06-01,UJAAS.NS
2015-06-01,ULTRACEMCO.NS
2015-06-01,UNICHEMLAB.NS
2015-06-01,UNIONBANK.NS
2015-06-01,UNITDSPR.NS
2015-06-01,UNITECH.NS
2015-06-01,UPL.NS
2015-06-01,VAIBHAVGBL.NS
2015-06-01,VAKRANGEE.NS
2015-06-01,VEDL.NS
2015-06-01,VEEDOL.NS
2015-06-01,VESUVIUS.NS
2015-06-01,VGUARD.NS
2015-06-01,VHLTD.NS
2015-06-01,VICEROY.NS
2015-06-01,VIDEOIND.NS
2015-06-01,VINATIORGA.NS
2015-06-01,VIPIND.NS
2015-06-01,VIVIDHA.NS
2015-06-01,VOLTAS.NS
2015-06-01,VSTIND.NS
2015-06-01,VTL.NS
2015-06-01,WABAG.NS
2015-06-01,WELCORP.NS
2015-06-01,WELSPUNIND.NS
2015-06-01,WELSPUNLIV.NS
2015-06-01,WHEELS.NS
2015-06-01,WHIRLPOOL.NS
2015-06-01,WIPRO.NS
2015-06-01,WOCKPHARMA.NS
2015-06-01,WONDERLA.NS
2015-06-01,YESBANK.NS
2015-06-01,ZEEL.NS
2015-06-01,ZENSARTECH.NS
2015-06-01,ZFCVINDIA.NS
2015-06-01,ZYDUSLIFE.NS
2015-09-30,3MINDIA.NS
2015-09-30,AARTIDRUGS.NS
2015-09-30,AARTIIND.NS
2015-09-30,ABAN.NS
2015-09-30,ABB.NS
2015-09-30,ABBOTINDIA.NS
2015-09-30,ABREL.NS
2015-09-30,ACC.NS
2015-09-30,ACCELYA.NS
2015-09-30,ACLGATI.NS
2015-09-30,ADANIENSOL.NS
2015-09-30,ADANIENT.NS
2015-09-30,ADANIPORTS.NS
2015-09-30,ADANIPOWER.NS
2015-09-30,ADANITRANS.NS
2015-09-30,AEGISCHEM.NS
2015-09-30,AEGISLOG.NS
2015-09-30,AHLUCONT.NS
2015-09-30,AIAENG.NS
2015-09-30,AJANTPHARM.NS
2015-09-30,AKZOINDIA.NS
2015-09-30,AMARAJABAT.NS
2015-09-30,AMBUJACEM.NS
2015-09-30,APARINDS.NS
2015-09-30,APLLTD.NS
2015-09-30,APOLLOHOSP.NS
2015-09-30,APOLLOTYRE.NS
2015-09-30,ARE&M.NS
2015-09-30,ARVIND.NS
2015-09-30,ASAHIINDIA.NS
2015-09-30,ASHIANA.NS
2015-09-30,ASHOKA.NS
2015-09-30,ASHOKLEY.NS
2015-09-30,ASIANPAINT.NS
2015-09-30,ASTRAL.NS
2015-09-30,ASTRAZEN.NS
2015-09-30,ATFL.NS
2015-09-30,ATUL.NS
2015-09-30,AUROPHARMA.NS
2015-09-30,AVANTIFEED.NS
2015-09-30,AXISBANK.NS
2015-09-30,BAJAJ-AUTO.NS
2015-09-30,BAJAJCON.NS
2015-09-30,BAJAJELEC.NS
2015-09-30,BAJAJFINSV.NS
2015-09-30,BAJAJHIND.NS
2015-09-30,BAJAJHLDNG.NS
2015-09-30,BAJFINANCE.NS
2015-09-30,BALKRISIND.NS
2015-09-30,BALLARPUR.NS
2015-09-30,BALMLAWRIE.NS
2015-09-30,BANKBARODA.NS
2015-09-30,BANKINDIA.NS
2015-09-30,BASF.NS
2015-09-30,BATAINDIA.NS
2015-09-30,BAYERCROP.NS
2015-09-30,BBTC.NS
2015-09-30,BCG.NS
2015-09-30,BEL.NS
2015-09-30,BEML.NS
2015-09-30,BERGEPAINT.NS
2015-09-30,BFUTILITIE.NS
2015-09-30,BHARATFORG.NS
2015-09-30,BHARTIARTL.NS
2015-09-30,BHEL.NS
2015-09-30,BIOCON.NS
2015-09-30,BIRLACORPN.NS
2015-09-30,BLISSGVS.NS
2015-09-30,BLUEDART.NS
2015-09-30,BLUESTARCO.NS
2015-09-30,BOMDYEING.NS
2015-09-30,BOSCHLTD.NS
2015-09-30,BPCL.NS
2015-09-30,BRFL.NS
2015-09-30,BRITANNIA.NS
2015-09-30,CANBK.NS
2015-09-30,CANFINHOME.NS
2015-09-30,CAPLIPOINT.NS
2015-09-30,CARBORUNIV.NS
2015-09-30,CARERATING.NS
2015-09-30,CASTROLIND.NS
2015-09-30,CCL.NS
2015-09-30,CEATLTD.NS
2015-09-30,CENTRALBK.NS
2015-09-30,CENTURYPLY.NS
2015-09-30,CENTURYTEX.NS
2015-09-30,CERA.NS
2015-09-30,CESC.NS
2015-09-30,CGPOWER.NS
2015-09-30,CHAMBLFERT.NS
2015-09-30,CHENNPETRO.NS
2015-09-30,CHOLAFIN.NS
2015-09-30,CHOLAHLDNG.NS
2015-09-30,CIEINDIA.NS
2015-09-30,CIPLA.NS
2015-09-30,CLCIND.NS
2015-09-30,COALINDIA.NS
2015-09-30,COFORGE.NS
2015-09-30,COLPAL.NS
2015-09-30,CONCOR.NS
2015-09-30,COROMANDEL.NS
2015-09-30,COX&KINGS.NS
2015-09-30,CPSEETF.NS
2015-09-30,CRISIL.NS
2015-09-30,CUB.NS
2015-09-30,CUMMINSIND.NS
2015-09-30,CYIENT.NS
2015-09-30,DABUR.NS
2015-09-30,DALBHARAT.NS
2015-09-30,DBCORP.NS
2015-09-30,DBREALTY.NS
2015-09-30,DCAL.NS
2015-09-30,DCBBANK.NS
2015-09-30,DCMSHRIRAM.NS
2015-09-30,DELTACORP.NS
2015-09-30,DEN.NS
2015-09-30,DHANUKA.NS
2015-09-30,DHFL.NS
2015-09-30,DIACABS.NS
2015-09-30,DISHTV.NS
2015-09-30,DIVISLAB.NS
2015-09-30,DLF.NS
2015-09-30,DPSCLTD.NS
2015-09-30,DRREDDY.NS
2015-09-30,DYNAMATECH.NS
2015-09-30,ECLERX.NS
2015-09-30,EDELWEISS.NS
2015-09-30,EICHERMOT.NS
2015-09-30,EIDPARRY.NS
2015-09-30,EIHOTEL.NS
2015-09-30,ELGIEQUIP.NS
2015-09-30,EMAMILTD.NS
2015-09-30,ENGINERSIN.NS
2015-09-30,ENIL.NS
2015-09-30,EPL.NS
2015-09-30,EROSMEDIA.NS
2015-09-30,ESCORTS.NS
2015-09-30,EVEREADY.NS
2015-09-30,EXIDEIND.NS
2015-09-30,FACT.NS
2015-09-30,FCONSUMER.NS
2015-09-30,FDC.NS
2015-09-30,FEDERALBNK.NS
2015-09-30,FEL.NS
2015-09-30,FINCABLES.NS
2015-09-30,FINPIPE.NS
2015-09-30,FLFL.NS
2015-09-30,FMGOETZE.NS
2015-09-30,FORTIS.NS
2015-09-30,FSL.NS
2015-09-30,GAIL.NS
2015-09-30,GATEWAY.NS
2015-09-30,GATI.NS
2015-09-30,GEPIL.NS
2015-09-30,GESHIP.NS
2015-09-30,GET&D.NS
2015-09-30,GILLETTE.NS
2015-09-30,GLAXO.NS
2015-09-30,GLENMARK.NS
2015-09-30,GLOBOFFS.NS
2015-09-30,GMDCLTD.NS
2015-09-30,GMRAIRPORT.NS
2015-09-30,GMRINFRA.NS
2015-09-30,GODFRYPHLP.NS
2015-09-30,GODREJCP.NS
2015-09-30,GODREJIND.NS
2015-09-30,GODREJPROP.NS
2015-09-30,GPPL.NS
2015-09-30,GRANULES.NS
2015-09-30,GRAPHITE.NS
2015-09-30,GRASIM.NS
2015-09-30,GREAVESCOT.NS
2015-09-30,GREENPLY.NS
2015-09-30,GRINDWELL.NS
2015-09-30,GSFC.NS
2015-09-30,GSPL.NS
2015-09-30,GULFOILLUB.NS
2015-09-30,GVPIL.NS
2015-09-30,GVT&D.NS
2015-09-30,HATHWAY.NS
2015-09-30,HATSUN.NS
2015-09-30,HAVELLS.NS
2015-09-30,HCC.NS
2015-09-30,HCLTECH.NS
2015-09-30,HDFC.NS
2015-09-30,HDFCBANK.NS
2015-09-30,HDIL.NS
2015-09-30,HEIDELBERG.NS
2015-09-30,HEROMOTOCO.NS
2015-09-30,HEUBACHIND.NS
2015-09-30,HEXAWARE.NS
2015-09-30,HFCL.NS
2015-09-30,HINDALCO.NS
2015-09-30,HINDCOPPER.NS
2015-09-30,HINDPETRO.NS
2015-09-30,HINDUNILVR.NS
2015-09-30,HINDZINC.NS
2015-09-30,HMT.NS
2015-09-30,HMVL.NS
2015-09-30,HONAUT.NS
2015-09-30,HTMEDIA.NS
2015-09-30,HUHTAMAKI.NS
2015-09-30,IBREALEST.NS
2015-09-30,IBULHSGFIN.NS
2015-09-30,ICICIBANK.NS
2015-09-30,ICIL.NS
2015-09-30,ICRA.NS
2015-09-30,IDBI.NS
2015-09-30,IDEA.NS
2015-09-30,IDFC.NS
2015-09-30,IFBIND.NS
2015-09-30,IFCI.NS
2015-09-30,IGARASHI.NS
2015-09-30,IGL.NS
2015-09-30,IIFL-RE.NS
2015-09-30,IIFL.NS
2015-09-30,IL&FSTRANS.NS
2015-09-30,IMAGICAA.NS
2015-09-30,INDHOTEL.NS
2015-09-30,INDIACEM.NS
2015-09-30,INDIANB.NS
2015-09-30,INDOCO.NS
2015-09-30,INDUSINDBK.NS
2015-09-30,INDUSTOWER.NS
2015-09-30,INFY.NS
2015-09-30,INGERRAND.NS
2015-09-30,INOXLEISUR.NS
2015-09-30,INOXWIND.NS
2015-09-30,IOB.NS
2015-09-30,IOC.NS
2015-09-30,IPCALAB.NS
2015-09-30,IRB.NS
2015-09-30,ITC.NS
2015-09-30,J&KBANK.NS
2015-09-30,JAGRAN.NS
2015-09-30,JBFIND.NS
2015-09-30,JCHAC.NS
2015-09-30,JETAIRWAYS.NS
2015-09-30,JINDALSTEL.NS
2015-09-30,JISLDVREQS.NS
2015-09-30,JISLJALEQS.NS
2015-09-30,JKCEMENT.NS
2015-09-30,JKIL.NS
2015-09-30,JKLAKSHMI.NS
2015-09-30,JKTYRE.NS
2015-09-30,JMFINANCIL.NS
2015-09-30,JMTAUTOLTD.NS
2015-09-30,JPASSOCIAT.NS
2015-09-30,JPINFRATEC.NS
2015-09-30,JPPOWER.NS
2015-09-30,JSWDULUX.NS
2015-09-30,JSWENERGY.NS
2015-09-30,JSWISPL.NS
2015-09-30,JSWSTEEL.NS
2015-09-30,JUBLFOOD.NS
2015-09-30,JUBLPHARMA.NS
2015-09-30,JUNIORBEES.NS
2015-09-30,JUSTDIAL.NS
2015-09-30,JYOTHYLAB.NS
2015-09-30,KAJARIACER.NS
2015-09-30,KALPATPOWR.NS
2015-09-30,KANSAINER.NS
2015-09-30,KARURVYSYA.NS
2015-09-30,KEC.NS
2015-09-30,KENNAMET.NS
2015-09-30,KIRLOSBROS.NS
2015-09-30,KIRLOSENG.NS
2015-09-30,KKCL.NS
2015-09-30,KNRCON.NS
2015-09-30,KOLTEPATIL.NS
2015-09-30,KOTAKBANK.NS
2015-09-30,KPIL.NS
2015-09-30,KPRMILL.NS
2015-09-30,KRBL.NS
2015-09-30,KSB.NS
2015-09-30,KSCL.NS
2015-09-30,KSK.NS
2015-09-30,KTKBANK.NS
2015-09-30,L&TFH.NS
2015-09-30,LAKSHVILAS.NS
2015-09-30,LAOPALA.NS
2015-09-30,LAXMIMACH.NS
2015-09-30,LICHSGFIN.NS
2015-09-30,LINDEINDIA.NS
2015-09-30,LIQUIDBEES.NS
2015-09-30,LMW.NS
2015-09-30,LT.NS
2015-09-30,LTF.NS
2015-09-30,LUPIN.NS
2015-09-30,M&M.NS
2015-09-30,M&MFIN.NS
2015-09-30,MAHABANK.NS
2015-09-30,MAHINDCIE.NS
2015-09-30,MAHLIFE.NS
2015-09-30,MANAPPURAM.NS
2015-09-30,MANPASAND.NS
2015-09-30,MARICO.NS
2015-09-30,MARKSANS.NS
2015-09-30,MARUTI.NS
2015-09-30,MAYURUNIQ.NS
2015-09-30,MBECL.NS
2015-09-30,MCDOWELL-N.NS
2015-09-30,MCLEODRUSS.NS
2015-09-30,MCX.NS
2015-09-30,MFSL.NS
2015-09-30,MHRIL.NS
2015-09-30,MINDACORP.NS
2015-09-30,MMTC.NS
2015-09-30,MOIL.NS
2015-09-30,MOTHERSON.NS
2015-09-30,MOTILALOFS.NS
2015-09-30,MPHASIS.NS
2015-09-30,MPSLTD.NS
2015-09-30,MRF.NS
2015-09-30,MRPL.NS
2015-09-30,MUTHOOTFIN.NS
2015-09-30,NATCOPHARM.NS
2015-09-30,NATIONALUM.NS
2015-09-30,NAUKRI.NS
2015-09-30,NAVA.NS
2015-09-30,NAVNETEDUL.NS
2015-09-30,NBCC.NS
2015-09-30,NCC.NS
2015-09-30,NESCO.NS
2015-09-30,NESTLEIND.NS
2015-09-30,NETWORK18.NS
2015-09-30,NHPC.NS
2015-09-30,NLCINDIA.NS
2015-09-30,NMDC.NS
2015-09-30,NOVARTIND.NS
2015-09-30,NTPC.NS
2015-09-30,NXTDIGITAL.NS
2015-09-30,OBEROIRLTY.NS
2015-09-30,OFSS.NS
2015-09-30,OIL.NS
2015-09-30,OMAXE.NS
2015-09-30,ONGC.NS
2015-09-30,ORIENTCEM.NS
2015-09-30,ORISSAMINE.NS
2015-09-30,PAGEIND.NS
2015-09-30,PATELENG.NS
2015-09-30,PCJEWELLER.NS
2015-09-30,PEL.NS
2015-09-30,PERSISTENT.NS
2015-09-30,PETRONET.NS
2015-09-30,PFC.NS
2015-09-30,PFIZER.NS
2015-09-30,PFS.NS
2015-09-30,PGHH.NS
2015-09-30,PHOENIXLTD.NS
2015-09-30,PIDILITIND.NS
2015-09-30,PIIND.NS
2015-09-30,PNB.NS
2015-09-30,PNCINFRA.NS
2015-09-30,POLYMED.NS
2015-09-30,POONAWALLA.NS
2015-09-30,POWERGRID.NS
2015-09-30,PRAJIND.NS
2015-09-30,PRESTIGE.NS
2015-09-30,PRSMJOHNSN.NS
2015-09-30,PSB.NS
2015-09-30,PTC.NS
2015-09-30,PURVA.NS
2015-09-30,PVR.NS
2015-09-30,RAJESHEXPO.NS
2015-09-30,RALLIS.NS
2015-09-30,RAMCOCEM.NS
2015-09-30,RAMCOSYS.NS
2015-09-30,RATNAMANI.NS
2015-09-30,RCF.NS
2015-09-30,RCOM.NS
2015-09-30,RECLTD.NS
2015-09-30,REDINGTON.NS
2015-09-30,RELAXO.NS
2015-09-30,RELCAPITAL.NS
2015-09-30,RELIANCE.NS
2015-09-30,RELIGARE.NS
2015-09-30,RELINFRA.NS
2015-09-30,RENUKA.NS
2015-09-30,REPCOHOME.NS
2015-09-30,RESPONIND.NS
2015-09-30,RKFORGE.NS
2015-09-30,RNAVAL.NS
2015-09-30,ROLTA.NS
2015-09-30,RPOWER.NS
2015-09-30,RTNPOWER.NS
2015-09-30,RUPA.NS
2015-09-30,SABTN.NS
2015-09-30,SADBHAV.NS
2015-09-30,SAIL.NS
2015-09-30,SAMMAANCAP.NS
2015-09-30,SANOFI.NS
2015-09-30,SBIN.NS
2015-09-30,SCHAEFFLER.NS
2015-09-30,SCHNEIDER.NS
2015-09-30,SCI.NS
2015-09-30,SHARDACROP.NS
2015-09-30,SHILPAMED.NS
2015-09-30,SHOPERSTOP.NS
2015-09-30,SHREECEM.NS
2015-09-30,SHRIRAMFIN.NS
2015-09-30,SIEMENS.NS
2015-09-30,SIMPLEXINF.NS
2015-09-30,SITINET.NS
2015-09-30,SJVN.NS
2015-09-30,SKFINDIA.NS
2015-09-30,SKIPPER.NS
2015-09-30,SMLISUZU.NS
2015-09-30,SNOWMAN.NS
2015-09-30,SOBHA.NS
2015-09-30,SOLARINDS.NS
2015-09-30,SOMANYCERA.NS
2015-09-30,SONATSOFTW.NS
2015-09-30,SOUTHBANK.NS
2015-09-30,SPARC.NS
2015-09-30,SPICEJET.NS
2015-09-30,SREINFRA.NS
2015-09-30,SRF.NS
2015-09-30,STAR.NS
2015-09-30,STLTECH.NS
2015-09-30,SUNCLAYLTD.NS
2015-09-30,SUNDARMFIN.NS
2015-09-30,SUNDRMFAST.NS
2015-09-30,SUNDROP.NS
2015-09-30,SUNPHARMA.NS
2015-09-30,SUNTECK.NS
2015-09-30,SUNTV.NS
2015-09-30,SUPRAJIT.NS
2015-09-30,SUPREMEIND.NS
2015-09-30,SUZLON.NS
2015-09-30,SWANCORP.NS
2015-09-30,SWANENERGY.NS
2015-09-30,SYMPHONY.NS
2015-09-30,TAKE.NS
2015-09-30,TATACHEM.NS
2015-09-30,TATACOFFEE.NS
2015-09-30,TATACOMM.NS
2015-09-30,TATACONSUM.NS
2015-09-30,TATAELXSI.NS
2015-09-30,TATAMOTORS.NS
2015-09-30,TATAMTRDVR.NS
2015-09-30,TATAPOWER.NS
2015-09-30,TATASTEEL.NS
2015-09-30,TCS.NS
2015-09-30,TECHM.NS
2015-09-30,TEXRAIL.NS
2015-09-30,THERMAX.NS
2015-09-30,THOMASCOOK.NS
2015-09-30,TIMKEN.NS
2015-09-30,TITAN.NS
2015-09-30,TMPV.NS
2015-09-30,TORNTPHARM.NS
2015-09-30,TORNTPOWER.NS
2015-09-30,TREEHOUSE.NS
2015-09-30,TRENT.NS
2015-09-30,TRIDENT.NS
2015-09-30,TRITURBINE.NS
2015-09-30,TTKPRESTIG.NS
2015-09-30,TV18BRDCST.NS
2015-09-30,TVSHLTD.NS
2015-09-30,TVSMOTOR.NS
2015-09-30,TVSSRICHAK.NS
2015-09-30,UBL.NS
2015-09-30,UCOBANK.NS
2015-09-30,UEL.NS
2015-09-30,UFO.NS
2015-09-30,UJAAS.NS
2015-09-30,ULTRACEMCO.NS
2015-09-30,UNICHEMLAB.NS
2015-09-30,UNIONBANK.NS
2015-09-30,UNITDSPR.NS
2015-09-30,UNITECH.NS
2015-09-30,UPL.NS
2015-09-30,VAIBHAVGBL.NS
2015-09-30,VAKRANGEE.NS
2015-09-30,VEDL.NS
2015-09-30,VESUVIUS.NS
2015-09-30,VGUARD.NS
2015-09-30,VHLTD.NS
2015-09-30,VICEROY.NS
2015-09-30,VIDEOIND.NS
2015-09-30,VINATIORGA.NS
2015-09-30,VOLTAS.NS
2015-09-30,VRLLOG.NS
2015-09-30,VSTIND.NS
2015-09-30,VTL.NS
2015-09-30,WABAG.NS
2015-09-30,WELCORP.NS
2015-09-30,WELSPUNIND.NS
2015-09-30,WELSPUNLIV.NS
2015-09-30,WHEELS.NS
2015-09-30,WHIRLPOOL.NS
2015-09-30,WIPRO.NS
2015-09-30,WOCKPHARMA.NS
2015-09-30,WONDERLA.NS
2015-09-30,YESBANK.NS
2015-09-30,ZEEL.NS
2015-09-30,ZENSARTECH.NS
2015-09-30,ZFCVINDIA.NS
2015-09-30,ZYDUSLIFE.NS
2016-03-31,3MINDIA.NS
2016-03-31,AARTIIND.NS
2016-03-31,ABB.NS
2016-03-31,ABBOTINDIA.NS
2016-03-31,ABFRL.NS
2016-03-31,ABREL.NS
2016-03-31,ACC.NS
2016-03-31,ADANIENSOL.NS
2016-03-31,ADANIENT.NS
2016-03-31,ADANIPORTS.NS
2016-03-31,ADANIPOWER.NS
2016-03-31,ADANITRANS.NS
2016-03-31,AEGISCHEM.NS
2016-03-31,AEGISLOG.NS
2016-03-31,AHLUCONT.NS
2016-03-31,AIAENG.NS
2016-03-31,AJANTPHARM.NS
2016-03-31,AKZOINDIA.NS
2016-03-31,ALKEM.NS
2016-03-31,AMARAJABAT.NS
2016-03-31,AMBUJACEM.NS
2016-03-31,APARINDS.NS
2016-03-31,APLAPOLLO.NS
2016-03-31,APLLTD.NS
2016-03-31,APOLLOHOSP.NS
2016-03-31,APOLLOTYRE.NS
2016-03-31,ARE&M.NS
2016-03-31,ARVIND.NS
2016-03-31,ASAHIINDIA.NS
2016-03-31,ASHIANA.NS
2016-03-31,ASHOKA.NS
2016-03-31,ASHOKLEY.NS
2016-03-31,ASIANPAINT.NS
2016-03-31,ASTRAL.NS
2016-03-31,ASTRAZEN.NS
2016-03-31,ATUL.NS
2016-03-31,AUROPHARMA.NS
2016-03-31,AURUM.NS
2016-03-31,AVANTIFEED.NS
2016-03-31,AXISBANK.NS
2016-03-31,BAJAJ-AUTO.NS
2016-03-31,BAJAJCON.NS
2016-03-31,BAJAJELEC.NS
2016-03-31,BAJAJFINSV.NS
2016-03-31,BAJAJHIND.NS
2016-03-31,BAJAJHLDNG.NS
2016-03-31,BAJFINANCE.NS
2016-03-31,BALKRISIND.NS
2016-03-31,BALLARPUR.NS
2016-03-31,BALMLAWRIE.NS
2016-03-31,BALRAMCHIN.NS
2016-03-31,BANKBARODA.NS
2016-03-31,BANKINDIA.NS
2016-03-31,BASF.NS
2016-03-31,BATAINDIA.NS
2016-03-31,BAYERCROP.NS
2016-03-31,BBTC.NS
2016-03-31,BEL.NS
2016-03-31,BEML.NS
2016-03-31,BERGEPAINT.NS
2016-03-31,BFUTILITIE.NS
2016-03-31,BHARATFORG.NS
2016-03-31,BHARTIARTL.NS
2016-03-31,BHEL.NS
2016-03-31,BIOCON.NS
2016-03-31,BIRLACORPN.NS
2016-03-31,BLISSGVS.NS
2016-03-31,BLUEDART.NS
2016-03-31,BLUESTARCO.NS
2016-03-31,BOSCHLTD.NS
2016-03-31,BPCL.NS
2016-03-31,BRFL.NS
2016-03-31,BRITANNIA.NS
2016-03-31,BSOFT.NS
2016-03-31,CANBK.NS
2016-03-31,CANFINHOME.NS
2016-03-31,CAPLIPOINT.NS
2016-03-31,CARBORUNIV.NS
2016-03-31,CARERATING.NS
2016-03-31,CASTROLIND.NS
2016-03-31,CCL.NS
2016-03-31,CEATLTD.NS
2016-03-31,CENTRALBK.NS
2016-03-31,CENTURYPLY.NS
2016-03-31,CENTURYTEX.NS
2016-03-31,CERA.NS
2016-03-31,CESC.NS
2016-03-31,CGPOWER.NS
2016-03-31,CHAMBLFERT.NS
2016-03-31,CHENNPETRO.NS
2016-03-31,CHOLAFIN.NS
2016-03-31,CHOLAHLDNG.NS
2016-03-31,CIEINDIA.NS
2016-03-31,CIPLA.NS
2016-03-31,CLCIND.NS
2016-03-31,COALINDIA.NS
2016-03-31,COFFEEDAY.NS
2016-03-31,COFORGE.NS
2016-03-31,COLPAL.NS
2016-03-31,CONCOR.NS
2016-03-31,COROMANDEL.NS
2016-03-31,COX&KINGS.NS
2016-03-31,CPSEETF.NS
2016-03-31,CRISIL.NS
2016-03-31,CUB.NS
2016-03-31,CUMMINSIND.NS
2016-03-31,CYIENT.NS
2016-03-31,DABUR.NS
2016-03-31,DALBHARAT.NS
2016-03-31,DBCORP.NS
2016-03-31,DBREALTY.NS
2016-03-31,DCAL.NS
2016-03-31,DCBBANK.NS
2016-03-31,DCMSHRIRAM.NS
2016-03-31,DELTACORP.NS
2016-03-31,DEN.NS
2016-03-31,DHANUKA.NS
2016-03-31,DHFL.NS
2016-03-31,DIACABS.NS
2016-03-31,DISHTV.NS
2016-03-31,DIVISLAB.NS
2016-03-31,DLF.NS
2016-03-31,DPSCLTD.NS
2016-03-31,DRREDDY.NS
2016-03-31,ECLERX.NS
2016-03-31,EDELWEISS.NS
2016-03-31,EICHERMOT.NS
2016-03-31,EIDPARRY.NS
2016-03-31,EIHOTEL.NS
2016-03-31,ELGIEQUIP.NS
2016-03-31,EMAMILTD.NS
2016-03-31,ENGINERSIN.NS
2016-03-31,ENIL.NS
2016-03-31,EPL.NS
2016-03-31,EROSMEDIA.NS
2016-03-31,ESCORTS.NS
2016-03-31,EVEREADY.NS
2016-03-31,EXIDEIND.NS
2016-03-31,FCONSUMER.NS
2016-03-31,FDC.NS
2016-03-31,FEDERALBNK.NS
2016-03-31,FEL.NS
2016-03-31,FINCABLES.NS
2016-03-31,FINPIPE.NS
2016-03-31,FLFL.NS
2016-03-31,FMGOETZE.NS
2016-03-31,FORTIS.NS
2016-03-31,FSL.NS
2016-03-31,GAIL.NS
2016-03-31,GATEWAY.NS
2016-03-31,GAYAPROJ.NS
2016-03-31,GEPIL.NS
2016-03-31,GESHIP.NS
2016-03-31,GET&D.NS
2016-03-31,GILLETTE.NS
2016-03-31,GLAXO.NS
2016-03-31,GLENMARK.NS
2016-03-31,GMDCLTD.NS
2016-03-31,GMRAIRPORT.NS
2016-03-31,GMRINFRA.NS
2016-03-31,GODFRYPHLP.NS
2016-03-31,GODREJCP.NS
2016-03-31,GODREJIND.NS
2016-03-31,GODREJPROP.NS
2016-03-31,GPPL.NS
2016-03-31,GRANULES.NS
2016-03-31,GRASIM.NS
2016-03-31,GREAVESCOT.NS
2016-03-31,GREENPLY.NS
2016-03-31,GRINDWELL.NS
2016-03-31,GSFC.NS
2016-03-31,GSPL.NS
2016-03-31,GUJGASLTD.NS
2016-03-31,GULFOILLUB.NS
2016-03-31,GVPIL.NS
2016-03-31,GVT&D.NS
2016-03-31,HATHWAY.NS
2016-03-31,HATSUN.NS
2016-03-31,HAVELLS.NS
2016-03-31,HCC.NS
2016-03-31,HCLTECH.NS
2016-03-31,HDFC.NS
2016-03-31,HDFCBANK.NS
2016-03-31,HDIL.NS
2016-03-31,HEIDELBERG.NS
2016-03-31,HEROMOTOCO.NS
2016-03-31,HEXAWARE.NS
2016-03-31,HFCL.NS
2016-03-31,HIMATSEIDE.NS
2016-03-31,HINDALCO.NS
2016-03-31,HINDCOPPER.NS
2016-03-31,HINDPETRO.NS
2016-03-31,HINDUNILVR.NS
2016-03-31,HINDZINC.NS
2016-03-31,HMT.NS
2016-03-31,HMVL.NS
2016-03-31,HONAUT.NS
2016-03-31,HTMEDIA.NS
2016-03-31,HUHTAMAKI.NS
2016-03-31,IBREALEST.NS
2016-03-31,IBULHSGFIN.NS
2016-03-31,ICICIBANK.NS
2016-03-31,ICIL.NS
2016-03-31,ICRA.NS
2016-03-31,IDBI.NS
2016-03-31,IDEA.NS
2016-03-31,IDFC.NS
2016-03-31,IDFCFIRSTB.NS
2016-03-31,IFBIND.NS
2016-03-31,IFCI.NS
2016-03-31,IGARASHI.NS
2016-03-31,IGL.NS
2016-03-31,IIFL-RE.NS
2016-03-31,IIFL.NS
2016-03-31,IL&FSTRANS.NS
2016-03-31,IMAGICAA.NS
2016-03-31,INDHOTEL.NS
2016-03-31,INDIACEM.NS
2016-03-31,INDIANB.NS
2016-03-31,INDIGO.NS
2016-03-31,INDOCO.NS
2016-03-31,INDUSINDBK.NS
2016-03-31,INDUSTOWER.NS
2016-03-31,INFY.NS
2016-03-31,INGERRAND.NS
2016-03-31,INOXLEISUR.NS
2016-03-31,INOXWIND.NS
2016-03-31,INTELLECT.NS
2016-03-31,IOB.NS
2016-03-31,IOC.NS
2016-03-31,IPCALAB.NS
2016-03-31,IRB.NS
2016-03-31,ITC.NS
2016-03-31,ITDCEM.NS
2016-03-31,ITI.NS
2016-03-31,J&KBANK.NS
2016-03-31,JAGRAN.NS
2016-03-31,JBFIND.NS
2016-03-31,JCHAC.NS
2016-03-31,JETAIRWAYS.NS
2016-03-31,JINDALPOLY.NS
2016-03-31,JINDALSTEL.NS
2016-03-31,JISLDVREQS.NS
2016-03-31,JISLJALEQS.NS
2016-03-31,JKCEMENT.NS
2016-03-31,JKIL.NS
2016-03-31,JKLAKSHMI.NS
2016-03-31,JKTYRE.NS
2016-03-31,JMFINANCIL.NS
2016-03-31,JMTAUTOLTD.NS
2016-03-31,JPASSOCIAT.NS
2016-03-31,JPINFRATEC.NS
2016-03-31,JPPOWER.NS
2016-03-31,JSWDULUX.NS
2016-03-31,JSWENERGY.NS
2016-03-31,JSWISPL.NS
2016-03-31,JSWSTEEL.NS
2016-03-31,JUBLFOOD.NS
2016-03-31,JUBLPHARMA.NS
2016-03-31,JUSTDIAL.NS
2016-03-31,JYOTHYLAB.NS
2016-03-31,KAJARIACER.NS
2016-03-31,KALPATPOWR.NS
2016-03-31,KANSAINER.NS
2016-03-31,KARURVYSYA.NS
2016-03-31,KEC.NS
2016-03-31,KENNAMET.NS
2016-03-31,KIRLOSENG.NS
2016-03-31,KKCL.NS
2016-03-31,KNRCON.NS
2016-03-31,KOTAKBANK.NS
2016-03-31,KPIL.NS
2016-03-31,KPRMILL.NS
2016-03-31,KRBL.NS
2016-03-31,KSB.NS
2016-03-31,KSCL.NS
2016-03-31,KSK.NS
2016-03-31,KTKBANK.NS
2016-03-31,L&TFH.NS
2016-03-31,LAKSHVILAS.NS
2016-03-31,LALPATHLAB.NS
2016-03-31,LAOPALA.NS
2016-03-31,LAXMIMACH.NS
2016-03-31,LICHSGFIN.NS
2016-03-31,LINDEINDIA.NS
2016-03-31,LIQUIDBEES.NS
2016-03-31,LMW.NS
2016-03-31,LT.NS
2016-03-31,LTF.NS
2016-03-31,LUPIN.NS
2016-03-31,LUXIND.NS
2016-03-31,M&M.NS
2016-03-31,M&MFIN.NS
2016-03-31,MAHABANK.NS
2016-03-31,MAHINDCIE.NS
2016-03-31,MAHLIFE.NS
2016-03-31,MAHSCOOTER.NS
2016-03-31,MANAPPURAM.NS
2016-03-31,MANPASAND.NS
2016-03-31,MARICO.NS
2016-03-31,MARKSANS.NS
2016-03-31,MARUTI.NS
2016-03-31,MAYURUNIQ.NS
2016-03-31,MBECL.NS
2016-03-31,MCDOWELL-N.NS
2016-03-31,MCLEODRUSS.NS
2016-03-31,MCX.NS
2016-03-31,MFSL.NS
2016-03-31,MHRIL.NS
2016-03-31,MINDACORP.NS
2016-03-31,MMTC.NS
2016-03-31,MOIL.NS
2016-03-31,MOTHERSON.NS
2016-03-31,MOTILALOFS.NS
2016-03-31,MPHASIS.NS
2016-03-31,MRF.NS
2016-03-31,MRPL.NS
2016-03-31,MUTHOOTFIN.NS
2016-03-31,NATCOPHARM.NS
2016-03-31,NATIONALUM.NS
2016-03-31,NAUKRI.NS
2016-03-31,NAVINFLUOR.NS
2016-03-31,NAVKARCORP.NS
2016-03-31,NAVNETEDUL.NS
2016-03-31,NBCC.NS
2016-03-31,NCC.NS
2016-03-31,NESCO.NS
2016-03-31,NESTLEIND.NS
2016-03-31,NETWORK18.NS
2016-03-31,NH.NS
2016-03-31,NHPC.NS
2016-03-31,NILKAMAL.NS
2016-03-31,NLCINDIA.NS
2016-03-31,NMDC.NS
2016-03-31,NOVARTIND.NS
2016-03-31,NTPC.NS
2016-03-31,OBEROIRLTY.NS
2016-03-31,OFSS.NS
2016-03-31,OIL.NS
2016-03-31,OMAXE.NS
2016-03-31,ONGC.NS
2016-03-31,ORIENTCEM.NS
2016-03-31,PAGEIND.NS
2016-03-31,PATELENG.NS
2016-03-31,PCJEWELLER.NS
2016-03-31,PEL.NS
2016-03-31,PERSISTENT.NS
2016-03-31,PETRONET.NS
2016-03-31,PFC.NS
2016-03-31,PFIZER.NS
2016-03-31,PFOCUS.NS
2016-03-31,PFS.NS
2016-03-31,PGHH.NS
2016-03-31,PHOENIXLTD.NS
2016-03-31,PIDILITIND.NS
2016-03-31,PIIND.NS
2016-03-31,PNB.NS
2016-03-31,PNCINFRA.NS
2016-03-31,POONAWALLA.NS
2016-03-31,POWERGRID.NS
2016-03-31,PRAJIND.NS
2016-03-31,PRESTIGE.NS
2016-03-31,PRSMJOHNSN.NS
2016-03-31,PSB.NS
2016-03-31,PTC.NS
2016-03-31,PVR.NS
2016-03-31,RAJESHEXPO.NS
2016-03-31,RALLIS.NS
2016-03-31,RAMCOCEM.NS
2016-03-31,RAMCOSYS.NS
2016-03-31,RATNAMANI.NS
2016-03-31,RCF.NS
2016-03-31,RCOM.NS
2016-03-31,RECLTD.NS
2016-03-31,REDINGTON.NS
2016-03-31,RELAXO.NS
2016-03-31,RELCAPITAL.NS
2016-03-31,RELIANCE.NS
2016-03-31,RELIGARE.NS
2016-03-31,RELINFRA.NS
2016-03-31,RENUKA.NS
2016-03-31,REPCOHOME.NS
2016-03-31,RESPONIND.NS
2016-03-31,RNAVAL.NS
2016-03-31,RPOWER.NS
2016-03-31,RTNPOWER.NS
2016-03-31,RUPA.NS
2016-03-31,SABTN.NS
2016-03-31,SADBHAV.NS
2016-03-31,SADBHIN.NS
2016-03-31,SAIL.NS
2016-03-31,SAMMAANCAP.NS
2016-03-31,SANOFI.NS
2016-03-31,SBIN.NS
2016-03-31,SCHAEFFLER.NS
2016-03-31,SCHNEIDER.NS
2016-03-31,SCI.NS
2016-03-31,SECURKLOUD.NS
2016-03-31,SHARDACROP.NS
2016-03-31,SHILPAMED.NS
2016-03-31,SHK.NS
2016-03-31,SHOPERSTOP.NS
2016-03-31,SHREECEM.NS
2016-03-31,SHRIRAMFIN.NS
2016-03-31,SIEMENS.NS
2016-03-31,SITINET.NS
2016-03-31,SJVN.NS
2016-03-31,SKFINDIA.NS
2016-03-31,SKIPPER.NS
2016-03-31,SMLISUZU.NS
2016-03-31,SOBHA.NS
2016-03-31,SOLARINDS.NS
2016-03-31,SONATSOFTW.NS
2016-03-31,SOUTHBANK.NS
2016-03-31,SPARC.NS
2016-03-31,SPICEJET.NS
2016-03-31,SREINFRA.NS
2016-03-31,SRF.NS
2016-03-31,STAR.NS
2016-03-31,STLTECH.NS
2016-03-31,SUNCLAYLTD.NS
2016-03-31,SUNDARMFIN.NS
2016-03-31,SUNDRMFAST.NS
2016-03-31,SUNPHARMA.NS
2016-03-31,SUNTV.NS
2016-03-31,SUPRAJIT.NS
2016-03-31,SUPREMEIND.NS
2016-03-31,SUZLON.NS
2016-03-31,SWANCORP.NS
2016-03-31,SWANENERGY.NS
2016-03-31,SYMPHONY.NS
2016-03-31,SYNGENE.NS
2016-03-31,TAKE.NS
2016-03-31,TATACHEM.NS
2016-03-31,TATACOFFEE.NS
2016-03-31,TATACOMM.NS
2016-03-31,TATACONSUM.NS
2016-03-31,TATAELXSI.NS
2016-03-31,TATAMOTORS.NS
2016-03-31,TATAMTRDVR.NS
2016-03-31,TATAPOWER.NS
2016-03-31,TATASTEEL.NS
2016-03-31,TCS.NS
2016-03-31,TECHM.NS
2016-03-31,TEXRAIL.NS
2016-03-31,THERMAX.NS
2016-03-31,THOMASCOOK.NS
2016-03-31,TIDEWATER.NS
2016-03-31,TIMKEN.NS
2016-03-31,TITAN.NS
2016-03-31,TMPV.NS
2016-03-31,TNPL.NS
2016-03-31,TORNTPHARM.NS
2016-03-31,TORNTPOWER.NS
2016-03-31,TRENT.NS
2016-03-31,TRIDENT.NS
2016-03-31,TRITURBINE.NS
2016-03-31,TTKPRESTIG.NS
2016-03-31,TV18BRDCST.NS
2016-03-31,TVSHLTD.NS
2016-03-31,TVSMOTOR.NS
2016-03-31,TVSSRICHAK.NS
2016-03-31,TVTODAY.NS
2016-03-31,UBL.NS
2016-03-31,UCOBANK.NS
2016-03-31,UEL.NS
2016-03-31,UJAAS.NS
2016-03-31,ULTRACEMCO.NS
2016-03-31,UNICHEMLAB.NS
2016-03-31,UNIONBANK.NS
2016-03-31,UNITDSPR.NS
2016-03-31,UNITECH.NS
2016-03-31,UPL.NS
2016-03-31,UTISENSETF.NS
2016-03-31,VAKRANGEE.NS
2016-03-31,VEDL.NS
2016-03-31,VEEDOL.NS
2016-03-31,VESUVIUS.NS
2016-03-31,VGUARD.NS
2016-03-31,VHLTD.NS
2016-03-31,VICEROY.NS
2016-03-31,VIDEOIND.NS
2016-03-31,VINATIORGA.NS
2016-03-31,VOLTAS.NS
2016-03-31,VRLLOG.NS
2016-03-31,VSTIND.NS
2016-03-31,VTL.NS
2016-03-31,WABAG.NS
2016-03-31,WELCORP.NS
2016-03-31,WELSPUNIND.NS
2016-03-31,WELSPUNLIV.NS
2016-03-31,WHIRLPOOL.NS
2016-03-31,WIPRO.NS
2016-03-31,WOCKPHARMA.NS
2016-03-31,WONDERLA.NS
2016-03-31,YESBANK.NS
2016-03-31,ZEEL.NS
2016-03-31,ZENSARTECH.NS
2016-03-31,ZFCVINDIA.NS
2016-03-31,ZYDUSLIFE.NS
2016-09-30,3MINDIA.NS
2016-09-30,AARTIIND.NS
2016-09-30,ABB.NS
2016-09-30,ABBOTINDIA.NS
2016-09-30,ABFRL.NS
2016-09-30,ABREL.NS
2016-09-30,ACC.NS
2016-09-30,ACCELYA.NS
2016-09-30,ADANIENSOL.NS
2016-09-30,ADANIENT.NS
2016-09-30,ADANIPORTS.NS
2016-09-30,ADANIPOWER.NS
2016-09-30,ADANITRANS.NS
2016-09-30,AEGISCHEM.NS
2016-09-30,AEGISLOG.NS
2016-09-30,AHLUCONT.NS
2016-09-30,AIAENG.NS
2016-09-30,AJANTPHARM.NS
2016-09-30,AKZOINDIA.NS
2016-09-30,ALKEM.NS
2016-09-30,AMARAJABAT.NS
2016-09-30,AMBUJACEM.NS
2016-09-30,APARINDS.NS
2016-09-30,APLAPOLLO.NS
2016-09-30,APLLTD.NS
2016-09-30,APOLLOHOSP.NS
2016-09-30,APOLLOTYRE.NS
2016-09-30,ARE&M.NS
2016-09-30,ARVIND.NS
2016-09-30,ASAHIINDIA.NS
2016-09-30,ASHOKA.NS
2016-09-30,ASHOKLEY.NS
2016-09-30,ASIANPAINT.NS
2016-09-30,ASTRAL.NS
2016-09-30,ASTRAZEN.NS
2016-09-30,ATUL.NS
2016-09-30,AUROPHARMA.NS
2016-09-30,AVANTIFEED.NS
2016-09-30,AXISBANK.NS
2016-09-30,BAJAJ-AUTO.NS
2016-09-30,BAJAJCON.NS
2016-09-30,BAJAJELEC.NS
2016-09-30,BAJAJFINSV.NS
2016-09-30,BAJAJHIND.NS
2016-09-30,BAJAJHLDNG.NS
2016-09-30,BAJFINANCE.NS
2016-09-30,BALKRISIND.NS
2016-09-30,BALLARPUR.NS
2016-09-30,BALMLAWRIE.NS
2016-09-30,BALRAMCHIN.NS
2016-09-30,BANARISUG.NS
2016-09-30,BANKBARODA.NS
2016-09-30,BANKINDIA.NS
2016-09-30,BASF.NS
2016-09-30,BATAINDIA.NS
2016-09-30,BAYERCROP.NS
2016-09-30,BBTC.NS
2016-09-30,BEL.NS
2016-09-30,BERGEPAINT.NS
2016-09-30,BFUTILITIE.NS
2016-09-30,BHARATFORG.NS
2016-09-30,BHARTIARTL.NS
2016-09-30,BHEL.NS
2016-09-30,BIOCON.NS
2016-09-30,BIRLACORPN.NS
2016-09-30,BLUEDART.NS
2016-09-30,BLUESTARCO.NS
2016-09-30,BOSCHLTD.NS
2016-09-30,BPCL.NS
2016-09-30,BRFL.NS
2016-09-30,BRITANNIA.NS
2016-09-30,CANBK.NS
2016-09-30,CANFINHOME.NS
2016-09-30,CAPLIPOINT.NS
2016-09-30,CARBORUNIV.NS
2016-09-30,CARERATING.NS
2016-09-30,CASTROLIND.NS
2016-09-30,CCL.NS
2016-09-30,CEATLTD.NS
2016-09-30,CENTRALBK.NS
2016-09-30,CENTURYPLY.NS
2016-09-30,CENTURYTEX.NS
2016-09-30,CERA.NS
2016-09-30,CESC.NS
2016-09-30,CGPOWER.NS
2016-09-30,CHAMBLFERT.NS
2016-09-30,CHENNPETRO.NS
2016-09-30,CHOLAFIN.NS
2016-09-30,CHOLAHLDNG.NS
2016-09-30,CIEINDIA.NS
2016-09-30,CIPLA.NS
2016-09-30,CLCIND.NS
2016-09-30,COALINDIA.NS
2016-09-30,COFFEEDAY.NS
2016-09-30,COFORGE.NS
2016-09-30,COLPAL.NS
2016-09-30,CONCOR.NS
2016-09-30,COROMANDEL.NS
2016-09-30,COX&KINGS.NS
2016-09-30,CPSEETF.NS
2016-09-30,CRISIL.NS
2016-09-30,CROMPTON.NS
2016-09-30,CUB.NS
2016-09-30,CUMMINSIND.NS
2016-09-30,CYIENT.NS
2016-09-30,DABUR.NS
2016-09-30,DALBHARAT.NS
2016-09-30,DBCORP.NS
2016-09-30,DCAL.NS
2016-09-30,DCBBANK.NS
2016-09-30,DCMSHRIRAM.NS
2016-09-30,DELTACORP.NS
2016-09-30,DHANUKA.NS
2016-09-30,DHFL.NS
2016-09-30,DIACABS.NS
2016-09-30,DISHTV.NS
2016-09-30,DIVISLAB.NS
2016-09-30,DLF.NS
2016-09-30,DPSCLTD.NS
2016-09-30,DRREDDY.NS
2016-09-30,ECLERX.NS
2016-09-30,EDELWEISS.NS
2016-09-30,EICHERMOT.NS
2016-09-30,EIDPARRY.NS
2016-09-30,EIHOTEL.NS
2016-09-30,ELGIEQUIP.NS
2016-09-30,EMAMILTD.NS
2016-09-30,ENGINERSIN.NS
2016-09-30,ENIL.NS
2016-09-30,EPL.NS
2016-09-30,EQUITAS.NS
2016-09-30,EROSMEDIA.NS
2016-09-30,EVEREADY.NS
2016-09-30,EXIDEIND.NS
2016-09-30,FCONSUMER.NS
2016-09-30,FDC.NS
2016-09-30,FEDERALBNK.NS
2016-09-30,FEL.NS
2016-09-30,FINCABLES.NS
2016-09-30,FINPIPE.NS
2016-09-30,FLFL.NS
2016-09-30,FMGOETZE.NS
2016-09-30,FORTIS.NS
2016-09-30,FSL.NS
2016-09-30,GAIL.NS
2016-09-30,GATEWAY.NS
2016-09-30,GAYAPROJ.NS
2016-09-30,GEPIL.NS
2016-09-30,GESHIP.NS
2016-09-30,GET&D.NS
2016-09-30,GHCL.NS
2016-09-30,GILLETTE.NS
2016-09-30,GLAXO.NS
2016-09-30,GLENMARK.NS
2016-09-30,GMDCLTD.NS
2016-09-30,GMRAIRPORT.NS
2016-09-30,GMRINFRA.NS
2016-09-30,GNFC.NS
2016-09-30,GODFRYPHLP.NS
2016-09-30,GODREJCP.NS
2016-09-30,GODREJIND.NS
2016-09-30,GODREJPROP.NS
2016-09-30,GPPL.NS
2016-09-30,GRANULES.NS
2016-09-30,GRASIM.NS
2016-09-30,GREAVESCOT.NS
2016-09-30,GREENPLY.NS
2016-09-30,GRINDWELL.NS
2016-09-30,GSFC.NS
2016-09-30,GSPL.NS
2016-09-30,GUJALKALI.NS
2016-09-30,GUJGASLTD.NS
2016-09-30,GULFOILLUB.NS
2016-09-30,GVPIL.NS
2016-09-30,GVT&D.NS
2016-09-30,HATHWAY.NS
2016-09-30,HATSUN.NS
2016-09-30,HAVELLS.NS
2016-09-30,HCC.NS
2016-09-30,HCG.NS
2016-09-30,HCLTECH.NS
2016-09-30,HDFC.NS
2016-09-30,HDFCBANK.NS
2016-09-30,HDIL.NS
2016-09-30,HEIDELBERG.NS
2016-09-30,HEROMOTOCO.NS
2016-09-30,HEXAWARE.NS
2016-09-30,HFCL.NS
2016-09-30,HIMATSEIDE.NS
2016-09-30,HINDALCO.NS
2016-09-30,HINDCOPPER.NS
2016-09-30,HINDPETRO.NS
2016-09-30,HINDUNILVR.NS
2016-09-30,HINDZINC.NS
2016-09-30,HMVL.NS
2016-09-30,HONAUT.NS
2016-09-30,HTMEDIA.NS
2016-09-30,HUHTAMAKI.NS
2016-09-30,IBREALEST.NS
2016-09-30,IBULHSGFIN.NS
2016-09-30,ICICIBANK.NS
2016-09-30,ICIL.NS
2016-09-30,ICRA.NS
2016-09-30,IDBI.NS
2016-09-30,IDEA.NS
2016-09-30,IDFC.NS
2016-09-30,IDFCFIRSTB.NS
2016-09-30,IFCI.NS
2016-09-30,IGARASHI.NS
2016-09-30,IGL.NS
2016-09-30,IIFL-RE.NS
2016-09-30,IIFL.NS
2016-09-30,IL&FSTRANS.NS
2016-09-30,IMAGICAA.NS
2016-09-30,INDHOTEL.NS
2016-09-30,INDIACEM.NS
2016-09-30,INDIANB.NS
2016-09-30,INDIGO.NS
2016-09-30,INDOCO.NS
2016-09-30,INDUSINDBK.NS
2016-09-30,INDUSTOWER.NS
2016-09-30,INFIBEAM.NS
2016-09-30,INFY.NS
2016-09-30,INGERRAND.NS
2016-09-30,INOXLEISUR.NS
2016-09-30,INOXWIND.NS
2016-09-30,INTELLECT.NS
2016-09-30,IOB.NS
2016-09-30,IOC.NS
2016-09-30,IPCALAB.NS
2016-09-30,IRB.NS
2016-09-30,ITC.NS
2016-09-30,ITDCEM.NS
2016-09-30,J&KBANK.NS
2016-09-30,JAGRAN.NS
2016-09-30,JCHAC.NS
2016-09-30,JETAIRWAYS.NS
2016-09-30,JINDALPOLY.NS
2016-09-30,JINDALSAW.NS
2016-09-30,JINDALSTEL.NS
2016-09-30,JISLDVREQS.NS
2016-09-30,JISLJALEQS.NS
2016-09-30,JKCEMENT.NS
2016-09-30,JKIL.NS
2016-09-30,JKLAKSHMI.NS
2016-09-30,JKTYRE.NS
2016-09-30,JMFINANCIL.NS
2016-09-30,JPASSOCIAT.NS
2016-09-30,JSWDULUX.NS
2016-09-30,JSWENERGY.NS
2016-09-30,JSWISPL.NS
2016-09-30,JSWSTEEL.NS
2016-09-30,JUBLFOOD.NS
2016-09-30,JUBLPHARMA.NS
2016-09-30,JUSTDIAL.NS
2016-09-30,JYOTHYLAB.NS
2016-09-30,KAJARIACER.NS
2016-09-30,KALPATPOWR.NS
2016-09-30,KANSAINER.NS
2016-09-30,KARURVYSYA.NS
2016-09-30,KEC.NS
2016-09-30,KIRLOSENG.NS
2016-09-30,KKCL.NS
2016-09-30,KNRCON.NS
2016-09-30,KOTAKBANK.NS
2016-09-30,KPIL.NS
2016-09-30,KPRMILL.NS
2016-09-30,KRBL.NS
2016-09-30,KSB.NS
2016-09-30,KSCL.NS
2016-09-30,KTKBANK.NS
2016-09-30,L&TFH.NS
2016-09-30,LAKSHVILAS.NS
2016-09-30,LALPATHLAB.NS
2016-09-30,LAOPALA.NS
2016-09-30,LAXMIMACH.NS
2016-09-30,LICHSGFIN.NS
2016-09-30,LINDEINDIA.NS
2016-09-30,LIQUIDBEES.NS
2016-09-30,LMW.NS
2016-09-30,LT.NS
2016-09-30,LTF.NS
2016-09-30,LTIM.NS
2016-09-30,LUPIN.NS
2016-09-30,M&M.NS
2016-09-30,M&MFIN.NS
2016-09-30,MAHABANK.NS
2016-09-30,MAHINDCIE.NS
2016-09-30,MAHLIFE.NS
2016-09-30,MANAPPURAM.NS
2016-09-30,MANPASAND.NS
2016-09-30,MARICO.NS
2016-09-30,MARKSANS.NS
2016-09-30,MARUTI.NS
2016-09-30,MAYURUNIQ.NS
2016-09-30,MBECL.NS
2016-09-30,MCDOWELL-N.NS
2016-09-30,MCX.NS
2016-09-30,MFSL.NS
2016-09-30,MGL.NS
2016-09-30,MHRIL.NS
2016-09-30,MINDACORP.NS
2016-09-30,MMTC.NS
2016-09-30,MOIL.NS
2016-09-30,MOTHERSON.NS
2016-09-30,MOTILALOFS.NS
2016-09-30,MPHASIS.NS
2016-09-30,MRF.NS
2016-09-30,MRPL.NS
2016-09-30,MUTHOOTFIN.NS
2016-09-30,NATCOPHARM.NS
2016-09-30,NATIONALUM.NS
2016-09-30,NAUKRI.NS
2016-09-30,NAVA.NS
2016-09-30,NAVINFLUOR.NS
2016-09-30,NAVKARCORP.NS
2016-09-30,NAVNETEDUL.NS
2016-09-30,NBCC.NS
2016-09-30,NCC.NS
2016-09-30,NESCO.NS
2016-09-30,NESTLEIND.NS
2016-09-30,NETWORK18.NS
2016-09-30,NFL.NS
2016-09-30,NH.NS
2016-09-30,NHPC.NS
2016-09-30,NILKAMAL.NS
2016-09-30,NLCINDIA.NS
2016-09-30,NMDC.NS
2016-09-30,NOVARTIND.NS
2016-09-30,NTPC.NS
2016-09-30,OBEROIRLTY.NS
2016-09-30,OFSS.NS
2016-09-30,OIL.NS
2016-09-30,OMAXE.NS
2016-09-30,ONGC.NS
2016-09-30,ORIENTCEM.NS
2016-09-30,PAGEIND.NS
2016-09-30,PARAGMILK.NS
2016-09-30,PATELENG.NS
2016-09-30,PCJEWELLER.NS
2016-09-30,PEL.NS
2016-09-30,PERSISTENT.NS
2016-09-30,PETRONET.NS
2016-09-30,PFC.NS
2016-09-30,PFIZER.NS
2016-09-30,PFOCUS.NS
2016-09-30,PFS.NS
2016-09-30,PGHH.NS
2016-09-30,PHOENIXLTD.NS
2016-09-30,PIDILITIND.NS
2016-09-30,PIIND.NS
2016-09-30,PNB.NS
2016-09-30,PNCINFRA.NS
2016-09-30,POONAWALLA.NS
2016-09-30,POWERGRID.NS
2016-09-30,PRESTIGE.NS
2016-09-30,PRSMJOHNSN.NS
2016-09-30,PSB.NS
2016-09-30,PTC.NS
2016-09-30,PVR.NS
2016-09-30,QUESS.NS
2016-09-30,RAJESHEXPO.NS
2016-09-30,RALLIS.NS
2016-09-30,RAMCOCEM.NS
2016-09-30,RAMCOSYS.NS
2016-09-30,RATNAMANI.NS
2016-09-30,RCF.NS
2016-09-30,RCOM.NS
2016-09-30,RECLTD.NS
2016-09-30,REDINGTON.NS
2016-09-30,RELAXO.NS
2016-09-30,RELCAPITAL.NS
2016-09-30,RELIANCE.NS
2016-09-30,RELIGARE.NS
2016-09-30,RELINFRA.NS
2016-09-30,RENUKA.NS
2016-09-30,REPCOHOME.NS
2016-09-30,RESPONIND.NS
2016-09-30,RNAVAL.NS
2016-09-30,RPOWER.NS
2016-09-30,RTNPOWER.NS
2016-09-30,RUPA.NS
2016-09-30,SABTN.NS
2016-09-30,SADBHAV.NS
2016-09-30,SADBHIN.NS
2016-09-30,SAIL.NS
2016-09-30,SAMMAANCAP.NS
2016-09-30,SANOFI.NS
2016-09-30,SBIN.NS
2016-09-30,SCHAEFFLER.NS
2016-09-30,SCHNEIDER.NS
2016-09-30,SCI.NS
2016-09-30,SECURKLOUD.NS
2016-09-30,SEQUENT.NS
2016-09-30,SHARDACROP.NS
2016-09-30,SHILPAMED.NS
2016-09-30,SHK.NS
2016-09-30,SHOPERSTOP.NS
2016-09-30,SHREECEM.NS
2016-09-30,SHRIPISTON.NS
2016-09-30,SHRIRAMFIN.NS
2016-09-30,SIEMENS.NS
2016-09-30,SITINET.NS
2016-09-30,SJVN.NS
2016-09-30,SKFINDIA.NS
2016-09-30,SMLISUZU.NS
2016-09-30,SOBHA.NS
2016-09-30,SOLARINDS.NS
2016-09-30,SOMANYCERA.NS
2016-09-30,SOUTHBANK.NS
2016-09-30,SPARC.NS
2016-09-30,SPICEJET.NS
2016-09-30,SPLPETRO.NS
2016-09-30,SREINFRA.NS
2016-09-30,SRF.NS
2016-09-30,STAR.NS
2016-09-30,STLTECH.NS
2016-09-30,SUDARSCHEM.NS
2016-09-30,SUNCLAYLTD.NS
2016-09-30,SUNDARMFIN.NS
2016-09-30,SUNDRMFAST.NS
2016-09-30,SUNPHARMA.NS
2016-09-30,SUNTV.NS
2016-09-30,SUPRAJIT.NS
2016-09-30,SUPREMEIND.NS
2016-09-30,SUZLON.NS
2016-09-30,SYMPHONY.NS
2016-09-30,SYNGENE.NS
2016-09-30,TAKE.NS
2016-09-30,TATACHEM.NS
2016-09-30,TATACOFFEE.NS
2016-09-30,TATACOMM.NS
2016-09-30,TATACONSUM.NS
2016-09-30,TATAELXSI.NS
2016-09-30,TATAMOTORS.NS
2016-09-30,TATAMTRDVR.NS
2016-09-30,TATAPOWER.NS
2016-09-30,TATASTEEL.NS
2016-09-30,TCI.NS
2016-09-30,TCS.NS
2016-09-30,TEAMLEASE.NS
2016-09-30,TECHM.NS
2016-09-30,TEXRAIL.NS
2016-09-30,THERMAX.NS
2016-09-30,THOMASCOOK.NS
2016-09-30,TIDEWATER.NS
2016-09-30,TIMKEN.NS
2016-09-30,TITAN.NS
2016-09-30,TMPV.NS
2016-09-30,TNPL.NS
2016-09-30,TORNTPHARM.NS
2016-09-30,TORNTPOWER.NS
2016-09-30,TRENT.NS
2016-09-30,TRIDENT.NS
2016-09-30,TRITURBINE.NS
2016-09-30,TTKPRESTIG.NS
2016-09-30,TV18BRDCST.NS
2016-09-30,TVSHLTD.NS
2016-09-30,TVSMOTOR.NS
2016-09-30,TVSSRICHAK.NS
2016-09-30,TVTODAY.NS
2016-09-30,UBL.NS
2016-09-30,UCOBANK.NS
2016-09-30,UEL.NS
2016-09-30,UJAAS.NS
2016-09-30,UJJIVAN.NS
2016-09-30,ULTRACEMCO.NS
2016-09-30,UNICHEMLAB.NS
2016-09-30,UNIONBANK.NS
2016-09-30,UNITDSPR.NS
2016-09-30,UNOMINDA.NS
2016-09-30,UPL.NS
2016-09-30,UTISENSETF.NS
2016-09-30,VAKRANGEE.NS
2016-09-30,VEDL.NS
2016-09-30,VEEDOL.NS
2016-09-30,VESUVIUS.NS
2016-09-30,VGUARD.NS
2016-09-30,VHLTD.NS
2016-09-30,VICEROY.NS
2016-09-30,VIDEOIND.NS
2016-09-30,VINATIORGA.NS
2016-09-30,VIPIND.NS
2016-09-30,VIYASH.NS
2016-09-30,VOLTAS.NS
2016-09-30,VSTIND.NS
2016-09-30,VTL.NS
2016-09-30,WABAG.NS
2016-09-30,WELCORP.NS
2016-09-30,WELSPUNIND.NS
2016-09-30,WELSPUNLIV.NS
2016-09-30,WHIRLPOOL.NS
2016-09-30,WIPRO.NS
2016-09-30,WOCKPHARMA.NS
2016-09-30,WONDERLA.NS
2016-09-30,YESBANK.NS
2016-09-30,ZEEL.NS
2016-09-30,ZENSARTECH.NS
2016-09-30,ZFCVINDIA.NS
2016-09-30,ZYDUSLIFE.NS
2017-03-31,3MINDIA.NS
2017-03-31,AARTIIND.NS
2017-03-31,ABB.NS
2017-03-31,ABBOTINDIA.NS
2017-03-31,ABFRL.NS
2017-03-31,ABREL.NS
2017-03-31,ACC.NS
2017-03-31,ACCELYA.NS
2017-03-31,ADANIENSOL.NS
2017-03-31,ADANIENT.NS
2017-03-31,ADANIPORTS.NS
2017-03-31,ADANIPOWER.NS
2017-03-31,ADANITRANS.NS
2017-03-31,ADVENZYMES.NS
2017-03-31,AEGISCHEM.NS
2017-03-31,AEGISLOG.NS
2017-03-31,AIAENG.NS
2017-03-31,AJANTPHARM.NS
2017-03-31,AKZOINDIA.NS
2017-03-31,ALKEM.NS
2017-03-31,AMARAJABAT.NS
2017-03-31,AMBUJACEM.NS
2017-03-31,APARINDS.NS
2017-03-31,APLAPOLLO.NS
2017-03-31,APLLTD.NS
2017-03-31,APOLLOHOSP.NS
2017-03-31,APOLLOTYRE.NS
2017-03-31,ARE&M.NS
2017-03-31,ARVIND.NS
2017-03-31,ASAHIINDIA.NS
2017-03-31,ASHOKA.NS
2017-03-31,ASHOKLEY.NS
2017-03-31,ASIANPAINT.NS
2017-03-31,ASTRAL.NS
2017-03-31,ASTRAZEN.NS
2017-03-31,ATUL.NS
2017-03-31,AUROPHARMA.NS
2017-03-31,AVANTIFEED.NS
2017-03-31,AXISBANK.NS
2017-03-31,BAJAJ-AUTO.NS
2017-03-31,BAJAJCON.NS
2017-03-31,BAJAJELEC.NS
2017-03-31,BAJAJFINSV.NS
2017-03-31,BAJAJHLDNG.NS
2017-03-31,BAJFINANCE.NS
2017-03-31,BALKRISIND.NS
2017-03-31,BALMLAWRIE.NS
2017-03-31,BALRAMCHIN.NS
2017-03-31,BANARISUG.NS
2017-03-31,BANKBARODA.NS
2017-03-31,BANKINDIA.NS
2017-03-31,BASF.NS
2017-03-31,BATAINDIA.NS
2017-03-31,BAYERCROP.NS
2017-03-31,BBTC.NS
2017-03-31,BEL.NS
2017-03-31,BERGEPAINT.NS
2017-03-31,BHARATFORG.NS
2017-03-31,BHARTIARTL.NS
2017-03-31,BHEL.NS
2017-03-31,BIOCON.NS
2017-03-31,BIRLACORPN.NS
2017-03-31,BKMINDST.NS
2017-03-31,BLUEDART.NS
2017-03-31,BLUESTARCO.NS
2017-03-31,BOSCHLTD.NS
2017-03-31,BPCL.NS
2017-03-31,BRFL.NS
2017-03-31,BRITANNIA.NS
2017-03-31,CANBK.NS
2017-03-31,CANFINHOME.NS
2017-03-31,CAPLIPOINT.NS
2017-03-31,CARBORUNIV.NS
2017-03-31,CARERATING.NS
2017-03-31,CASTROLIND.NS
2017-03-31,CCL.NS
2017-03-31,CEATLTD.NS
2017-03-31,CENTRALBK.NS
2017-03-31,CENTURYPLY.NS
2017-03-31,CENTURYTEX.NS
2017-03-31,CERA.NS
2017-03-31,CESC.NS
2017-03-31,CGPOWER.NS
2017-03-31,CHAMBLFERT.NS
2017-03-31,CHENNPETRO.NS
2017-03-31,CHOLAFIN.NS
2017-03-31,CHOLAHLDNG.NS
2017-03-31,CIEINDIA.NS
2017-03-31,CIPLA.NS
2017-03-31,CLCIND.NS
2017-03-31,COALINDIA.NS
2017-03-31,COFFEEDAY.NS
2017-03-31,COFORGE.NS
2017-03-31,COLPAL.NS
2017-03-31,CONCOR.NS
2017-03-31,COROMANDEL.NS
2017-03-31,COX&KINGS.NS
2017-03-31,CPSEETF.NS
2017-03-31,CRISIL.NS
2017-03-31,CROMPTON.NS
2017-03-31,CUB.NS
2017-03-31,CUMMINSIND.NS
2017-03-31,CYIENT.NS
2017-03-31,DABUR.NS
2017-03-31,DALBHARAT.NS
2017-03-31,DBCORP.NS
2017-03-31,DBL.NS
2017-03-31,DCAL.NS
2017-03-31,DCBBANK.NS
2017-03-31,DCMSHRIRAM.NS
2017-03-31,DEEPAKFERT.NS
2017-03-31,DELTACORP.NS
2017-03-31,DHANUKA.NS
2017-03-31,DHFL.NS
2017-03-31,DIACABS.NS
2017-03-31,DISHTV.NS
2017-03-31,DIVISLAB.NS
2017-03-31,DLF.NS
2017-03-31,DPSCLTD.NS
2017-03-31,DRREDDY.NS
2017-03-31,ECLERX.NS
2017-03-31,EDELWEISS.NS
2017-03-31,EICHERMOT.NS
2017-03-31,EIDPARRY.NS
2017-03-31,EIHOTEL.NS
2017-03-31,ELGIEQUIP.NS
2017-03-31,EMAMILTD.NS
2017-03-31,ENDURANCE.NS
2017-03-31,ENGINERSIN.NS
2017-03-31,ENIL.NS
2017-03-31,EPL.NS
2017-03-31,EQUITAS.NS
2017-03-31,ESCORTS.NS
2017-03-31,EXIDEIND.NS
2017-03-31,FCONSUMER.NS
2017-03-31,FDC.NS
2017-03-31,FEDERALBNK.NS
2017-03-31,FINCABLES.NS
2017-03-31,FINPIPE.NS
2017-03-31,FLFL.NS
2017-03-31,FMGOETZE.NS
2017-03-31,FORTIS.NS
2017-03-31,FRETAIL.NS
2017-03-31,FSL.NS
2017-03-31,GAIL.NS
2017-03-31,GATEWAY.NS
2017-03-31,GAYAPROJ.NS
2017-03-31,GEPIL.NS
2017-03-31,GESHIP.NS
2017-03-31,GET&D.NS
2017-03-31,GHCL.NS
2017-03-31,GILLETTE.NS
2017-03-31,GLAXO.NS
2017-03-31,GLENMARK.NS
2017-03-31,GMDCLTD.NS
2017-03-31,GMRAIRPORT.NS
2017-03-31,GMRINFRA.NS
2017-03-31,GNFC.NS
2017-03-31,GODFRYPHLP.NS
2017-03-31,GODREJCP.NS
2017-03-31,GODREJIND.NS
2017-03-31,GODREJPROP.NS
2017-03-31,GPPL.NS
2017-03-31,GRANULES.NS
2017-03-31,GRASIM.NS
2017-03-31,GREAVESCOT.NS
2017-03-31,GREENPLY.NS
2017-03-31,GRINDWELL.NS
2017-03-31,GSFC.NS
2017-03-31,GSPL.NS
2017-03-31,GTLINFRA.NS
2017-03-31,GUJALKALI.NS
2017-03-31,GUJGASLTD.NS
2017-03-31,GULFOILLUB.NS
2017-03-31,GVPIL.NS
2017-03-31,GVT&D.NS
2017-03-31,HATHWAY.NS
2017-03-31,HATSUN.NS
2017-03-31,HAVELLS.NS
2017-03-31,HCC.NS
2017-03-31,HCLTECH.NS
2017-03-31,HDFC.NS
2017-03-31,HDFCBANK.NS
2017-03-31,HDIL.NS
2017-03-31,HEIDELBERG.NS
2017-03-31,HERITGFOOD.NS
2017-03-31,HEROMOTOCO.NS
2017-03-31,HEXAWARE.NS
2017-03-31,HIMATSEIDE.NS
2017-03-31,HINDALCO.NS
2017-03-31,HINDCOPPER.NS
2017-03-31,HINDPETRO.NS
2017-03-31,HINDUNILVR.NS
2017-03-31,HINDZINC.NS
2017-03-31,HMVL.NS
2017-03-31,HONAUT.NS
2017-03-31,IBREALEST.NS
2017-03-31,IBULHSGFIN.NS
2017-03-31,ICICIBANK.NS
2017-03-31,ICICIPRULI.NS
2017-03-31,ICIL.NS
2017-03-31,ICRA.NS
2017-03-31,IDBI.NS
2017-03-31,IDEA.NS
2017-03-31,IDFC.NS
2017-03-31,IDFCFIRSTB.NS
2017-03-31,IFBIND.NS
2017-03-31,IFCI.NS
2017-03-31,IGARASHI.NS
2017-03-31,IGL.NS
2017-03-31,IIFL-RE.NS
2017-03-31,IIFL.NS
2017-03-31,IL&FSTRANS.NS
2017-03-31,IMAGICAA.NS
2017-03-31,INDHOTEL.NS
2017-03-31,INDIACEM.NS
2017-03-31,INDIANB.NS
2017-03-31,INDIGO.NS
2017-03-31,INDOCO.NS
2017-03-31,INDUSINDBK.NS
2017-03-31,INDUSTOWER.NS
2017-03-31,INFIBEAM.NS
2017-03-31,INFY.NS
2017-03-31,INGERRAND.NS
2017-03-31,INOXLEISUR.NS
2017-03-31,INOXWIND.NS
2017-03-31,IOB.NS
2017-03-31,IOC.NS
2017-03-31,IPCALAB.NS
2017-03-31,IRB.NS
2017-03-31,ITC.NS
2017-03-31,ITDC.NS
2017-03-31,ITDCEM.NS
2017-03-31,ITI.NS
2017-03-31,J&KBANK.NS
2017-03-31,JAGRAN.NS
2017-03-31,JCHAC.NS
2017-03-31,JETAIRWAYS.NS
2017-03-31,JINDALSAW.NS
2017-03-31,JINDALSTEL.NS
2017-03-31,JISLDVREQS.NS
2017-03-31,JISLJALEQS.NS
2017-03-31,JKCEMENT.NS
2017-03-31,JKLAKSHMI.NS
2017-03-31,JKTYRE.NS
2017-03-31,JMFINANCIL.NS
2017-03-31,JPASSOCIAT.NS
2017-03-31,JSLHISAR.NS
2017-03-31,JSWDULUX.NS
2017-03-31,JSWENERGY.NS
2017-03-31,JSWISPL.NS
2017-03-31,JSWSTEEL.NS
2017-03-31,JUBLFOOD.NS
2017-03-31,JUBLPHARMA.NS
2017-03-31,JUSTDIAL.NS
2017-03-31,JYOTHYLAB.NS
2017-03-31,KAJARIACER.NS
2017-03-31,KALPATPOWR.NS
2017-03-31,KANSAINER.NS
2017-03-31,KARURVYSYA.NS
2017-03-31,KEC.NS
2017-03-31,KIRLOSENG.NS
2017-03-31,KKCL.NS
2017-03-31,KNRCON.NS
2017-03-31,KOTAKBANK.NS
2017-03-31,KPIL.NS
2017-03-31,KPRMILL.NS
2017-03-31,KRBL.NS
2017-03-31,KSB.NS
2017-03-31,KSCL.NS
2017-03-31,KTKBANK.NS
2017-03-31,L&TFH.NS
2017-03-31,LAKSHVILAS.NS
2017-03-31,LALPATHLAB.NS
2017-03-31,LAOPALA.NS
2017-03-31,LAURUSLABS.NS
2017-03-31,LAXMIMACH.NS
2017-03-31,LICHSGFIN.NS
2017-03-31,LINDEINDIA.NS
2017-03-31,LIQUIDBEES.NS
2017-03-31,LMW.NS
2017-03-31,LT.NS
2017-03-31,LTF.NS
2017-03-31,LTIM.NS
2017-03-31,LTTS.NS
2017-03-31,LUPIN.NS
2017-03-31,M&M.NS
2017-03-31,M&MFIN.NS
2017-03-31,MAHABANK.NS
2017-03-31,MAHINDCIE.NS
2017-03-31,MANAPPURAM.NS
2017-03-31,MANPASAND.NS
2017-03-31,MARICO.NS
2017-03-31,MARUTI.NS
2017-03-31,MBECL.NS
2017-03-31,MCDOWELL-N.NS
2017-03-31,MCX.NS
2017-03-31,MFSL.NS
2017-03-31,MGL.NS
2017-03-31,MHRIL.NS
2017-03-31,MINDACORP.NS
2017-03-31,MMTC.NS
2017-03-31,MOIL.NS
2017-03-31,MOTHERSON.NS
2017-03-31,MOTILALOFS.NS
2017-03-31,MPHASIS.NS
2017-03-31,MRF.NS
2017-03-31,MRPL.NS
2017-03-31,MUTHOOTFIN.NS
2017-03-31,NATCOPHARM.NS
2017-03-31,NATIONALUM.NS
2017-03-31,NAUKRI.NS
2017-03-31,NAVA.NS
2017-03-31,NAVINFLUOR.NS
2017-03-31,NAVKARCORP.NS
2017-03-31,NAVNETEDUL.NS
2017-03-31,NBCC.NS
2017-03-31,NCC.NS
2017-03-31,NESCO.NS
2017-03-31,NESTLEIND.NS
2017-03-31,NETWORK18.NS
2017-03-31,NFL.NS
2017-03-31,NH.NS
2017-03-31,NHPC.NS
2017-03-31,NILKAMAL.NS
2017-03-31,NLCINDIA.NS
2017-03-31,NMDC.NS
2017-03-31,NTPC.NS
2017-03-31,OBEROIRLTY.NS
2017-03-31,OFSS.NS
2017-03-31,OIL.NS
2017-03-31,OMAXE.NS
2017-03-31,ONGC.NS
2017-03-31,ORIENTCEM.NS
2017-03-31,PAGEIND.NS
2017-03-31,PARAGMILK.NS
2017-03-31,PATELENG.NS
2017-03-31,PCJEWELLER.NS
2017-03-31,PEL.NS
2017-03-31,PERSISTENT.NS
2017-03-31,PETRONET.NS
2017-03-31,PFC.NS
2017-03-31,PFIZER.NS
2017-03-31,PFOCUS.NS
2017-03-31,PFS.NS
2017-03-31,PGHH.NS
2017-03-31,PHOENIXLTD.NS
2017-03-31,PIDILITIND.NS
2017-03-31,PIIND.NS
2017-03-31,PNB.NS
2017-03-31,PNBHOUSING.NS
2017-03-31,PNCINFRA.NS
2017-03-31,POONAWALLA.NS
2017-03-31,POWERGRID.NS
2017-03-31,PRESTIGE.NS
2017-03-31,PRIVISCL.NS
2017-03-31,PRSMJOHNSN.NS
2017-03-31,PSB.NS
2017-03-31,PTC.NS
2017-03-31,PVR.NS
2017-03-31,QUESS.NS
2017-03-31,RAIN.NS
2017-03-31,RAJESHEXPO.NS
2017-03-31,RALLIS.NS
2017-03-31,RAMCOCEM.NS
2017-03-31,RATNAMANI.NS
2017-03-31,RBLBANK.NS
2017-03-31,RCF.NS
2017-03-31,RCOM.NS
2017-03-31,RECLTD.NS
2017-03-31,REDINGTON.NS
2017-03-31,RELAXO.NS
2017-03-31,RELCAPITAL.NS
2017-03-31,RELIANCE.NS
2017-03-31,RELIGARE.NS
2017-03-31,RELINFRA.NS
2017-03-31,RENUKA.NS
2017-03-31,REPCOHOME.NS
2017-03-31,RNAVAL.NS
2017-03-31,RPOWER.NS
2017-03-31,RTNPOWER.NS
2017-03-31,RUPA.NS
2017-03-31,SABTN.NS
2017-03-31,SADBHAV.NS
2017-03-31,SADBHIN.NS
2017-03-31,SAIL.NS
2017-03-31,SAMMAANCAP.NS
2017-03-31,SANOFI.NS
2017-03-31,SBIN.NS
2017-03-31,SCHAEFFLER.NS
2017-03-31,SCHNEIDER.NS
2017-03-31,SCI.NS
2017-03-31,SECURKLOUD.NS
2017-03-31,SEPC.NS
2017-03-31,SEQUENT.NS
2017-03-31,SFL.NS
2017-03-31,SHARDACROP.NS
2017-03-31,SHILPAMED.NS
2017-03-31,SHK.NS
2017-03-31,SHOPERSTOP.NS
2017-03-31,SHREECEM.NS
2017-03-31,SHRIPISTON.NS
2017-03-31,SHRIRAMFIN.NS
2017-03-31,SIEMENS.NS
2017-03-31,SITINET.NS
2017-03-31,SJVN.NS
2017-03-31,SKFINDIA.NS
2017-03-31,SOBHA.NS
2017-03-31,SOLARINDS.NS
2017-03-31,SOMANYCERA.NS
2017-03-31,SOUTHBANK.NS
2017-03-31,SPARC.NS
2017-03-31,SPICEJET.NS
2017-03-31,SPLPETRO.NS
2017-03-31,SREINFRA.NS
2017-03-31,SRF.NS
2017-03-31,STAR.NS
2017-03-31,STLTECH.NS
2017-03-31,SUDARSCHEM.NS
2017-03-31,SUNCLAYLTD.NS
2017-03-31,SUNDARMFIN.NS
2017-03-31,SUNDRMFAST.NS
2017-03-31,SUNPHARMA.NS
2017-03-31,SUNTV.NS
2017-03-31,SUPRAJIT.NS
2017-03-31,SUPREMEIND.NS
2017-03-31,SUZLON.NS
2017-03-31,SWANCORP.NS
2017-03-31,SWANENERGY.NS
2017-03-31,SYMPHONY.NS
2017-03-31,SYNGENE.NS
2017-03-31,TATACHEM.NS
2017-03-31,TATACOFFEE.NS
2017-03-31,TATACOMM.NS
2017-03-31,TATACONSUM.NS
2017-03-31,TATAELXSI.NS
2017-03-31,TATAMOTORS.NS
2017-03-31,TATAMTRDVR.NS
2017-03-31,TATAPOWER.NS
2017-03-31,TATASTEEL.NS
2017-03-31,TCI.NS
2017-03-31,TCS.NS
2017-03-31,TECHM.NS
2017-03-31,TEXRAIL.NS
2017-03-31,THERMAX.NS
2017-03-31,THOMASCOOK.NS
2017-03-31,TIMETECHNO.NS
2017-03-31,TIMKEN.NS
2017-03-31,TITAN.NS
2017-03-31,TMPV.NS
2017-03-31,TNPL.NS
2017-03-31,TORNTPHARM.NS
2017-03-31,TORNTPOWER.NS
2017-03-31,TRENT.NS
2017-03-31,TRIDENT.NS
2017-03-31,TRITURBINE.NS
2017-03-31,TTKPRESTIG.NS
2017-03-31,TV18BRDCST.NS
2017-03-31,TVSHLTD.NS
2017-03-31,TVSMOTOR.NS
2017-03-31,TVSSRICHAK.NS
2017-03-31,UBL.NS
2017-03-31,UCOBANK.NS
2017-03-31,UEL.NS
2017-03-31,UFLEX.NS
2017-03-31,UJAAS.NS
2017-03-31,UJJIVAN.NS
2017-03-31,ULTRACEMCO.NS
2017-03-31,UNIONBANK.NS
2017-03-31,UNITDSPR.NS
2017-03-31,UNOMINDA.NS
2017-03-31,UPL.NS
2017-03-31,UTISENSETF.NS
2017-03-31,VAKRANGEE.NS
2017-03-31,VBL.NS
2017-03-31,VEDL.NS
2017-03-31,VEEDOL.NS
2017-03-31,VESUVIUS.NS
2017-03-31,VGUARD.NS
2017-03-31,VHLTD.NS
2017-03-31,VICEROY.NS
2017-03-31,VIDEOIND.NS
2017-03-31,VINATIORGA.NS
2017-03-31,VIPIND.NS
2017-03-31,VIYASH.NS
2017-03-31,VOLTAS.NS
2017-03-31,VSTIND.NS
2017-03-31,VTL.NS
2017-03-31,WABAG.NS
2017-03-31,WELCORP.NS
2017-03-31,WELSPUNIND.NS
2017-03-31,WELSPUNLIV.NS
2017-03-31,WHIRLPOOL.NS
2017-03-31,WIPRO.NS
2017-03-31,WOCKPHARMA.NS
2017-03-31,WONDERLA.NS
2017-03-31,YESBANK.NS
2017-03-31,ZEEL.NS
2017-03-31,ZENSARTECH.NS
2017-03-31,ZYDUSLIFE.NS
2017-09-30,3MINDIA.NS
2017-09-30,AARTIIND.NS
2017-09-30,ABB.NS
2017-09-30,ABBOTINDIA.NS
2017-09-30,ABFRL.NS
2017-09-30,ABREL.NS
2017-09-30,ACC.NS
2017-09-30,ADANIENSOL.NS
2017-09-30,ADANIENT.NS
2017-09-30,ADANIPORTS.NS
2017-09-30,ADANIPOWER.NS
2017-09-30,ADANITRANS.NS
2017-09-30,ADVENZYMES.NS
2017-09-30,AEGISCHEM.NS
2017-09-30,AEGISLOG.NS
2017-09-30,AIAENG.NS
2017-09-30,AJANTPHARM.NS
2017-09-30,AKZOINDIA.NS
2017-09-30,ALKEM.NS
2017-09-30,AMARAJABAT.NS
2017-09-30,AMBUJACEM.NS
2017-09-30,APARINDS.NS
2017-09-30,APLAPOLLO.NS
2017-09-30,APLLTD.NS
2017-09-30,APOLLOHOSP.NS
2017-09-30,APOLLOTYRE.NS
2017-09-30,ARE&M.NS
2017-09-30,ARVIND.NS
2017-09-30,ASAHIINDIA.NS
2017-09-30,ASHOKA.NS
2017-09-30,ASHOKLEY.NS
2017-09-30,ASIANPAINT.NS
2017-09-30,ASTRAL.NS
2017-09-30,ATUL.NS
2017-09-30,AUBANK.NS
2017-09-30,AUROPHARMA.NS
2017-09-30,AVANTIFEED.NS
2017-09-30,AXISBANK.NS
2017-09-30,BAJAJ-AUTO.NS
2017-09-30,BAJAJCON.NS
2017-09-30,BAJAJELEC.NS
2017-09-30,BAJAJFINSV.NS
2017-09-30,BAJAJHLDNG.NS
2017-09-30,BAJFINANCE.NS
2017-09-30,BALKRISIND.NS
2017-09-30,BALMLAWRIE.NS
2017-09-30,BALRAMCHIN.NS
2017-09-30,BANARISUG.NS
2017-09-30,BANKBARODA.NS
2017-09-30,BANKINDIA.NS
2017-09-30,BASF.NS
2017-09-30,BATAINDIA.NS
2017-09-30,BAYERCROP.NS
2017-09-30,BBTC.NS
2017-09-30,BEL.NS
2017-09-30,BEML.NS
2017-09-30,BERGEPAINT.NS
2017-09-30,BHARATFORG.NS
2017-09-30,BHARTIARTL.NS
2017-09-30,BHEL.NS
2017-09-30,BIOCON.NS
2017-09-30,BIRLACORPN.NS
2017-09-30,BKMINDST.NS
2017-09-30,BLUEDART.NS
2017-09-30,BLUESTARCO.NS
2017-09-30,BOSCHLTD.NS
2017-09-30,BPCL.NS
2017-09-30,BRFL.NS
2017-09-30,BRIGADE.NS
2017-09-30,BRITANNIA.NS
2017-09-30,CANBK.NS
2017-09-30,CANFINHOME.NS
2017-09-30,CAPLIPOINT.NS
2017-09-30,CARBORUNIV.NS
2017-09-30,CARERATING.NS
2017-09-30,CASTROLIND.NS
2017-09-30,CCL.NS
2017-09-30,CDSL.NS
2017-09-30,CEATLTD.NS
2017-09-30,CENTRALBK.NS
2017-09-30,CENTURYPLY.NS
2017-09-30,CENTURYTEX.NS
2017-09-30,CERA.NS
2017-09-30,CESC.NS
2017-09-30,CGPOWER.NS
2017-09-30,CHAMBLFERT.NS
2017-09-30,CHENNPETRO.NS
2017-09-30,CHOLAFIN.NS
2017-09-30,CHOLAHLDNG.NS
2017-09-30,CIEINDIA.NS
2017-09-30,CIPLA.NS
2017-09-30,CLCIND.NS
2017-09-30,COALINDIA.NS
2017-09-30,COFFEEDAY.NS
2017-09-30,COFORGE.NS
2017-09-30,COLPAL.NS
2017-09-30,CONCOR.NS
2017-09-30,COROMANDEL.NS
2017-09-30,COX&KINGS.NS
2017-09-30,CPSEETF.NS
2017-09-30,CRISIL.NS
2017-09-30,CROMPTON.NS
2017-09-30,CUB.NS
2017-09-30,CUMMINSIND.NS
2017-09-30,CYIENT.NS
2017-09-30,DABUR.NS
2017-09-30,DALBHARAT.NS
2017-09-30,DBCORP.NS
2017-09-30,DBL.NS
2017-09-30,DCAL.NS
2017-09-30,DCBBANK.NS
2017-09-30,DCMSHRIRAM.NS
2017-09-30,DEEPAKFERT.NS
2017-09-30,DELTACORP.NS
2017-09-30,DHANI.NS
2017-09-30,DHANUKA.NS
2017-09-30,DHFL.NS
2017-09-30,DIACABS.NS
2017-09-30,DISHTV.NS
2017-09-30,DIVISLAB.NS
2017-09-30,DLF.NS
2017-09-30,DMART.NS
2017-09-30,DPSCLTD.NS
2017-09-30,DRREDDY.NS
2017-09-30,ECLERX.NS
2017-09-30,EDELWEISS.NS
2017-09-30,EICHERMOT.NS
2017-09-30,EIDPARRY.NS
2017-09-30,EIHOTEL.NS
2017-09-30,ELGIEQUIP.NS
2017-09-30,EMAMILTD.NS
2017-09-30,ENDURANCE.NS
2017-09-30,ENGINERSIN.NS
2017-09-30,ENIL.NS
2017-09-30,EPL.NS
2017-09-30,EQUITAS.NS
2017-09-30,ERIS.NS
2017-09-30,ESCORTS.NS
2017-09-30,EXIDEIND.NS
2017-09-30,FACT.NS
2017-09-30,FCONSUMER.NS
2017-09-30,FDC.NS
2017-09-30,FEDERALBNK.NS
2017-09-30,FINCABLES.NS
2017-09-30,FINPIPE.NS
2017-09-30,FLFL.NS
2017-09-30,FMGOETZE.NS
2017-09-30,FORTIS.NS
2017-09-30,FRETAIL.NS
2017-09-30,FSL.NS
2017-09-30,GAIL.NS
2017-09-30,GATEWAY.NS
2017-09-30,GAYAPROJ.NS
2017-09-30,GEPIL.NS
2017-09-30,GESHIP.NS
2017-09-30,GET&D.NS
2017-09-30,GICHSGFIN.NS
2017-09-30,GILLETTE.NS
2017-09-30,GLAXO.NS
2017-09-30,GLENMARK.NS
2017-09-30,GMDCLTD.NS
2017-09-30,GMRAIRPORT.NS
2017-09-30,GMRINFRA.NS
2017-09-30,GNFC.NS
2017-09-30,GODFRYPHLP.NS
2017-09-30,GODREJCP.NS
2017-09-30,GODREJIND.NS
2017-09-30,GODREJPROP.NS
2017-09-30,GPPL.NS
2017-09-30,GRANULES.NS
2017-09-30,GRAPHITE.NS
2017-09-30,GRASIM.NS
2017-09-30,GREAVESCOT.NS
2017-09-30,GREENPLY.NS
2017-09-30,GRINDWELL.NS
2017-09-30,GSFC.NS
2017-09-30,GSPL.NS
2017-09-30,GTLINFRA.NS
2017-09-30,GUJALKALI.NS
2017-09-30,GUJGASLTD.NS
2017-09-30,GULFOILLUB.NS
2017-09-30,GVPIL.NS
2017-09-30,GVT&D.NS
2017-09-30,HATHWAY.NS
2017-09-30,HATSUN.NS
2017-09-30,HAVELLS.NS
2017-09-30,HCC.NS
2017-09-30,HCLTECH.NS
2017-09-30,HDFC.NS
2017-09-30,HDFCBANK.NS
2017-09-30,HDIL.NS
2017-09-30,HEIDELBERG.NS
2017-09-30,HERITGFOOD.NS
2017-09-30,HEROMOTOCO.NS
2017-09-30,HEXAWARE.NS
2017-09-30,HIMATSEIDE.NS
2017-09-30,HINDALCO.NS
2017-09-30,HINDCOPPER.NS
2017-09-30,HINDPETRO.NS
2017-09-30,HINDUNILVR.NS
2017-09-30,HINDZINC.NS
2017-09-30,HONAUT.NS
2017-09-30,HSCL.NS
2017-09-30,HUDCO.NS
2017-09-30,IBREALEST.NS
2017-09-30,IBULHSGFIN.NS
2017-09-30,ICICIBANK.NS
2017-09-30,ICICIPRULI.NS
2017-09-30,ICIL.NS
2017-09-30,ICRA.NS
2017-09-30,IDBI.NS
2017-09-30,IDEA.NS
2017-09-30,IDFC.NS
2017-09-30,IDFCFIRSTB.NS
2017-09-30,IFBIND.NS
2017-09-30,IFCI.NS
2017-09-30,IGARASHI.NS
2017-09-30,IGL.NS
2017-09-30,IIFL-RE.NS
2017-09-30,IIFL.NS
2017-09-30,IL&FSTRANS.NS
2017-09-30,IMAGICAA.NS
2017-09-30,INDHOTEL.NS
2017-09-30,INDIACEM.NS
2017-09-30,INDIANB.NS
2017-09-30,INDIGO.NS
2017-09-30,INDIGRID-IV.NS
2017-09-30,INDIGRID.NS
2017-09-30,INDUSINDBK.NS
2017-09-30,INDUSTOWER.NS
2017-09-30,INFIBEAM.NS
2017-09-30,INFY.NS
2017-09-30,INGERRAND.NS
2017-09-30,INOXWIND.NS
2017-09-30,IOB.NS
2017-09-30,IOC.NS
2017-09-30,IPCALAB.NS
2017-09-30,IRB.NS
2017-09-30,IRBINVIT.NS
2017-09-30,ITC.NS
2017-09-30,ITDC.NS
2017-09-30,ITDCEM.NS
2017-09-30,ITI.NS
2017-09-30,J&KBANK.NS
2017-09-30,JAGRAN.NS
2017-09-30,JCHAC.NS
2017-09-30,JETAIRWAYS.NS
2017-09-30,JINDALSTEL.NS
2017-09-30,JISLDVREQS.NS
2017-09-30,JISLJALEQS.NS
2017-09-30,JKCEMENT.NS
2017-09-30,JKLAKSHMI.NS
2017-09-30,JKTYRE.NS
2017-09-30,JMFINANCIL.NS
2017-09-30,JPASSOCIAT.NS
2017-09-30,JSL.NS
2017-09-30,JSLHISAR.NS
2017-09-30,JSWDULUX.NS
2017-09-30,JSWENERGY.NS
2017-09-30,JSWISPL.NS
2017-09-30,JSWSTEEL.NS
2017-09-30,JUBLFOOD.NS
2017-09-30,JUBLPHARMA.NS
2017-09-30,JUSTDIAL.NS
2017-09-30,JYOTHYLAB.NS
2017-09-30,KAJARIACER.NS
2017-09-30,KALPATPOWR.NS
2017-09-30,KANSAINER.NS
2017-09-30,KARURVYSYA.NS
2017-09-30,KEC.NS
2017-09-30,KIOCL.NS
2017-09-30,KIRLOSENG.NS
2017-09-30,KNRCON.NS
2017-09-30,KOTAKBANK.NS
2017-09-30,KPIL.NS
2017-09-30,KPRMILL.NS
2017-09-30,KRBL.NS
2017-09-30,KSB.NS
2017-09-30,KSCL.NS
2017-09-30,KTKBANK.NS
2017-09-30,L&TFH.NS
2017-09-30,LAKSHVILAS.NS
2017-09-30,LALPATHLAB.NS
2017-09-30,LAOPALA.NS
2017-09-30,LAURUSLABS.NS
2017-09-30,LAXMIMACH.NS
2017-09-30,LICHSGFIN.NS
2017-09-30,LINDEINDIA.NS
2017-09-30,LIQUIDBEES.NS
2017-09-30,LMW.NS
2017-09-30,LT.NS
2017-09-30,LTF.NS
2017-09-30,LTIM.NS
2017-09-30,LTTS.NS
2017-09-30,LUPIN.NS
2017-09-30,LUXIND.NS
2017-09-30,M&M.NS
2017-09-30,M&MFIN.NS
2017-09-30,MAHABANK.NS
2017-09-30,MAHINDCIE.NS
2017-09-30,MAHSCOOTER.NS
2017-09-30,MAHSEAMLES.NS
2017-09-30,MANAPPURAM.NS
2017-09-30,MANPASAND.NS
2017-09-30,MARICO.NS
2017-09-30,MARUTI.NS
2017-09-30,MBECL.NS
2017-09-30,MCDOWELL-N.NS
2017-09-30,MCX.NS
2017-09-30,MFSL.NS
2017-09-30,MGL.NS
2017-09-30,MHRIL.NS
2017-09-30,MMTC.NS
2017-09-30,MOIL.NS
2017-09-30,MOTHERSON.NS
2017-09-30,MOTILALOFS.NS
2017-09-30,MPHASIS.NS
2017-09-30,MRF.NS
2017-09-30,MRPL.NS
2017-09-30,MUTHOOTFIN.NS
2017-09-30,NATCOPHARM.NS
2017-09-30,NATIONALUM.NS
2017-09-30,NAUKRI.NS
2017-09-30,NAVINFLUOR.NS
2017-09-30,NAVKARCORP.NS
2017-09-30,NAVNETEDUL.NS
2017-09-30,NBCC.NS
2017-09-30,NCC.NS
2017-09-30,NESCO.NS
2017-09-30,NESTLEIND.NS
2017-09-30,NETWORK18.NS
2017-09-30,NFL.NS
2017-09-30,NH.NS
2017-09-30,NHPC.NS
2017-09-30,NILKAMAL.NS
2017-09-30,NLCINDIA.NS
2017-09-30,NMDC.NS
2017-09-30,NTPC.NS
2017-09-30,OBEROIRLTY.NS
2017-09-30,OFSS.NS
2017-09-30,OIL.NS
2017-09-30,OMAXE.NS
2017-09-30,ONGC.NS
2017-09-30,ORIENTCEM.NS
2017-09-30,PAGEIND.NS
2017-09-30,PATELENG.NS
2017-09-30,PCJEWELLER.NS
2017-09-30,PEL.NS
2017-09-30,PERSISTENT.NS
2017-09-30,PETRONET.NS
2017-09-30,PFC.NS
2017-09-30,PFIZER.NS
2017-09-30,PFOCUS.NS
2017-09-30,PFS.NS
2017-09-30,PGHH.NS
2017-09-30,PHOENIXLTD.NS
2017-09-30,PIDILITIND.NS
2017-09-30,PIIND.NS
2017-09-30,PNB.NS
2017-09-30,PNBHOUSING.NS
2017-09-30,PNCINFRA.NS
2017-09-30,POONAWALLA.NS
2017-09-30,POWERGRID.NS
2017-09-30,PRESTIGE.NS
2017-09-30,PRSMJOHNSN.NS
2017-09-30,PSB.NS
2017-09-30,PTC.NS
2017-09-30,PVR.NS
2017-09-30,QUESS.NS
2017-09-30,RAIN.NS
2017-09-30,RAJESHEXPO.NS
2017-09-30,RALLIS.NS
2017-09-30,RAMCOCEM.NS
2017-09-30,RATNAMANI.NS
2017-09-30,RBLBANK.NS
2017-09-30,RCF.NS
2017-09-30,RCOM.NS
2017-09-30,RECLTD.NS
2017-09-30,REDINGTON.NS
2017-09-30,RELAXO.NS
2017-09-30,RELCAPITAL.NS
2017-09-30,RELIANCE.NS
2017-09-30,RELINFRA.NS
2017-09-30,RENUKA.NS
2017-09-30,REPCOHOME.NS
2017-09-30,RNAVAL.NS
2017-09-30,RPOWER.NS
2017-09-30,RUPA.NS
2017-09-30,SABTN.NS
2017-09-30,SADBHAV.NS
2017-09-30,SADBHIN.NS
2017-09-30,SAIL.NS
2017-09-30,SAMMAANCAP.NS
2017-09-30,SANOFI.NS
2017-09-30,SBIN.NS
2017-09-30,SCHAEFFLER.NS
2017-09-30,SCHNEIDER.NS
2017-09-30,SCI.NS
2017-09-30,SFL.NS
2017-09-30,SHARDACROP.NS
2017-09-30,SHILPAMED.NS
2017-09-30,SHK.NS
2017-09-30,SHOPERSTOP.NS
2017-09-30,SHREECEM.NS
2017-09-30,SHRIPISTON.NS
2017-09-30,SHRIRAMFIN.NS
2017-09-30,SIEMENS.NS
2017-09-30,SITINET.NS
2017-09-30,SJVN.NS
2017-09-30,SKFINDIA.NS
2017-09-30,SOBHA.NS
2017-09-30,SOLARINDS.NS
2017-09-30,SOMANYCERA.NS
2017-09-30,SOUTHBANK.NS
2017-09-30,SPARC.NS
2017-09-30,SPICEJET.NS
2017-09-30,SPLPETRO.NS
2017-09-30,SREINFRA.NS
2017-09-30,SRF.NS
2017-09-30,STAR.NS
2017-09-30,STARCEMENT.NS
2017-09-30,STLTECH.NS
2017-09-30,SUDARSCHEM.NS
2017-09-30,SUNCLAYLTD.NS
2017-09-30,SUNDARMFIN.NS
2017-09-30,SUNDRMFAST.NS
2017-09-30,SUNPHARMA.NS
2017-09-30,SUNTECK.NS
2017-09-30,SUNTV.NS
2017-09-30,SUPRAJIT.NS
2017-09-30,SUPREMEIND.NS
2017-09-30,SUZLON.NS
2017-09-30,SWANCORP.NS
2017-09-30,SWANENERGY.NS
2017-09-30,SYMPHONY.NS
2017-09-30,SYNGENE.NS
2017-09-30,TATACHEM.NS
2017-09-30,TATACOFFEE.NS
2017-09-30,TATACOMM.NS
2017-09-30,TATACONSUM.NS
2017-09-30,TATAELXSI.NS
2017-09-30,TATAMOTORS.NS
2017-09-30,TATAMTRDVR.NS
2017-09-30,TATAPOWER.NS
2017-09-30,TATASTEEL.NS
2017-09-30,TCS.NS
2017-09-30,TECHM.NS
2017-09-30,TEJASNET.NS
2017-09-30,THERMAX.NS
2017-09-30,THOMASCOOK.NS
2017-09-30,TIMETECHNO.NS
2017-09-30,TIMKEN.NS
2017-09-30,TITAN.NS
2017-09-30,TMPV.NS
2017-09-30,TORNTPHARM.NS
2017-09-30,TORNTPOWER.NS
2017-09-30,TRENT.NS
2017-09-30,TRIDENT.NS
2017-09-30,TRITURBINE.NS
2017-09-30,TTKPRESTIG.NS
2017-09-30,TV18BRDCST.NS
2017-09-30,TVSHLTD.NS
2017-09-30,TVSMOTOR.NS
2017-09-30,TVSSRICHAK.NS
2017-09-30,UBL.NS
2017-09-30,UCOBANK.NS
2017-09-30,UEL.NS
2017-09-30,UFLEX.NS
2017-09-30,UJAAS.NS
2017-09-30,UJJIVAN.NS
2017-09-30,ULTRACEMCO.NS
2017-09-30,UNIONBANK.NS
2017-09-30,UNITDSPR.NS
2017-09-30,UNOMINDA.NS
2017-09-30,UPL.NS
2017-09-30,UTISENSETF.NS
2017-09-30,VAKRANGEE.NS
2017-09-30,VBL.NS
2017-09-30,VEDL.NS
2017-09-30,VESUVIUS.NS
2017-09-30,VGUARD.NS
2017-09-30,VHLTD.NS
2017-09-30,VICEROY.NS
2017-09-30,VINATIORGA.NS
2017-09-30,VIPIND.NS
2017-09-30,VIYASH.NS
2017-09-30,VOLTAS.NS
2017-09-30,VSTIND.NS
2017-09-30,VTL.NS
2017-09-30,WABAG.NS
2017-09-30,WELCORP.NS
2017-09-30,WELSPUNIND.NS
2017-09-30,WELSPUNLIV.NS
2017-09-30,WHIRLPOOL.NS
2017-09-30,WIPRO.NS
2017-09-30,WOCKPHARMA.NS
2017-09-30,YESBANK.NS
2017-09-30,ZEEL.NS
2017-09-30,ZENSARTECH.NS
2017-09-30,ZYDUSLIFE.NS
2018-03-31,3MINDIA.NS
2018-03-31,AARTIIND.NS
2018-03-31,ABB.NS
2018-03-31,ABBOTINDIA.NS
2018-03-31,ABCAPITAL.NS
2018-03-31,ABFRL.NS
2018-03-31,ABREL.NS
2018-03-31,ACC.NS
2018-03-31,ADANIENSOL.NS
2018-03-31,ADANIENT.NS
2018-03-31,ADANIPORTS.NS
2018-03-31,ADANIPOWER.NS
2018-03-31,ADANITRANS.NS
2018-03-31,AEGISCHEM.NS
2018-03-31,AEGISLOG.NS
2018-03-31,AIAENG.NS
2018-03-31,AJANTPHARM.NS
2018-03-31,AKZOINDIA.NS
2018-03-31,ALKEM.NS
2018-03-31,AMARAJABAT.NS
2018-03-31,AMBER.NS
2018-03-31,AMBUJACEM.NS
2018-03-31,APLAPOLLO.NS
2018-03-31,APLLTD.NS
2018-03-31,APOLLOHOSP.NS
2018-03-31,APOLLOTYRE.NS
2018-03-31,ARE&M.NS
2018-03-31,ARVIND.NS
2018-03-31,ASAHIINDIA.NS
2018-03-31,ASHOKA.NS
2018-03-31,ASHOKLEY.NS
2018-03-31,ASIANPAINT.NS
2018-03-31,ASTRAL.NS
2018-03-31,ATUL.NS
2018-03-31,AUBANK.NS
2018-03-31,AUROPHARMA.NS
2018-03-31,AVANTIFEED.NS
2018-03-31,AXISBANK.NS
2018-03-31,BAJAJ-AUTO.NS
2018-03-31,BAJAJCON.NS
2018-03-31,BAJAJELEC.NS
2018-03-31,BAJAJFINSV.NS
2018-03-31,BAJAJHLDNG.NS
2018-03-31,BAJFINANCE.NS
2018-03-31,BALKRISIND.NS
2018-03-31,BALRAMCHIN.NS
2018-03-31,BANKBARODA.NS
2018-03-31,BANKINDIA.NS
2018-03-31,BASF.NS
2018-03-31,BATAINDIA.NS
2018-03-31,BAYERCROP.NS
2018-03-31,BBTC.NS
2018-03-31,BEL.NS
2018-03-31,BERGEPAINT.NS
2018-03-31,BHARATFORG.NS
2018-03-31,BHARTIARTL.NS
2018-03-31,BHEL.NS
2018-03-31,BIOCON.NS
2018-03-31,BIRLACORPN.NS
2018-03-31,BKMINDST.NS
2018-03-31,BLUEDART.NS
2018-03-31,BLUESTARCO.NS
2018-03-31,BOMDYEING.NS
2018-03-31,BOSCHLTD.NS
2018-03-31,BPCL.NS
2018-03-31,BRFL.NS
2018-03-31,BRITANNIA.NS
2018-03-31,CANBK.NS
2018-03-31,CANFINHOME.NS
2018-03-31,CAPLIPOINT.NS
2018-03-31,CARBORUNIV.NS
2018-03-31,CARERATING.NS
2018-03-31,CASTROLIND.NS
2018-03-31,CCL.NS
2018-03-31,CDSL.NS
2018-03-31,CEATLTD.NS
2018-03-31,CENTRALBK.NS
2018-03-31,CENTURYPLY.NS
2018-03-31,CENTURYTEX.NS
2018-03-31,CERA.NS
2018-03-31,CESC.NS
2018-03-31,CGPOWER.NS
2018-03-31,CHAMBLFERT.NS
2018-03-31,CHENNPETRO.NS
2018-03-31,CHOLAFIN.NS
2018-03-31,CHOLAHLDNG.NS
2018-03-31,CIEINDIA.NS
2018-03-31,CIPLA.NS
2018-03-31,CLCIND.NS
2018-03-31,COALINDIA.NS
2018-03-31,COCHINSHIP.NS
2018-03-31,COFFEEDAY.NS
2018-03-31,COFORGE.NS
2018-03-31,COLPAL.NS
2018-03-31,CONCOR.NS
2018-03-31,COROMANDEL.NS
2018-03-31,COX&KINGS.NS
2018-03-31,CPSEETF.NS
2018-03-31,CRISIL.NS
2018-03-31,CROMPTON.NS
2018-03-31,CUB.NS
2018-03-31,CUMMINSIND.NS
2018-03-31,CYIENT.NS
2018-03-31,DABUR.NS
2018-03-31,DALBHARAT.NS
2018-03-31,DBCORP.NS
2018-03-31,DBL.NS
2018-03-31,DCAL.NS
2018-03-31,DCBBANK.NS
2018-03-31,DCMSHRIRAM.NS
2018-03-31,DEEPAKFERT.NS
2018-03-31,DELTACORP.NS
2018-03-31,DHANI.NS
2018-03-31,DHANUKA.NS
2018-03-31,DHFL.NS
2018-03-31,DIACABS.NS
2018-03-31,DISHTV.NS
2018-03-31,DIVISLAB.NS
2018-03-31,DIXON.NS
2018-03-31,DLF.NS
2018-03-31,DMART.NS
2018-03-31,DPSCLTD.NS
2018-03-31,DRREDDY.NS
2018-03-31,ECLERX.NS
2018-03-31,EDELWEISS.NS
2018-03-31,EICHERMOT.NS
2018-03-31,EIDPARRY.NS
2018-03-31,EIHOTEL.NS
2018-03-31,ELGIEQUIP.NS
2018-03-31,EMAMILTD.NS
2018-03-31,ENDURANCE.NS
2018-03-31,ENGINERSIN.NS
2018-03-31,ENIL.NS
2018-03-31,EPL.NS
2018-03-31,EQUITAS.NS
2018-03-31,ERIS.NS
2018-03-31,ESCORTS.NS
2018-03-31,EXIDEIND.NS
2018-03-31,FACT.NS
2018-03-31,FCONSUMER.NS
2018-03-31,FDC.NS
2018-03-31,FEDERALBNK.NS
2018-03-31,FINCABLES.NS
2018-03-31,FINPIPE.NS
2018-03-31,FLFL.NS
2018-03-31,FORTIS.NS
2018-03-31,FRETAIL.NS
2018-03-31,FSL.NS
2018-03-31,GAIL.NS
2018-03-31,GAYAPROJ.NS
2018-03-31,GEPIL.NS
2018-03-31,GESHIP.NS
2018-03-31,GET&D.NS
2018-03-31,GICRE.NS
2018-03-31,GILLETTE.NS
2018-03-31,GLAXO.NS
2018-03-31,GLENMARK.NS
2018-03-31,GMDCLTD.NS
2018-03-31,GMRAIRPORT.NS
2018-03-31,GMRINFRA.NS
2018-03-31,GNFC.NS
2018-03-31,GODFRYPHLP.NS
2018-03-31,GODREJAGRO.NS
2018-03-31,GODREJCP.NS
2018-03-31,GODREJIND.NS
2018-03-31,GODREJPROP.NS
2018-03-31,GPPL.NS
2018-03-31,GRANULES.NS
2018-03-31,GRAPHITE.NS
2018-03-31,GRASIM.NS
2018-03-31,GREAVESCOT.NS
2018-03-31,GREENPLY.NS
2018-03-31,GRINDWELL.NS
2018-03-31,GSFC.NS
2018-03-31,GSPL.NS
2018-03-31,GTLINFRA.NS
2018-03-31,GUJALKALI.NS
2018-03-31,GUJGASLTD.NS
2018-03-31,GULFOILLUB.NS
2018-03-31,GVPIL.NS
2018-03-31,GVT&D.NS
2018-03-31,HATHWAY.NS
2018-03-31,HATSUN.NS
2018-03-31,HAVELLS.NS
2018-03-31,HCLTECH.NS
2018-03-31,HDFC.NS
2018-03-31,HDFCBANK.NS
2018-03-31,HDFCLIFE.NS
2018-03-31,HEG.NS
2018-03-31,HEIDELBERG.NS
2018-03-31,HERITGFOOD.NS
2018-03-31,HEROMOTOCO.NS
2018-03-31,HEXAWARE.NS
2018-03-31,HFCL.NS
2018-03-31,HIMATSEIDE.NS
2018-03-31,HINDALCO.NS
2018-03-31,HINDCOPPER.NS
2018-03-31,HINDPETRO.NS
2018-03-31,HINDUNILVR.NS
2018-03-31,HINDZINC.NS
2018-03-31,HONAUT.NS
2018-03-31,HSCL.NS
2018-03-31,HUDCO.NS
2018-03-31,IBREALEST.NS
2018-03-31,IBULHSGFIN.NS
2018-03-31,ICICIBANK.NS
2018-03-31,ICICIGI.NS
2018-03-31,ICICIPRULI.NS
2018-03-31,ICRA.NS
2018-03-31,IDBI.NS
2018-03-31,IDEA.NS
2018-03-31,IDFC.NS
2018-03-31,IDFCFIRSTB.NS
2018-03-31,IEX.NS
2018-03-31,IFBIND.NS
2018-03-31,IFCI.NS
2018-03-31,IGL.NS
2018-03-31,IIFL-RE.NS
2018-03-31,IIFL.NS
2018-03-31,IMAGICAA.NS
2018-03-31,INDHOTEL.NS
2018-03-31,INDIACEM.NS
2018-03-31,INDIANB.NS
2018-03-31,INDIGO.NS
2018-03-31,INDIGRID-IV.NS
2018-03-31,INDIGRID.NS
2018-03-31,INDUSINDBK.NS
2018-03-31,INDUSTOWER.NS
2018-03-31,INFIBEAM.NS
2018-03-31,INFY.NS
2018-03-31,INOXWIND.NS
2018-03-31,IOB.NS
2018-03-31,IOC.NS
2018-03-31,IPCALAB.NS
2018-03-31,IRB.NS
2018-03-31,IRBINVIT.NS
2018-03-31,ITC.NS
2018-03-31,ITDC.NS
2018-03-31,ITDCEM.NS
2018-03-31,ITI.NS
2018-03-31,J&KBANK.NS
2018-03-31,JAGRAN.NS
2018-03-31,JCHAC.NS
2018-03-31,JETAIRWAYS.NS
2018-03-31,JINDALSTEL.NS
2018-03-31,JISLDVREQS.NS
2018-03-31,JISLJALEQS.NS
2018-03-31,JKCEMENT.NS
2018-03-31,JKLAKSHMI.NS
2018-03-31,JKTYRE.NS
2018-03-31,JMFINANCIL.NS
2018-03-31,JPASSOCIAT.NS
2018-03-31,JSL.NS
2018-03-31,JSLHISAR.NS
2018-03-31,JSWDULUX.NS
2018-03-31,JSWENERGY.NS
2018-03-31,JSWISPL.NS
2018-03-31,JSWSTEEL.NS
2018-03-31,JUBLFOOD.NS
2018-03-31,JUBLPHARMA.NS
2018-03-31,JUSTDIAL.NS
2018-03-31,JYOTHYLAB.NS
2018-03-31,KAJARIACER.NS
2018-03-31,KALPATPOWR.NS
2018-03-31,KANSAINER.NS
2018-03-31,KARURVYSYA.NS
2018-03-31,KEC.NS
2018-03-31,KIOCL.NS
2018-03-31,KIRLOSENG.NS
2018-03-31,KNRCON.NS
2018-03-31,KOTAKBANK.NS
2018-03-31,KPIL.NS
2018-03-31,KPRMILL.NS
2018-03-31,KRBL.NS
2018-03-31,KSCL.NS
2018-03-31,KTKBANK.NS
2018-03-31,L&TFH.NS
2018-03-31,LALPATHLAB.NS
2018-03-31,LAOPALA.NS
2018-03-31,LAURUSLABS.NS
2018-03-31,LAXMIMACH.NS
2018-03-31,LICHSGFIN.NS
2018-03-31,LINDEINDIA.NS
2018-03-31,LIQUIDBEES.NS
2018-03-31,LMW.NS
2018-03-31,LT.NS
2018-03-31,LTF.NS
2018-03-31,LTIM.NS
2018-03-31,LTTS.NS
2018-03-31,LUPIN.NS
2018-03-31,LUXIND.NS
2018-03-31,M&M.NS
2018-03-31,M&MFIN.NS
2018-03-31,MAHABANK.NS
2018-03-31,MAHINDCIE.NS
2018-03-31,MAHSEAMLES.NS
2018-03-31,MANAPPURAM.NS
2018-03-31,MANPASAND.NS
2018-03-31,MARICO.NS
2018-03-31,MARUTI.NS
2018-03-31,MASFIN.NS
2018-03-31,MBECL.NS
2018-03-31,MCDOWELL-N.NS
2018-03-31,MCX.NS
2018-03-31,MFSL.NS
2018-03-31,MGL.NS
2018-03-31,MHRIL.NS
2018-03-31,MINDACORP.NS
2018-03-31,MMTC.NS
2018-03-31,MOIL.NS
2018-03-31,MOTHERSON.NS
2018-03-31,MOTILALOFS.NS
2018-03-31,MPHASIS.NS
2018-03-31,MRF.NS
2018-03-31,MRPL.NS
2018-03-31,MUTHOOTFIN.NS
2018-03-31,NAM-INDIA.NS
2018-03-31,NATCOPHARM.NS
2018-03-31,NATIONALUM.NS
2018-03-31,NAUKRI.NS
2018-03-31,NAVINFLUOR.NS
2018-03-31,NAVNETEDUL.NS
2018-03-31,NBCC.NS
2018-03-31,NCC.NS
2018-03-31,NESCO.NS
2018-03-31,NESTLEIND.NS
2018-03-31,NETWORK18.NS
2018-03-31,NFL.NS
2018-03-31,NH.NS
2018-03-31,NHPC.NS
2018-03-31,NIACL.NS
2018-03-31,NLCINDIA.NS
2018-03-31,NMDC.NS
2018-03-31,NOCIL.NS
2018-03-31,NTPC.NS
2018-03-31,OBEROIRLTY.NS
2018-03-31,OFSS.NS
2018-03-31,OIL.NS
2018-03-31,OMAXE.NS
2018-03-31,ONGC.NS
2018-03-31,ORIENTCEM.NS
2018-03-31,PAGEIND.NS
2018-03-31,PATELENG.NS
2018-03-31,PCBL.NS
2018-03-31,PCJEWELLER.NS
2018-03-31,PEL.NS
2018-03-31,PERSISTENT.NS
2018-03-31,PETRONET.NS
2018-03-31,PFC.NS
2018-03-31,PFIZER.NS
2018-03-31,PFOCUS.NS
2018-03-31,PGHH.NS
2018-03-31,PGHL.NS
2018-03-31,PHOENIXLTD.NS
2018-03-31,PIDILITIND.NS
2018-03-31,PIIND.NS
2018-03-31,PNB.NS
2018-03-31,PNBHOUSING.NS
2018-03-31,PNCINFRA.NS
2018-03-31,POONAWALLA.NS
2018-03-31,POWERGRID.NS
2018-03-31,PRESTIGE.NS
2018-03-31,PRSMJOHNSN.NS
2018-03-31,PSB.NS
2018-03-31,PTC.NS
2018-03-31,PURVA.NS
2018-03-31,PVR.NS
2018-03-31,QUESS.NS
2018-03-31,RADICO.NS
2018-03-31,RAIN.NS
2018-03-31,RAJESHEXPO.NS
2018-03-31,RALLIS.NS
2018-03-31,RAMCOCEM.NS
2018-03-31,RANEHOLDIN.NS
2018-03-31,RATNAMANI.NS
2018-03-31,RBLBANK.NS
2018-03-31,RCF.NS
2018-03-31,RCOM.NS
2018-03-31,RECLTD.NS
2018-03-31,REDINGTON.NS
2018-03-31,RELAXO.NS
2018-03-31,RELCAPITAL.NS
2018-03-31,RELIANCE.NS
2018-03-31,RELINFRA.NS
2018-03-31,REPCOHOME.NS
2018-03-31,RHFL.NS
2018-03-31,RNAVAL.NS
2018-03-31,RPOWER.NS
2018-03-31,RUPA.NS
2018-03-31,SABTN.NS
2018-03-31,SADBHAV.NS
2018-03-31,SADBHIN.NS
2018-03-31,SAIL.NS
2018-03-31,SAMMAANCAP.NS
2018-03-31,SANOFI.NS
2018-03-31,SBILIFE.NS
2018-03-31,SBIN.NS
2018-03-31,SCHAEFFLER.NS
2018-03-31,SCHNEIDER.NS
2018-03-31,SEQUENT.NS
2018-03-31,SFL.NS
2018-03-31,SHARDACROP.NS
2018-03-31,SHILPAMED.NS
2018-03-31,SHK.NS
2018-03-31,SHOPERSTOP.NS
2018-03-31,SHREECEM.NS
2018-03-31,SHRIPISTON.NS
2018-03-31,SHRIRAMFIN.NS
2018-03-31,SIEMENS.NS
2018-03-31,SIS.NS
2018-03-31,SJVN.NS
2018-03-31,SKFINDIA.NS
2018-03-31,SOBHA.NS
2018-03-31,SOLARINDS.NS
2018-03-31,SOMANYCERA.NS
2018-03-31,SOUTHBANK.NS
2018-03-31,SPARC.NS
2018-03-31,SPICEJET.NS
2018-03-31,SPLPETRO.NS
2018-03-31,SPTL.NS
2018-03-31,SREINFRA.NS
2018-03-31,SRF.NS
2018-03-31,STAR.NS
2018-03-31,STARCEMENT.NS
2018-03-31,STLTECH.NS
2018-03-31,SUNCLAYLTD.NS
2018-03-31,SUNDARMFIN.NS
2018-03-31,SUNDRMFAST.NS
2018-03-31,SUNPHARMA.NS
2018-03-31,SUNTECK.NS
2018-03-31,SUNTV.NS
2018-03-31,SUPRAJIT.NS
2018-03-31,SUPREMEIND.NS
2018-03-31,SUZLON.NS
2018-03-31,SWANCORP.NS
2018-03-31,SWANENERGY.NS
2018-03-31,SYMPHONY.NS
2018-03-31,SYNGENE.NS
2018-03-31,TATACHEM.NS
2018-03-31,TATACOMM.NS
2018-03-31,TATACONSUM.NS
2018-03-31,TATAELXSI.NS
2018-03-31,TATAMOTORS.NS
2018-03-31,TATAMTRDVR.NS
2018-03-31,TATAPOWER.NS
2018-03-31,TATASTEEL.NS
2018-03-31,TCS.NS
2018-03-31,TEAMLEASE.NS
2018-03-31,TECHM.NS
2018-03-31,TEJASNET.NS
2018-03-31,THERMAX.NS
2018-03-31,THOMASCOOK.NS
2018-03-31,TIINDIA.NS
2018-03-31,TIMETECHNO.NS
2018-03-31,TIMKEN.NS
2018-03-31,TITAN.NS
2018-03-31,TMPV.NS
2018-03-31,TORNTPHARM.NS
2018-03-31,TORNTPOWER.NS
2018-03-31,TRENT.NS
2018-03-31,TRIDENT.NS
2018-03-31,TRITURBINE.NS
2018-03-31,TTKPRESTIG.NS
2018-03-31,TV18BRDCST.NS
2018-03-31,TVSHLTD.NS
2018-03-31,TVSMOTOR.NS
2018-03-31,UBL.NS
2018-03-31,UCOBANK.NS
2018-03-31,UEL.NS
2018-03-31,UJAAS.NS
2018-03-31,UJJIVAN.NS
2018-03-31,ULTRACEMCO.NS
2018-03-31,UNIONBANK.NS
2018-03-31,UNITDSPR.NS
2018-03-31,UNOMINDA.NS
2018-03-31,UPL.NS
2018-03-31,UTISENSETF.NS
2018-03-31,VAKRANGEE.NS
2018-03-31,VBL.NS
2018-03-31,VEDL.NS
2018-03-31,VENKEYS.NS
2018-03-31,VGUARD.NS
2018-03-31,VHLTD.NS
2018-03-31,VICEROY.NS
2018-03-31,VINATIORGA.NS
2018-03-31,VIPIND.NS
2018-03-31,VOLTAS.NS
2018-03-31,VSTIND.NS
2018-03-31,VTL.NS
2018-03-31,WABAG.NS
2018-03-31,WELCORP.NS
2018-03-31,WELSPUNIND.NS
2018-03-31,WELSPUNLIV.NS
2018-03-31,WHIRLPOOL.NS
2018-03-31,WIPRO.NS
2018-03-31,WOCKPHARMA.NS
2018-03-31,YESBANK.NS
2018-03-31,ZEEL.NS
2018-03-31,ZENSARTECH.NS
2018-03-31,ZYDUSLIFE.NS
2018-09-30,3MINDIA.NS
2018-09-30,AARTIIND.NS
2018-09-30,ABB.NS
2018-09-30,ABBOTINDIA.NS
2018-09-30,ABCAPITAL.NS
2018-09-30,ABFRL.NS
2018-09-30,ABREL.NS
2018-09-30,ACC.NS
2018-09-30,ADANIENSOL.NS
2018-09-30,ADANIENT.NS
2018-09-30,ADANIGREEN.NS
2018-09-30,ADANIPORTS.NS
2018-09-30,ADANIPOWER.NS
2018-09-30,ADANITRANS.NS
2018-09-30,AEGISCHEM.NS
2018-09-30,AEGISLOG.NS
2018-09-30,AIAENG.NS
2018-09-30,AJANTPHARM.NS
2018-09-30,AKZOINDIA.NS
2018-09-30,ALKEM.NS
2018-09-30,AMARAJABAT.NS
2018-09-30,AMBER.NS
2018-09-30,AMBUJACEM.NS
2018-09-30,APLAPOLLO.NS
2018-09-30,APLLTD.NS
2018-09-30,APOLLOHOSP.NS
2018-09-30,APOLLOTYRE.NS
2018-09-30,ARE&M.NS
2018-09-30,ARVIND.NS
2018-09-30,ASAHIINDIA.NS
2018-09-30,ASHOKA.NS
2018-09-30,ASHOKLEY.NS
2018-09-30,ASIANPAINT.NS
2018-09-30,ASTERDM.NS
2018-09-30,ASTRAL.NS
2018-09-30,ASTRAZEN.NS
2018-09-30,ATUL.NS
2018-09-30,AUBANK.NS
2018-09-30,AUROPHARMA.NS
2018-09-30,AVANTIFEED.NS
2018-09-30,AXISBANK.NS
2018-09-30,BAJAJ-AUTO.NS
2018-09-30,BAJAJCON.NS
2018-09-30,BAJAJELEC.NS
2018-09-30,BAJAJFINSV.NS
2018-09-30,BAJAJHLDNG.NS
2018-09-30,BAJFINANCE.NS
2018-09-30,BALKRISIND.NS
2018-09-30,BANDHANBNK.NS
2018-09-30,BANKBARODA.NS
2018-09-30,BANKINDIA.NS
2018-09-30,BASF.NS
2018-09-30,BATAINDIA.NS
2018-09-30,BAYERCROP.NS
2018-09-30,BBTC.NS
2018-09-30,BDL.NS
2018-09-30,BEL.NS
2018-09-30,BERGEPAINT.NS
2018-09-30,BHARATFORG.NS
2018-09-30,BHARTIARTL.NS
2018-09-30,BHEL.NS
2018-09-30,BIOCON.NS
2018-09-30,BIRLACORPN.NS
2018-09-30,BKMINDST.NS
2018-09-30,BLUEDART.NS
2018-09-30,BLUESTARCO.NS
2018-09-30,BOMDYEING.NS
2018-09-30,BOSCHLTD.NS
2018-09-30,BPCL.NS
2018-09-30,BRITANNIA.NS
2018-09-30,CANBK.NS
2018-09-30,CANFINHOME.NS
2018-09-30,CAPLIPOINT.NS
2018-09-30,CARBORUNIV.NS
2018-09-30,CARERATING.NS
2018-09-30,CASTROLIND.NS
2018-09-30,CCL.NS
2018-09-30,CEATLTD.NS
2018-09-30,CENTRALBK.NS
2018-09-30,CENTURYPLY.NS
2018-09-30,CENTURYTEX.NS
2018-09-30,CERA.NS
2018-09-30,CESC.NS
2018-09-30,CGPOWER.NS
2018-09-30,CHAMBLFERT.NS
2018-09-30,CHENNPETRO.NS
2018-09-30,CHOLAFIN.NS
2018-09-30,CHOLAHLDNG.NS
2018-09-30,CIEINDIA.NS
2018-09-30,CIPLA.NS
2018-09-30,CLCIND.NS
2018-09-30,COALINDIA.NS
2018-09-30,COCHINSHIP.NS
2018-09-30,COFFEEDAY.NS
2018-09-30,COFORGE.NS
2018-09-30,COLPAL.NS
2018-09-30,CONCOR.NS
2018-09-30,COROMANDEL.NS
2018-09-30,COX&KINGS.NS
2018-09-30,CPSEETF.NS
2018-09-30,CRISIL.NS
2018-09-30,CROMPTON.NS
2018-09-30,CUB.NS
2018-09-30,CUMMINSIND.NS
2018-09-30,CYIENT.NS
2018-09-30,DABUR.NS
2018-09-30,DALBHARAT.NS
2018-09-30,DBCORP.NS
2018-09-30,DBL.NS
2018-09-30,DCAL.NS
2018-09-30,DCBBANK.NS
2018-09-30,DCMSHRIRAM.NS
2018-09-30,DEEPAKNTR.NS
2018-09-30,DELTACORP.NS
2018-09-30,DHANI.NS
2018-09-30,DHFL.NS
2018-09-30,DISHTV.NS
2018-09-30,DIVISLAB.NS
2018-09-30,DIXON.NS
2018-09-30,DLF.NS
2018-09-30,DMART.NS
2018-09-30,DRREDDY.NS
2018-09-30,ECLERX.NS
2018-09-30,EDELWEISS.NS
2018-09-30,EICHERMOT.NS
2018-09-30,EIDPARRY.NS
2018-09-30,EIHOTEL.NS
2018-09-30,ELGIEQUIP.NS
2018-09-30,EMAMILTD.NS
2018-09-30,ENDURANCE.NS
2018-09-30,ENGINERSIN.NS
2018-09-30,ENIL.NS
2018-09-30,EPL.NS
2018-09-30,EQUITAS.NS
2018-09-30,ERIS.NS
2018-09-30,ESCORTS.NS
2018-09-30,EXIDEIND.NS
2018-09-30,FACT.NS
2018-09-30,FCONSUMER.NS
2018-09-30,FDC.NS
2018-09-30,FEDERALBNK.NS
2018-09-30,FINCABLES.NS
2018-09-30,FINEORG.NS
2018-09-30,FINPIPE.NS
2018-09-30,FLFL.NS
2018-09-30,FORTIS.NS
2018-09-30,FRETAIL.NS
2018-09-30,FSL.NS
2018-09-30,GAIL.NS
2018-09-30,GALAXYSURF.NS
2018-09-30,GAYAPROJ.NS
2018-09-30,GEPIL.NS
2018-09-30,GESHIP.NS
2018-09-30,GET&D.NS
2018-09-30,GICRE.NS
2018-09-30,GILLETTE.NS
2018-09-30,GLAXO.NS
2018-09-30,GLENMARK.NS
2018-09-30,GMDCLTD.NS
2018-09-30,GMRAIRPORT.NS
2018-09-30,GMRINFRA.NS
2018-09-30,GNFC.NS
2018-09-30,GODFRYPHLP.NS
2018-09-30,GODREJAGRO.NS
2018-09-30,GODREJCP.NS
2018-09-30,GODREJIND.NS
2018-09-30,GODREJPROP.NS
2018-09-30,GPPL.NS
2018-09-30,GRAPHITE.NS
2018-09-30,GRASIM.NS
2018-09-30,GREAVESCOT.NS
2018-09-30,GRINDWELL.NS
2018-09-30,GSFC.NS
2018-09-30,GSPL.NS
2018-09-30,GUJALKALI.NS
2018-09-30,GUJGASLTD.NS
2018-09-30,GULFOILLUB.NS
2018-09-30,GVPIL.NS
2018-09-30,GVT&D.NS
2018-09-30,HAL.NS
2018-09-30,HATHWAY.NS
2018-09-30,HATSUN.NS
2018-09-30,HAVELLS.NS
2018-09-30,HCLTECH.NS
2018-09-30,HDFC.NS
2018-09-30,HDFCBANK.NS
2018-09-30,HDFCLIFE.NS
2018-09-30,HEG.NS
2018-09-30,HEIDELBERG.NS
2018-09-30,HERITGFOOD.NS
2018-09-30,HEROMOTOCO.NS
2018-09-30,HEXAWARE.NS
2018-09-30,HFCL.NS
2018-09-30,HIMATSEIDE.NS
2018-09-30,HINDALCO.NS
2018-09-30,HINDCOPPER.NS
2018-09-30,HINDPETRO.NS
2018-09-30,HINDUNILVR.NS
2018-09-30,HINDZINC.NS
2018-09-30,HONAUT.NS
2018-09-30,HSCL.NS
2018-09-30,HUDCO.NS
2018-09-30,IBREALEST.NS
2018-09-30,IBULHSGFIN.NS
2018-09-30,IBULLSLTD.NS
2018-09-30,ICICIBANK.NS
2018-09-30,ICICIGI.NS
2018-09-30,ICICIPRULI.NS
2018-09-30,ICRA.NS
2018-09-30,IDBI.NS
2018-09-30,IDEA.NS
2018-09-30,IDFC.NS
2018-09-30,IDFCFIRSTB.NS
2018-09-30,IEX.NS
2018-09-30,IFBIND.NS
2018-09-30,IFCI.NS
2018-09-30,IGL.NS
2018-09-30,IIFL-RE.NS
2018-09-30,IIFL.NS
2018-09-30,INDHOTEL.NS
2018-09-30,INDIACEM.NS
2018-09-30,INDIANB.NS
2018-09-30,INDIGO.NS
2018-09-30,INDIGRID-IV.NS
2018-09-30,INDIGRID.NS
2018-09-30,INDOSTAR.NS
2018-09-30,INDUSINDBK.NS
2018-09-30,INDUSTOWER.NS
2018-09-30,INFIBEAM.NS
2018-09-30,INFY.NS
2018-09-30,INOXWIND.NS
2018-09-30,IOB.NS
2018-09-30,IOC.NS
2018-09-30,IPCALAB.NS
2018-09-30,IRB.NS
2018-09-30,IRBINVIT.NS
2018-09-30,ISEC.NS
2018-09-30,ITC.NS
2018-09-30,ITDC.NS
2018-09-30,ITI.NS
2018-09-30,J&KBANK.NS
2018-09-30,JAGRAN.NS
2018-09-30,JAMNAAUTO.NS
2018-09-30,JCHAC.NS
2018-09-30,JETAIRWAYS.NS
2018-09-30,JINDALSAW.NS
2018-09-30,JINDALSTEL.NS
2018-09-30,JISLDVREQS.NS
2018-09-30,JISLJALEQS.NS
2018-09-30,JKCEMENT.NS
2018-09-30,JKLAKSHMI.NS
2018-09-30,JKTYRE.NS
2018-09-30,JMFINANCIL.NS
2018-09-30,JPASSOCIAT.NS
2018-09-30,JSL.NS
2018-09-30,JSLHISAR.NS
2018-09-30,JSWDULUX.NS
2018-09-30,JSWENERGY.NS
2018-09-30,JSWSTEEL.NS
2018-09-30,JUBLFOOD.NS
2018-09-30,JUBLPHARMA.NS
2018-09-30,JUSTDIAL.NS
2018-09-30,JYOTHYLAB.NS
2018-09-30,KAJARIACER.NS
2018-09-30,KALPATPOWR.NS
2018-09-30,KANSAINER.NS
2018-09-30,KARURVYSYA.NS
2018-09-30,KEC.NS
2018-09-30,KEI.NS
2018-09-30,KIOCL.NS
2018-09-30,KIRLOSENG.NS
2018-09-30,KNRCON.NS
2018-09-30,KOTAKBANK.NS
2018-09-30,KPIL.NS
2018-09-30,KPRMILL.NS
2018-09-30,KRBL.NS
2018-09-30,KSCL.NS
2018-09-30,KTKBANK.NS
2018-09-30,L&TFH.NS
2018-09-30,LALPATHLAB.NS
2018-09-30,LAOPALA.NS
2018-09-30,LAURUSLABS.NS
2018-09-30,LAXMIMACH.NS
2018-09-30,LEMONTREE.NS
2018-09-30,LICHSGFIN.NS
2018-09-30,LINDEINDIA.NS
2018-09-30,LIQUIDBEES.NS
2018-09-30,LMW.NS
2018-09-30,LT.NS
2018-09-30,LTF.NS
2018-09-30,LTIM.NS
2018-09-30,LTTS.NS
2018-09-30,LUPIN.NS
2018-09-30,LUXIND.NS
2018-09-30,M&M.NS
2018-09-30,M&MFIN.NS
2018-09-30,MAHABANK.NS
2018-09-30,MAHINDCIE.NS
2018-09-30,MAHLOG.NS
2018-09-30,MAHSCOOTER.NS
2018-09-30,MAHSEAMLES.NS
2018-09-30,MANAPPURAM.NS
2018-09-30,MARICO.NS
2018-09-30,MARUTI.NS
2018-09-30,MASFIN.NS
2018-09-30,MBECL.NS
2018-09-30,MCDOWELL-N.NS
2018-09-30,MCX.NS
2018-09-30,MFSL.NS
2018-09-30,MGL.NS
2018-09-30,MHRIL.NS
2018-09-30,MINDACORP.NS
2018-09-30,MMTC.NS
2018-09-30,MOIL.NS
2018-09-30,MOTHERSON.NS
2018-09-30,MOTILALOFS.NS
2018-09-30,MPHASIS.NS
2018-09-30,MRF.NS
2018-09-30,MRPL.NS
2018-09-30,MUTHOOTFIN.NS
2018-09-30,NAM-INDIA.NS
2018-09-30,NATCOPHARM.NS
2018-09-30,NATIONALUM.NS
2018-09-30,NAUKRI.NS
2018-09-30,NAVINFLUOR.NS
2018-09-30,NAVNETEDUL.NS
2018-09-30,NBCC.NS
2018-09-30,NCC.NS
2018-09-30,NESCO.NS
2018-09-30,NESTLEIND.NS
2018-09-30,NETWORK18.NS
2018-09-30,NH.NS
2018-09-30,NHPC.NS
2018-09-30,NIACL.NS
2018-09-30,NLCINDIA.NS
2018-09-30,NMDC.NS
2018-09-30,NOCIL.NS
2018-09-30,NTPC.NS
2018-09-30,OBEROIRLTY.NS
2018-09-30,OFSS.NS
2018-09-30,OIL.NS
2018-09-30,OMAXE.NS
2018-09-30,ONGC.NS
2018-09-30,ORIENTELEC.NS
2018-09-30,PAGEIND.NS
2018-09-30,PCBL.NS
2018-09-30,PCJEWELLER.NS
2018-09-30,PEL.NS
2018-09-30,PERSISTENT.NS
2018-09-30,PETRONET.NS
2018-09-30,PFC.NS
2018-09-30,PFIZER.NS
2018-09-30,PGHH.NS
2018-09-30,PGHL.NS
2018-09-30,PHOENIXLTD.NS
2018-09-30,PIDILITIND.NS
2018-09-30,PIIND.NS
2018-09-30,PNB.NS
2018-09-30,PNBHOUSING.NS
2018-09-30,PNCINFRA.NS
2018-09-30,POONAWALLA.NS
2018-09-30,POWERGRID.NS
2018-09-30,PRESTIGE.NS
2018-09-30,PRSMJOHNSN.NS
2018-09-30,PSB.NS
2018-09-30,PVR.NS
2018-09-30,QUESS.NS
2018-09-30,RADICO.NS
2018-09-30,RAIN.NS
2018-09-30,RAJESHEXPO.NS
2018-09-30,RALLIS.NS
2018-09-30,RAMCOCEM.NS
2018-09-30,RANEHOLDIN.NS
2018-09-30,RATNAMANI.NS
2018-09-30,RBLBANK.NS
2018-09-30,RCF.NS
2018-09-30,RCOM.NS
2018-09-30,RECLTD.NS
2018-09-30,REDINGTON.NS
2018-09-30,RELAXO.NS
2018-09-30,RELCAPITAL.NS
2018-09-30,RELIANCE.NS
2018-09-30,RELINFRA.NS
2018-09-30,REPCOHOME.NS
2018-09-30,RHFL.NS
2018-09-30,RITES.NS
2018-09-30,RNAVAL.NS
2018-09-30,RPOWER.NS
2018-09-30,RUPA.NS
2018-09-30,SABTN.NS
2018-09-30,SADBHAV.NS
2018-09-30,SADBHIN.NS
2018-09-30,SAIL.NS
2018-09-30,SAMMAANCAP.NS
2018-09-30,SANOFI.NS
2018-09-30,SBILIFE.NS
2018-09-30,SBIN.NS
2018-09-30,SCHAEFFLER.NS
2018-09-30,SEQUENT.NS
2018-09-30,SFL.NS
2018-09-30,SHARDACROP.NS
2018-09-30,SHILPAMED.NS
2018-09-30,SHK.NS
2018-09-30,SHOPERSTOP.NS
2018-09-30,SHREECEM.NS
2018-09-30,SHRIPISTON.NS
2018-09-30,SHRIRAMFIN.NS
2018-09-30,SIEMENS.NS
2018-09-30,SIS.NS
2018-09-30,SJVN.NS
2018-09-30,SKFINDIA.NS
2018-09-30,SOBHA.NS
2018-09-30,SOLARINDS.NS
2018-09-30,SONATSOFTW.NS
2018-09-30,SOUTHBANK.NS
2018-09-30,SPARC.NS
2018-09-30,SPICEJET.NS
2018-09-30,SREINFRA.NS
2018-09-30,SRF.NS
2018-09-30,STARCEMENT.NS
2018-09-30,STLTECH.NS
2018-09-30,SUDARSCHEM.NS
2018-09-30,SUNCLAYLTD.NS
2018-09-30,SUNDARMFIN.NS
2018-09-30,SUNDRMFAST.NS
2018-09-30,SUNPHARMA.NS
2018-09-30,SUNTECK.NS
2018-09-30,SUNTV.NS
2018-09-30,SUPRAJIT.NS
2018-09-30,SUPREMEIND.NS
2018-09-30,SUZLON.NS
2018-09-30,SWANCORP.NS
2018-09-30,SWANENERGY.NS
2018-09-30,SYMPHONY.NS
2018-09-30,SYNGENE.NS
2018-09-30,TAKE.NS
2018-09-30,TATACHEM.NS
2018-09-30,TATACOMM.NS
2018-09-30,TATACONSUM.NS
2018-09-30,TATAELXSI.NS
2018-09-30,TATAMOTORS.NS
2018-09-30,TATAMTRDVR.NS
2018-09-30,TATAPOWER.NS
2018-09-30,TATASTEEL.NS
2018-09-30,TCNSBRANDS.NS
2018-09-30,TCS.NS
2018-09-30,TEAMLEASE.NS
2018-09-30,TECHM.NS
2018-09-30,TEJASNET.NS
2018-09-30,THERMAX.NS
2018-09-30,THOMASCOOK.NS
2018-09-30,TIINDIA.NS
2018-09-30,TIMETECHNO.NS
2018-09-30,TIMKEN.NS
2018-09-30,TITAN.NS
2018-09-30,TMPV.NS
2018-09-30,TORNTPHARM.NS
2018-09-30,TORNTPOWER.NS
2018-09-30,TRENT.NS
2018-09-30,TRIDENT.NS
2018-09-30,TRITURBINE.NS
2018-09-30,TTKPRESTIG.NS
2018-09-30,TV18BRDCST.NS
2018-09-30,TVSHLTD.NS
2018-09-30,TVSMOTOR.NS
2018-09-30,UBL.NS
2018-09-30,UCOBANK.NS
2018-09-30,UEL.NS
2018-09-30,UJAAS.NS
2018-09-30,UJJIVAN.NS
2018-09-30,ULTRACEMCO.NS
2018-09-30,UNIONBANK.NS
2018-09-30,UNITDSPR.NS
2018-09-30,UNOMINDA.NS
2018-09-30,UPL.NS
2018-09-30,UTISENSETF.NS
2018-09-30,VAKRANGEE.NS
2018-09-30,VARROC.NS
2018-09-30,VBL.NS
2018-09-30,VEDL.NS
2018-09-30,VENKEYS.NS
2018-09-30,VGUARD.NS
2018-09-30,VHLTD.NS
2018-09-30,VICEROY.NS
2018-09-30,VINATIORGA.NS
2018-09-30,VIPIND.NS
2018-09-30,VOLTAS.NS
2018-09-30,VSTIND.NS
2018-09-30,VTL.NS
2018-09-30,WELCORP.NS
2018-09-30,WELSPUNIND.NS
2018-09-30,WELSPUNLIV.NS
2018-09-30,WHIRLPOOL.NS
2018-09-30,WIPRO.NS
2018-09-30,WOCKPHARMA.NS
2018-09-30,YAARI.NS
2018-09-30,YESBANK.NS
2018-09-30,ZEEL.NS
2018-09-30,ZENSARTECH.NS
2018-09-30,ZYDUSLIFE.NS
2019-03-31,3MINDIA.NS
2019-03-31,AARTIIND.NS
2019-03-31,AAVAS.NS
2019-03-31,ABB.NS
2019-03-31,ABBOTINDIA.NS
2019-03-31,ABCAPITAL.NS
2019-03-31,ABFRL.NS
2019-03-31,ABREL.NS
2019-03-31,ACC.NS
2019-03-31,ADANIENSOL.NS
2019-03-31,ADANIENT.NS
2019-03-31,ADANIGREEN.NS
2019-03-31,ADANIPORTS.NS
2019-03-31,ADANIPOWER.NS
2019-03-31,ADANITRANS.NS
2019-03-31,AEGISCHEM.NS
2019-03-31,AEGISLOG.NS
2019-03-31,AIAENG.NS
2019-03-31,AJANTPHARM.NS
2019-03-31,AKZOINDIA.NS
2019-03-31,ALKEM.NS
2019-03-31,AMARAJABAT.NS
2019-03-31,AMBER.NS
2019-03-31,AMBUJACEM.NS
2019-03-31,APARINDS.NS
2019-03-31,APLAPOLLO.NS
2019-03-31,APLLTD.NS
2019-03-31,APOLLOHOSP.NS
2019-03-31,APOLLOTYRE.NS
2019-03-31,ARE&M.NS
2019-03-31,ASAHIINDIA.NS
2019-03-31,ASHOKA.NS
2019-03-31,ASHOKLEY.NS
2019-03-31,ASIANPAINT.NS
2019-03-31,ASTERDM.NS
2019-03-31,ASTRAL.NS
2019-03-31,ASTRAZEN.NS
2019-03-31,ATGL.NS
2019-03-31,ATUL.NS
2019-03-31,AUBANK.NS
2019-03-31,AUROPHARMA.NS
2019-03-31,AVANTIFEED.NS
2019-03-31,AXISBANK.NS
2019-03-31,BAJAJ-AUTO.NS
2019-03-31,BAJAJCON.NS
2019-03-31,BAJAJELEC.NS
2019-03-31,BAJAJFINSV.NS
2019-03-31,BAJAJHLDNG.NS
2019-03-31,BAJFINANCE.NS
2019-03-31,BALKRISIND.NS
2019-03-31,BALRAMCHIN.NS
2019-03-31,BANDHANBNK.NS
2019-03-31,BANKBARODA.NS
2019-03-31,BANKINDIA.NS
2019-03-31,BASF.NS
2019-03-31,BATAINDIA.NS
2019-03-31,BAYERCROP.NS
2019-03-31,BBTC.NS
2019-03-31,BDL.NS
2019-03-31,BEL.NS
2019-03-31,BERGEPAINT.NS
2019-03-31,BHARATFORG.NS
2019-03-31,BHARTIARTL.NS
2019-03-31,BHEL.NS
2019-03-31,BIOCON.NS
2019-03-31,BIRLACORPN.NS
2019-03-31,BLUEDART.NS
2019-03-31,BLUESTARCO.NS
2019-03-31,BOSCHLTD.NS
2019-03-31,BPCL.NS
2019-03-31,BRITANNIA.NS
2019-03-31,BSOFT.NS
2019-03-31,CANBK.NS
2019-03-31,CANFINHOME.NS
2019-03-31,CAPLIPOINT.NS
2019-03-31,CARBORUNIV.NS
2019-03-31,CARERATING.NS
2019-03-31,CASTROLIND.NS
2019-03-31,CCL.NS
2019-03-31,CDSL.NS
2019-03-31,CEATLTD.NS
2019-03-31,CENTRALBK.NS
2019-03-31,CENTURYPLY.NS
2019-03-31,CENTURYTEX.NS
2019-03-31,CERA.NS
2019-03-31,CESC.NS
2019-03-31,CGCL.NS
2019-03-31,CGPOWER.NS
2019-03-31,CHAMBLFERT.NS
2019-03-31,CHENNPETRO.NS
2019-03-31,CHOLAFIN.NS
2019-03-31,CHOLAHLDNG.NS
2019-03-31,CIEINDIA.NS
2019-03-31,CIPLA.NS
2019-03-31,COALINDIA.NS
2019-03-31,COCHINSHIP.NS
2019-03-31,COFFEEDAY.NS
2019-03-31,COFORGE.NS
2019-03-31,COLPAL.NS
2019-03-31,CONCOR.NS
2019-03-31,COROMANDEL.NS
2019-03-31,COX&KINGS.NS
2019-03-31,CPSEETF.NS
2019-03-31,CREDITACC.NS
2019-03-31,CRISIL.NS
2019-03-31,CROMPTON.NS
2019-03-31,CUB.NS
2019-03-31,CUMMINSIND.NS
2019-03-31,CYIENT.NS
2019-03-31,DABUR.NS
2019-03-31,DALBHARAT.NS
2019-03-31,DBCORP.NS
2019-03-31,DBL.NS
2019-03-31,DCAL.NS
2019-03-31,DCBBANK.NS
2019-03-31,DCMSHRIRAM.NS
2019-03-31,DEEPAKNTR.NS
2019-03-31,DELTACORP.NS
2019-03-31,DHANI.NS
2019-03-31,DHFL.NS
2019-03-31,DISHTV.NS
2019-03-31,DIVISLAB.NS
2019-03-31,DIXON.NS
2019-03-31,DLF.NS
2019-03-31,DMART.NS
2019-03-31,DRREDDY.NS
2019-03-31,ECLERX.NS
2019-03-31,EDELWEISS.NS
2019-03-31,EICHERMOT.NS
2019-03-31,EIDPARRY.NS
2019-03-31,EIHOTEL.NS
2019-03-31,ELGIEQUIP.NS
2019-03-31,EMAMILTD.NS
2019-03-31,ENDURANCE.NS
2019-03-31,ENGINERSIN.NS
2019-03-31,ENIL.NS
2019-03-31,EPL.NS
2019-03-31,EQUITAS.NS
2019-03-31,ERIS.NS
2019-03-31,ESCORTS.NS
2019-03-31,EXIDEIND.NS
2019-03-31,FACT.NS
2019-03-31,FCONSUMER.NS
2019-03-31,FDC.NS
2019-03-31,FEDERALBNK.NS
2019-03-31,FINCABLES.NS
2019-03-31,FINEORG.NS
2019-03-31,FINPIPE.NS
2019-03-31,FLFL.NS
2019-03-31,FMGOETZE.NS
2019-03-31,FORTIS.NS
2019-03-31,FRETAIL.NS
2019-03-31,FSC.NS
2019-03-31,FSL.NS
2019-03-31,GAIL.NS
2019-03-31,GALAXYSURF.NS
2019-03-31,GAYAPROJ.NS
2019-03-31,GEPIL.NS
2019-03-31,GESHIP.NS
2019-03-31,GET&D.NS
2019-03-31,GICRE.NS
2019-03-31,GILLETTE.NS
2019-03-31,GLAXO.NS
2019-03-31,GLENMARK.NS
2019-03-31,GMDCLTD.NS
2019-03-31,GMRAIRPORT.NS
2019-03-31,GMRINFRA.NS
2019-03-31,GNFC.NS
2019-03-31,GODFRYPHLP.NS
2019-03-31,GODREJAGRO.NS
2019-03-31,GODREJCP.NS
2019-03-31,GODREJIND.NS
2019-03-31,GODREJPROP.NS
2019-03-31,GPPL.NS
2019-03-31,GRANULES.NS
2019-03-31,GRAPHITE.NS
2019-03-31,GRASIM.NS
2019-03-31,GREAVESCOT.NS
2019-03-31,GRINDWELL.NS
2019-03-31,GSFC.NS
2019-03-31,GSPL.NS
2019-03-31,GUJALKALI.NS
2019-03-31,GUJGASLTD.NS
2019-03-31,GULFOILLUB.NS
2019-03-31,GVPIL.NS
2019-03-31,GVT&D.NS
2019-03-31,HAL.NS
2019-03-31,HATHWAY.NS
2019-03-31,HATSUN.NS
2019-03-31,HAVELLS.NS
2019-03-31,HCLTECH.NS
2019-03-31,HDFC.NS
2019-03-31,HDFCAMC.NS
2019-03-31,HDFCBANK.NS
2019-03-31,HDFCLIFE.NS
2019-03-31,HEG.NS
2019-03-31,HEIDELBERG.NS
2019-03-31,HERITGFOOD.NS
2019-03-31,HEROMOTOCO.NS
2019-03-31,HEXAWARE.NS
2019-03-31,HFCL.NS
2019-03-31,HINDALCO.NS
2019-03-31,HINDCOPPER.NS
2019-03-31,HINDPETRO.NS
2019-03-31,HINDUNILVR.NS
2019-03-31,HINDZINC.NS
2019-03-31,HONAUT.NS
2019-03-31,HSCL.NS
2019-03-31,HUDCO.NS
2019-03-31,IBREALEST.NS
2019-03-31,IBULHSGFIN.NS
2019-03-31,IBULLSLTD.NS
2019-03-31,ICICIBANK.NS
2019-03-31,ICICIGI.NS
2019-03-31,ICICIPRULI.NS
2019-03-31,ICRA.NS
2019-03-31,IDBI.NS
2019-03-31,IDEA.NS
2019-03-31,IDFC.NS
2019-03-31,IDFCFIRSTB.NS
2019-03-31,IEX.NS
2019-03-31,IFBIND.NS
2019-03-31,IGL.NS
2019-03-31,IIFL-RE.NS
2019-03-31,IIFL.NS
2019-03-31,INDHOTEL.NS
2019-03-31,INDIACEM.NS
2019-03-31,INDIANB.NS
2019-03-31,INDIGO.NS
2019-03-31,INDIGRID-IV.NS
2019-03-31,INDIGRID.NS
2019-03-31,INDOSTAR.NS
2019-03-31,INDUSINDBK.NS
2019-03-31,INDUSTOWER.NS
2019-03-31,INFY.NS
2019-03-31,INOXLEISUR.NS
2019-03-31,INOXWIND.NS
2019-03-31,INTELLECT.NS
2019-03-31,IOB.NS
2019-03-31,IOC.NS
2019-03-31,IPCALAB.NS
2019-03-31,IRB.NS
2019-03-31,IRBINVIT.NS
2019-03-31,IRCON.NS
2019-03-31,ISEC.NS
2019-03-31,ITC.NS
2019-03-31,ITI.NS
2019-03-31,JAGRAN.NS
2019-03-31,JAMNAAUTO.NS
2019-03-31,JCHAC.NS
2019-03-31,JETAIRWAYS.NS
2019-03-31,JINDALSAW.NS
2019-03-31,JINDALSTEL.NS
2019-03-31,JISLJALEQS.NS
2019-03-31,JKCEMENT.NS
2019-03-31,JKLAKSHMI.NS
2019-03-31,JKPAPER.NS
2019-03-31,JMFINANCIL.NS
2019-03-31,JSWDULUX.NS
2019-03-31,JSWENERGY.NS
2019-03-31,JSWHL.NS
2019-03-31,JSWSTEEL.NS
2019-03-31,JTEKTINDIA.NS
2019-03-31,JUBLFOOD.NS
2019-03-31,JUBLPHARMA.NS
2019-03-31,JUSTDIAL.NS
2019-03-31,JYOTHYLAB.NS
2019-03-31,KAJARIACER.NS
2019-03-31,KALPATPOWR.NS
2019-03-31,KANSAINER.NS
2019-03-31,KARURVYSYA.NS
2019-03-31,KEC.NS
2019-03-31,KEI.NS
2019-03-31,KIOCL.NS
2019-03-31,KIRLOSENG.NS
2019-03-31,KNRCON.NS
2019-03-31,KOTAKBANK.NS
2019-03-31,KPIL.NS
2019-03-31,KPRMILL.NS
2019-03-31,KRBL.NS
2019-03-31,KSB.NS
2019-03-31,KSCL.NS
2019-03-31,KTKBANK.NS
2019-03-31,L&TFH.NS
2019-03-31,LALPATHLAB.NS
2019-03-31,LAOPALA.NS
2019-03-31,LAURUSLABS.NS
2019-03-31,LAXMIMACH.NS
2019-03-31,LEMONTREE.NS
2019-03-31,LICHSGFIN.NS
2019-03-31,LINDEINDIA.NS
2019-03-31,LIQUIDBEES.NS
2019-03-31,LMW.NS
2019-03-31,LT.NS
2019-03-31,LTF.NS
2019-03-31,LTIM.NS
2019-03-31,LTTS.NS
2019-03-31,LUPIN.NS
2019-03-31,LUXIND.NS
2019-03-31,M&M.NS
2019-03-31,M&MFIN.NS
2019-03-31,MAHABANK.NS
2019-03-31,MAHINDCIE.NS
2019-03-31,MAHLOG.NS
2019-03-31,MAHSCOOTER.NS
2019-03-31,MAHSEAMLES.NS
2019-03-31,MANAPPURAM.NS
2019-03-31,MARICO.NS
2019-03-31,MARUTI.NS
2019-03-31,MASFIN.NS
2019-03-31,MBECL.NS
2019-03-31,MCDOWELL-N.NS
2019-03-31,MCX.NS
2019-03-31,MFSL.NS
2019-03-31,MGL.NS
2019-03-31,MHRIL.NS
2019-03-31,MIDHANI.NS
2019-03-31,MINDACORP.NS
2019-03-31,MMTC.NS
2019-03-31,MOIL.NS
2019-03-31,MOTHERSON.NS
2019-03-31,MOTILALOFS.NS
2019-03-31,MPHASIS.NS
2019-03-31,MRF.NS
2019-03-31,MRPL.NS
2019-03-31,MUTHOOTFIN.NS
2019-03-31,NAM-INDIA.NS
2019-03-31,NATCOPHARM.NS
2019-03-31,NATIONALUM.NS
2019-03-31,NAUKRI.NS
2019-03-31,NAVINFLUOR.NS
2019-03-31,NAVNETEDUL.NS
2019-03-31,NBCC.NS
2019-03-31,NCC.NS
2019-03-31,NESCO.NS
2019-03-31,NESTLEIND.NS
2019-03-31,NETWORK18.NS
2019-03-31,NH.NS
2019-03-31,NHPC.NS
2019-03-31,NIACL.NS
2019-03-31,NLCINDIA.NS
2019-03-31,NMDC.NS
2019-03-31,NOCIL.NS
2019-03-31,NTPC.NS
2019-03-31,OBEROIRLTY.NS
2019-03-31,OFSS.NS
2019-03-31,OIL.NS
2019-03-31,OMAXE.NS
2019-03-31,ONGC.NS
2019-03-31,ORIENTELEC.NS
2019-03-31,PAGEIND.NS
2019-03-31,PCBL.NS
2019-03-31,PCJEWELLER.NS
2019-03-31,PEL.NS
2019-03-31,PERSISTENT.NS
2019-03-31,PETRONET.NS
2019-03-31,PFC.NS
2019-03-31,PFIZER.NS
2019-03-31,PGHH.NS
2019-03-31,PGHL.NS
2019-03-31,PHOENIXLTD.NS
2019-03-31,PIDILITIND.NS
2019-03-31,PIIND.NS
2019-03-31,PNB.NS
2019-03-31,PNBHOUSING.NS
2019-03-31,PNCINFRA.NS
2019-03-31,POONAWALLA.NS
2019-03-31,POWERGRID.NS
2019-03-31,PRESTIGE.NS
2019-03-31,PRSMJOHNSN.NS
2019-03-31,PSB.NS
2019-03-31,PTC.NS
2019-03-31,PVR.NS
2019-03-31,QUESS.NS
2019-03-31,RADICO.NS
2019-03-31,RAIN.NS
2019-03-31,RAJESHEXPO.NS
2019-03-31,RALLIS.NS
2019-03-31,RAMCOCEM.NS
2019-03-31,RATNAMANI.NS
2019-03-31,RBLBANK.NS
2019-03-31,RCF.NS
2019-03-31,RCOM.NS
2019-03-31,RECLTD.NS
2019-03-31,REDINGTON.NS
2019-03-31,RELAXO.NS
2019-03-31,RELCAPITAL.NS
2019-03-31,RELIANCE.NS
2019-03-31,RELINFRA.NS
2019-03-31,REPCOHOME.NS
2019-03-31,RESPONIND.NS
2019-03-31,RHIM.NS
2019-03-31,RITES.NS
2019-03-31,RNAVAL.NS
2019-03-31,RPOWER.NS
2019-03-31,RUPA.NS
2019-03-31,SADBHAV.NS
2019-03-31,SADBHIN.NS
2019-03-31,SAIL.NS
2019-03-31,SAMMAANCAP.NS
2019-03-31,SANOFI.NS
2019-03-31,SBILIFE.NS
2019-03-31,SBIN.NS
2019-03-31,SCHAEFFLER.NS
2019-03-31,SCHNEIDER.NS
2019-03-31,SFL.NS
2019-03-31,SHARDACROP.NS
2019-03-31,SHILPAMED.NS
2019-03-31,SHOPERSTOP.NS
2019-03-31,SHREECEM.NS
2019-03-31,SHRIPISTON.NS
2019-03-31,SHRIRAMFIN.NS
2019-03-31,SIEMENS.NS
2019-03-31,SIS.NS
2019-03-31,SJVN.NS
2019-03-31,SKFINDIA.NS
2019-03-31,SOBHA.NS
2019-03-31,SOLARINDS.NS
2019-03-31,SONATSOFTW.NS
2019-03-31,SOUTHBANK.NS
2019-03-31,SPARC.NS
2019-03-31,SPICEJET.NS
2019-03-31,SRF.NS
2019-03-31,STARCEMENT.NS
2019-03-31,STLTECH.NS
2019-03-31,SUNCLAYLTD.NS
2019-03-31,SUNDARMFIN.NS
2019-03-31,SUNDRMFAST.NS
2019-03-31,SUNPHARMA.NS
2019-03-31,SUNTECK.NS
2019-03-31,SUNTV.NS
2019-03-31,SUPRAJIT.NS
2019-03-31,SUPREMEIND.NS
2019-03-31,SUZLON.NS
2019-03-31,SWANCORP.NS
2019-03-31,SWANENERGY.NS
2019-03-31,SYMPHONY.NS
2019-03-31,SYNGENE.NS
2019-03-31,TATACHEM.NS
2019-03-31,TATACOMM.NS
2019-03-31,TATACONSUM.NS
2019-03-31,TATAELXSI.NS
2019-03-31,TATAMOTORS.NS
2019-03-31,TATAMTRDVR.NS
2019-03-31,TATAPOWER.NS
2019-03-31,TATASTEEL.NS
2019-03-31,TCIEXP.NS
2019-03-31,TCNSBRANDS.NS
2019-03-31,TCS.NS
2019-03-31,TEAMLEASE.NS
2019-03-31,TECHM.NS
2019-03-31,TECHNOE.NS
2019-03-31,THERMAX.NS
2019-03-31,THOMASCOOK.NS
2019-03-31,TIINDIA.NS
2019-03-31,TIMKEN.NS
2019-03-31,TITAN.NS
2019-03-31,TMPV.NS
2019-03-31,TORNTPHARM.NS
2019-03-31,TORNTPOWER.NS
2019-03-31,TRENT.NS
2019-03-31,TRIDENT.NS
2019-03-31,TRITURBINE.NS
2019-03-31,TTKPRESTIG.NS
2019-03-31,TV18BRDCST.NS
2019-03-31,TVSHLTD.NS
2019-03-31,TVSMOTOR.NS
2019-03-31,UBL.NS
2019-03-31,UCOBANK.NS
2019-03-31,UEL.NS
2019-03-31,UJAAS.NS
2019-03-31,UJJIVAN.NS
2019-03-31,ULTRACEMCO.NS
2019-03-31,UNIONBANK.NS
2019-03-31,UNITDSPR.NS
2019-03-31,UNOMINDA.NS
2019-03-31,UPL.NS
2019-03-31,UTISENSETF.NS
2019-03-31,VAKRANGEE.NS
2019-03-31,VARROC.NS
2019-03-31,VBL.NS
2019-03-31,VEDL.NS
2019-03-31,VENKEYS.NS
2019-03-31,VGUARD.NS
2019-03-31,VINATIORGA.NS
2019-03-31,VIPIND.NS
2019-03-31,VOLTAS.NS
2019-03-31,VSTIND.NS
2019-03-31,VTL.NS
2019-03-31,WELCORP.NS
2019-03-31,WELSPUNIND.NS
2019-03-31,WELSPUNLIV.NS
2019-03-31,WHIRLPOOL.NS
2019-03-31,WIPRO.NS
2019-03-31,WOCKPHARMA.NS
2019-03-31,YAARI.NS
2019-03-31,YESBANK.NS
2019-03-31,ZEEL.NS
2019-03-31,ZENSARTECH.NS
2019-03-31,ZYDUSLIFE.NS
2019-09-30,3MINDIA.NS
2019-09-30,AARTIIND.NS
2019-09-30,AAVAS.NS
2019-09-30,ABB.NS
2019-09-30,ABBOTINDIA.NS
2019-09-30,ABCAPITAL.NS
2019-09-30,ABFRL.NS
2019-09-30,ABREL.NS
2019-09-30,ACC.NS
2019-09-30,ADANIENSOL.NS
2019-09-30,ADANIENT.NS
2019-09-30,ADANIGREEN.NS
2019-09-30,ADANIPORTS.NS
2019-09-30,ADANIPOWER.NS
2019-09-30,ADANITRANS.NS
2019-09-30,AEGISCHEM.NS
2019-09-30,AEGISLOG.NS
2019-09-30,AIAENG.NS
2019-09-30,AJANTPHARM.NS
2019-09-30,AKZOINDIA.NS
2019-09-30,ALKEM.NS
2019-09-30,AMARAJABAT.NS
2019-09-30,AMBER.NS
2019-09-30,AMBUJACEM.NS
2019-09-30,APARINDS.NS
2019-09-30,APLAPOLLO.NS
2019-09-30,APLLTD.NS
2019-09-30,APOLLOHOSP.NS
2019-09-30,APOLLOTYRE.NS
2019-09-30,ARE&M.NS
2019-09-30,ARVINDFASN.NS
2019-09-30,ASAHIINDIA.NS
2019-09-30,ASHOKA.NS
2019-09-30,ASHOKLEY.NS
2019-09-30,ASIANPAINT.NS
2019-09-30,ASTERDM.NS
2019-09-30,ASTRAL.NS
2019-09-30,ASTRAZEN.NS
2019-09-30,ATGL.NS
2019-09-30,ATUL.NS
2019-09-30,AUBANK.NS
2019-09-30,AUROPHARMA.NS
2019-09-30,AVANTIFEED.NS
2019-09-30,AXISBANK.NS
2019-09-30,BAJAJ-AUTO.NS
2019-09-30,BAJAJCON.NS
2019-09-30,BAJAJELEC.NS
2019-09-30,BAJAJFINSV.NS
2019-09-30,BAJAJHLDNG.NS
2019-09-30,BAJFINANCE.NS
2019-09-30,BALKRISIND.NS
2019-09-30,BALRAMCHIN.NS
2019-09-30,BANDHANBNK.NS
2019-09-30,BANKBARODA.NS
2019-09-30,BANKINDIA.NS
2019-09-30,BASF.NS
2019-09-30,BATAINDIA.NS
2019-09-30,BAYERCROP.NS
2019-09-30,BBTC.NS
2019-09-30,BDL.NS
2019-09-30,BEL.NS
2019-09-30,BERGEPAINT.NS
2019-09-30,BHARATFORG.NS
2019-09-30,BHARTIARTL.NS
2019-09-30,BHEL.NS
2019-09-30,BIOCON.NS
2019-09-30,BIRLACORPN.NS
2019-09-30,BLUEDART.NS
2019-09-30,BLUESTARCO.NS
2019-09-30,BOSCHLTD.NS
2019-09-30,BPCL.NS
2019-09-30,BRIGADE.NS
2019-09-30,BRITANNIA.NS
2019-09-30,BSOFT.NS
2019-09-30,CANBK.NS
2019-09-30,CANFINHOME.NS
2019-09-30,CAPLIPOINT.NS
2019-09-30,CARBORUNIV.NS
2019-09-30,CARERATING.NS
2019-09-30,CASTROLIND.NS
2019-09-30,CCL.NS
2019-09-30,CDSL.NS
2019-09-30,CEATLTD.NS
2019-09-30,CENTRALBK.NS
2019-09-30,CENTURYPLY.NS
2019-09-30,CENTURYTEX.NS
2019-09-30,CERA.NS
2019-09-30,CESC.NS
2019-09-30,CGCL.NS
2019-09-30,CGPOWER.NS
2019-09-30,CHALET.NS
2019-09-30,CHAMBLFERT.NS
2019-09-30,CHENNPETRO.NS
2019-09-30,CHOLAFIN.NS
2019-09-30,CHOLAHLDNG.NS
2019-09-30,CIEINDIA.NS
2019-09-30,CIPLA.NS
2019-09-30,COALINDIA.NS
2019-09-30,COCHINSHIP.NS
2019-09-30,COFFEEDAY.NS
2019-09-30,COFORGE.NS
2019-09-30,COLPAL.NS
2019-09-30,CONCOR.NS
2019-09-30,COROMANDEL.NS
2019-09-30,CPSEETF.NS
2019-09-30,CREDITACC.NS
2019-09-30,CRISIL.NS
2019-09-30,CROMPTON.NS
2019-09-30,CUB.NS
2019-09-30,CUMMINSIND.NS
2019-09-30,CYIENT.NS
2019-09-30,DABUR.NS
2019-09-30,DALBHARAT.NS
2019-09-30,DBCORP.NS
2019-09-30,DBL.NS
2019-09-30,DCAL.NS
2019-09-30,DCBBANK.NS
2019-09-30,DCMSHRIRAM.NS
2019-09-30,DEEPAKNTR.NS
2019-09-30,DELTACORP.NS
2019-09-30,DEN.NS
2019-09-30,DHANI.NS
2019-09-30,DHFL.NS
2019-09-30,DISHTV.NS
2019-09-30,DIVISLAB.NS
2019-09-30,DIXON.NS
2019-09-30,DLF.NS
2019-09-30,DMART.NS
2019-09-30,DRREDDY.NS
2019-09-30,ECLERX.NS
2019-09-30,EDELWEISS.NS
2019-09-30,EICHERMOT.NS
2019-09-30,EIDPARRY.NS
2019-09-30,EIHOTEL.NS
2019-09-30,ELGIEQUIP.NS
2019-09-30,EMAMILTD.NS
2019-09-30,EMBASSY-RR.NS
2019-09-30,EMBASSY.NS
2019-09-30,ENDURANCE.NS
2019-09-30,ENGINERSIN.NS
2019-09-30,EPL.NS
2019-09-30,EQUITAS.NS
2019-09-30,ERIS.NS
2019-09-30,ESCORTS.NS
2019-09-30,EXIDEIND.NS
2019-09-30,FACT.NS
2019-09-30,FCONSUMER.NS
2019-09-30,FDC.NS
2019-09-30,FEDERALBNK.NS
2019-09-30,FINCABLES.NS
2019-09-30,FINEORG.NS
2019-09-30,FINPIPE.NS
2019-09-30,FLFL.NS
2019-09-30,FMGOETZE.NS
2019-09-30,FORTIS.NS
2019-09-30,FRETAIL.NS
2019-09-30,FSC.NS
2019-09-30,FSL.NS
2019-09-30,GAIL.NS
2019-09-30,GALAXYSURF.NS
2019-09-30,GAYAPROJ.NS
2019-09-30,GEPIL.NS
2019-09-30,GESHIP.NS
2019-09-30,GET&D.NS
2019-09-30,GHCL.NS
2019-09-30,GICRE.NS
2019-09-30,GILLETTE.NS
2019-09-30,GLAXO.NS
2019-09-30,GLENMARK.NS
2019-09-30,GMDCLTD.NS
2019-09-30,GMRAIRPORT.NS
2019-09-30,GMRINFRA.NS
2019-09-30,GNFC.NS
2019-09-30,GODFRYPHLP.NS
2019-09-30,GODREJAGRO.NS
2019-09-30,GODREJCP.NS
2019-09-30,GODREJIND.NS
2019-09-30,GODREJPROP.NS
2019-09-30,GPPL.NS
2019-09-30,GRANULES.NS
2019-09-30,GRAPHITE.NS
2019-09-30,GRASIM.NS
2019-09-30,GREAVESCOT.NS
2019-09-30,GRINDWELL.NS
2019-09-30,GSFC.NS
2019-09-30,GSPL.NS
2019-09-30,GUJALKALI.NS
2019-09-30,GUJGASLTD.NS
2019-09-30,GULFOILLUB.NS
2019-09-30,GVPIL.NS
2019-09-30,GVT&D.NS
2019-09-30,HAL.NS
2019-09-30,HATHWAY.NS
2019-09-30,HATSUN.NS
2019-09-30,HAVELLS.NS
2019-09-30,HCLTECH.NS
2019-09-30,HDFC.NS
2019-09-30,HDFCAMC.NS
2019-09-30,HDFCBANK.NS
2019-09-30,HDFCLIFE.NS
2019-09-30,HEG.NS
2019-09-30,HEIDELBERG.NS
2019-09-30,HEROMOTOCO.NS
2019-09-30,HEXAWARE.NS
2019-09-30,HFCL.NS
2019-09-30,HINDALCO.NS
2019-09-30,HINDCOPPER.NS
2019-09-30,HINDPETRO.NS
2019-09-30,HINDUNILVR.NS
2019-09-30,HINDZINC.NS
2019-09-30,HONAUT.NS
2019-09-30,HSCL.NS
2019-09-30,HUDCO.NS
2019-09-30,IBREALEST.NS
2019-09-30,IBULHSGFIN.NS
2019-09-30,ICICIBANK.NS
2019-09-30,ICICIGI.NS
2019-09-30,ICICIPRULI.NS
2019-09-30,ICRA.NS
2019-09-30,IDBI.NS
2019-09-30,IDEA.NS
2019-09-30,IDFC.NS
2019-09-30,IDFCFIRSTB.NS
2019-09-30,IEX.NS
2019-09-30,IFBIND.NS
2019-09-30,IGL.NS
2019-09-30,IIFL-RE.NS
2019-09-30,IIFL.NS
2019-09-30,INDHOTEL.NS
2019-09-30,INDIACEM.NS
2019-09-30,INDIAMART.NS
2019-09-30,INDIANB.NS
2019-09-30,INDIGO.NS
2019-09-30,INDIGRID-IV.NS
2019-09-30,INDIGRID.NS
2019-09-30,INDOSTAR.NS
2019-09-30,INDUSINDBK.NS
2019-09-30,INDUSTOWER.NS
2019-09-30,INFIBEAM.NS
2019-09-30,INFY.NS
2019-09-30,INOXLEISUR.NS
2019-09-30,INTELLECT.NS
2019-09-30,IOB.NS
2019-09-30,IOC.NS
2019-09-30,IPCALAB.NS
2019-09-30,IRB.NS
2019-09-30,IRBINVIT.NS
2019-09-30,IRCON.NS
2019-09-30,ISEC.NS
2019-09-30,ITC.NS
2019-09-30,ITI.NS
2019-09-30,J&KBANK.NS
2019-09-30,JAGRAN.NS
2019-09-30,JCHAC.NS
2019-09-30,JINDALSAW.NS
2019-09-30,JINDALSTEL.NS
2019-09-30,JKCEMENT.NS
2019-09-30,JKLAKSHMI.NS
2019-09-30,JKPAPER.NS
2019-09-30,JMFINANCIL.NS
2019-09-30,JSWDULUX.NS
2019-09-30,JSWENERGY.NS
2019-09-30,JSWHL.NS
2019-09-30,JSWSTEEL.NS
2019-09-30,JUBLFOOD.NS
2019-09-30,JUBLPHARMA.NS
2019-09-30,JUSTDIAL.NS
2019-09-30,JYOTHYLAB.NS
2019-09-30,KAJARIACER.NS
2019-09-30,KALPATPOWR.NS
2019-09-30,KANSAINER.NS
2019-09-30,KARURVYSYA.NS
2019-09-30,KEC.NS
2019-09-30,KEI.NS
2019-09-30,KENNAMET.NS
2019-09-30,KIOCL.NS
2019-09-30,KIRLOSENG.NS
2019-09-30,KNRCON.NS
2019-09-30,KOTAKBANK.NS
2019-09-30,KPIL.NS
2019-09-30,KPITTECH.NS
2019-09-30,KPRMILL.NS
2019-09-30,KRBL.NS
2019-09-30,KSB.NS
2019-09-30,KSCL.NS
2019-09-30,KTKBANK.NS
2019-09-30,L&TFH.NS
2019-09-30,LALPATHLAB.NS
2019-09-30,LAURUSLABS.NS
2019-09-30,LAXMIMACH.NS
2019-09-30,LEMONTREE.NS
2019-09-30,LICHSGFIN.NS
2019-09-30,LINDEINDIA.NS
2019-09-30,LIQUIDBEES.NS
2019-09-30,LMW.NS
2019-09-30,LT.NS
2019-09-30,LTF.NS
2019-09-30,LTIM.NS
2019-09-30,LTTS.NS
2019-09-30,LUPIN.NS
2019-09-30,LUXIND.NS
2019-09-30,M&M.NS
2019-09-30,M&MFIN.NS
2019-09-30,MAHABANK.NS
2019-09-30,MAHINDCIE.NS
2019-09-30,MAHLOG.NS
2019-09-30,MAHSCOOTER.NS
2019-09-30,MAHSEAMLES.NS
2019-09-30,MANAPPURAM.NS
2019-09-30,MARICO.NS
2019-09-30,MARUTI.NS
2019-09-30,MASFIN.NS
2019-09-30,MCDOWELL-N.NS
2019-09-30,MCX.NS
2019-09-30,METROPOLIS.NS
2019-09-30,MFSL.NS
2019-09-30,MGL.NS
2019-09-30,MHRIL.NS
2019-09-30,MIDHANI.NS
2019-09-30,MINDACORP.NS
2019-09-30,MMTC.NS
2019-09-30,MOIL.NS
2019-09-30,MOTHERSON.NS
2019-09-30,MOTILALOFS.NS
2019-09-30,MPHASIS.NS
2019-09-30,MRF.NS
2019-09-30,MRPL.NS
2019-09-30,MUTHOOTFIN.NS
2019-09-30,NAM-INDIA.NS
2019-09-30,NATCOPHARM.NS
2019-09-30,NATIONALUM.NS
2019-09-30,NAUKRI.NS
2019-09-30,NAVINFLUOR.NS
2019-09-30,NAVNETEDUL.NS
2019-09-30,NBCC.NS
2019-09-30,NCC.NS
2019-09-30,NESCO.NS
2019-09-30,NESTLEIND.NS
2019-09-30,NETWORK18.NS
2019-09-30,NH.NS
2019-09-30,NHPC.NS
2019-09-30,NIACL.NS
2019-09-30,NLCINDIA.NS
2019-09-30,NMDC.NS
2019-09-30,NTPC.NS
2019-09-30,OBEROIRLTY.NS
2019-09-30,OFSS.NS
2019-09-30,OIL.NS
2019-09-30,OMAXE.NS
2019-09-30,ONGC.NS
2019-09-30,ORIENTELEC.NS
2019-09-30,PAGEIND.NS
2019-09-30,PCBL.NS
2019-09-30,PCJEWELLER.NS
2019-09-30,PEL.NS
2019-09-30,PERSISTENT.NS
2019-09-30,PETRONET.NS
2019-09-30,PFC.NS
2019-09-30,PFIZER.NS
2019-09-30,PGHH.NS
2019-09-30,PGHL.NS
2019-09-30,PHOENIXLTD.NS
2019-09-30,PIDILITIND.NS
2019-09-30,PIIND.NS
2019-09-30,PNB.NS
2019-09-30,PNBHOUSING.NS
2019-09-30,PNCINFRA.NS
2019-09-30,POLYCAB.NS
2019-09-30,POONAWALLA.NS
2019-09-30,POWERGRID.NS
2019-09-30,PRAJIND.NS
2019-09-30,PRESTIGE.NS
2019-09-30,PRSMJOHNSN.NS
2019-09-30,PSB.NS
2019-09-30,PVR.NS
2019-09-30,QUESS.NS
2019-09-30,RADICO.NS
2019-09-30,RAIN.NS
2019-09-30,RAJESHEXPO.NS
2019-09-30,RALLIS.NS
2019-09-30,RAMCOCEM.NS
2019-09-30,RATNAMANI.NS
2019-09-30,RBLBANK.NS
2019-09-30,RCF.NS
2019-09-30,RECLTD.NS
2019-09-30,REDINGTON.NS
2019-09-30,RELAXO.NS
2019-09-30,RELCAPITAL.NS
2019-09-30,RELIANCE.NS
2019-09-30,REPCOHOME.NS
2019-09-30,RESPONIND.NS
2019-09-30,RHIM.NS
2019-09-30,RITES.NS
2019-09-30,RNAVAL.NS
2019-09-30,RVNL.NS
2019-09-30,SADBHAV.NS
2019-09-30,SADBHIN.NS
2019-09-30,SAIL.NS
2019-09-30,SAMMAANCAP.NS
2019-09-30,SANOFI.NS
2019-09-30,SBILIFE.NS
2019-09-30,SBIN.NS
2019-09-30,SCHAEFFLER.NS
2019-09-30,SFL.NS
2019-09-30,SHARDACROP.NS
2019-09-30,SHILPAMED.NS
2019-09-30,SHOPERSTOP.NS
2019-09-30,SHREECEM.NS
2019-09-30,SHRIRAMFIN.NS
2019-09-30,SIEMENS.NS
2019-09-30,SIS.NS
2019-09-30,SJVN.NS
2019-09-30,SKFINDIA.NS
2019-09-30,SOBHA.NS
2019-09-30,SOLARINDS.NS
2019-09-30,SONATSOFTW.NS
2019-09-30,SOUTHBANK.NS
2019-09-30,SPARC.NS
2019-09-30,SPICEJET.NS
2019-09-30,SRF.NS
2019-09-30,STARCEMENT.NS
2019-09-30,STLTECH.NS
2019-09-30,SUDARSCHEM.NS
2019-09-30,SUNCLAYLTD.NS
2019-09-30,SUNDARMFIN.NS
2019-09-30,SUNDRMFAST.NS
2019-09-30,SUNPHARMA.NS
2019-09-30,SUNTECK.NS
2019-09-30,SUNTV.NS
2019-09-30,SUPRAJIT.NS
2019-09-30,SUPREMEIND.NS
2019-09-30,SUZLON.NS
2019-09-30,SWANCORP.NS
2019-09-30,SWANENERGY.NS
2019-09-30,SYMPHONY.NS
2019-09-30,SYNGENE.NS
2019-09-30,TASTYBITE.NS
2019-09-30,TATACHEM.NS
2019-09-30,TATACOMM.NS
2019-09-30,TATACONSUM.NS
2019-09-30,TATAELXSI.NS
2019-09-30,TATAMOTORS.NS
2019-09-30,TATAMTRDVR.NS
2019-09-30,TATAPOWER.NS
2019-09-30,TATASTEEL.NS
2019-09-30,TCI.NS
2019-09-30,TCIEXP.NS
2019-09-30,TCNSBRANDS.NS
2019-09-30,TCS.NS
2019-09-30,TEAMLEASE.NS
2019-09-30,TECHM.NS
2019-09-30,TECHNOE.NS
2019-09-30,THERMAX.NS
2019-09-30,THOMASCOOK.NS
2019-09-30,TIINDIA.NS
2019-09-30,TIMKEN.NS
2019-09-30,TITAN.NS
2019-09-30,TMPV.NS
2019-09-30,TORNTPHARM.NS
2019-09-30,TORNTPOWER.NS
2019-09-30,TRENT.NS
2019-09-30,TRIDENT.NS
2019-09-30,TRITURBINE.NS
2019-09-30,TTKPRESTIG.NS
2019-09-30,TV18BRDCST.NS
2019-09-30,TVSHLTD.NS
2019-09-30,TVSMOTOR.NS
2019-09-30,UBL.NS
2019-09-30,UCOBANK.NS
2019-09-30,UEL.NS
2019-09-30,UJAAS.NS
2019-09-30,UJJIVAN.NS
2019-09-30,ULTRACEMCO.NS
2019-09-30,UNIONBANK.NS
2019-09-30,UNITDSPR.NS
2019-09-30,UNOMINDA.NS
2019-09-30,UPL.NS
2019-09-30,UTISENSETF.NS
2019-09-30,VAIBHAVGBL.NS
2019-09-30,VAKRANGEE.NS
2019-09-30,VARROC.NS
2019-09-30,VBL.NS
2019-09-30,VEDL.NS
2019-09-30,VENKEYS.NS
2019-09-30,VGUARD.NS
2019-09-30,VINATIORGA.NS
2019-09-30,VIPIND.NS
2019-09-30,VOLTAS.NS
2019-09-30,VSTIND.NS
2019-09-30,VTL.NS
2019-09-30,WELCORP.NS
2019-09-30,WELSPUNIND.NS
2019-09-30,WELSPUNLIV.NS
2019-09-30,WHIRLPOOL.NS
2019-09-30,WIPRO.NS
2019-09-30,WOCKPHARMA.NS
2019-09-30,YESBANK.NS
2019-09-30,ZEEL.NS
2019-09-30,ZENSARTECH.NS
2019-09-30,ZYDUSLIFE.NS
2020-03-31,360ONE.NS
2020-03-31,3MINDIA.NS
2020-03-31,AARTIIND.NS
2020-03-31,AAVAS.NS
2020-03-31,ABB.NS
2020-03-31,ABBOTINDIA.NS
2020-03-31,ABCAPITAL.NS
2020-03-31,ABFRL.NS
2020-03-31,ABREL.NS
2020-03-31,ACC.NS
2020-03-31,ADANIENSOL.NS
2020-03-31,ADANIENT.NS
2020-03-31,ADANIGREEN.NS
2020-03-31,ADANIPORTS.NS
2020-03-31,ADANIPOWER.NS
2020-03-31,ADANITRANS.NS
2020-03-31,AEGISCHEM.NS
2020-03-31,AEGISLOG.NS
2020-03-31,AFFLE.NS
2020-03-31,AIAENG.NS
2020-03-31,AJANTPHARM.NS
2020-03-31,AKZOINDIA.NS
2020-03-31,ALKEM.NS
2020-03-31,ALKYLAMINE.NS
2020-03-31,AMARAJABAT.NS
2020-03-31,AMBER.NS
2020-03-31,AMBUJACEM.NS
2020-03-31,APLAPOLLO.NS
2020-03-31,APLLTD.NS
2020-03-31,APOLLOHOSP.NS
2020-03-31,APOLLOTYRE.NS
2020-03-31,ARE&M.NS
2020-03-31,ARVINDFASN.NS
2020-03-31,ASAHIINDIA.NS
2020-03-31,ASHOKA.NS
2020-03-31,ASHOKLEY.NS
2020-03-31,ASIANPAINT.NS
2020-03-31,ASTERDM.NS
2020-03-31,ASTRAL.NS
2020-03-31,ASTRAZEN.NS
2020-03-31,ATGL.NS
2020-03-31,ATUL.NS
2020-03-31,AUBANK.NS
2020-03-31,AUROPHARMA.NS
2020-03-31,AVANTIFEED.NS
2020-03-31,AXISBANK.NS
2020-03-31,BAJAJ-AUTO.NS
2020-03-31,BAJAJCON.NS
2020-03-31,BAJAJELEC.NS
2020-03-31,BAJAJFINSV.NS
2020-03-31,BAJAJHLDNG.NS
2020-03-31,BAJFINANCE.NS
2020-03-31,BALKRISIND.NS
2020-03-31,BALMLAWRIE.NS
2020-03-31,BALRAMCHIN.NS
2020-03-31,BANDHANBNK.NS
2020-03-31,BANKBARODA.NS
2020-03-31,BANKINDIA.NS
2020-03-31,BASF.NS
2020-03-31,BATAINDIA.NS
2020-03-31,BAYERCROP.NS
2020-03-31,BBTC.NS
2020-03-31,BDL.NS
2020-03-31,BEL.NS
2020-03-31,BERGEPAINT.NS
2020-03-31,BHARATFORG.NS
2020-03-31,BHARTIARTL.NS
2020-03-31,BHEL.NS
2020-03-31,BIOCON.NS
2020-03-31,BIRLACORPN.NS
2020-03-31,BLUEDART.NS
2020-03-31,BLUESTARCO.NS
2020-03-31,BOSCHLTD.NS
2020-03-31,BPCL.NS
2020-03-31,BRIGADE.NS
2020-03-31,BRITANNIA.NS
2020-03-31,BSOFT.NS
2020-03-31,CANBK.NS
2020-03-31,CANFINHOME.NS
2020-03-31,CAPLIPOINT.NS
2020-03-31,CARBORUNIV.NS
2020-03-31,CASTROLIND.NS
2020-03-31,CCL.NS
2020-03-31,CDSL.NS
2020-03-31,CEATLTD.NS
2020-03-31,CENTRALBK.NS
2020-03-31,CENTURYPLY.NS
2020-03-31,CENTURYTEX.NS
2020-03-31,CERA.NS
2020-03-31,CESC.NS
2020-03-31,CGCL.NS
2020-03-31,CHALET.NS
2020-03-31,CHAMBLFERT.NS
2020-03-31,CHOLAFIN.NS
2020-03-31,CHOLAHLDNG.NS
2020-03-31,CIEINDIA.NS
2020-03-31,CIPLA.NS
2020-03-31,COALINDIA.NS
2020-03-31,COCHINSHIP.NS
2020-03-31,COFORGE.NS
2020-03-31,COLPAL.NS
2020-03-31,CONCOR.NS
2020-03-31,COROMANDEL.NS
2020-03-31,CPSEETF.NS
2020-03-31,CREDITACC.NS
2020-03-31,CRISIL.NS
2020-03-31,CROMPTON.NS
2020-03-31,CSBBANK.NS
2020-03-31,CUB.NS
2020-03-31,CUMMINSIND.NS
2020-03-31,CYIENT.NS
2020-03-31,DABUR.NS
2020-03-31,DALBHARAT.NS
2020-03-31,DBCORP.NS
2020-03-31,DBL.NS
2020-03-31,DCBBANK.NS
2020-03-31,DCMSHRIRAM.NS
2020-03-31,DEEPAKNTR.NS
2020-03-31,DELTACORP.NS
2020-03-31,DEN.NS
2020-03-31,DHANI.NS
2020-03-31,DHFL.NS
2020-03-31,DISHTV.NS
2020-03-31,DIVISLAB.NS
2020-03-31,DIXON.NS
2020-03-31,DLF.NS
2020-03-31,DMART.NS
2020-03-31,DRREDDY.NS
2020-03-31,EDELWEISS.NS
2020-03-31,EICHERMOT.NS
2020-03-31,EIDPARRY.NS
2020-03-31,EIHOTEL.NS
2020-03-31,ELGIEQUIP.NS
2020-03-31,EMAMILTD.NS
2020-03-31,EMBASSY-RR.NS
2020-03-31,EMBASSY.NS
2020-03-31,ENDURANCE.NS
2020-03-31,ENGINERSIN.NS
2020-03-31,EPL.NS
2020-03-31,EQUITAS.NS
2020-03-31,ERIS.NS
2020-03-31,ESABINDIA.NS
2020-03-31,ESCORTS.NS
2020-03-31,EXIDEIND.NS
2020-03-31,FACT.NS
2020-03-31,FCONSUMER.NS
2020-03-31,FDC.NS
2020-03-31,FEDERALBNK.NS
2020-03-31,FINCABLES.NS
2020-03-31,FINEORG.NS
2020-03-31,FINPIPE.NS
2020-03-31,FLFL.NS
2020-03-31,FLUOROCHEM.NS
2020-03-31,FMGOETZE.NS
2020-03-31,FORTIS.NS
2020-03-31,FRETAIL.NS
2020-03-31,FSL.NS
2020-03-31,GAIL.NS
2020-03-31,GALAXYSURF.NS
2020-03-31,GEPIL.NS
2020-03-31,GESHIP.NS
2020-03-31,GET&D.NS
2020-03-31,GICRE.NS
2020-03-31,GILLETTE.NS
2020-03-31,GLAXO.NS
2020-03-31,GLENMARK.NS
2020-03-31,GMMPFAUDLR.NS
2020-03-31,GMRAIRPORT.NS
2020-03-31,GMRINFRA.NS
2020-03-31,GNFC.NS
2020-03-31,GODFRYPHLP.NS
2020-03-31,GODREJAGRO.NS
2020-03-31,GODREJCP.NS
2020-03-31,GODREJIND.NS
2020-03-31,GODREJPROP.NS
2020-03-31,GOODYEAR.NS
2020-03-31,GPPL.NS
2020-03-31,GRANULES.NS
2020-03-31,GRAPHITE.NS
2020-03-31,GRASIM.NS
2020-03-31,GREAVESCOT.NS
2020-03-31,GRINDWELL.NS
2020-03-31,GRSE.NS
2020-03-31,GSFC.NS
2020-03-31,GSPL.NS
2020-03-31,GUJALKALI.NS
2020-03-31,GUJGASLTD.NS
2020-03-31,GULFOILLUB.NS
2020-03-31,GVPIL.NS
2020-03-31,GVT&D.NS
2020-03-31,HAL.NS
2020-03-31,HATHWAY.NS
2020-03-31,HATSUN.NS
2020-03-31,HAVELLS.NS
2020-03-31,HCLTECH.NS
2020-03-31,HDFC.NS
2020-03-31,HDFCAMC.NS
2020-03-31,HDFCBANK.NS
2020-03-31,HDFCLIFE.NS
2020-03-31,HEG.NS
2020-03-31,HEIDELBERG.NS
2020-03-31,HEROMOTOCO.NS
2020-03-31,HEXAWARE.NS
2020-03-31,HINDALCO.NS
2020-03-31,HINDCOPPER.NS
2020-03-31,HINDPETRO.NS
2020-03-31,HINDUNILVR.NS
2020-03-31,HINDZINC.NS
2020-03-31,HONAUT.NS
2020-03-31,HSCL.NS
2020-03-31,HUDCO.NS
2020-03-31,IBREALEST.NS
2020-03-31,IBULHSGFIN.NS
2020-03-31,ICICIBANK.NS
2020-03-31,ICICIGI.NS
2020-03-31,ICICIPRULI.NS
2020-03-31,ICRA.NS
2020-03-31,IDBI.NS
2020-03-31,IDEA.NS
2020-03-31,IDFC.NS
2020-03-31,IDFCFIRSTB.NS
2020-03-31,IEX.NS
2020-03-31,IFBIND.NS
2020-03-31,IGL.NS
2020-03-31,IIFL-RE.NS
2020-03-31,IIFL.NS
2020-03-31,IIFLWAM.NS
2020-03-31,INDHOTEL.NS
2020-03-31,INDIACEM.NS
2020-03-31,INDIAMART.NS
2020-03-31,INDIANB.NS
2020-03-31,INDIGO.NS
2020-03-31,INDIGRID-IV.NS
2020-03-31,INDIGRID.NS
2020-03-31,INDOSTAR.NS
2020-03-31,INDUSINDBK.NS
2020-03-31,INDUSTOWER.NS
2020-03-31,INFIBEAM.NS
2020-03-31,INFY.NS
2020-03-31,INGERRAND.NS
2020-03-31,INOXLEISUR.NS
2020-03-31,IOB.NS
2020-03-31,IOC.NS
2020-03-31,IPCALAB.NS
2020-03-31,IRB.NS
2020-03-31,IRBINVIT.NS
2020-03-31,IRCON.NS
2020-03-31,IRCTC.NS
2020-03-31,ISEC.NS
2020-03-31,ITC.NS
2020-03-31,ITDC.NS
2020-03-31,ITI.NS
2020-03-31,JCHAC.NS
2020-03-31,JINDALSAW.NS
2020-03-31,JINDALSTEL.NS
2020-03-31,JKCEMENT.NS
2020-03-31,JKLAKSHMI.NS
2020-03-31,JKPAPER.NS
2020-03-31,JMFINANCIL.NS
2020-03-31,JSWDULUX.NS
2020-03-31,JSWENERGY.NS
2020-03-31,JSWHL.NS
2020-03-31,JSWSTEEL.NS
2020-03-31,JUBLFOOD.NS
2020-03-31,JUBLPHARMA.NS
2020-03-31,JUNIORBEES.NS
2020-03-31,JUSTDIAL.NS
2020-03-31,JYOTHYLAB.NS
2020-03-31,KAJARIACER.NS
2020-03-31,KALPATPOWR.NS
2020-03-31,KANSAINER.NS
2020-03-31,KARURVYSYA.NS
2020-03-31,KEC.NS
2020-03-31,KEI.NS
2020-03-31,KENNAMET.NS
2020-03-31,KIOCL.NS
2020-03-31,KIRLOSENG.NS
2020-03-31,KNRCON.NS
2020-03-31,KOTAKBANK.NS
2020-03-31,KPIL.NS
2020-03-31,KPITTECH.NS
2020-03-31,KPRMILL.NS
2020-03-31,KRBL.NS
2020-03-31,KSB.NS
2020-03-31,KSCL.NS
2020-03-31,KTKBANK.NS
2020-03-31,L&TFH.NS
2020-03-31,LALPATHLAB.NS
2020-03-31,LAURUSLABS.NS
2020-03-31,LAXMIMACH.NS
2020-03-31,LEMONTREE.NS
2020-03-31,LICHSGFIN.NS
2020-03-31,LINDEINDIA.NS
2020-03-31,LIQUIDBEES.NS
2020-03-31,LMW.NS
2020-03-31,LT.NS
2020-03-31,LTF.NS
2020-03-31,LTIM.NS
2020-03-31,LTTS.NS
2020-03-31,LUPIN.NS
2020-03-31,LUXIND.NS
2020-03-31,M&M.NS
2020-03-31,M&MFIN.NS
2020-03-31,MAHABANK.NS
2020-03-31,MAHINDCIE.NS
2020-03-31,MAHLOG.NS
2020-03-31,MAHSCOOTER.NS
2020-03-31,MAHSEAMLES.NS
2020-03-31,MANAPPURAM.NS
2020-03-31,MARICO.NS
2020-03-31,MARUTI.NS
2020-03-31,MASFIN.NS
2020-03-31,MBECL.NS
2020-03-31,MCDOWELL-N.NS
2020-03-31,MCX.NS
2020-03-31,METROPOLIS.NS
2020-03-31,MFSL.NS
2020-03-31,MGL.NS
2020-03-31,MHRIL.NS
2020-03-31,MIDHANI.NS
2020-03-31,MINDACORP.NS
2020-03-31,MMTC.NS
2020-03-31,MOIL.NS
2020-03-31,MOTHERSON.NS
2020-03-31,MOTILALOFS.NS
2020-03-31,MPHASIS.NS
2020-03-31,MRF.NS
2020-03-31,MRPL.NS
2020-03-31,MUTHOOTFIN.NS
2020-03-31,NAM-INDIA.NS
2020-03-31,NATCOPHARM.NS
2020-03-31,NATIONALUM.NS
2020-03-31,NAUKRI.NS
2020-03-31,NAVINFLUOR.NS
2020-03-31,NAVNETEDUL.NS
2020-03-31,NBCC.NS
2020-03-31,NCC.NS
2020-03-31,NESCO.NS
2020-03-31,NESTLEIND.NS
2020-03-31,NETWORK18.NS
2020-03-31,NH.NS
2020-03-31,NHPC.NS
2020-03-31,NIACL.NS
2020-03-31,NLCINDIA.NS
2020-03-31,NMDC.NS
2020-03-31,NTPC.NS
2020-03-31,OBEROIRLTY.NS
2020-03-31,OFSS.NS
2020-03-31,OIL.NS
2020-03-31,OMAXE.NS
2020-03-31,ONGC.NS
2020-03-31,ORIENTELEC.NS
2020-03-31,PAGEIND.NS
2020-03-31,PATANJALI.NS
2020-03-31,PEL.NS
2020-03-31,PERSISTENT.NS
2020-03-31,PETRONET.NS
2020-03-31,PFC.NS
2020-03-31,PFIZER.NS
2020-03-31,PGHH.NS
2020-03-31,PGHL.NS
2020-03-31,PHOENIXLTD.NS
2020-03-31,PIDILITIND.NS
2020-03-31,PIIND.NS
2020-03-31,PNB.NS
2020-03-31,PNBHOUSING.NS
2020-03-31,PNCINFRA.NS
2020-03-31,POLYCAB.NS
2020-03-31,POLYMED.NS
2020-03-31,POWERGRID.NS
2020-03-31,PRESTIGE.NS
2020-03-31,PRSMJOHNSN.NS
2020-03-31,PSB.NS
2020-03-31,PVR.NS
2020-03-31,QUESS.NS
2020-03-31,RADICO.NS
2020-03-31,RAIN.NS
2020-03-31,RAJESHEXPO.NS
2020-03-31,RALLIS.NS
2020-03-31,RAMCOCEM.NS
2020-03-31,RATNAMANI.NS
2020-03-31,RBLBANK.NS
2020-03-31,RCF.NS
2020-03-31,RECLTD.NS
2020-03-31,REDINGTON.NS
2020-03-31,RELAXO.NS
2020-03-31,RELIANCE.NS
2020-03-31,RESPONIND.NS
2020-03-31,RHIM.NS
2020-03-31,RITES.NS
2020-03-31,RNAVAL.NS
2020-03-31,RVNL.NS
2020-03-31,SAIL.NS
2020-03-31,SAMMAANCAP.NS
2020-03-31,SANOFI.NS
2020-03-31,SBILIFE.NS
2020-03-31,SBIN.NS
2020-03-31,SCHAEFFLER.NS
2020-03-31,SCI.NS
2020-03-31,SFL.NS
2020-03-31,SHILPAMED.NS
2020-03-31,SHOPERSTOP.NS
2020-03-31,SHREECEM.NS
2020-03-31,SHRIRAMFIN.NS
2020-03-31,SIEMENS.NS
2020-03-31,SIS.NS
2020-03-31,SJVN.NS
2020-03-31,SKFINDIA.NS
2020-03-31,SOBHA.NS
2020-03-31,SOLARINDS.NS
2020-03-31,SONATSOFTW.NS
2020-03-31,SPANDANA.NS
2020-03-31,SPARC.NS
2020-03-31,SPICEJET.NS
2020-03-31,SRF.NS
2020-03-31,STARCEMENT.NS
2020-03-31,STLTECH.NS
2020-03-31,SUDARSCHEM.NS
2020-03-31,SUMICHEM.NS
2020-03-31,SUNCLAYLTD.NS
2020-03-31,SUNDARMFIN.NS
2020-03-31,SUNDRMFAST.NS
2020-03-31,SUNPHARMA.NS
2020-03-31,SUNTECK.NS
2020-03-31,SUNTV.NS
2020-03-31,SUPRAJIT.NS
2020-03-31,SUPREMEIND.NS
2020-03-31,SUZLON.NS
2020-03-31,SWANCORP.NS
2020-03-31,SWANENERGY.NS
2020-03-31,SWSOLAR.NS
2020-03-31,SYMPHONY.NS
2020-03-31,SYNGENE.NS
2020-03-31,TASTYBITE.NS
2020-03-31,TATACHEM.NS
2020-03-31,TATACOMM.NS
2020-03-31,TATACONSUM.NS
2020-03-31,TATAELXSI.NS
2020-03-31,TATAMOTORS.NS
2020-03-31,TATAMTRDVR.NS
2020-03-31,TATAPOWER.NS
2020-03-31,TATASTEEL.NS
2020-03-31,TCI.NS
2020-03-31,TCIEXP.NS
2020-03-31,TCNSBRANDS.NS
2020-03-31,TCS.NS
2020-03-31,TEAMLEASE.NS
2020-03-31,TECHM.NS
2020-03-31,TECHNOE.NS
2020-03-31,THERMAX.NS
2020-03-31,TIINDIA.NS
2020-03-31,TIMKEN.NS
2020-03-31,TITAN.NS
2020-03-31,TMPV.NS
2020-03-31,TORNTPHARM.NS
2020-03-31,TORNTPOWER.NS
2020-03-31,TRENT.NS
2020-03-31,TRIDENT.NS
2020-03-31,TRITURBINE.NS
2020-03-31,TTKPRESTIG.NS
2020-03-31,TV18BRDCST.NS
2020-03-31,TVSHLTD.NS
2020-03-31,TVSMOTOR.NS
2020-03-31,UBL.NS
2020-03-31,UCOBANK.NS
2020-03-31,UEL.NS
2020-03-31,UJAAS.NS
2020-03-31,UJJIVAN.NS
2020-03-31,UJJIVANSFB.NS
2020-03-31,ULTRACEMCO.NS
2020-03-31,UNIONBANK.NS
2020-03-31,UNITDSPR.NS
2020-03-31,UNOMINDA.NS
2020-03-31,UPL.NS
2020-03-31,UTISENSETF.NS
2020-03-31,VAIBHAVGBL.NS
2020-03-31,VAKRANGEE.NS
2020-03-31,VARROC.NS
2020-03-31,VBL.NS
2020-03-31,VEDL.NS
2020-03-31,VENKEYS.NS
2020-03-31,VESUVIUS.NS
2020-03-31,VGUARD.NS
2020-03-31,VINATIORGA.NS
2020-03-31,VIPIND.NS
2020-03-31,VOLTAS.NS
2020-03-31,VSTIND.NS
2020-03-31,VTL.NS
2020-03-31,WELCORP.NS
2020-03-31,WELSPUNIND.NS
2020-03-31,WELSPUNLIV.NS
2020-03-31,WESTLIFE.NS
2020-03-31,WHIRLPOOL.NS
2020-03-31,WIPRO.NS
2020-03-31,WOCKPHARMA.NS
2020-03-31,YESBANK.NS
2020-03-31,ZEEL.NS
2020-03-31,ZENSARTECH.NS
2020-03-31,ZFCVINDIA.NS
2020-03-31,ZYDUSLIFE.NS
2020-09-30,360ONE.NS
2020-09-30,3MINDIA.NS
2020-09-30,AARTIDRUGS.NS
2020-09-30,AARTIIND.NS
2020-09-30,AAVAS.NS
2020-09-30,ABB.NS
2020-09-30,ABBOTINDIA.NS
2020-09-30,ABCAPITAL.NS
2020-09-30,ABFRL.NS
2020-09-30,ABREL.NS
2020-09-30,ACC.NS
2020-09-30,ADANIENSOL.NS
2020-09-30,ADANIENT.NS
2020-09-30,ADANIGREEN.NS
2020-09-30,ADANIPORTS.NS
2020-09-30,ADANIPOWER.NS
2020-09-30,ADANITRANS.NS
2020-09-30,ADVENZYMES.NS
2020-09-30,AEGISCHEM.NS
2020-09-30,AEGISLOG.NS
2020-09-30,AFFLE.NS
2020-09-30,AIAENG.NS
2020-09-30,AJANTPHARM.NS
2020-09-30,AKZOINDIA.NS
2020-09-30,ALKEM.NS
2020-09-30,ALKYLAMINE.NS
2020-09-30,ALOKINDS.NS
2020-09-30,AMARAJABAT.NS
2020-09-30,AMBER.NS
2020-09-30,AMBUJACEM.NS
2020-09-30,APLAPOLLO.NS
2020-09-30,APLLTD.NS
2020-09-30,APOLLOHOSP.NS
2020-09-30,APOLLOTYRE.NS
2020-09-30,ARE&M.NS
2020-09-30,ASAHIINDIA.NS
2020-09-30,ASHOKLEY.NS
2020-09-30,ASIANPAINT.NS
2020-09-30,ASTERDM.NS
2020-09-30,ASTRAL.NS
2020-09-30,ASTRAZEN.NS
2020-09-30,ATGL.NS
2020-09-30,ATUL.NS
2020-09-30,AUBANK.NS
2020-09-30,AUROPHARMA.NS
2020-09-30,AURUM.NS
2020-09-30,AVANTIFEED.NS
2020-09-30,AXISBANK.NS
2020-09-30,BAJAJ-AUTO.NS
2020-09-30,BAJAJCON.NS
2020-09-30,BAJAJELEC.NS
2020-09-30,BAJAJFINSV.NS
2020-09-30,BAJAJHLDNG.NS
2020-09-30,BAJFINANCE.NS
2020-09-30,BALKRISIND.NS
2020-09-30,BALRAMCHIN.NS
2020-09-30,BANDHANBNK.NS
2020-09-30,BANKBARODA.NS
2020-09-30,BANKINDIA.NS
2020-09-30,BASF.NS
2020-09-30,BATAINDIA.NS
2020-09-30,BAYERCROP.NS
2020-09-30,BBTC.NS
2020-09-30,BDL.NS
2020-09-30,BEL.NS
2020-09-30,BERGEPAINT.NS
2020-09-30,BHARATFORG.NS
2020-09-30,BHARTIARTL.NS
2020-09-30,BHEL.NS
2020-09-30,BIOCON.NS
2020-09-30,BIRLACORPN.NS
2020-09-30,BLUEDART.NS
2020-09-30,BLUESTARCO.NS
2020-09-30,BOSCHLTD.NS
2020-09-30,BPCL.NS
2020-09-30,BRIGADE.NS
2020-09-30,BRITANNIA.NS
2020-09-30,BSOFT.NS
2020-09-30,CANBK.NS
2020-09-30,CANFINHOME.NS
2020-09-30,CAPLIPOINT.NS
2020-09-30,CARBORUNIV.NS
2020-09-30,CASTROLIND.NS
2020-09-30,CCL.NS
2020-09-30,CDSL.NS
2020-09-30,CEATLTD.NS
2020-09-30,CENTRALBK.NS
2020-09-30,CENTURYPLY.NS
2020-09-30,CENTURYTEX.NS
2020-09-30,CERA.NS
2020-09-30,CESC.NS
2020-09-30,CGCL.NS
2020-09-30,CHALET.NS
2020-09-30,CHAMBLFERT.NS
2020-09-30,CHOLAFIN.NS
2020-09-30,CHOLAHLDNG.NS
2020-09-30,CIEINDIA.NS
2020-09-30,CIPLA.NS
2020-09-30,COALINDIA.NS
2020-09-30,COCHINSHIP.NS
2020-09-30,COFORGE.NS
2020-09-30,COHANCE.NS
2020-09-30,COLPAL.NS
2020-09-30,CONCOR.NS
2020-09-30,COROMANDEL.NS
2020-09-30,CPSEETF.NS
2020-09-30,CREDITACC.NS
2020-09-30,CRISIL.NS
2020-09-30,CROMPTON.NS
2020-09-30,CSBBANK.NS
2020-09-30,CUB.NS
2020-09-30,CUMMINSIND.NS
2020-09-30,CYIENT.NS
2020-09-30,DABUR.NS
2020-09-30,DALBHARAT.NS
2020-09-30,DBL.NS
2020-09-30,DCAL.NS
2020-09-30,DCBBANK.NS
2020-09-30,DCMSHRIRAM.NS
2020-09-30,DEEPAKNTR.NS
2020-09-30,DELTACORP.NS
2020-09-30,DEN.NS
2020-09-30,DHANI.NS
2020-09-30,DHANUKA.NS
2020-09-30,DHFL.NS
2020-09-30,DIVISLAB.NS
2020-09-30,DIXON.NS
2020-09-30,DLF.NS
2020-09-30,DMART.NS
2020-09-30,DRREDDY.NS
2020-09-30,EDELWEISS.NS
2020-09-30,EICHERMOT.NS
2020-09-30,EIDPARRY.NS
2020-09-30,EIHOTEL.NS
2020-09-30,ELGIEQUIP.NS
2020-09-30,EMAMILTD.NS
2020-09-30,EMBASSY-RR.NS
2020-09-30,EMBASSY.NS
2020-09-30,ENDURANCE.NS
2020-09-30,ENGINERSIN.NS
2020-09-30,EPL.NS
2020-09-30,ERIS.NS
2020-09-30,ESABINDIA.NS
2020-09-30,ESCORTS.NS
2020-09-30,EXIDEIND.NS
2020-09-30,FACT.NS
2020-09-30,FCONSUMER.NS
2020-09-30,FDC.NS
2020-09-30,FEDERALBNK.NS
2020-09-30,FINCABLES.NS
2020-09-30,FINEORG.NS
2020-09-30,FINPIPE.NS
2020-09-30,FLFL.NS
2020-09-30,FLUOROCHEM.NS
2020-09-30,FMGOETZE.NS
2020-09-30,FORTIS.NS
2020-09-30,FRETAIL.NS
2020-09-30,FSL.NS
2020-09-30,GAIL.NS
2020-09-30,GALAXYSURF.NS
2020-09-30,GEPIL.NS
2020-09-30,GESHIP.NS
2020-09-30,GET&D.NS
2020-09-30,GICRE.NS
2020-09-30,GILLETTE.NS
2020-09-30,GLAXO.NS
2020-09-30,GLENMARK.NS
2020-09-30,GMMPFAUDLR.NS
2020-09-30,GMRAIRPORT.NS
2020-09-30,GMRINFRA.NS
2020-09-30,GNFC.NS
2020-09-30,GODFRYPHLP.NS
2020-09-30,GODREJAGRO.NS
2020-09-30,GODREJCP.NS
2020-09-30,GODREJIND.NS
2020-09-30,GODREJPROP.NS
2020-09-30,GOODYEAR.NS
2020-09-30,GPPL.NS
2020-09-30,GRANULES.NS
2020-09-30,GRAPHITE.NS
2020-09-30,GRASIM.NS
2020-09-30,GRINDWELL.NS
2020-09-30,GRSE.NS
2020-09-30,GSFC.NS
2020-09-30,GSPL.NS
2020-09-30,GUJALKALI.NS
2020-09-30,GUJGASLTD.NS
2020-09-30,GULFOILLUB.NS
2020-09-30,GVPIL.NS
2020-09-30,GVT&D.NS
2020-09-30,HAL.NS
2020-09-30,HATHWAY.NS
2020-09-30,HATSUN.NS
2020-09-30,HAVELLS.NS
2020-09-30,HCLTECH.NS
2020-09-30,HDFC.NS
2020-09-30,HDFCAMC.NS
2020-09-30,HDFCBANK.NS
2020-09-30,HDFCLIFE.NS
2020-09-30,HEG.NS
2020-09-30,HEIDELBERG.NS
2020-09-30,HEROMOTOCO.NS
2020-09-30,HEXAWARE.NS
2020-09-30,HINDALCO.NS
2020-09-30,HINDCOPPER.NS
2020-09-30,HINDPETRO.NS
2020-09-30,HINDUNILVR.NS
2020-09-30,HINDZINC.NS
2020-09-30,HONAUT.NS
2020-09-30,HSCL.NS
2020-09-30,HUDCO.NS
2020-09-30,IBREALEST.NS
2020-09-30,IBULHSGFIN.NS
2020-09-30,ICICIBANK.NS
2020-09-30,ICICIGI.NS
2020-09-30,ICICIPRULI.NS
2020-09-30,ICRA.NS
2020-09-30,IDBI.NS
2020-09-30,IDEA.NS
2020-09-30,IDFC.NS
2020-09-30,IDFCFIRSTB.NS
2020-09-30,IEX.NS
2020-09-30,IGL.NS
2020-09-30,IIFL-RE.NS
2020-09-30,IIFL.NS
2020-09-30,IIFLWAM.NS
2020-09-30,INDHOTEL.NS
2020-09-30,INDIACEM.NS
2020-09-30,INDIAMART.NS
2020-09-30,INDIANB.NS
2020-09-30,INDIGO.NS
2020-09-30,INDIGRID-IV.NS
2020-09-30,INDIGRID.NS
2020-09-30,INDOCO.NS
2020-09-30,INDOSTAR.NS
2020-09-30,INDUSINDBK.NS
2020-09-30,INDUSTOWER.NS
2020-09-30,INFIBEAM.NS
2020-09-30,INFY.NS
2020-09-30,INGERRAND.NS
2020-09-30,INOXLEISUR.NS
2020-09-30,IOB.NS
2020-09-30,IOC.NS
2020-09-30,IOLCP.NS
2020-09-30,IPCALAB.NS
2020-09-30,IRB.NS
2020-09-30,IRBINVIT.NS
2020-09-30,IRCON.NS
2020-09-30,IRCTC.NS
2020-09-30,ISEC.NS
2020-09-30,ITC.NS
2020-09-30,ITI.NS
2020-09-30,JBCHEPHARM.NS
2020-09-30,JCHAC.NS
2020-09-30,JINDALSAW.NS
2020-09-30,JINDALSTEL.NS
2020-09-30,JKCEMENT.NS
2020-09-30,JKLAKSHMI.NS
2020-09-30,JMFINANCIL.NS
2020-09-30,JSWDULUX.NS
2020-09-30,JSWENERGY.NS
2020-09-30,JSWHL.NS
2020-09-30,JSWSTEEL.NS
2020-09-30,JUBLFOOD.NS
2020-09-30,JUBLPHARMA.NS
2020-09-30,JUNIORBEES.NS
2020-09-30,JUSTDIAL.NS
2020-09-30,JYOTHYLAB.NS
2020-09-30,KAJARIACER.NS
2020-09-30,KALPATPOWR.NS
2020-09-30,KANSAINER.NS
2020-09-30,KARURVYSYA.NS
2020-09-30,KEC.NS
2020-09-30,KEI.NS
2020-09-30,KIOCL.NS
2020-09-30,KNRCON.NS
2020-09-30,KOTAKBANK.NS
2020-09-30,KPIL.NS
2020-09-30,KPITTECH.NS
2020-09-30,KPRMILL.NS
2020-09-30,KRBL.NS
2020-09-30,KSCL.NS
2020-09-30,L&TFH.NS
2020-09-30,LALPATHLAB.NS
2020-09-30,LAOPALA.NS
2020-09-30,LAURUSLABS.NS
2020-09-30,LAXMIMACH.NS
2020-09-30,LICHSGFIN.NS
2020-09-30,LINDEINDIA.NS
2020-09-30,LIQUIDBEES.NS
2020-09-30,LMW.NS
2020-09-30,LT.NS
2020-09-30,LTF.NS
2020-09-30,LTIM.NS
2020-09-30,LTTS.NS
2020-09-30,LUPIN.NS
2020-09-30,LUXIND.NS
2020-09-30,M&M.NS
2020-09-30,M&MFIN.NS
2020-09-30,MAHABANK.NS
2020-09-30,MAHINDCIE.NS
2020-09-30,MAHLOG.NS
2020-09-30,MAHSCOOTER.NS
2020-09-30,MANAPPURAM.NS
2020-09-30,MARICO.NS
2020-09-30,MARUTI.NS
2020-09-30,MASFIN.NS
2020-09-30,MBECL.NS
2020-09-30,MCDOWELL-N.NS
2020-09-30,MCX.NS
2020-09-30,METROPOLIS.NS
2020-09-30,MFSL.NS
2020-09-30,MGL.NS
2020-09-30,MHRIL.NS
2020-09-30,MIDHANI.NS
2020-09-30,MMTC.NS
2020-09-30,MOIL.NS
2020-09-30,MOTHERSON.NS
2020-09-30,MOTILALOFS.NS
2020-09-30,MPHASIS.NS
2020-09-30,MRF.NS
2020-09-30,MRPL.NS
2020-09-30,MUTHOOTFIN.NS
2020-09-30,NAM-INDIA.NS
2020-09-30,NATCOPHARM.NS
2020-09-30,NATIONALUM.NS
2020-09-30,NAUKRI.NS
2020-09-30,NAVINFLUOR.NS
2020-09-30,NBCC.NS
2020-09-30,NESCO.NS
2020-09-30,NESTLEIND.NS
2020-09-30,NETWORK18.NS
2020-09-30,NH.NS
2020-09-30,NHPC.NS
2020-09-30,NIACL.NS
2020-09-30,NLCINDIA.NS
2020-09-30,NMDC.NS
2020-09-30,NTPC.NS
2020-09-30,OBEROIRLTY.NS
2020-09-30,OFSS.NS
2020-09-30,OIL.NS
2020-09-30,OMAXE.NS
2020-09-30,ONGC.NS
2020-09-30,ORIENTELEC.NS
2020-09-30,PAGEIND.NS
2020-09-30,PATANJALI.NS
2020-09-30,PEL.NS
2020-09-30,PERSISTENT.NS
2020-09-30,PETRONET.NS
2020-09-30,PFC.NS
2020-09-30,PFIZER.NS
2020-09-30,PGHH.NS
2020-09-30,PGHL.NS
2020-09-30,PHOENIXLTD.NS
2020-09-30,PIDILITIND.NS
2020-09-30,PIIND.NS
2020-09-30,PNB.NS
2020-09-30,PNBHOUSING.NS
2020-09-30,PNCINFRA.NS
2020-09-30,POLYCAB.NS
2020-09-30,POLYMED.NS
2020-09-30,POWERGRID.NS
2020-09-30,POWERINDIA.NS
2020-09-30,PRESTIGE.NS
2020-09-30,PRSMJOHNSN.NS
2020-09-30,PSB.NS
2020-09-30,PVR.NS
2020-09-30,QUESS.NS
2020-09-30,RADICO.NS
2020-09-30,RAIN.NS
2020-09-30,RAJESHEXPO.NS
2020-09-30,RALLIS.NS
2020-09-30,RAMCOCEM.NS
2020-09-30,RATNAMANI.NS
2020-09-30,RBLBANK.NS
2020-09-30,RCF.NS
2020-09-30,RECLTD.NS
2020-09-30,REDINGTON.NS
2020-09-30,RELAXO.NS
2020-09-30,RELIANCE.NS
2020-09-30,RESPONIND.NS
2020-09-30,RHIM.NS
2020-09-30,RITES.NS
2020-09-30,RNAVAL.NS
2020-09-30,ROSSARI.NS
2020-09-30,RVNL.NS
2020-09-30,SAIL.NS
2020-09-30,SAMMAANCAP.NS
2020-09-30,SANOFI.NS
2020-09-30,SBICARD.NS
2020-09-30,SBILIFE.NS
2020-09-30,SBIN.NS
2020-09-30,SCHAEFFLER.NS
2020-09-30,SCHNEIDER.NS
2020-09-30,SCI.NS
2020-09-30,SEQUENT.NS
2020-09-30,SFL.NS
2020-09-30,SHARDACROP.NS
2020-09-30,SHILPAMED.NS
2020-09-30,SHREECEM.NS
2020-09-30,SHRIRAMFIN.NS
2020-09-30,SIEMENS.NS
2020-09-30,SIS.NS
2020-09-30,SJVN.NS
2020-09-30,SKFINDIA.NS
2020-09-30,SOBHA.NS
2020-09-30,SOLARA.NS
2020-09-30,SOLARINDS.NS
2020-09-30,SONATSOFTW.NS
2020-09-30,SPANDANA.NS
2020-09-30,SPARC.NS
2020-09-30,SPICEJET.NS
2020-09-30,SRF.NS
2020-09-30,STAR.NS
2020-09-30,STARCEMENT.NS
2020-09-30,STLTECH.NS
2020-09-30,SUDARSCHEM.NS
2020-09-30,SUMICHEM.NS
2020-09-30,SUNCLAYLTD.NS
2020-09-30,SUNDARMFIN.NS
2020-09-30,SUNDRMFAST.NS
2020-09-30,SUNPHARMA.NS
2020-09-30,SUNTECK.NS
2020-09-30,SUNTV.NS
2020-09-30,SUPRAJIT.NS
2020-09-30,SUPREMEIND.NS
2020-09-30,SUVENPHAR.NS
2020-09-30,SUZLON.NS
2020-09-30,SWANCORP.NS
2020-09-30,SWANENERGY.NS
2020-09-30,SWSOLAR.NS
2020-09-30,SYMPHONY.NS
2020-09-30,SYNGENE.NS
2020-09-30,TANLA.NS
2020-09-30,TASTYBITE.NS
2020-09-30,TATACHEM.NS
2020-09-30,TATACOMM.NS
2020-09-30,TATACONSUM.NS
2020-09-30,TATAELXSI.NS
2020-09-30,TATAMOTORS.NS
2020-09-30,TATAMTRDVR.NS
2020-09-30,TATAPOWER.NS
2020-09-30,TATASTEEL.NS
2020-09-30,TCIEXP.NS
2020-09-30,TCNSBRANDS.NS
2020-09-30,TCS.NS
2020-09-30,TEAMLEASE.NS
2020-09-30,TECHM.NS
2020-09-30,TECHNOE.NS
2020-09-30,THERMAX.NS
2020-09-30,TIINDIA.NS
2020-09-30,TIMKEN.NS
2020-09-30,TITAN.NS
2020-09-30,TMPV.NS
2020-09-30,TORNTPHARM.NS
2020-09-30,TORNTPOWER.NS
2020-09-30,TRENT.NS
2020-09-30,TRIDENT.NS
2020-09-30,TRITURBINE.NS
2020-09-30,TTKPRESTIG.NS
2020-09-30,TV18BRDCST.NS
2020-09-30,TVSHLTD.NS
2020-09-30,TVSMOTOR.NS
2020-09-30,UBL.NS
2020-09-30,UCOBANK.NS
2020-09-30,UEL.NS
2020-09-30,UJAAS.NS
2020-09-30,UJJIVAN.NS
2020-09-30,UJJIVANSFB.NS
2020-09-30,ULTRACEMCO.NS
2020-09-30,UNIONBANK.NS
2020-09-30,UNITDSPR.NS
2020-09-30,UNOMINDA.NS
2020-09-30,UPL.NS
2020-09-30,UTISENSETF.NS
2020-09-30,VAIBHAVGBL.NS
2020-09-30,VAKRANGEE.NS
2020-09-30,VARROC.NS
2020-09-30,VBL.NS
2020-09-30,VEDL.NS
2020-09-30,VESUVIUS.NS
2020-09-30,VGUARD.NS
2020-09-30,VINATIORGA.NS
2020-09-30,VIPIND.NS
2020-09-30,VIYASH.NS
2020-09-30,VOLTAS.NS
2020-09-30,VSTIND.NS
2020-09-30,VTL.NS
2020-09-30,WELCORP.NS
2020-09-30,WELSPUNIND.NS
2020-09-30,WELSPUNLIV.NS
2020-09-30,WESTLIFE.NS
2020-09-30,WHIRLPOOL.NS
2020-09-30,WIPRO.NS
2020-09-30,WOCKPHARMA.NS
2020-09-30,YESBANK.NS
2020-09-30,ZEEL.NS
2020-09-30,ZENSARTECH.NS
2020-09-30,ZFCVINDIA.NS
2020-09-30,ZYDUSLIFE.NS
2021-01-01,3MINDIA.NS
2021-01-01,AARTIDRUGS.NS
2021-01-01,AARTIIND.NS
2021-01-01,AAVAS.NS
2021-01-01,ABB.NS
2021-01-01,ABBOTINDIA.NS
2021-01-01,ABCAPITAL.NS
2021-01-01,ABFRL.NS
2021-01-01,ABSLAMC.NS
2021-01-01,ACC.NS
2021-01-01,ADANIENT.NS
2021-01-01,ADANIGREEN.NS
2021-01-01,ADANIPORTS.NS
2021-01-01,ADANITRANS.NS
2021-01-01,ADVENZYMES.NS
2021-01-01,AEGISCHEM.NS
2021-01-01,AFFLE.NS
2021-01-01,AIAENG.NS
2021-01-01,AJANTPHARM.NS
2021-01-01,ALKEM.NS
2021-01-01,ALKYLAMINE.NS
2021-01-01,ALLCARGO.NS
2021-01-01,ALOKINDS.NS
2021-01-01,AMARAJABAT.NS
2021-01-01,AMBER.NS
2021-01-01,AMBUJACEM.NS
2021-01-01,ANGELONE.NS
2021-01-01,ANURAS.NS
2021-01-01,APLAPOLLO.NS
2021-01-01,APLLTD.NS
2021-01-01,APOLLOHOSP.NS
2021-01-01,APOLLOTYRE.NS
2021-01-01,APTUS.NS
2021-01-01,ASAHIINDIA.NS
2021-01-01,ASHOKLEY.NS
2021-01-01,ASIANPAINT.NS
2021-01-01,ASTERDM.NS
2021-01-01,ASTRAL.NS
2021-01-01,ASTRAZEN.NS
2021-01-01,ATGL.NS
2021-01-01,ATUL.NS
2021-01-01,AUBANK.NS
2021-01-01,AUROPHARMA.NS
2021-01-01,AVANTIFEED.NS
2021-01-01,AXISBANK.NS
2021-01-01,BAJAJ-AUTO.NS
2021-01-01,BAJAJELEC.NS
2021-01-01,BAJAJFINSV.NS
2021-01-01,BAJAJHLDNG.NS
2021-01-01,BAJFINANCE.NS
2021-01-01,BALAMINES.NS
2021-01-01,BALKRISIND.NS
2021-01-01,BALRAMCHIN.NS
2021-01-01,BANDHANBNK.NS
2021-01-01,BANKBARODA.NS
2021-01-01,BANKINDIA.NS
2021-01-01,BASF.NS
2021-01-01,BATAINDIA.NS
2021-01-01,BAYERCROP.NS
2021-01-01,BBTC.NS
2021-01-01,BCG.NS
2021-01-01,BDL.NS
2021-01-01,BEL.NS
2021-01-01,BERGEPAINT.NS
2021-01-01,BHARATFORG.NS
2021-01-01,BHARTIARTL.NS
2021-01-01,BHEL.NS
2021-01-01,BIOCON.NS
2021-01-01,BIRLACORPN.NS
2021-01-01,BLUEDART.NS
2021-01-01,BLUESTARCO.NS
2021-01-01,BORORENEW.NS
2021-01-01,BOSCHLTD.NS
2021-01-01,BPCL.NS
2021-01-01,BRIGADE.NS
2021-01-01,BRITANNIA.NS
2021-01-01,BSE.NS
2021-01-01,BSOFT.NS
2021-01-01,CAMS.NS
2021-01-01,CANBK.NS
2021-01-01,CANFINHOME.NS
2021-01-01,CAPLIPOINT.NS
2021-01-01,CARBORUNIV.NS
2021-01-01,CASTROLIND.NS
2021-01-01,CCL.NS
2021-01-01,CDSL.NS
2021-01-01,CEATLTD.NS
2021-01-01,CENTRALBK.NS
2021-01-01,CENTURYPLY.NS
2021-01-01,CENTURYTEX.NS
2021-01-01,CERA.NS
2021-01-01,CESC.NS
2021-01-01,CGCL.NS
2021-01-01,CGPOWER.NS
2021-01-01,CHALET.NS
2021-01-01,CHAMBLFERT.NS
2021-01-01,CHEMPLASTS.NS
2021-01-01,CHOLAFIN.NS
2021-01-01,CHOLAHLDNG.NS
2021-01-01,CIPLA.NS
2021-01-01,CLEAN.NS
2021-01-01,COALINDIA.NS
2021-01-01,COCHINSHIP.NS
2021-01-01,COFORGE.NS
2021-01-01,COLPAL.NS
2021-01-01,CONCOR.NS
2021-01-01,COROMANDEL.NS
2021-01-01,CREDITACC.NS
2021-01-01,CRISIL.NS
2021-01-01,CROMPTON.NS
2021-01-01,CSBBANK.NS
2021-01-01,CUB.NS
2021-01-01,CUMMINSIND.NS
2021-01-01,CYIENT.NS
2021-01-01,DABUR.NS
2021-01-01,DALBHARAT.NS
2021-01-01,DBL.NS
2021-01-01,DCMSHRIRAM.NS
2021-01-01,DEEPAKNTR.NS
2021-01-01,DELTACORP.NS
2021-01-01,DEVYANI.NS
2021-01-01,DHANI.NS
2021-01-01,DIVISLAB.NS
2021-01-01,DIXON.NS
2021-01-01,DLF.NS
2021-01-01,DMART.NS
2021-01-01,DRREDDY.NS
2021-01-01,EASEMYTRIP.NS
2021-01-01,ECLERX.NS
2021-01-01,EDELWEISS.NS
2021-01-01,EICHERMOT.NS
2021-01-01,EIDPARRY.NS
2021-01-01,EIHOTEL.NS
2021-01-01,ELGIEQUIP.NS
2021-01-01,EMAMILTD.NS
2021-01-01,ENDURANCE.NS
2021-01-01,ENGINERSIN.NS
2021-01-01,EPL.NS
2021-01-01,EQUITAS.NS
2021-01-01,EQUITASBNK.NS
2021-01-01,ERIS.NS
2021-01-01,ESCORTS.NS
2021-01-01,EXIDEIND.NS
2021-01-01,FACT.NS
2021-01-01,FDC.NS
2021-01-01,FEDERALBNK.NS
2021-01-01,FINCABLES.NS
2021-01-01,FINEORG.NS
2021-01-01,FINPIPE.NS
2021-01-01,FLUOROCHEM.NS
2021-01-01,FORTIS.NS
2021-01-01,FSL.NS
2021-01-01,GAEL.NS
2021-01-01,GAIL.NS
2021-01-01,GALAXYSURF.NS
2021-01-01,GARFIBRES.NS
2021-01-01,GESHIP.NS
2021-01-01,GICRE.NS
2021-01-01,GLAND.NS
2021-01-01,GLAXO.NS
2021-01-01,GLENMARK.NS
2021-01-01,GLS.NS
2021-01-01,GMMPFAUDLR.NS
2021-01-01,GNFC.NS
2021-01-01,GOCOLORS.NS
2021-01-01,GODFRYPHLP.NS
2021-01-01,GODREJAGRO.NS
2021-01-01,GODREJCP.NS
2021-01-01,GODREJIND.NS
2021-01-01,GODREJPROP.NS
2021-01-01,GPPL.NS
2021-01-01,GRANULES.NS
2021-01-01,GRAPHITE.NS
2021-01-01,GRASIM.NS
2021-01-01,GRINDWELL.NS
2021-01-01,GRINFRA.NS
2021-01-01,GSFC.NS
2021-01-01,GSPL.NS
2021-01-01,GUJALKALI.NS
2021-01-01,GUJGASLTD.NS
2021-01-01,HAL.NS
2021-01-01,HAPPSTMNDS.NS
2021-01-01,HATHWAY.NS
2021-01-01,HATSUN.NS
2021-01-01,HAVELLS.NS
2021-01-01,HCLTECH.NS
2021-01-01,HDFC.NS
2021-01-01,HDFCAMC.NS
2021-01-01,HDFCBANK.NS
2021-01-01,HDFCLIFE.NS
2021-01-01,HEG.NS
2021-01-01,HEMIPROP.NS
2021-01-01,HEROMOTOCO.NS
2021-01-01,HFCL.NS
2021-01-01,HGS.NS
2021-01-01,HIKAL.NS
2021-01-01,HINDALCO.NS
2021-01-01,HINDCOPPER.NS
2021-01-01,HINDPETRO.NS
2021-01-01,HINDUNILVR.NS
2021-01-01,HINDZINC.NS
2021-01-01,HLEGLAS.NS
2021-01-01,HOMEFIRST.NS
2021-01-01,HONAUT.NS
2021-01-01,HUDCO.NS
2021-01-01,IBREALEST.NS
2021-01-01,IBULHSGFIN.NS
2021-01-01,ICICIBANK.NS
2021-01-01,ICICIGI.NS
2021-01-01,ICICIPRULI.NS
2021-01-01,ICIL.NS
2021-01-01,IDBI.NS
2021-01-01,IDEA.NS
2021-01-01,IDFC.NS
2021-01-01,IDFCFIRSTB.NS
2021-01-01,IEX.NS
2021-01-01,IFBIND.NS
2021-01-01,IGL.NS
2021-01-01,IIFL.NS
2021-01-01,IIFLWAM.NS
2021-01-01,INDHOTEL.NS
2021-01-01,INDIACEM.NS
2021-01-01,INDIAMART.NS
2021-01-01,INDIANB.NS
2021-01-01,INDIGO.NS
2021-01-01,INDIGOPNTS.NS
2021-01-01,INDOCO.NS
2021-01-01,INDUSINDBK.NS
2021-01-01,INDUSTOWER.NS
2021-01-01,INFIBEAM.NS
2021-01-01,INFY.NS
2021-01-01,INOXLEISUR.NS
2021-01-01,INTELLECT.NS
2021-01-01,IOB.NS
2021-01-01,IOC.NS
2021-01-01,IPCALAB.NS
2021-01-01,IRB.NS
2021-01-01,IRCON.NS
2021-01-01,IRCTC.NS
2021-01-01,IRFC.NS
2021-01-01,ISEC.NS
2021-01-01,ITC.NS
2021-01-01,ITI.NS
2021-01-01,JAMNAAUTO.NS
2021-01-01,JBCHEPHARM.NS
2021-01-01,JINDALSTEL.NS
2021-01-01,JKCEMENT.NS
2021-01-01,JKLAKSHMI.NS
2021-01-01,JKPAPER.NS
2021-01-01,JMFINANCIL.NS
2021-01-01,JSL.NS
2021-01-01,JSLHISAR.NS
2021-01-01,JSWENERGY.NS
2021-01-01,JSWSTEEL.NS
2021-01-01,JUBLFOOD.NS
2021-01-01,JUBLINGREA.NS
2021-01-01,JUBLPHARMA.NS
2021-01-01,JUSTDIAL.NS
2021-01-01,JYOTHYLAB.NS
2021-01-01,KAJARIACER.NS
2021-01-01,KALPATPOWR.NS
2021-01-01,KALYANKJIL.NS
2021-01-01,KANSAINER.NS
2021-01-01,KARURVYSYA.NS
2021-01-01,KEC.NS
2021-01-01,KEI.NS
2021-01-01,KIMS.NS
2021-01-01,KNRCON.NS
2021-01-01,KOTAKBANK.NS
2021-01-01,KPITTECH.NS
2021-01-01,KPRMILL.NS
2021-01-01,KRBL.NS
2021-01-01,L&TFH.NS
2021-01-01,LALPATHLAB.NS
2021-01-01,LATENTVIEW.NS
2021-01-01,LAURUSLABS.NS
2021-01-01,LAXMIMACH.NS
2021-01-01,LICHSGFIN.NS
2021-01-01,LINDEINDIA.NS
2021-01-01,LODHA.NS
2021-01-01,LT.NS
2021-01-01,LTI.NS
2021-01-01,LTTS.NS
2021-01-01,LUPIN.NS
2021-01-01,LUXIND.NS
2021-01-01,LXCHEM.NS
2021-01-01,M&M.NS
2021-01-01,M&MFIN.NS
2021-01-01,MAHABANK.NS
2021-01-01,MAHINDCIE.NS
2021-01-01,MAHLOG.NS
2021-01-01,MANAPPURAM.NS
2021-01-01,MAPMYINDIA.NS
2021-01-01,MARICO.NS
2021-01-01,MARUTI.NS
2021-01-01,MASTEK.NS
2021-01-01,MAXHEALTH.NS
2021-01-01,MAZDOCK.NS
2021-01-01,MCDOWELL-N.NS
2021-01-01,MCX.NS
2021-01-01,MEDPLUS.NS
2021-01-01,METROBRAND.NS
2021-01-01,METROPOLIS.NS
2021-01-01,MFSL.NS
2021-01-01,MGL.NS
2021-01-01,MHRIL.NS
2021-01-01,MINDAIND.NS
2021-01-01,MINDTREE.NS
2021-01-01,MMTC.NS
2021-01-01,MOIL.NS
2021-01-01,MOTILALOFS.NS
2021-01-01,MPHASIS.NS
2021-01-01,MRF.NS
2021-01-01,MRPL.NS
2021-01-01,MTARTECH.NS
2021-01-01,MUTHOOTFIN.NS
2021-01-01,NAM-INDIA.NS
2021-01-01,NATCOPHARM.NS
2021-01-01,NATIONALUM.NS
2021-01-01,NAUKRI.NS
2021-01-01,NAVINFLUOR.NS
2021-01-01,NAZARA.NS
2021-01-01,NBCC.NS
2021-01-01,NCC.NS
2021-01-01,NESCO.NS
2021-01-01,NESTLEIND.NS
2021-01-01,NETWORK18.NS
2021-01-01,NH.NS
2021-01-01,NHPC.NS
2021-01-01,NIACL.NS
2021-01-01,NLCINDIA.NS
2021-01-01,NMDC.NS
2021-01-01,NOCIL.NS
2021-01-01,NTPC.NS
2021-01-01,NUVOCO.NS
2021-01-01,NYKAA.NS
2021-01-01,OBEROIRLTY.NS
2021-01-01,OFSS.NS
2021-01-01,OIL.NS
2021-01-01,ONGC.NS
2021-01-01,ORIENTELEC.NS
2021-01-01,PAGEIND.NS
2021-01-01,PAYTM.NS
2021-01-01,PCBL.NS
2021-01-01,PEL.NS
2021-01-01,PERSISTENT.NS
2021-01-01,PETRONET.NS
2021-01-01,PFC.NS
2021-01-01,PFIZER.NS
2021-01-01,PGHH.NS
2021-01-01,PGHL.NS
2021-01-01,PHOENIXLTD.NS
2021-01-01,PIDILITIND.NS
2021-01-01,PIIND.NS
2021-01-01,PNB.NS
2021-01-01,PNBHOUSING.NS
2021-01-01,PNCINFRA.NS
2021-01-01,POLICYBZR.NS
2021-01-01,POLYCAB.NS
2021-01-01,POLYMED.NS
2021-01-01,POLYPLEX.NS
2021-01-01,POONAWALLA.NS
2021-01-01,POWERGRID.NS
2021-01-01,POWERINDIA.NS
2021-01-01,PRAJIND.NS
2021-01-01,PRESTIGE.NS
2021-01-01,PRINCEPIPE.NS
2021-01-01,PRIVISCL.NS
2021-01-01,PRSMJOHNSN.NS
2021-01-01,PVR.NS
2021-01-01,QUESS.NS
2021-01-01,RADICO.NS
2021-01-01,RAILTEL.NS
2021-01-01,RAIN.NS
2021-01-01,RAJESHEXPO.NS
2021-01-01,RALLIS.NS
2021-01-01,RAMCOCEM.NS
2021-01-01,RATNAMANI.NS
2021-01-01,RBA.NS
2021-01-01,RBLBANK.NS
2021-01-01,RCF.NS
2021-01-01,RECLTD.NS
2021-01-01,REDINGTON.NS
2021-01-01,RELAXO.NS
2021-01-01,RELIANCE.NS
2021-01-01,RENUKA.NS
2021-01-01,RHIM.NS
2021-01-01,RITES.NS
2021-01-01,ROSSARI.NS
2021-01-01,ROUTE.NS
2021-01-01,RTNINDIA.NS
2021-01-01,RVNL.NS
2021-01-01,SAIL.NS
2021-01-01,SANOFI.NS
2021-01-01,SAPPHIRE.NS
2021-01-01,SAREGAMA.NS
2021-01-01,SBICARD.NS
2021-01-01,SBILIFE.NS
2021-01-01,SBIN.NS
2021-01-01,SCHAEFFLER.NS
2021-01-01,SCI.NS
2021-01-01,SEQUENT.NS
2021-01-01,SFL.NS
2021-01-01,SHILPAMED.NS
2021-01-01,SHREECEM.NS
2021-01-01,SHRIRAMCIT.NS
2021-01-01,SHYAMMETL.NS
2021-01-01,SIEMENS.NS
2021-01-01,SIS.NS
2021-01-01,SJVN.NS
2021-01-01,SKFINDIA.NS
2021-01-01,SOBHA.NS
2021-01-01,SOLARA.NS
2021-01-01,SOLARINDS.NS
2021-01-01,SONACOMS.NS
2021-01-01,SONATSOFTW.NS
2021-01-01,SPARC.NS
2021-01-01,SPICEJET.NS
2021-01-01,SRF.NS
2021-01-01,SRTRANSFIN.NS
2021-01-01,STAR.NS
2021-01-01,STARHEALTH.NS
2021-01-01,STLTECH.NS
2021-01-01,SUDARSCHEM.NS
2021-01-01,SUMICHEM.NS
2021-01-01,SUNDARMFIN.NS
2021-01-01,SUNDRMFAST.NS
2021-01-01,SUNPHARMA.NS
2021-01-01,SUNTECK.NS
2021-01-01,SUNTV.NS
2021-01-01,SUPRAJIT.NS
2021-01-01,SUPREMEIND.NS
2021-01-01,SUVENPHAR.NS
2021-01-01,SUZLON.NS
2021-01-01,SWSOLAR.NS
2021-01-01,SYMPHONY.NS
2021-01-01,SYNGENE.NS
2021-01-01,TANLA.NS
2021-01-01,TATACHEM.NS
2021-01-01,TATACOFFEE.NS
2021-01-01,TATACOMM.NS
2021-01-01,TATACONSUM.NS
2021-01-01,TATAELXSI.NS
2021-01-01,TATAINVEST.NS
2021-01-01,TATAMOTORS.NS
2021-01-01,TATAMTRDVR.NS
2021-01-01,TATAPOWER.NS
2021-01-01,TATASTEEL.NS
2021-01-01,TATASTLLP.NS
2021-01-01,TCIEXP.NS
2021-01-01,TCNSBRANDS.NS
2021-01-01,TCS.NS
2021-01-01,TEAMLEASE.NS
2021-01-01,TECHM.NS
2021-01-01,THERMAX.NS
2021-01-01,THYROCARE.NS
2021-01-01,TIINDIA.NS
2021-01-01,TIMKEN.NS
2021-01-01,TITAN.NS
2021-01-01,TORNTPHARM.NS
2021-01-01,TORNTPOWER.NS
2021-01-01,TRENT.NS
2021-01-01,TRIDENT.NS
2021-01-01,TRITURBINE.NS
2021-01-01,TTKPRESTIG.NS
2021-01-01,TTML.NS
2021-01-01,TV18BRDCST.NS
2021-01-01,TVSMOTOR.NS
2021-01-01,UBL.NS
2021-01-01,UCOBANK.NS
2021-01-01,UFLEX.NS
2021-01-01,ULTRACEMCO.NS
2021-01-01,UNIONBANK.NS
2021-01-01,UPL.NS
2021-01-01,UTIAMC.NS
2021-01-01,VAIBHAVGBL.NS
2021-01-01,VAKRANGEE.NS
2021-01-01,VARROC.NS
2021-01-01,VBL.NS
2021-01-01,VEDL.NS
2021-01-01,VENKEYS.NS
2021-01-01,VGUARD.NS
2021-01-01,VIJAYA.NS
2021-01-01,VINATIORGA.NS
2021-01-01,VIPIND.NS
2021-01-01,VMART.NS
2021-01-01,VOLTAS.NS
2021-01-01,VTL.NS
2021-01-01,WELCORP.NS
2021-01-01,WELSPUNIND.NS
2021-01-01,WESTLIFE.NS
2021-01-01,WHIRLPOOL.NS
2021-01-01,WIPRO.NS
2021-01-01,WOCKPHARMA.NS
2021-01-01,YESBANK.NS
2021-01-01,ZEEL.NS
2021-01-01,ZENSARTECH.NS
2021-01-01,ZFCVINDIA.NS
2021-01-01,ZOMATO.NS
2021-01-01,ZYDUSLIFE.NS
2021-01-01,ZYDUSWELL.NS
2022-10-09,3MINDIA.NS
2022-10-09,AARTIDRUGS.NS
2022-10-09,AAVAS.NS
2022-10-09,ABB.NS
2022-10-09,ABBOTINDIA.NS
2022-10-09,ABCAPITAL.NS
2022-10-09,ABFRL.NS
2022-10-09,ABSLAMC.NS
2022-10-09,ACC.NS
2022-10-09,ADANIENT.NS
2022-10-09,ADANIGREEN.NS
2022-10-09,ADANIPORTS.NS
2022-10-09,ADANITRANS.NS
2022-10-09,AEGISCHEM.NS
2022-10-09,AETHER.NS
2022-10-09,AFFLE.NS
2022-10-09,AIAENG.NS
2022-10-09,AJANTPHARM.NS
2022-10-09,ALKEM.NS
2022-10-09,ALKYLAMINE.NS
2022-10-09,ALLCARGO.NS
2022-10-09,ALOKINDS.NS
2022-10-09,AMARAJABAT.NS
2022-10-09,AMBER.NS
2022-10-09,AMBUJACEM.NS
2022-10-09,ANGELONE.NS
2022-10-09,ANURAS.NS
2022-10-09,APLAPOLLO.NS
2022-10-09,APLLTD.NS
2022-10-09,APOLLOHOSP.NS
2022-10-09,APOLLOTYRE.NS
2022-10-09,APTUS.NS
2022-10-09,ASAHIINDIA.NS
2022-10-09,ASHOKLEY.NS
2022-10-09,ASIANPAINT.NS
2022-10-09,ASTERDM.NS
2022-10-09,ASTRAL.NS
2022-10-09,ASTRAZEN.NS
2022-10-09,ATGL.NS
2022-10-09,ATUL.NS
2022-10-09,AUBANK.NS
2022-10-09,AUROPHARMA.NS
2022-10-09,AVANTIFEED.NS
2022-10-09,AWL.NS
2022-10-09,AXISBANK.NS
2022-10-09,BAJAJ-AUTO.NS
2022-10-09,BAJAJELEC.NS
2022-10-09,BAJAJFINSV.NS
2022-10-09,BAJAJHLDNG.NS
2022-10-09,BAJFINANCE.NS
2022-10-09,BALAMINES.NS
2022-10-09,BALKRISIND.NS
2022-10-09,BALRAMCHIN.NS
2022-10-09,BANDHANBNK.NS
2022-10-09,BANKBARODA.NS
2022-10-09,BANKINDIA.NS
2022-10-09,BASF.NS
2022-10-09,BATAINDIA.NS
2022-10-09,BAYERCROP.NS
2022-10-09,BBTC.NS
2022-10-09,BCG.NS
2022-10-09,BDL.NS
2022-10-09,BEL.NS
2022-10-09,BERGEPAINT.NS
2022-10-09,BHARATFORG.NS
2022-10-09,BHARATRAS.NS
2022-10-09,BHARTIARTL.NS
2022-10-09,BHEL.NS
2022-10-09,BIOCON.NS
2022-10-09,BIRLACORPN.NS
2022-10-09,BLUEDART.NS
2022-10-09,BLUESTARCO.NS
2022-10-09,BORORENEW.NS
2022-10-09,BOSCHLTD.NS
2022-10-09,BPCL.NS
2022-10-09,BRIGADE.NS
2022-10-09,BRITANNIA.NS
2022-10-09,BSE.NS
2022-10-09,BSOFT.NS
2022-10-09,CAMPUS.NS
2022-10-09,CAMS.NS
2022-10-09,CANBK.NS
2022-10-09,CANFINHOME.NS
2022-10-09,CAPLIPOINT.NS
2022-10-09,CARBORUNIV.NS
2022-10-09,CASTROLIND.NS
2022-10-09,CCL.NS
2022-10-09,CDSL.NS
2022-10-09,CEATLTD.NS
2022-10-09,CENTRALBK.NS
2022-10-09,CENTURYPLY.NS
2022-10-09,CENTURYTEX.NS
2022-10-09,CERA.NS
2022-10-09,CESC.NS
2022-10-09,CGCL.NS
2022-10-09,CGPOWER.NS
2022-10-09,CHALET.NS
2022-10-09,CHAMBLFERT.NS
2022-10-09,CHEMPLASTS.NS
2022-10-09,CHOLAFIN.NS
2022-10-09,CHOLAHLDNG.NS
2022-10-09,CIPLA.NS
2022-10-09,CLEAN.NS
2022-10-09,COALINDIA.NS
2022-10-09,COCHINSHIP.NS
2022-10-09,COFORGE.NS
2022-10-09,COLPAL.NS
2022-10-09,CONCOR.NS
2022-10-09,COROMANDEL.NS
2022-10-09,CREDITACC.NS
2022-10-09,CRISIL.NS
2022-10-09,CROMPTON.NS
2022-10-09,CSBBANK.NS
2022-10-09,CUB.NS
2022-10-09,CUMMINSIND.NS
2022-10-09,CYIENT.NS
2022-10-09,DABUR.NS
2022-10-09,DALBHARAT.NS
2022-10-09,DBL.NS
2022-10-09,DCMSHRIRAM.NS
2022-10-09,DEEPAKFERT.NS
2022-10-09,DEEPAKNTR.NS
2022-10-09,DELHIVERY.NS
2022-10-09,DELTACORP.NS
2022-10-09,DEVYANI.NS
2022-10-09,DHANI.NS
2022-10-09,DIVISLAB.NS
2022-10-09,DIXON.NS
2022-10-09,DLF.NS
2022-10-09,DMART.NS
2022-10-09,DRREDDY.NS
2022-10-09,EASEMYTRIP.NS
2022-10-09,ECLERX.NS
2022-10-09,EDELWEISS.NS
2022-10-09,EICHERMOT.NS
2022-10-09,EIDPARRY.NS
2022-10-09,EIHOTEL.NS
2022-10-09,ELGIEQUIP.NS
2022-10-09,EMAMILTD.NS
2022-10-09,ENDURANCE.NS
2022-10-09,ENGINERSIN.NS
2022-10-09,EPL.NS
2022-10-09,EQUITASBNK.NS
2022-10-09,ESCORTS.NS
2022-10-09,EXIDEIND.NS
2022-10-09,FACT.NS
2022-10-09,FDC.NS
2022-10-09,FEDERALBNK.NS
2022-10-09,FINCABLES.NS
2022-10-09,FINEORG.NS
2022-10-09,FINPIPE.NS
2022-10-09,FLUOROCHEM.NS
2022-10-09,FORTIS.NS
2022-10-09,FSL.NS
2022-10-09,GAEL.NS
2022-10-09,GAIL.NS
2022-10-09,GALAXYSURF.NS
2022-10-09,GARFIBRES.NS
2022-10-09,GESHIP.NS
2022-10-09,GICRE.NS
2022-10-09,GLAND.NS
2022-10-09,GLAXO.NS
2022-10-09,GLENMARK.NS
2022-10-09,GMMPFAUDLR.NS
2022-10-09,GMRINFRA.NS
2022-10-09,GNFC.NS
2022-10-09,GOCOLORS.NS
2022-10-09,GODFRYPHLP.NS
2022-10-09,GODREJAGRO.NS
2022-10-09,GODREJCP.NS
2022-10-09,GODREJIND.NS
2022-10-09,GODREJPROP.NS
2022-10-09,GPPL.NS
2022-10-09,GRANULES.NS
2022-10-09,GRAPHITE.NS
2022-10-09,GRASIM.NS
2022-10-09,GREENPANEL.NS
2022-10-09,GRINDWELL.NS
2022-10-09,GRINFRA.NS
2022-10-09,GSFC.NS
2022-10-09,GSPL.NS
2022-10-09,GUJALKALI.NS
2022-10-09,GUJGASLTD.NS
2022-10-09,HAL.NS
2022-10-09,HAPPSTMNDS.NS
2022-10-09,HATSUN.NS
2022-10-09,HAVELLS.NS
2022-10-09,HCLTECH.NS
2022-10-09,HDFC.NS
2022-10-09,HDFCAMC.NS
2022-10-09,HDFCBANK.NS
2022-10-09,HDFCLIFE.NS
2022-10-09,HEG.NS
2022-10-09,HEROMOTOCO.NS
2022-10-09,HFCL.NS
2022-10-09,HGS.NS
2022-10-09,HIKAL.NS
2022-10-09,HINDALCO.NS
2022-10-09,HINDCOPPER.NS
2022-10-09,HINDPETRO.NS
2022-10-09,HINDUNILVR.NS
2022-10-09,HINDZINC.NS
2022-10-09,HLEGLAS.NS
2022-10-09,HOMEFIRST.NS
2022-10-09,HONAUT.NS
2022-10-09,HUDCO.NS
2022-10-09,IBREALEST.NS
2022-10-09,IBULHSGFIN.NS
2022-10-09,ICICIBANK.NS
2022-10-09,ICICIGI.NS
2022-10-09,ICICIPRULI.NS
2022-10-09,IDBI.NS
2022-10-09,IDEA.NS
2022-10-09,IDFC.NS
2022-10-09,IDFCFIRSTB.NS
2022-10-09,IEX.NS
2022-10-09,IFBIND.NS
2022-10-09,IGL.NS
2022-10-09,IIFL.NS
2022-10-09,IIFLWAM.NS
2022-10-09,INDHOTEL.NS
2022-10-09,INDIACEM.NS
2022-10-09,INDIAMART.NS
2022-10-09,INDIANB.NS
2022-10-09,INDIGO.NS
2022-10-09,INDIGOPNTS.NS
2022-10-09,INDOCO.NS
2022-10-09,INDUSINDBK.NS
2022-10-09,INDUSTOWER.NS
2022-10-09,INFIBEAM.NS
2022-10-09,INFY.NS
2022-10-09,INOXLEISUR.NS
2022-10-09,INTELLECT.NS
2022-10-09,IOB.NS
2022-10-09,IOC.NS
2022-10-09,IPCALAB.NS
2022-10-09,IRB.NS
2022-10-09,IRCTC.NS
2022-10-09,IRFC.NS
2022-10-09,ISEC.NS
2022-10-09,ITC.NS
2022-10-09,ITI.NS
2022-10-09,JAMNAAUTO.NS
2022-10-09,JBCHEPHARM.NS
2022-10-09,JBMA.NS
2022-10-09,JINDALSTEL.NS
2022-10-09,JKCEMENT.NS
2022-10-09,JKLAKSHMI.NS
2022-10-09,JKPAPER.NS
2022-10-09,JMFINANCIL.NS
2022-10-09,JSL.NS
2022-10-09,JSWENERGY.NS
2022-10-09,JSWSTEEL.NS
2022-10-09,JUBLFOOD.NS
2022-10-09,JUBLINGREA.NS
2022-10-09,JUBLPHARMA.NS
2022-10-09,JUSTDIAL.NS
2022-10-09,JYOTHYLAB.NS
2022-10-09,KAJARIACER.NS
2022-10-09,KALPATPOWR.NS
2022-10-09,KALYANKJIL.NS
2022-10-09,KANSAINER.NS
2022-10-09,KARURVYSYA.NS
2022-10-09,KEC.NS
2022-10-09,KEI.NS
2022-10-09,KIMS.NS
2022-10-09,KNRCON.NS
2022-10-09,KOTAKBANK.NS
2022-10-09,KPITTECH.NS
2022-10-09,KPRMILL.NS
2022-10-09,KRBL.NS
2022-10-09,L&TFH.NS
2022-10-09,LALPATHLAB.NS
2022-10-09,LATENTVIEW.NS
2022-10-09,LAURUSLABS.NS
2022-10-09,LAXMIMACH.NS
2022-10-09,LICHSGFIN.NS
2022-10-09,LICI.NS
2022-10-09,LINDEINDIA.NS
2022-10-09,LODHA.NS
2022-10-09,LT.NS
2022-10-09,LTI.NS
2022-10-09,LTTS.NS
2022-10-09,LUPIN.NS
2022-10-09,LUXIND.NS
2022-10-09,LXCHEM.NS
2022-10-09,M&M.NS
2022-10-09,M&MFIN.NS
2022-10-09,MAHABANK.NS
2022-10-09,MAHINDCIE.NS
2022-10-09,MAHLIFE.NS
2022-10-09,MAHLOG.NS
2022-10-09,MANAPPURAM.NS
2022-10-09,MANYAVAR.NS
2022-10-09,MAPMYINDIA.NS
2022-10-09,MARICO.NS
2022-10-09,MARUTI.NS
2022-10-09,MASTEK.NS
2022-10-09,MAXHEALTH.NS
2022-10-09,MAZDOCK.NS
2022-10-09,MCDOWELL-N.NS
2022-10-09,MCX.NS
2022-10-09,MEDPLUS.NS
2022-10-09,METROBRAND.NS
2022-10-09,METROPOLIS.NS
2022-10-09,MFSL.NS
2022-10-09,MGL.NS
2022-10-09,MHRIL.NS
2022-10-09,MMTC.NS
2022-10-09,MOIL.NS
2022-10-09,MOTHERSON.NS
2022-10-09,MOTILALOFS.NS
2022-10-09,MPHASIS.NS
2022-10-09,MRF.NS
2022-10-09,MRPL.NS
2022-10-09,MSUMI.NS
2022-10-09,MTARTECH.NS
2022-10-09,MUTHOOTFIN.NS
2022-10-09,NAM-INDIA.NS
2022-10-09,NATCOPHARM.NS
2022-10-09,NATIONALUM.NS
2022-10-09,NAUKRI.NS
2022-10-09,NAVINFLUOR.NS
2022-10-09,NAZARA.NS
2022-10-09,NBCC.NS
2022-10-09,NCC.NS
2022-10-09,NESTLEIND.NS
2022-10-09,NETWORK18.NS
2022-10-09,NH.NS
2022-10-09,NHPC.NS
2022-10-09,NIACL.NS
2022-10-09,NIITLTD.NS
2022-10-09,NLCINDIA.NS
2022-10-09,NOCIL.NS
2022-10-09,NTPC.NS
2022-10-09,NUVOCO.NS
2022-10-09,NYKAA.NS
2022-10-09,OBEROIRLTY.NS
2022-10-09,OFSS.NS
2022-10-09,OIL.NS
2022-10-09,OLECTRA.NS
2022-10-09,ONGC.NS
2022-10-09,ORIENTELEC.NS
2022-10-09,PAGEIND.NS
2022-10-09,PATANJALI.NS
2022-10-09,PAYTM.NS
2022-10-09,PCBL.NS
2022-10-09,PERSISTENT.NS
2022-10-09,PETRONET.NS
2022-10-09,PFC.NS
2022-10-09,PFIZER.NS
2022-10-09,PGHH.NS
2022-10-09,PGHL.NS
2022-10-09,PHOENIXLTD.NS
2022-10-09,PIDILITIND.NS
2022-10-09,PIIND.NS
2022-10-09,PNB.NS
2022-10-09,PNBHOUSING.NS
2022-10-09,PNCINFRA.NS
2022-10-09,POLICYBZR.NS
2022-10-09,POLYCAB.NS
2022-10-09,POLYMED.NS
2022-10-09,POLYPLEX.NS
2022-10-09,POONAWALLA.NS
2022-10-09,POWERGRID.NS
2022-10-09,POWERINDIA.NS
2022-10-09,PRAJIND.NS
2022-10-09,PRESTIGE.NS
2022-10-09,PRINCEPIPE.NS
2022-10-09,PRIVISCL.NS
2022-10-09,PRSMJOHNSN.NS
2022-10-09,PVR.NS
2022-10-09,QUESS.NS
2022-10-09,RADICO.NS
2022-10-09,RAIN.NS
2022-10-09,RAJESHEXPO.NS
2022-10-09,RALLIS.NS
2022-10-09,RAMCOCEM.NS
2022-10-09,RATNAMANI.NS
2022-10-09,RAYMOND.NS
2022-10-09,RBA.NS
2022-10-09,RBLBANK.NS
2022-10-09,RCF.NS
2022-10-09,RECLTD.NS
2022-10-09,REDINGTON.NS
2022-10-09,RELAXO.NS
2022-10-09,RELIANCE.NS
2022-10-09,RENUKA.NS
2022-10-09,RHIM.NS
2022-10-09,RITES.NS
2022-10-09,ROSSARI.NS
2022-10-09,ROUTE.NS
2022-10-09,RTNINDIA.NS
2022-10-09,RVNL.NS
2022-10-09,SAIL.NS
2022-10-09,SANOFI.NS
2022-10-09,SAPPHIRE.NS
2022-10-09,SAREGAMA.NS
2022-10-09,SBICARD.NS
2022-10-09,SBILIFE.NS
2022-10-09,SBIN.NS
2022-10-09,SCHAEFFLER.NS
2022-10-09,SCI.NS
2022-10-09,SFL.NS
2022-10-09,SHARDACROP.NS
2022-10-09,SHILPAMED.NS
2022-10-09,SHOPERSTOP.NS
2022-10-09,SHREECEM.NS
2022-10-09,SHYAMMETL.NS
2022-10-09,SIEMENS.NS
2022-10-09,SIS.NS
2022-10-09,SJVN.NS
2022-10-09,SKFINDIA.NS
2022-10-09,SOBHA.NS
2022-10-09,SOLARINDS.NS
2022-10-09,SONACOMS.NS
2022-10-09,SONATSOFTW.NS
2022-10-09,SPARC.NS
2022-10-09,SRF.NS
2022-10-09,SRTRANSFIN.NS
2022-10-09,STARHEALTH.NS
2022-10-09,STLTECH.NS
2022-10-09,SUDARSCHEM.NS
2022-10-09,SUMICHEM.NS
2022-10-09,SUNDARMFIN.NS
2022-10-09,SUNDRMFAST.NS
2022-10-09,SUNPHARMA.NS
2022-10-09,SUNTECK.NS
2022-10-09,SUNTV.NS
2022-10-09,SUPRAJIT.NS
2022-10-09,SUPREMEIND.NS
2022-10-09,SUVENPHAR.NS
2022-10-09,SUZLON.NS
2022-10-09,SWANENERGY.NS
2022-10-09,SWSOLAR.NS
2022-10-09,SYMPHONY.NS
2022-10-09,SYNGENE.NS
2022-10-09,TANLA.NS
2022-10-09,TATACHEM.NS
2022-10-09,TATACOFFEE.NS
2022-10-09,TATACOMM.NS
2022-10-09,TATACONSUM.NS
2022-10-09,TATAELXSI.NS
2022-10-09,TATAINVEST.NS
2022-10-09,TATAMOTORS.NS
2022-10-09,TATAMTRDVR.NS
2022-10-09,TATAPOWER.NS
2022-10-09,TATASTEEL.NS
2022-10-09,TCI.NS
2022-10-09,TCIEXP.NS
2022-10-09,TCNSBRANDS.NS
2022-10-09,TCS.NS
2022-10-09,TEAMLEASE.NS
2022-10-09,TECHM.NS
2022-10-09,TEJASNET.NS
2022-10-09,THERMAX.NS
2022-10-09,THYROCARE.NS
2022-10-09,TIINDIA.NS
2022-10-09,TIMKEN.NS
2022-10-09,TITAN.NS
2022-10-09,TORNTPHARM.NS
2022-10-09,TORNTPOWER.NS
2022-10-09,TRENT.NS
2022-10-09,TRIDENT.NS
2022-10-09,TRITURBINE.NS
2022-10-09,TRIVENI.NS
2022-10-09,TTKPRESTIG.NS
2022-10-09,TTML.NS
2022-10-09,TV18BRDCST.NS
2022-10-09,TVSMOTOR.NS
2022-10-09,UBL.NS
2022-10-09,UFLEX.NS
2022-10-09,ULTRACEMCO.NS
2022-10-09,UNIONBANK.NS
2022-10-09,UNOMINDA.NS
2022-10-09,UPL.NS
2022-10-09,UTIAMC.NS
2022-10-09,VAIBHAVGBL.NS
2022-10-09,VARROC.NS
2022-10-09,VBL.NS
2022-10-09,VEDL.NS
2022-10-09,VGUARD.NS
2022-10-09,VIJAYA.NS
2022-10-09,VINATIORGA.NS
2022-10-09,VIPIND.NS
2022-10-09,VMART.NS
2022-10-09,VOLTAS.NS
2022-10-09,VTL.NS
2022-10-09,WELCORP.NS
2022-10-09,WELSPUNIND.NS
2022-10-09,WESTLIFE.NS
2022-10-09,WHIRLPOOL.NS
2022-10-09,WIPRO.NS
2022-10-09,WOCKPHARMA.NS
2022-10-09,YESBANK.NS
2022-10-09,ZEEL.NS
2022-10-09,ZENSARTECH.NS
2022-10-09,ZFCVINDIA.NS
2022-10-09,ZOMATO.NS
2022-10-09,ZYDUSLIFE.NS
2022-10-09,ZYDUSWELL.NS
2023-04-04,360ONE.NS
2023-04-04,3MINDIA.NS
2023-04-04,AARTIDRUGS.NS
2023-04-04,AARTIIND.NS
2023-04-04,AAVAS.NS
2023-04-04,ABB.NS
2023-04-04,ABBOTINDIA.NS
2023-04-04,ABCAPITAL.NS
2023-04-04,ABFRL.NS
2023-04-04,ACC.NS
2023-04-04,ACI.NS
2023-04-04,ADANIENT.NS
2023-04-04,ADANIGREEN.NS
2023-04-04,ADANIPORTS.NS
2023-04-04,ADANIPOWER.NS
2023-04-04,ADANITRANS.NS
2023-04-04,AEGISCHEM.NS
2023-04-04,AETHER.NS
2023-04-04,AFFLE.NS
2023-04-04,AIAENG.NS
2023-04-04,AJANTPHARM.NS
2023-04-04,ALKEM.NS
2023-04-04,ALKYLAMINE.NS
2023-04-04,AMARAJABAT.NS
2023-04-04,AMBER.NS
2023-04-04,AMBUJACEM.NS
2023-04-04,ANGELONE.NS
2023-04-04,ANURAS.NS
2023-04-04,APARINDS.NS
2023-04-04,APLAPOLLO.NS
2023-04-04,APLLTD.NS
2023-04-04,APOLLOHOSP.NS
2023-04-04,APOLLOTYRE.NS
2023-04-04,APTUS.NS
2023-04-04,ASAHIINDIA.NS
2023-04-04,ASHOKLEY.NS
2023-04-04,ASIANPAINT.NS
2023-04-04,ASTERDM.NS
2023-04-04,ASTRAL.NS
2023-04-04,ATGL.NS
2023-04-04,ATUL.NS
2023-04-04,AUBANK.NS
2023-04-04,AUROPHARMA.NS
2023-04-04,AVANTIFEED.NS
2023-04-04,AWL.NS
2023-04-04,AXISBANK.NS
2023-04-04,BAJAJ-AUTO.NS
2023-04-04,BAJAJELEC.NS
2023-04-04,BAJAJFINSV.NS
2023-04-04,BAJAJHLDNG.NS
2023-04-04,BAJFINANCE.NS
2023-04-04,BALAMINES.NS
2023-04-04,BALKRISIND.NS
2023-04-04,BALRAMCHIN.NS
2023-04-04,BANDHANBNK.NS
2023-04-04,BANKBARODA.NS
2023-04-04,BANKINDIA.NS
2023-04-04,BASF.NS
2023-04-04,BATAINDIA.NS
2023-04-04,BAYERCROP.NS
2023-04-04,BBTC.NS
2023-04-04,BCG.NS
2023-04-04,BDL.NS
2023-04-04,BEL.NS
2023-04-04,BEML.NS
2023-04-04,BERGEPAINT.NS
2023-04-04,BHARATFORG.NS
2023-04-04,BHARTIARTL.NS
2023-04-04,BHEL.NS
2023-04-04,BIKAJI.NS
2023-04-04,BIOCON.NS
2023-04-04,BIRLACORPN.NS
2023-04-04,BLS.NS
2023-04-04,BLUEDART.NS
2023-04-04,BLUESTARCO.NS
2023-04-04,BORORENEW.NS
2023-04-04,BOSCHLTD.NS
2023-04-04,BPCL.NS
2023-04-04,BRIGADE.NS
2023-04-04,BRITANNIA.NS
2023-04-04,BSE.NS
2023-04-04,BSOFT.NS
2023-04-04,CAMPUS.NS
2023-04-04,CAMS.NS
2023-04-04,CANBK.NS
2023-04-04,CANFINHOME.NS
2023-04-04,CARBORUNIV.NS
2023-04-04,CASTROLIND.NS
2023-04-04,CCL.NS
2023-04-04,CDSL.NS
2023-04-04,CEATLTD.NS
2023-04-04,CENTRALBK.NS
2023-04-04,CENTURYPLY.NS
2023-04-04,CENTURYTEX.NS
2023-04-04,CERA.NS
2023-04-04,CESC.NS
2023-04-04,CGCL.NS
2023-04-04,CGPOWER.NS
2023-04-04,CHALET.NS
2023-04-04,CHAMBLFERT.NS
2023-04-04,CHEMPLASTS.NS
2023-04-04,CHOLAFIN.NS
2023-04-04,CHOLAHLDNG.NS
2023-04-04,CIPLA.NS
2023-04-04,CLEAN.NS
2023-04-04,COALINDIA.NS
2023-04-04,COCHINSHIP.NS
2023-04-04,COFORGE.NS
2023-04-04,COLPAL.NS
2023-04-04,CONCOR.NS
2023-04-04,COROMANDEL.NS
2023-04-04,CRAFTSMAN.NS
2023-04-04,CREDITACC.NS
2023-04-04,CRISIL.NS
2023-04-04,CROMPTON.NS
2023-04-04,CSBBANK.NS
2023-04-04,CUB.NS
2023-04-04,CUMMINSIND.NS
2023-04-04,CYIENT.NS
2023-04-04,DABUR.NS
2023-04-04,DALBHARAT.NS
2023-04-04,DATAPATTNS.NS
2023-04-04,DCMSHRIRAM.NS
2023-04-04,DEEPAKFERT.NS
2023-04-04,DEEPAKNTR.NS
2023-04-04,DELHIVERY.NS
2023-04-04,DELTACORP.NS
2023-04-04,DEVYANI.NS
2023-04-04,DIVISLAB.NS
2023-04-04,DIXON.NS
2023-04-04,DLF.NS
2023-04-04,DMART.NS
2023-04-04,DRREDDY.NS
2023-04-04,EASEMYTRIP.NS
2023-04-04,ECLERX.NS
2023-04-04,EDELWEISS.NS
2023-04-04,EICHERMOT.NS
2023-04-04,EIDPARRY.NS
2023-04-04,EIHOTEL.NS
2023-04-04,ELGIEQUIP.NS
2023-04-04,EMAMILTD.NS
2023-04-04,ENDURANCE.NS
2023-04-04,ENGINERSIN.NS
2023-04-04,EPL.NS
2023-04-04,EQUITASBNK.NS
2023-04-04,ESCORTS.NS
2023-04-04,EXIDEIND.NS
2023-04-04,FACT.NS
2023-04-04,FDC.NS
2023-04-04,FEDERALBNK.NS
2023-04-04,FINCABLES.NS
2023-04-04,FINEORG.NS
2023-04-04,FINPIPE.NS
2023-04-04,FIVESTAR.NS
2023-04-04,FLUOROCHEM.NS
2023-04-04,FORTIS.NS
2023-04-04,FSL.NS
2023-04-04,GAEL.NS
2023-04-04,GAIL.NS
2023-04-04,GALAXYSURF.NS
2023-04-04,GARFIBRES.NS
2023-04-04,GESHIP.NS
2023-04-04,GICRE.NS
2023-04-04,GLAND.NS
2023-04-04,GLAXO.NS
2023-04-04,GLENMARK.NS
2023-04-04,GMMPFAUDLR.NS
2023-04-04,GMRINFRA.NS
2023-04-04,GNFC.NS
2023-04-04,GOCOLORS.NS
2023-04-04,GODFRYPHLP.NS
2023-04-04,GODREJAGRO.NS
2023-04-04,GODREJCP.NS
2023-04-04,GODREJIND.NS
2023-04-04,GODREJPROP.NS
2023-04-04,GPPL.NS
2023-04-04,GRANULES.NS
2023-04-04,GRAPHITE.NS
2023-04-04,GRASIM.NS
2023-04-04,GREENPANEL.NS
2023-04-04,GRINDWELL.NS
2023-04-04,GRINFRA.NS
2023-04-04,GSFC.NS
2023-04-04,GSPL.NS
2023-04-04,GUJALKALI.NS
2023-04-04,GUJGASLTD.NS
2023-04-04,HAL.NS
2023-04-04,HAPPSTMNDS.NS
2023-04-04,HAVELLS.NS
2023-04-04,HCLTECH.NS
2023-04-04,HDFC.NS
2023-04-04,HDFCAMC.NS
2023-04-04,HDFCBANK.NS
2023-04-04,HDFCLIFE.NS
2023-04-04,HEG.NS
2023-04-04,HEROMOTOCO.NS
2023-04-04,HFCL.NS
2023-04-04,HGS.NS
2023-04-04,HIKAL.NS
2023-04-04,HINDALCO.NS
2023-04-04,HINDCOPPER.NS
2023-04-04,HINDPETRO.NS
2023-04-04,HINDUNILVR.NS
2023-04-04,HINDZINC.NS
2023-04-04,HLEGLAS.NS
2023-04-04,HOMEFIRST.NS
2023-04-04,HONAUT.NS
2023-04-04,HUDCO.NS
2023-04-04,IBREALEST.NS
2023-04-04,IBULHSGFIN.NS
2023-04-04,ICICIBANK.NS
2023-04-04,ICICIGI.NS
2023-04-04,ICICIPRULI.NS
2023-04-04,IDBI.NS
2023-04-04,IDEA.NS
2023-04-04,IDFC.NS
2023-04-04,IDFCFIRSTB.NS
2023-04-04,IEX.NS
2023-04-04,IFBIND.NS
2023-04-04,IGL.NS
2023-04-04,IIFL.NS
2023-04-04,INDHOTEL.NS
2023-04-04,INDIACEM.NS
2023-04-04,INDIAMART.NS
2023-04-04,INDIANB.NS
2023-04-04,INDIGO.NS
2023-04-04,INDIGOPNTS.NS
2023-04-04,INDUSINDBK.NS
2023-04-04,INDUSTOWER.NS
2023-04-04,INFIBEAM.NS
2023-04-04,INFY.NS
2023-04-04,INGERRAND.NS
2023-04-04,INTELLECT.NS
2023-04-04,IOB.NS
2023-04-04,IOC.NS
2023-04-04,IPCALAB.NS
2023-04-04,IRB.NS
2023-04-04,IRCTC.NS
2023-04-04,IRFC.NS
2023-04-04,ISEC.NS
2023-04-04,ITC.NS
2023-04-04,ITI.NS
2023-04-04,JAMNAAUTO.NS
2023-04-04,JBCHEPHARM.NS
2023-04-04,JBMA.NS
2023-04-04,JINDALSTEL.NS
2023-04-04,JINDWORLD.NS
2023-04-04,JKCEMENT.NS
2023-04-04,JKLAKSHMI.NS
2023-04-04,JKPAPER.NS
2023-04-04,JMFINANCIL.NS
2023-04-04,JSL.NS
2023-04-04,JSWENERGY.NS
2023-04-04,JSWSTEEL.NS
2023-04-04,JUBLFOOD.NS
2023-04-04,JUBLINGREA.NS
2023-04-04,JUBLPHARMA.NS
2023-04-04,JUSTDIAL.NS
2023-04-04,JYOTHYLAB.NS
2023-04-04,KAJARIACER.NS
2023-04-04,KALPATPOWR.NS
2023-04-04,KALYANKJIL.NS
2023-04-04,KANSAINER.NS
2023-04-04,KARURVYSYA.NS
2023-04-04,KEC.NS
2023-04-04,KEI.NS
2023-04-04,KENNAMET.NS
2023-04-04,KFINTECH.NS
2023-04-04,KIMS.NS
2023-04-04,KNRCON.NS
2023-04-04,KOTAKBANK.NS
2023-04-04,KPITTECH.NS
2023-04-04,KPRMILL.NS
2023-04-04,KRBL.NS
2023-04-04,KSB.NS
2023-04-04,L&TFH.NS
2023-04-04,LALPATHLAB.NS
2023-04-04,LATENTVIEW.NS
2023-04-04,LAURUSLABS.NS
2023-04-04,LAXMIMACH.NS
2023-04-04,LEMONTREE.NS
2023-04-04,LICHSGFIN.NS
2023-04-04,LICI.NS
2023-04-04,LINDEINDIA.NS
2023-04-04,LODHA.NS
2023-04-04,LT.NS
2023-04-04,LTIM.NS
2023-04-04,LTTS.NS
2023-04-04,LUPIN.NS
2023-04-04,LUXIND.NS
2023-04-04,LXCHEM.NS
2023-04-04,M&M.NS
2023-04-04,M&MFIN.NS
2023-04-04,MAHABANK.NS
2023-04-04,MAHINDCIE.NS
2023-04-04,MAHLIFE.NS
2023-04-04,MAHLOG.NS
2023-04-04,MANAPPURAM.NS
2023-04-04,MANYAVAR.NS
2023-04-04,MAPMYINDIA.NS
2023-04-04,MARICO.NS
2023-04-04,MARUTI.NS
2023-04-04,MASTEK.NS
2023-04-04,MAXHEALTH.NS
2023-04-04,MAZDOCK.NS
2023-04-04,MCDOWELL-N.NS
2023-04-04,MCX.NS
2023-04-04,MEDANTA.NS
2023-04-04,MEDPLUS.NS
2023-04-04,METROBRAND.NS
2023-04-04,METROPOLIS.NS
2023-04-04,MFL.NS
2023-04-04,MFSL.NS
2023-04-04,MGL.NS
2023-04-04,MHRIL.NS
2023-04-04,MMTC.NS
2023-04-04,MOTHERSON.NS
2023-04-04,MOTILALOFS.NS
2023-04-04,MPHASIS.NS
2023-04-04,MRF.NS
2023-04-04,MRPL.NS
2023-04-04,MSUMI.NS
2023-04-04,MTARTECH.NS
2023-04-04,MUTHOOTFIN.NS
2023-04-04,NAM-INDIA.NS
2023-04-04,NATCOPHARM.NS
2023-04-04,NATIONALUM.NS
2023-04-04,NAUKRI.NS
2023-04-04,NAVINFLUOR.NS
2023-04-04,NAZARA.NS
2023-04-04,NBCC.NS
2023-04-04,NCC.NS
2023-04-04,NESTLEIND.NS
2023-04-04,NETWORK18.NS
2023-04-04,NH.NS
2023-04-04,NHPC.NS
2023-04-04,NIACL.NS
2023-04-04,NLCINDIA.NS
2023-04-04,NMDC.NS
2023-04-04,NOCIL.NS
2023-04-04,NTPC.NS
2023-04-04,NUVOCO.NS
2023-04-04,NYKAA.NS
2023-04-04,OBEROIRLTY.NS
2023-04-04,OFSS.NS
2023-04-04,OIL.NS
2023-04-04,OLECTRA.NS
2023-04-04,ONGC.NS
2023-04-04,ORIENTELEC.NS
2023-04-04,PAGEIND.NS
2023-04-04,PATANJALI.NS
2023-04-04,PAYTM.NS
2023-04-04,PCBL.NS
2023-04-04,PEL.NS
2023-04-04,PERSISTENT.NS
2023-04-04,PETRONET.NS
2023-04-04,PFC.NS
2023-04-04,PFIZER.NS
2023-04-04,PGHH.NS
2023-04-04,PHOENIXLTD.NS
2023-04-04,PIDILITIND.NS
2023-04-04,PIIND.NS
2023-04-04,PNB.NS
2023-04-04,PNBHOUSING.NS
2023-04-04,PNCINFRA.NS
2023-04-04,POLICYBZR.NS
2023-04-04,POLYCAB.NS
2023-04-04,POLYMED.NS
2023-04-04,POLYPLEX.NS
2023-04-04,POONAWALLA.NS
2023-04-04,POWERGRID.NS
2023-04-04,POWERINDIA.NS
2023-04-04,PPLPHARMA.NS
2023-04-04,PRAJIND.NS
2023-04-04,PRESTIGE.NS
2023-04-04,PRINCEPIPE.NS
2023-04-04,PRSMJOHNSN.NS
2023-04-04,PVR.NS
2023-04-04,QUESS.NS
2023-04-04,RADICO.NS
2023-04-04,RAIN.NS
2023-04-04,RAINBOW.NS
2023-04-04,RAJESHEXPO.NS
2023-04-04,RALLIS.NS
2023-04-04,RAMCOCEM.NS
2023-04-04,RATNAMANI.NS
2023-04-04,RAYMOND.NS
2023-04-04,RBA.NS
2023-04-04,RBLBANK.NS
2023-04-04,RCF.NS
2023-04-04,RECLTD.NS
2023-04-04,REDINGTON.NS
2023-04-04,RELAXO.NS
2023-04-04,RELIANCE.NS
2023-04-04,RENUKA.NS
2023-04-04,RHIM.NS
2023-04-04,RITES.NS
2023-04-04,ROSSARI.NS
2023-04-04,ROUTE.NS
2023-04-04,RTNINDIA.NS
2023-04-04,RUSTOMJEE.NS
2023-04-04,RVNL.NS
2023-04-04,SAIL.NS
2023-04-04,SANOFI.NS
2023-04-04,SAPPHIRE.NS
2023-04-04,SBICARD.NS
2023-04-04,SBILIFE.NS
2023-04-04,SBIN.NS
2023-04-04,SCHAEFFLER.NS
2023-04-04,SHARDACROP.NS
2023-04-04,SHOPERSTOP.NS
2023-04-04,SHREECEM.NS
2023-04-04,SHRIRAMFIN.NS
2023-04-04,SHYAMMETL.NS
2023-04-04,SIEMENS.NS
2023-04-04,SJVN.NS
2023-04-04,SKFINDIA.NS
2023-04-04,SOBHA.NS
2023-04-04,SOLARINDS.NS
2023-04-04,SONACOMS.NS
2023-04-04,SONATSOFTW.NS
2023-04-04,SPARC.NS
2023-04-04,SRF.NS
2023-04-04,STARHEALTH.NS
2023-04-04,STLTECH.NS
2023-04-04,SUMICHEM.NS
2023-04-04,SUNDARMFIN.NS
2023-04-04,SUNDRMFAST.NS
2023-04-04,SUNPHARMA.NS
2023-04-04,SUNTECK.NS
2023-04-04,SUNTV.NS
2023-04-04,SUPRAJIT.NS
2023-04-04,SUPREMEIND.NS
2023-04-04,SUVENPHAR.NS
2023-04-04,SUZLON.NS
2023-04-04,SWANENERGY.NS
2023-04-04,SWSOLAR.NS
2023-04-04,SYNGENE.NS
2023-04-04,TANLA.NS
2023-04-04,TATACHEM.NS
2023-04-04,TATACOMM.NS
2023-04-04,TATACONSUM.NS
2023-04-04,TATAELXSI.NS
2023-04-04,TATAINVEST.NS
2023-04-04,TATAMOTORS.NS
2023-04-04,TATAMTRDVR.NS
2023-04-04,TATAPOWER.NS
2023-04-04,TATASTEEL.NS
2023-04-04,TCI.NS
2023-04-04,TCIEXP.NS
2023-04-04,TCNSBRANDS.NS
2023-04-04,TCS.NS
2023-04-04,TEAMLEASE.NS
2023-04-04,TECHM.NS
2023-04-04,TEJASNET.NS
2023-04-04,THERMAX.NS
2023-04-04,TIINDIA.NS
2023-04-04,TIMKEN.NS
2023-04-04,TITAN.NS
2023-04-04,TMB.NS
2023-04-04,TORNTPHARM.NS
2023-04-04,TORNTPOWER.NS
2023-04-04,TRENT.NS
2023-04-04,TRIDENT.NS
2023-04-04,TRITURBINE.NS
2023-04-04,TRIVENI.NS
2023-04-04,TTKPRESTIG.NS
2023-04-04,TTML.NS
2023-04-04,TV18BRDCST.NS
2023-04-04,TVSMOTOR.NS
2023-04-04,UBL.NS
2023-04-04,UCOBANK.NS
2023-04-04,UFLEX.NS
2023-04-04,ULTRACEMCO.NS
2023-04-04,UNIONBANK.NS
2023-04-04,UNOMINDA.NS
2023-04-04,UPL.NS
2023-04-04,UTIAMC.NS
2023-04-04,VAIBHAVGBL.NS
2023-04-04,VARROC.NS
2023-04-04,VBL.NS
2023-04-04,VEDL.NS
2023-04-04,VGUARD.NS
2023-04-04,VIJAYA.NS
2023-04-04,VINATIORGA.NS
2023-04-04,VIPIND.NS
2023-04-04,VMART.NS
2023-04-04,VOLTAS.NS
2023-04-04,VTL.NS
2023-04-04,WELCORP.NS
2023-04-04,WELSPUNIND.NS
2023-04-04,WESTLIFE.NS
2023-04-04,WHIRLPOOL.NS
2023-04-04,WIPRO.NS
2023-04-04,YESBANK.NS
2023-04-04,ZEEL.NS
2023-04-04,ZENSARTECH.NS
2023-04-04,ZFCVINDIA.NS
2023-04-04,ZOMATO.NS
2023-04-04,ZYDUSLIFE.NS
2023-04-04,ZYDUSWELL.NS
2024-02-26,360ONE.NS
2024-02-26,3MINDIA.NS
2024-02-26,AARTIDRUGS.NS
2024-02-26,AARTIIND.NS
2024-02-26,AAVAS.NS
2024-02-26,ABB.NS
2024-02-26,ABBOTINDIA.NS
2024-02-26,ABCAPITAL.NS
2024-02-26,ABFRL.NS
2024-02-26,ACC.NS
2024-02-26,ACI.NS
2024-02-26,ADANIENSOL.NS
2024-02-26,ADANIENT.NS
2024-02-26,ADANIGREEN.NS
2024-02-26,ADANIPORTS.NS
2024-02-26,ADANIPOWER.NS
2024-02-26,AEGISCHEM.NS
2024-02-26,AETHER.NS
2024-02-26,AFFLE.NS
2024-02-26,AIAENG.NS
2024-02-26,AJANTPHARM.NS
2024-02-26,ALKEM.NS
2024-02-26,ALKYLAMINE.NS
2024-02-26,ALLCARGO.NS
2024-02-26,ALOKINDS.NS
2024-02-26,AMBER.NS
2024-02-26,AMBUJACEM.NS
2024-02-26,ANGELONE.NS
2024-02-26,ANURAS.NS
2024-02-26,APARINDS.NS
2024-02-26,APLAPOLLO.NS
2024-02-26,APLLTD.NS
2024-02-26,APOLLOHOSP.NS
2024-02-26,APOLLOTYRE.NS
2024-02-26,APTUS.NS
2024-02-26,ARE&M.NS
2024-02-26,ASAHIINDIA.NS
2024-02-26,ASHOKLEY.NS
2024-02-26,ASIANPAINT.NS
2024-02-26,ASTERDM.NS
2024-02-26,ASTRAL.NS
2024-02-26,ATGL.NS
2024-02-26,ATUL.NS
2024-02-26,AUBANK.NS
2024-02-26,AUROPHARMA.NS
2024-02-26,AVANTIFEED.NS
2024-02-26,AWL.NS
2024-02-26,AXISBANK.NS
2024-02-26,BAJAJ-AUTO.NS
2024-02-26,BAJAJFINSV.NS
2024-02-26,BAJAJHLDNG.NS
2024-02-26,BAJFINANCE.NS
2024-02-26,BALAMINES.NS
2024-02-26,BALKRISIND.NS
2024-02-26,BALRAMCHIN.NS
2024-02-26,BANDHANBNK.NS
2024-02-26,BANKBARODA.NS
2024-02-26,BANKINDIA.NS
2024-02-26,BATAINDIA.NS
2024-02-26,BAYERCROP.NS
2024-02-26,BBTC.NS
2024-02-26,BCG.NS
2024-02-26,BDL.NS
2024-02-26,BEL.NS
2024-02-26,BEML.NS
2024-02-26,BERGEPAINT.NS
2024-02-26,BHARATFORG.NS
2024-02-26,BHARTIARTL.NS
2024-02-26,BHEL.NS
2024-02-26,BIKAJI.NS
2024-02-26,BIOCON.NS
2024-02-26,BIRLACORPN.NS
2024-02-26,BLS.NS
2024-02-26,BLUEDART.NS
2024-02-26,BLUESTARCO.NS
2024-02-26,BORORENEW.NS
2024-02-26,BOSCHLTD.NS
2024-02-26,BPCL.NS
2024-02-26,BRIGADE.NS
2024-02-26,BRITANNIA.NS
2024-02-26,BSE.NS
2024-02-26,BSOFT.NS
2024-02-26,CAMPUS.NS
2024-02-26,CAMS.NS
2024-02-26,CANBK.NS
2024-02-26,CANFINHOME.NS
2024-02-26,CARBORUNIV.NS
2024-02-26,CASTROLIND.NS
2024-02-26,CCL.NS
2024-02-26,CDSL.NS
2024-02-26,CEATLTD.NS
2024-02-26,CENTRALBK.NS
2024-02-26,CENTURYPLY.NS
2024-02-26,CENTURYTEX.NS
2024-02-26,CERA.NS
2024-02-26,CESC.NS
2024-02-26,CGCL.NS
2024-02-26,CGPOWER.NS
2024-02-26,CHALET.NS
2024-02-26,CHAMBLFERT.NS
2024-02-26,CHEMPLASTS.NS
2024-02-26,CHOLAFIN.NS
2024-02-26,CHOLAHLDNG.NS
2024-02-26,CIEINDIA.NS
2024-02-26,CIPLA.NS
2024-02-26,CLEAN.NS
2024-02-26,COALINDIA.NS
2024-02-26,COCHINSHIP.NS
2024-02-26,COFORGE.NS
2024-02-26,COLPAL.NS
2024-02-26,CONCOR.NS
2024-02-26,CONCORDBIO.NS
2024-02-26,COROMANDEL.NS
2024-02-26,CRAFTSMAN.NS
2024-02-26,CREDITACC.NS
2024-02-26,CRISIL.NS
2024-02-26,CROMPTON.NS
2024-02-26,CSBBANK.NS
2024-02-26,CUB.NS
2024-02-26,CUMMINSIND.NS
2024-02-26,CYIENT.NS
2024-02-26,DABUR.NS
2024-02-26,DALBHARAT.NS
2024-02-26,DATAPATTNS.NS
2024-02-26,DCMSHRIRAM.NS
2024-02-26,DEEPAKFERT.NS
2024-02-26,DEEPAKNTR.NS
2024-02-26,DELHIVERY.NS
2024-02-26,DELTACORP.NS
2024-02-26,DEVYANI.NS
2024-02-26,DIVISLAB.NS
2024-02-26,DIXON.NS
2024-02-26,DLF.NS
2024-02-26,DMART.NS
2024-02-26,DRREDDY.NS
2024-02-26,EASEMYTRIP.NS
2024-02-26,ECLERX.NS
2024-02-26,EICHERMOT.NS
2024-02-26,EIDPARRY.NS
2024-02-26,EIHOTEL.NS
2024-02-26,ELGIEQUIP.NS
2024-02-26,EMAMILTD.NS
2024-02-26,ENDURANCE.NS
2024-02-26,ENGINERSIN.NS
2024-02-26,EPIGRAL.NS
2024-02-26,EPL.NS
2024-02-26,EQUITASBNK.NS
2024-02-26,ERIS.NS
2024-02-26,ESCORTS.NS
2024-02-26,EXIDEIND.NS
2024-02-26,FACT.NS
2024-02-26,FDC.NS
2024-02-26,FEDERALBNK.NS
2024-02-26,FINCABLES.NS
2024-02-26,FINEORG.NS
2024-02-26,FINPIPE.NS
2024-02-26,FIVESTAR.NS
2024-02-26,FLUOROCHEM.NS
2024-02-26,FORTIS.NS
2024-02-26,FSL.NS
2024-02-26,GAEL.NS
2024-02-26,GAIL.NS
2024-02-26,GALAXYSURF.NS
2024-02-26,GESHIP.NS
2024-02-26,GICRE.NS
2024-02-26,GILLETTE.NS
2024-02-26,GLAND.NS
2024-02-26,GLAXO.NS
2024-02-26,GLENMARK.NS
2024-02-26,GLS.NS
2024-02-26,GMMPFAUDLR.NS
2024-02-26,GMRINFRA.NS
2024-02-26,GNFC.NS
2024-02-26,GOCOLORS.NS
2024-02-26,GODFRYPHLP.NS
2024-02-26,GODREJCP.NS
2024-02-26,GODREJIND.NS
2024-02-26,GODREJPROP.NS
2024-02-26,GPIL.NS
2024-02-26,GPPL.NS
2024-02-26,GRANULES.NS
2024-02-26,GRAPHITE.NS
2024-02-26,GRASIM.NS
2024-02-26,GRINDWELL.NS
2024-02-26,GRINFRA.NS
2024-02-26,GSFC.NS
2024-02-26,GSPL.NS
2024-02-26,GUJALKALI.NS
2024-02-26,GUJGASLTD.NS
2024-02-26,HAL.NS
2024-02-26,HAPPSTMNDS.NS
2024-02-26,HAVELLS.NS
2024-02-26,HCLTECH.NS
2024-02-26,HDFCAMC.NS
2024-02-26,HDFCBANK.NS
2024-02-26,HDFCLIFE.NS
2024-02-26,HEG.NS
2024-02-26,HEROMOTOCO.NS
2024-02-26,HFCL.NS
2024-02-26,HINDALCO.NS
2024-02-26,HINDCOPPER.NS
2024-02-26,HINDPETRO.NS
2024-02-26,HINDUNILVR.NS
2024-02-26,HINDZINC.NS
2024-02-26,HLEGLAS.NS
2024-02-26,HOMEFIRST.NS
2024-02-26,HONAUT.NS
2024-02-26,HUDCO.NS
2024-02-26,IBULHSGFIN.NS
2024-02-26,ICICIBANK.NS
2024-02-26,ICICIGI.NS
2024-02-26,ICICIPRULI.NS
2024-02-26,IDBI.NS
2024-02-26,IDEA.NS
2024-02-26,IDFC.NS
2024-02-26,IDFCFIRSTB.NS
2024-02-26,IEX.NS
2024-02-26,IGL.NS
2024-02-26,IIFL.NS
2024-02-26,INDHOTEL.NS
2024-02-26,INDIACEM.NS
2024-02-26,INDIAMART.NS
2024-02-26,INDIANB.NS
2024-02-26,INDIGO.NS
2024-02-26,INDIGOPNTS.NS
2024-02-26,INDUSINDBK.NS
2024-02-26,INDUSTOWER.NS
2024-02-26,INFIBEAM.NS
2024-02-26,INFY.NS
2024-02-26,INGERRAND.NS
2024-02-26,INTELLECT.NS
2024-02-26,IOB.NS
2024-02-26,IOC.NS
2024-02-26,IPCALAB.NS
2024-02-26,IRB.NS
2024-02-26,IRCON.NS
2024-02-26,IRCTC.NS
2024-02-26,IRFC.NS
2024-02-26,ISEC.NS
2024-02-26,ITC.NS
2024-02-26,ITI.NS
2024-02-26,JAMNAAUTO.NS
2024-02-26,JBCHEPHARM.NS
2024-02-26,JBMA.NS
2024-02-26,JINDALSAW.NS
2024-02-26,JINDALSTEL.NS
2024-02-26,JKCEMENT.NS
2024-02-26,JKLAKSHMI.NS
2024-02-26,JKPAPER.NS
2024-02-26,JMFINANCIL.NS
2024-02-26,JSL.NS
2024-02-26,JSWENERGY.NS
2024-02-26,JSWSTEEL.NS
2024-02-26,JUBLFOOD.NS
2024-02-26,JUBLINGREA.NS
2024-02-26,JUBLPHARMA.NS
2024-02-26,JUSTDIAL.NS
2024-02-26,JYOTHYLAB.NS
2024-02-26,KAJARIACER.NS
2024-02-26,KALYANKJIL.NS
2024-02-26,KANSAINER.NS
2024-02-26,KARURVYSYA.NS
2024-02-26,KAYNES.NS
2024-02-26,KEC.NS
2024-02-26,KEI.NS
2024-02-26,KFINTECH.NS
2024-02-26,KIMS.NS
2024-02-26,KNRCON.NS
2024-02-26,KOTAKBANK.NS
2024-02-26,KPIL.NS
2024-02-26,KPITTECH.NS
2024-02-26,KPRMILL.NS
2024-02-26,KRBL.NS
2024-02-26,KSB.NS
2024-02-26,L&TFH.NS
2024-02-26,LALPATHLAB.NS
2024-02-26,LATENTVIEW.NS
2024-02-26,LAURUSLABS.NS
2024-02-26,LAXMIMACH.NS
2024-02-26,LEMONTREE.NS
2024-02-26,LICHSGFIN.NS
2024-02-26,LICI.NS
2024-02-26,LINDEINDIA.NS
2024-02-26,LODHA.NS
2024-02-26,LT.NS
2024-02-26,LTIM.NS
2024-02-26,LTTS.NS
2024-02-26,LUPIN.NS
2024-02-26,LUXIND.NS
2024-02-26,LXCHEM.NS
2024-02-26,M&M.NS
2024-02-26,M&MFIN.NS
2024-02-26,MAHABANK.NS
2024-02-26,MAHLIFE.NS
2024-02-26,MANAPPURAM.NS
2024-02-26,MANKIND.NS
2024-02-26,MANYAVAR.NS
2024-02-26,MAPMYINDIA.NS
2024-02-26,MARICO.NS
2024-02-26,MARUTI.NS
2024-02-26,MASTEK.NS
2024-02-26,MAXHEALTH.NS
2024-02-26,MAZDOCK.NS
2024-02-26,MCDOWELL-N.NS
2024-02-26,MCX.NS
2024-02-26,MEDANTA.NS
2024-02-26,MEDPLUS.NS
2024-02-26,METROBRAND.NS
2024-02-26,METROPOLIS.NS
2024-02-26,MFSL.NS
2024-02-26,MGL.NS
2024-02-26,MHRIL.NS
2024-02-26,MINDACORP.NS
2024-02-26,MMTC.NS
2024-02-26,MOTHERSON.NS
2024-02-26,MOTILALOFS.NS
2024-02-26,MPHASIS.NS
2024-02-26,MRF.NS
2024-02-26,MRPL.NS
2024-02-26,MSUMI.NS
2024-02-26,MTARTECH.NS
2024-02-26,MUTHOOTFIN.NS
2024-02-26,NAM-INDIA.NS
2024-02-26,NATCOPHARM.NS
2024-02-26,NATIONALUM.NS
2024-02-26,NAUKRI.NS
2024-02-26,NAVINFLUOR.NS
2024-02-26,NAZARA.NS
2024-02-26,NBCC.NS
2024-02-26,NCC.NS
2024-02-26,NESTLEIND.NS
2024-02-26,NETWORK18.NS
2024-02-26,NH.NS
2024-02-26,NHPC.NS
2024-02-26,NIACL.NS
2024-02-26,NLCINDIA.NS
2024-02-26,NMDC.NS
2024-02-26,NSLNISP.NS
2024-02-26,NTPC.NS
2024-02-26,NUVOCO.NS
2024-02-26,NYKAA.NS
2024-02-26,OBEROIRLTY.NS
2024-02-26,OFSS.NS
2024-02-26,OIL.NS
2024-02-26,OLECTRA.NS
2024-02-26,ONGC.NS
2024-02-26,ORIENTELEC.NS
2024-02-26,PAGEIND.NS
2024-02-26,PATANJALI.NS
2024-02-26,PAYTM.NS
2024-02-26,PCBL.NS
2024-02-26,PEL.NS
2024-02-26,PERSISTENT.NS
2024-02-26,PETRONET.NS
2024-02-26,PFC.NS
2024-02-26,PFIZER.NS
2024-02-26,PGHH.NS
2024-02-26,PGHL.NS
2024-02-26,PHOENIXLTD.NS
2024-02-26,PIDILITIND.NS
2024-02-26,PIIND.NS
2024-02-26,PNB.NS
2024-02-26,PNBHOUSING.NS
2024-02-26,PNCINFRA.NS
2024-02-26,POLICYBZR.NS
2024-02-26,POLYCAB.NS
2024-02-26,POLYMED.NS
2024-02-26,POLYPLEX.NS
2024-02-26,POONAWALLA.NS
2024-02-26,POWERGRID.NS
2024-02-26,POWERINDIA.NS
2024-02-26,PPLPHARMA.NS
2024-02-26,PRAJIND.NS
2024-02-26,PRESTIGE.NS
2024-02-26,PRINCEPIPE.NS
2024-02-26,PRSMJOHNSN.NS
2024-02-26,PVRINOX.NS
2024-02-26,QUESS.NS
2024-02-26,RADICO.NS
2024-02-26,RAIN.NS
2024-02-26,RAINBOW.NS
2024-02-26,RAJESHEXPO.NS
2024-02-26,RALLIS.NS
2024-02-26,RAMCOCEM.NS
2024-02-26,RATNAMANI.NS
2024-02-26,RAYMOND.NS
2024-02-26,RBA.NS
2024-02-26,RBLBANK.NS
2024-02-26,RCF.NS
2024-02-26,RECLTD.NS
2024-02-26,REDINGTON.NS
2024-02-26,RELAXO.NS
2024-02-26,RELIANCE.NS
2024-02-26,RENUKA.NS
2024-02-26,RHIM.NS
2024-02-26,RITES.NS
2024-02-26,ROSSARI.NS
2024-02-26,ROUTE.NS
2024-02-26,RTNINDIA.NS
2024-02-26,RVNL.NS
2024-02-26,SAFARI.NS
2024-02-26,SAIL.NS
2024-02-26,SANOFI.NS
2024-02-26,SAPPHIRE.NS
2024-02-26,SAREGAMA.NS
2024-02-26,SBICARD.NS
2024-02-26,SBILIFE.NS
2024-02-26,SBIN.NS
2024-02-26,SCHAEFFLER.NS
2024-02-26,SFL.NS
2024-02-26,SHARDACROP.NS
2024-02-26,SHOPERSTOP.NS
2024-02-26,SHREECEM.NS
2024-02-26,SHRIRAMFIN.NS
2024-02-26,SHYAMMETL.NS
2024-02-26,SIEMENS.NS
2024-02-26,SJVN.NS
2024-02-26,SKFINDIA.NS
2024-02-26,SOBHA.NS
2024-02-26,SOLARINDS.NS
2024-02-26,SONACOMS.NS
2024-02-26,SONATSOFTW.NS
2024-02-26,SPARC.NS
2024-02-26,SRF.NS
2024-02-26,STARHEALTH.NS
2024-02-26,STLTECH.NS
2024-02-26,SUMICHEM.NS
2024-02-26,SUNDARMFIN.NS
2024-02-26,SUNDRMFAST.NS
2024-02-26,SUNPHARMA.NS
2024-02-26,SUNTECK.NS
2024-02-26,SUNTV.NS
2024-02-26,SUPRAJIT.NS
2024-02-26,SUPREMEIND.NS
2024-02-26,SUVENPHAR.NS
2024-02-26,SUZLON.NS
2024-02-26,SWANENERGY.NS
2024-02-26,SWSOLAR.NS
2024-02-26,SYMPHONY.NS
2024-02-26,SYNGENE.NS
2024-02-26,SYRMA.NS
2024-02-26,TANLA.NS
2024-02-26,TATACHEM.NS
2024-02-26,TATACOMM.NS
2024-02-26,TATACONSUM.NS
2024-02-26,TATAELXSI.NS
2024-02-26,TATAINVEST.NS
2024-02-26,TATAMOTORS.NS
2024-02-26,TATAMTRDVR.NS
2024-02-26,TATAPOWER.NS
2024-02-26,TATASTEEL.NS
2024-02-26,TCS.NS
2024-02-26,TEAMLEASE.NS
2024-02-26,TECHM.NS
2024-02-26,TEJASNET.NS
2024-02-26,THERMAX.NS
2024-02-26,TIINDIA.NS
2024-02-26,TIMKEN.NS
2024-02-26,TITAN.NS
2024-02-26,TORNTPHARM.NS
2024-02-26,TORNTPOWER.NS
2024-02-26,TRENT.NS
2024-02-26,TRIDENT.NS
2024-02-26,TRITURBINE.NS
2024-02-26,TRIVENI.NS
2024-02-26,TTKPRESTIG.NS
2024-02-26,TTML.NS
2024-02-26,TV18BRDCST.NS
2024-02-26,TVSMOTOR.NS
2024-02-26,UBL.NS
2024-02-26,UCOBANK.NS
2024-02-26,UJJIVANSFB.NS
2024-02-26,ULTRACEMCO.NS
2024-02-26,UNIONBANK.NS
2024-02-26,UNOMINDA.NS
2024-02-26,UPL.NS
2024-02-26,USHAMART.NS
2024-02-26,UTIAMC.NS
2024-02-26,VAIBHAVGBL.NS
2024-02-26,VARROC.NS
2024-02-26,VBL.NS
2024-02-26,VEDL.NS
2024-02-26,VGUARD.NS
2024-02-26,VIJAYA.NS
2024-02-26,VINATIORGA.NS
2024-02-26,VIPIND.NS
2024-02-26,VMART.NS
2024-02-26,VOLTAS.NS
2024-02-26,VTL.NS
2024-02-26,WELCORP.NS
2024-02-26,WELSPUNLIV.NS
2024-02-26,WESTLIFE.NS
2024-02-26,WHIRLPOOL.NS
2024-02-26,WIPRO.NS
2024-02-26,YESBANK.NS
2024-02-26,ZEEL.NS
2024-02-26,ZENSARTECH.NS
2024-02-26,ZFCVINDIA.NS
2024-02-26,ZOMATO.NS
2024-02-26,ZYDUSLIFE.NS
2024-02-26,ZYDUSWELL.NS
2025-06-16,360ONE.NS
2025-06-16,3MINDIA.NS
2025-06-16,AADHARHFC.NS
2025-06-16,AARTIIND.NS
2025-06-16,AAVAS.NS
2025-06-16,ABB.NS
2025-06-16,ABBOTINDIA.NS
2025-06-16,ABCAPITAL.NS
2025-06-16,ABFRL.NS
2025-06-16,ABREL.NS
2025-06-16,ABSLAMC.NS
2025-06-16,ACC.NS
2025-06-16,ACE.NS
2025-06-16,ACMESOLAR.NS
2025-06-16,ADANIENSOL.NS
2025-06-16,ADANIENT.NS
2025-06-16,ADANIGREEN.NS
2025-06-16,ADANIPORTS.NS
2025-06-16,ADANIPOWER.NS
2025-06-16,AEGISLOG.NS
2025-06-16,AFCONS.NS
2025-06-16,AFFLE.NS
2025-06-16,AIAENG.NS
2025-06-16,AIIL.NS
2025-06-16,AJANTPHARM.NS
2025-06-16,AKUMS.NS
2025-06-16,ALIVUS.NS
2025-06-16,ALKEM.NS
2025-06-16,ALKYLAMINE.NS
2025-06-16,ALOKINDS.NS
2025-06-16,AMBER.NS
2025-06-16,AMBUJACEM.NS
2025-06-16,ANANDRATHI.NS
2025-06-16,ANANTRAJ.NS
2025-06-16,ANGELONE.NS
2025-06-16,APARINDS.NS
2025-06-16,APLAPOLLO.NS
2025-06-16,APLLTD.NS
2025-06-16,APOLLOHOSP.NS
2025-06-16,APOLLOTYRE.NS
2025-06-16,APTUS.NS
2025-06-16,ARE&M.NS
2025-06-16,ASAHIINDIA.NS
2025-06-16,ASHOKLEY.NS
2025-06-16,ASIANPAINT.NS
2025-06-16,ASTERDM.NS
2025-06-16,ASTRAL.NS
2025-06-16,ASTRAZEN.NS
2025-06-16,ATGL.NS
2025-06-16,ATUL.NS
2025-06-16,AUBANK.NS
2025-06-16,AUROPHARMA.NS
2025-06-16,AWL.NS
2025-06-16,AXISBANK.NS
2025-06-16,BAJAJ-AUTO.NS
2025-06-16,BAJAJFINSV.NS
2025-06-16,BAJAJHFL.NS
2025-06-16,BAJAJHLDNG.NS
2025-06-16,BAJFINANCE.NS
2025-06-16,BALKRISIND.NS
2025-06-16,BALRAMCHIN.NS
2025-06-16,BANDHANBNK.NS
2025-06-16,BANKBARODA.NS
2025-06-16,BANKINDIA.NS
2025-06-16,BASF.NS
2025-06-16,BATAINDIA.NS
2025-06-16,BAYERCROP.NS
2025-06-16,BBTC.NS
2025-06-16,BDL.NS
2025-06-16,BEL.NS
2025-06-16,BEML.NS
2025-06-16,BERGEPAINT.NS
2025-06-16,BHARATFORG.NS
2025-06-16,BHARTIARTL.NS
2025-06-16,BHARTIHEXA.NS
2025-06-16,BHEL.NS
2025-06-16,BIKAJI.NS
2025-06-16,BIOCON.NS
2025-06-16,BLS.NS
2025-06-16,BLUEDART.NS
2025-06-16,BLUESTARCO.NS
2025-06-16,BOSCHLTD.NS
2025-06-16,BPCL.NS
2025-06-16,BRIGADE.NS
2025-06-16,BRITANNIA.NS
2025-06-16,BSE.NS
2025-06-16,BSOFT.NS
2025-06-16,CAMPUS.NS
2025-06-16,CAMS.NS
2025-06-16,CANBK.NS
2025-06-16,CANFINHOME.NS
2025-06-16,CAPLIPOINT.NS
2025-06-16,CARBORUNIV.NS
2025-06-16,CASTROLIND.NS
2025-06-16,CCL.NS
2025-06-16,CDSL.NS
2025-06-16,CEATLTD.NS
2025-06-16,CENTRALBK.NS
2025-06-16,CENTURYPLY.NS
2025-06-16,CERA.NS
2025-06-16,CESC.NS
2025-06-16,CGCL.NS
2025-06-16,CGPOWER.NS
2025-06-16,CHALET.NS
2025-06-16,CHAMBLFERT.NS
2025-06-16,CHENNPETRO.NS
2025-06-16,CHOLAFIN.NS
2025-06-16,CHOLAHLDNG.NS
2025-06-16,CIPLA.NS
2025-06-16,CLEAN.NS
2025-06-16,COALINDIA.NS
2025-06-16,COCHINSHIP.NS
2025-06-16,COFORGE.NS
2025-06-16,COHANCE.NS
2025-06-16,COLPAL.NS
2025-06-16,CONCOR.NS
2025-06-16,CONCORDBIO.NS
2025-06-16,COROMANDEL.NS
2025-06-16,CRAFTSMAN.NS
2025-06-16,CREDITACC.NS
2025-06-16,CRISIL.NS
2025-06-16,CROMPTON.NS
2025-06-16,CUB.NS
2025-06-16,CUMMINSIND.NS
2025-06-16,CYIENT.NS
2025-06-16,DABUR.NS
2025-06-16,DALBHARAT.NS
2025-06-16,DATAPATTNS.NS
2025-06-16,DBREALTY.NS
2025-06-16,DCMSHRIRAM.NS
2025-06-16,DEEPAKFERT.NS
2025-06-16,DEEPAKNTR.NS
2025-06-16,DELHIVERY.NS
2025-06-16,DEVYANI.NS
2025-06-16,DIVISLAB.NS
2025-06-16,DIXON.NS
2025-06-16,DLF.NS
2025-06-16,DMART.NS
2025-06-16,DOMS.NS
2025-06-16,DRREDDY.NS
2025-06-16,DUMMYABFRL.NS
2025-06-16,DUMMYRAYMN.NS
2025-06-16,DUMMYSIEMS.NS
2025-06-16,ECLERX.NS
2025-06-16,EICHERMOT.NS
2025-06-16,EIDPARRY.NS
2025-06-16,EIHOTEL.NS
2025-06-16,ELECON.NS
2025-06-16,ELGIEQUIP.NS
2025-06-16,EMAMILTD.NS
2025-06-16,EMCURE.NS
2025-06-16,ENDURANCE.NS
2025-06-16,ENGINERSIN.NS
2025-06-16,ERIS.NS
2025-06-16,ESCORTS.NS
2025-06-16,ETERNAL.NS
2025-06-16,EXIDEIND.NS
2025-06-16,FACT.NS
2025-06-16,FEDERALBNK.NS
2025-06-16,FINCABLES.NS
2025-06-16,FINPIPE.NS
2025-06-16,FIRSTCRY.NS
2025-06-16,FIVESTAR.NS
2025-06-16,FLUOROCHEM.NS
2025-06-16,FORTIS.NS
2025-06-16,FSL.NS
2025-06-16,GAIL.NS
2025-06-16,GESHIP.NS
2025-06-16,GICRE.NS
2025-06-16,GILLETTE.NS
2025-06-16,GLAND.NS
2025-06-16,GLAXO.NS
2025-06-16,GLENMARK.NS
2025-06-16,GMDCLTD.NS
2025-06-16,GMRAIRPORT.NS
2025-06-16,GNFC.NS
2025-06-16,GODFRYPHLP.NS
2025-06-16,GODIGIT.NS
2025-06-16,GODREJAGRO.NS
2025-06-16,GODREJCP.NS
2025-06-16,GODREJIND.NS
2025-06-16,GODREJPROP.NS
2025-06-16,GPIL.NS
2025-06-16,GPPL.NS
2025-06-16,GRANULES.NS
2025-06-16,GRAPHITE.NS
2025-06-16,GRASIM.NS
2025-06-16,GRAVITA.NS
2025-06-16,GRSE.NS
2025-06-16,GSPL.NS
2025-06-16,GUJGASLTD.NS
2025-06-16,GVT&D.NS
2025-06-16,HAL.NS
2025-06-16,HAPPSTMNDS.NS
2025-06-16,HAVELLS.NS
2025-06-16,HBLENGINE.NS
2025-06-16,HCLTECH.NS
2025-06-16,HDFCAMC.NS
2025-06-16,HDFCBANK.NS
2025-06-16,HDFCLIFE.NS
2025-06-16,HEG.NS
2025-06-16,HEROMOTOCO.NS
2025-06-16,HFCL.NS
2025-06-16,HINDALCO.NS
2025-06-16,HINDCOPPER.NS
2025-06-16,HINDPETRO.NS
2025-06-16,HINDUNILVR.NS
2025-06-16,HINDZINC.NS
2025-06-16,HOMEFIRST.NS
2025-06-16,HONASA.NS
2025-06-16,HONAUT.NS
2025-06-16,HSCL.NS
2025-06-16,HUDCO.NS
2025-06-16,HYUNDAI.NS
2025-06-16,ICICIBANK.NS
2025-06-16,ICICIGI.NS
2025-06-16,ICICIPRULI.NS
2025-06-16,IDBI.NS
2025-06-16,IDEA.NS
2025-06-16,IDFCFIRSTB.NS
2025-06-16,IEX.NS
2025-06-16,IFCI.NS
2025-06-16,IGIL.NS
2025-06-16,IGL.NS
2025-06-16,IIFL.NS
2025-06-16,IKS.NS
2025-06-16,INDGN.NS
2025-06-16,INDHOTEL.NS
2025-06-16,INDIACEM.NS
2025-06-16,INDIAMART.NS
2025-06-16,INDIANB.NS
2025-06-16,INDIGO.NS
2025-06-16,INDUSINDBK.NS
2025-06-16,INDUSTOWER.NS
2025-06-16,INFY.NS
2025-06-16,INOXINDIA.NS
2025-06-16,INOXWIND.NS
2025-06-16,INTELLECT.NS
2025-06-16,IOB.NS
2025-06-16,IOC.NS
2025-06-16,IPCALAB.NS
2025-06-16,IRB.NS
2025-06-16,IRCON.NS
2025-06-16,IRCTC.NS
2025-06-16,IREDA.NS
2025-06-16,IRFC.NS
2025-06-16,ITC.NS
2025-06-16,ITI.NS
2025-06-16,J&KBANK.NS
2025-06-16,JBCHEPHARM.NS
2025-06-16,JBMA.NS
2025-06-16,JINDALSAW.NS
2025-06-16,JINDALSTEL.NS
2025-06-16,JIOFIN.NS
2025-06-16,JKCEMENT.NS
2025-06-16,JKTYRE.NS
2025-06-16,JMFINANCIL.NS
2025-06-16,JPPOWER.NS
2025-06-16,JSL.NS
2025-06-16,JSWENERGY.NS
2025-06-16,JSWHL.NS
2025-06-16,JSWINFRA.NS
2025-06-16,JSWSTEEL.NS
2025-06-16,JUBLFOOD.NS
2025-06-16,JUBLINGREA.NS
2025-06-16,JUBLPHARMA.NS
2025-06-16,JUSTDIAL.NS
2025-06-16,JWL.NS
2025-06-16,JYOTHYLAB.NS
2025-06-16,JYOTICNC.NS
2025-06-16,KAJARIACER.NS
2025-06-16,KALYANKJIL.NS
2025-06-16,KANSAINER.NS
2025-06-16,KARURVYSYA.NS
2025-06-16,KAYNES.NS
2025-06-16,KEC.NS
2025-06-16,KEI.NS
2025-06-16,KFINTECH.NS
2025-06-16,KIMS.NS
2025-06-16,KIRLOSBROS.NS
2025-06-16,KIRLOSENG.NS
2025-06-16,KNRCON.NS
2025-06-16,KOTAKBANK.NS
2025-06-16,KPIL.NS
2025-06-16,KPITTECH.NS
2025-06-16,KPRMILL.NS
2025-06-16,LALPATHLAB.NS
2025-06-16,LATENTVIEW.NS
2025-06-16,LAURUSLABS.NS
2025-06-16,LEMONTREE.NS
2025-06-16,LICHSGFIN.NS
2025-06-16,LICI.NS
2025-06-16,LINDEINDIA.NS
2025-06-16,LLOYDSME.NS
2025-06-16,LODHA.NS
2025-06-16,LT.NS
2025-06-16,LTF.NS
2025-06-16,LTFOODS.NS
2025-06-16,LTIM.NS
2025-06-16,LTTS.NS
2025-06-16,LUPIN.NS
2025-06-16,M&M.NS
2025-06-16,M&MFIN.NS
2025-06-16,MAHABANK.NS
2025-06-16,MAHSEAMLES.NS
2025-06-16,MANAPPURAM.NS
2025-06-16,MANKIND.NS
2025-06-16,MANYAVAR.NS
2025-06-16,MAPMYINDIA.NS
2025-06-16,MARICO.NS
2025-06-16,MARUTI.NS
2025-06-16,MASTEK.NS
2025-06-16,MAXHEALTH.NS
2025-06-16,MAZDOCK.NS
2025-06-16,MCX.NS
2025-06-16,MEDANTA.NS
2025-06-16,METROPOLIS.NS
2025-06-16,MFSL.NS
2025-06-16,MGL.NS
2025-06-16,MINDACORP.NS
2025-06-16,MMTC.NS
2025-06-16,MOTHERSON.NS
2025-06-16,MOTILALOFS.NS
2025-06-16,MPHASIS.NS
2025-06-16,MRF.NS
2025-06-16,MRPL.NS
2025-06-16,MSUMI.NS
2025-06-16,MUTHOOTFIN.NS
2025-06-16,NAM-INDIA.NS
2025-06-16,NATCOPHARM.NS
2025-06-16,NATIONALUM.NS
2025-06-16,NAUKRI.NS
2025-06-16,NAVA.NS
2025-06-16,NAVINFLUOR.NS
2025-06-16,NBCC.NS
2025-06-16,NCC.NS
2025-06-16,NESTLEIND.NS
2025-06-16,NETWEB.NS
2025-06-16,NETWORK18.NS
2025-06-16,NEULANDLAB.NS
2025-06-16,NEWGEN.NS
2025-06-16,NH.NS
2025-06-16,NHPC.NS
2025-06-16,NIACL.NS
2025-06-16,NIVABUPA.NS
2025-06-16,NLCINDIA.NS
2025-06-16,NMDC.NS
2025-06-16,NSLNISP.NS
2025-06-16,NTPC.NS
2025-06-16,NTPCGREEN.NS
2025-06-16,NUVAMA.NS
2025-06-16,NYKAA.NS
2025-06-16,OBEROIRLTY.NS
2025-06-16,OFSS.NS
2025-06-16,OIL.NS
2025-06-16,OLAELEC.NS
2025-06-16,OLECTRA.NS
2025-06-16,ONGC.NS
2025-06-16,PAGEIND.NS
2025-06-16,PATANJALI.NS
2025-06-16,PAYTM.NS
2025-06-16,PCBL.NS
2025-06-16,PEL.NS
2025-06-16,PERSISTENT.NS
2025-06-16,PETRONET.NS
2025-06-16,PFC.NS
2025-06-16,PFIZER.NS
2025-06-16,PGEL.NS
2025-06-16,PHOENIXLTD.NS
2025-06-16,PIDILITIND.NS
2025-06-16,PIIND.NS
2025-06-16,PNB.NS
2025-06-16,PNBHOUSING.NS
2025-06-16,PNCINFRA.NS
2025-06-16,POLICYBZR.NS
2025-06-16,POLYCAB.NS
2025-06-16,POLYMED.NS
2025-06-16,POONAWALLA.NS
2025-06-16,POWERGRID.NS
2025-06-16,POWERINDIA.NS
2025-06-16,PPLPHARMA.NS
2025-06-16,PRAJIND.NS
2025-06-16,PREMIERENE.NS
2025-06-16,PRESTIGE.NS
2025-06-16,PTCIL.NS
2025-06-16,PVRINOX.NS
2025-06-16,RADICO.NS
2025-06-16,RAILTEL.NS
2025-06-16,RAINBOW.NS
2025-06-16,RAMCOCEM.NS
2025-06-16,RAYMOND.NS
2025-06-16,RAYMONDLSL.NS
2025-06-16,RBLBANK.NS
2025-06-16,RCF.NS
2025-06-16,RECLTD.NS
2025-06-16,REDINGTON.NS
2025-06-16,RELIANCE.NS
2025-06-16,RENUKA.NS
2025-06-16,RHIM.NS
2025-06-16,RITES.NS
2025-06-16,RKFORGE.NS
2025-06-16,ROUTE.NS
2025-06-16,RPOWER.NS
2025-06-16,RRKABEL.NS
2025-06-16,RTNINDIA.NS
2025-06-16,RVNL.NS
2025-06-16,SAGILITY.NS
2025-06-16,SAIL.NS
2025-06-16,SAILIFE.NS
2025-06-16,SAMMAANCAP.NS
2025-06-16,SAPPHIRE.NS
2025-06-16,SARDAEN.NS
2025-06-16,SAREGAMA.NS
2025-06-16,SBFC.NS
2025-06-16,SBICARD.NS
2025-06-16,SBILIFE.NS
2025-06-16,SBIN.NS
2025-06-16,SCHAEFFLER.NS
2025-06-16,SCHNEIDER.NS
2025-06-16,SCI.NS
2025-06-16,SHREECEM.NS
2025-06-16,SHRIRAMFIN.NS
2025-06-16,SHYAMMETL.NS
2025-06-16,SIEMENS.NS
2025-06-16,SIGNATURE.NS
2025-06-16,SJVN.NS
2025-06-16,SKFINDIA.NS
2025-06-16,SOBHA.NS
2025-06-16,SOLARINDS.NS
2025-06-16,SONACOMS.NS
2025-06-16,SONATSOFTW.NS
2025-06-16,SRF.NS
2025-06-16,STARHEALTH.NS
2025-06-16,SUMICHEM.NS
2025-06-16,SUNDARMFIN.NS
2025-06-16,SUNDRMFAST.NS
2025-06-16,SUNPHARMA.NS
2025-06-16,SUNTV.NS
2025-06-16,SUPREMEIND.NS
2025-06-16,SUZLON.NS
2025-06-16,SWANENERGY.NS
2025-06-16,SWIGGY.NS
2025-06-16,SWSOLAR.NS
2025-06-16,SYNGENE.NS
2025-06-16,SYRMA.NS
2025-06-16,TANLA.NS
2025-06-16,TARIL.NS
2025-06-16,TATACHEM.NS
2025-06-16,TATACOMM.NS
2025-06-16,TATACONSUM.NS
2025-06-16,TATAELXSI.NS
2025-06-16,TATAINVEST.NS
2025-06-16,TATAMOTORS.NS
2025-06-16,TATAPOWER.NS
2025-06-16,TATASTEEL.NS
2025-06-16,TATATECH.NS
2025-06-16,TBOTEK.NS
2025-06-16,TCS.NS
2025-06-16,TECHM.NS
2025-06-16,TECHNOE.NS
2025-06-16,TEJASNET.NS
2025-06-16,THERMAX.NS
2025-06-16,TIINDIA.NS
2025-06-16,TIMKEN.NS
2025-06-16,TITAGARH.NS
2025-06-16,TITAN.NS
2025-06-16,TORNTPHARM.NS
2025-06-16,TORNTPOWER.NS
2025-06-16,TRENT.NS
2025-06-16,TRIDENT.NS
2025-06-16,TRITURBINE.NS
2025-06-16,TRIVENI.NS
2025-06-16,TTML.NS
2025-06-16,TVSMOTOR.NS
2025-06-16,UBL.NS
2025-06-16,UCOBANK.NS
2025-06-16,ULTRACEMCO.NS
2025-06-16,UNIONBANK.NS
2025-06-16,UNITDSPR.NS
2025-06-16,UNOMINDA.NS
2025-06-16,UPL.NS
2025-06-16,USHAMART.NS
2025-06-16,UTIAMC.NS
2025-06-16,VBL.NS
2025-06-16,VEDL.NS
2025-06-16,VGUARD.NS
2025-06-16,VIJAYA.NS
2025-06-16,VMM.NS
2025-06-16,VOLTAS.NS
2025-06-16,VTL.NS
2025-06-16,WAAREEENER.NS
2025-06-16,WELCORP.NS
2025-06-16,WELSPUNLIV.NS
2025-06-16,WESTLIFE.NS
2025-06-16,WHIRLPOOL.NS
2025-06-16,WIPRO.NS
2025-06-16,WOCKPHARMA.NS
2025-06-16,YESBANK.NS
2025-06-16,ZEEL.NS
2025-06-16,ZENSARTECH.NS
2025-06-16,ZENTEC.NS
2025-06-16,ZFCVINDIA.NS
2025-06-16,ZYDUSLIFE.NS
2025-08-15,360ONE.NS
2025-08-15,3MINDIA.NS
2025-08-15,AADHARHFC.NS
2025-08-15,AARTIIND.NS
2025-08-15,AAVAS.NS
2025-08-15,ABB.NS
2025-08-15,ABBOTINDIA.NS
2025-08-15,ABCAPITAL.NS
2025-08-15,ABFRL.NS
2025-08-15,ABREL.NS
2025-08-15,ABSLAMC.NS
2025-08-15,ACC.NS
2025-08-15,ACE.NS
2025-08-15,ACMESOLAR.NS
2025-08-15,ADANIENSOL.NS
2025-08-15,ADANIENT.NS
2025-08-15,ADANIGREEN.NS
2025-08-15,ADANIPORTS.NS
2025-08-15,ADANIPOWER.NS
2025-08-15,AEGISLOG.NS
2025-08-15,AFCONS.NS
2025-08-15,AFFLE.NS
2025-08-15,AIAENG.NS
2025-08-15,AIIL.NS
2025-08-15,AJANTPHARM.NS
2025-08-15,AKUMS.NS
2025-08-15,ALIVUS.NS
2025-08-15,ALKEM.NS
2025-08-15,ALKYLAMINE.NS
2025-08-15,ALOKINDS.NS
2025-08-15,AMBER.NS
2025-08-15,AMBUJACEM.NS
2025-08-15,ANANDRATHI.NS
2025-08-15,ANANTRAJ.NS
2025-08-15,ANGELONE.NS
2025-08-15,APARINDS.NS
2025-08-15,APLAPOLLO.NS
2025-08-15,APLLTD.NS
2025-08-15,APOLLOHOSP.NS
2025-08-15,APOLLOTYRE.NS
2025-08-15,APTUS.NS
2025-08-15,ARE&M.NS
2025-08-15,ASAHIINDIA.NS
2025-08-15,ASHOKLEY.NS
2025-08-15,ASIANPAINT.NS
2025-08-15,ASTERDM.NS
2025-08-15,ASTRAL.NS
2025-08-15,ASTRAZEN.NS
2025-08-15,ATGL.NS
2025-08-15,ATUL.NS
2025-08-15,AUBANK.NS
2025-08-15,AUROPHARMA.NS
2025-08-15,AWL.NS
2025-08-15,AXISBANK.NS
2025-08-15,BAJAJ-AUTO.NS
2025-08-15,BAJAJFINSV.NS
2025-08-15,BAJAJHFL.NS
2025-08-15,BAJAJHLDNG.NS
2025-08-15,BAJFINANCE.NS
2025-08-15,BALKRISIND.NS
2025-08-15,BALRAMCHIN.NS
2025-08-15,BANDHANBNK.NS
2025-08-15,BANKBARODA.NS
2025-08-15,BANKINDIA.NS
2025-08-15,BASF.NS
2025-08-15,BATAINDIA.NS
2025-08-15,BAYERCROP.NS
2025-08-15,BBTC.NS
2025-08-15,BDL.NS
2025-08-15,BEL.NS
2025-08-15,BEML.NS
2025-08-15,BERGEPAINT.NS
2025-08-15,BHARATFORG.NS
2025-08-15,BHARTIARTL.NS
2025-08-15,BHARTIHEXA.NS
2025-08-15,BHEL.NS
2025-08-15,BIKAJI.NS
2025-08-15,BIOCON.NS
2025-08-15,BLS.NS
2025-08-15,BLUEDART.NS
2025-08-15,BLUESTARCO.NS
2025-08-15,BOSCHLTD.NS
2025-08-15,BPCL.NS
2025-08-15,BRIGADE.NS
2025-08-15,BRITANNIA.NS
2025-08-15,BSE.NS
2025-08-15,BSOFT.NS
2025-08-15,CAMPUS.NS
2025-08-15,CAMS.NS
2025-08-15,CANBK.NS
2025-08-15,CANFINHOME.NS
2025-08-15,CAPLIPOINT.NS
2025-08-15,CARBORUNIV.NS
2025-08-15,CASTROLIND.NS
2025-08-15,CCL.NS
2025-08-15,CDSL.NS
2025-08-15,CEATLTD.NS
2025-08-15,CENTRALBK.NS
2025-08-15,CENTURYPLY.NS
2025-08-15,CERA.NS
2025-08-15,CESC.NS
2025-08-15,CGCL.NS
2025-08-15,CGPOWER.NS
2025-08-15,CHALET.NS
2025-08-15,CHAMBLFERT.NS
2025-08-15,CHENNPETRO.NS
2025-08-15,CHOLAFIN.NS
2025-08-15,CHOLAHLDNG.NS
2025-08-15,CIPLA.NS
2025-08-15,CLEAN.NS
2025-08-15,COALINDIA.NS
2025-08-15,COCHINSHIP.NS
2025-08-15,COFORGE.NS
2025-08-15,COHANCE.NS
2025-08-15,COLPAL.NS
2025-08-15,CONCOR.NS
2025-08-15,CONCORDBIO.NS
2025-08-15,COROMANDEL.NS
2025-08-15,CRAFTSMAN.NS
2025-08-15,CREDITACC.NS
2025-08-15,CRISIL.NS
2025-08-15,CROMPTON.NS
2025-08-15,CUB.NS
2025-08-15,CUMMINSIND.NS
2025-08-15,CYIENT.NS
2025-08-15,DABUR.NS
2025-08-15,DALBHARAT.NS
2025-08-15,DATAPATTNS.NS
2025-08-15,DBREALTY.NS
2025-08-15,DCMSHRIRAM.NS
2025-08-15,DEEPAKFERT.NS
2025-08-15,DEEPAKNTR.NS
2025-08-15,DELHIVERY.NS
2025-08-15,DEVYANI.NS
2025-08-15,DIVISLAB.NS
2025-08-15,DIXON.NS
2025-08-15,DLF.NS
2025-08-15,DMART.NS
2025-08-15,DOMS.NS
2025-08-15,DRREDDY.NS
2025-08-15,DUMMYDBRLT.NS
2025-08-15,ECLERX.NS
2025-08-15,EICHERMOT.NS
2025-08-15,EIDPARRY.NS
2025-08-15,EIHOTEL.NS
2025-08-15,ELECON.NS
2025-08-15,ELGIEQUIP.NS
2025-08-15,EMAMILTD.NS
2025-08-15,EMCURE.NS
2025-08-15,ENDURANCE.NS
2025-08-15,ENGINERSIN.NS
2025-08-15,ERIS.NS
2025-08-15,ESCORTS.NS
2025-08-15,ETERNAL.NS
2025-08-15,EXIDEIND.NS
2025-08-15,FACT.NS
2025-08-15,FEDERALBNK.NS
2025-08-15,FINCABLES.NS
2025-08-15,FINPIPE.NS
2025-08-15,FIRSTCRY.NS
2025-08-15,FIVESTAR.NS
2025-08-15,FLUOROCHEM.NS
2025-08-15,FORTIS.NS
2025-08-15,FSL.NS
2025-08-15,GAIL.NS
2025-08-15,GESHIP.NS
2025-08-15,GICRE.NS
2025-08-15,GILLETTE.NS
2025-08-15,GLAND.NS
2025-08-15,GLAXO.NS
2025-08-15,GLENMARK.NS
2025-08-15,GMDCLTD.NS
2025-08-15,GMRAIRPORT.NS
2025-08-15,GNFC.NS
2025-08-15,GODFRYPHLP.NS
2025-08-15,GODIGIT.NS
2025-08-15,GODREJAGRO.NS
2025-08-15,GODREJCP.NS
2025-08-15,GODREJIND.NS
2025-08-15,GODREJPROP.NS
2025-08-15,GPIL.NS
2025-08-15,GPPL.NS
2025-08-15,GRANULES.NS
2025-08-15,GRAPHITE.NS
2025-08-15,GRASIM.NS
2025-08-15,GRAVITA.NS
2025-08-15,GRSE.NS
2025-08-15,GSPL.NS
2025-08-15,GUJGASLTD.NS
2025-08-15,GVT&D.NS
2025-08-15,HAL.NS
2025-08-15,HAPPSTMNDS.NS
2025-08-15,HAVELLS.NS
2025-08-15,HBLENGINE.NS
2025-08-15,HCLTECH.NS
2025-08-15,HDFCAMC.NS
2025-08-15,HDFCBANK.NS
2025-08-15,HDFCLIFE.NS
2025-08-15,HEG.NS
2025-08-15,HEROMOTOCO.NS
2025-08-15,HFCL.NS
2025-08-15,HINDALCO.NS
2025-08-15,HINDCOPPER.NS
2025-08-15,HINDPETRO.NS
2025-08-15,HINDUNILVR.NS
2025-08-15,HINDZINC.NS
2025-08-15,HOMEFIRST.NS
2025-08-15,HONASA.NS
2025-08-15,HONAUT.NS
2025-08-15,HSCL.NS
2025-08-15,HUDCO.NS
2025-08-15,HYUNDAI.NS
2025-08-15,ICICIBANK.NS
2025-08-15,ICICIGI.NS
2025-08-15,ICICIPRULI.NS
2025-08-15,IDBI.NS
2025-08-15,IDEA.NS
2025-08-15,IDFCFIRSTB.NS
2025-08-15,IEX.NS
2025-08-15,IFCI.NS
2025-08-15,IGIL.NS
2025-08-15,IGL.NS
2025-08-15,IIFL.NS
2025-08-15,IKS.NS
2025-08-15,INDGN.NS
2025-08-15,INDHOTEL.NS
2025-08-15,INDIACEM.NS
2025-08-15,INDIAMART.NS
2025-08-15,INDIANB.NS
2025-08-15,INDIGO.NS
2025-08-15,INDUSINDBK.NS
2025-08-15,INDUSTOWER.NS
2025-08-15,INFY.NS
2025-08-15,INOXINDIA.NS
2025-08-15,INOXWIND.NS
2025-08-15,INTELLECT.NS
2025-08-15,IOB.NS
2025-08-15,IOC.NS
2025-08-15,IPCALAB.NS
2025-08-15,IRB.NS
2025-08-15,IRCON.NS
2025-08-15,IRCTC.NS
2025-08-15,IREDA.NS
2025-08-15,IRFC.NS
2025-08-15,ITC.NS
2025-08-15,ITI.NS
2025-08-15,J&KBANK.NS
2025-08-15,JBCHEPHARM.NS
2025-08-15,JBMA.NS
2025-08-15,JINDALSAW.NS
2025-08-15,JINDALSTEL.NS
2025-08-15,JIOFIN.NS
2025-08-15,JKCEMENT.NS
2025-08-15,JKTYRE.NS
2025-08-15,JMFINANCIL.NS
2025-08-15,JPPOWER.NS
2025-08-15,JSL.NS
2025-08-15,JSWENERGY.NS
2025-08-15,JSWHL.NS
2025-08-15,JSWINFRA.NS
2025-08-15,JSWSTEEL.NS
2025-08-15,JUBLFOOD.NS
2025-08-15,JUBLINGREA.NS
2025-08-15,JUBLPHARMA.NS
2025-08-15,JUSTDIAL.NS
2025-08-15,JWL.NS
2025-08-15,JYOTHYLAB.NS
2025-08-15,JYOTICNC.NS
2025-08-15,KAJARIACER.NS
2025-08-15,KALYANKJIL.NS
2025-08-15,KANSAINER.NS
2025-08-15,KARURVYSYA.NS
2025-08-15,KAYNES.NS
2025-08-15,KEC.NS
2025-08-15,KEI.NS
2025-08-15,KFINTECH.NS
2025-08-15,KIMS.NS
2025-08-15,KIRLOSBROS.NS
2025-08-15,KIRLOSENG.NS
2025-08-15,KNRCON.NS
2025-08-15,KOTAKBANK.NS
2025-08-15,KPIL.NS
2025-08-15,KPITTECH.NS
2025-08-15,KPRMILL.NS
2025-08-15,LALPATHLAB.NS
2025-08-15,LATENTVIEW.NS
2025-08-15,LAURUSLABS.NS
2025-08-15,LEMONTREE.NS
2025-08-15,LICHSGFIN.NS
2025-08-15,LICI.NS
2025-08-15,LINDEINDIA.NS
2025-08-15,LLOYDSME.NS
2025-08-15,LODHA.NS
2025-08-15,LT.NS
2025-08-15,LTF.NS
2025-08-15,LTFOODS.NS
2025-08-15,LTIM.NS
2025-08-15,LTTS.NS
2025-08-15,LUPIN.NS
2025-08-15,M&M.NS
2025-08-15,M&MFIN.NS
2025-08-15,MAHABANK.NS
2025-08-15,MAHSEAMLES.NS
2025-08-15,MANAPPURAM.NS
2025-08-15,MANKIND.NS
2025-08-15,MANYAVAR.NS
2025-08-15,MAPMYINDIA.NS
2025-08-15,MARICO.NS
2025-08-15,MARUTI.NS
2025-08-15,MASTEK.NS
2025-08-15,MAXHEALTH.NS
2025-08-15,MAZDOCK.NS
2025-08-15,MCX.NS
2025-08-15,MEDANTA.NS
2025-08-15,METROPOLIS.NS
2025-08-15,MFSL.NS
2025-08-15,MGL.NS
2025-08-15,MINDACORP.NS
2025-08-15,MMTC.NS
2025-08-15,MOTHERSON.NS
2025-08-15,MOTILALOFS.NS
2025-08-15,MPHASIS.NS
2025-08-15,MRF.NS
2025-08-15,MRPL.NS
2025-08-15,MSUMI.NS
2025-08-15,MUTHOOTFIN.NS
2025-08-15,NAM-INDIA.NS
2025-08-15,NATCOPHARM.NS
2025-08-15,NATIONALUM.NS
2025-08-15,NAUKRI.NS
2025-08-15,NAVA.NS
2025-08-15,NAVINFLUOR.NS
2025-08-15,NBCC.NS
2025-08-15,NCC.NS
2025-08-15,NESTLEIND.NS
2025-08-15,NETWEB.NS
2025-08-15,NETWORK18.NS
2025-08-15,NEULANDLAB.NS
2025-08-15,NEWGEN.NS
2025-08-15,NH.NS
2025-08-15,NHPC.NS
2025-08-15,NIACL.NS
2025-08-15,NIVABUPA.NS
2025-08-15,NLCINDIA.NS
2025-08-15,NMDC.NS
2025-08-15,NSLNISP.NS
2025-08-15,NTPC.NS
2025-08-15,NTPCGREEN.NS
2025-08-15,NUVAMA.NS
2025-08-15,NYKAA.NS
2025-08-15,OBEROIRLTY.NS
2025-08-15,OFSS.NS
2025-08-15,OIL.NS
2025-08-15,OLAELEC.NS
2025-08-15,OLECTRA.NS
2025-08-15,ONGC.NS
2025-08-15,PAGEIND.NS
2025-08-15,PATANJALI.NS
2025-08-15,PAYTM.NS
2025-08-15,PCBL.NS
2025-08-15,PEL.NS
2025-08-15,PERSISTENT.NS
2025-08-15,PETRONET.NS
2025-08-15,PFC.NS
2025-08-15,PFIZER.NS
2025-08-15,PGEL.NS
2025-08-15,PHOENIXLTD.NS
2025-08-15,PIDILITIND.NS
2025-08-15,PIIND.NS
2025-08-15,PNB.NS
2025-08-15,PNBHOUSING.NS
2025-08-15,PNCINFRA.NS
2025-08-15,POLICYBZR.NS
2025-08-15,POLYCAB.NS
2025-08-15,POLYMED.NS
2025-08-15,POONAWALLA.NS
2025-08-15,POWERGRID.NS
2025-08-15,POWERINDIA.NS
2025-08-15,PPLPHARMA.NS
2025-08-15,PRAJIND.NS
2025-08-15,PREMIERENE.NS
2025-08-15,PRESTIGE.NS
2025-08-15,PTCIL.NS
2025-08-15,PVRINOX.NS
2025-08-15,RADICO.NS
2025-08-15,RAILTEL.NS
2025-08-15,RAINBOW.NS
2025-08-15,RAMCOCEM.NS
2025-08-15,RAYMOND.NS
2025-08-15,RAYMONDLSL.NS
2025-08-15,RBLBANK.NS
2025-08-15,RCF.NS
2025-08-15,RECLTD.NS
2025-08-15,REDINGTON.NS
2025-08-15,RELIANCE.NS
2025-08-15,RENUKA.NS
2025-08-15,RHIM.NS
2025-08-15,RITES.NS
2025-08-15,RKFORGE.NS
2025-08-15,ROUTE.NS
2025-08-15,RPOWER.NS
2025-08-15,RRKABEL.NS
2025-08-15,RTNINDIA.NS
2025-08-15,RVNL.NS
2025-08-15,SAGILITY.NS
2025-08-15,SAIL.NS
2025-08-15,SAILIFE.NS
2025-08-15,SAMMAANCAP.NS
2025-08-15,SAPPHIRE.NS
2025-08-15,SARDAEN.NS
2025-08-15,SAREGAMA.NS
2025-08-15,SBFC.NS
2025-08-15,SBICARD.NS
2025-08-15,SBILIFE.NS
2025-08-15,SBIN.NS
2025-08-15,SCHAEFFLER.NS
2025-08-15,SCHNEIDER.NS
2025-08-15,SCI.NS
2025-08-15,SHREECEM.NS
2025-08-15,SHRIRAMFIN.NS
2025-08-15,SHYAMMETL.NS
2025-08-15,SIEMENS.NS
2025-08-15,SIGNATURE.NS
2025-08-15,SJVN.NS
2025-08-15,SKFINDIA.NS
2025-08-15,SOBHA.NS
2025-08-15,SOLARINDS.NS
2025-08-15,SONACOMS.NS
2025-08-15,SONATSOFTW.NS
2025-08-15,SRF.NS
2025-08-15,STARHEALTH.NS
2025-08-15,SUMICHEM.NS
2025-08-15,SUNDARMFIN.NS
2025-08-15,SUNDRMFAST.NS
2025-08-15,SUNPHARMA.NS
2025-08-15,SUNTV.NS
2025-08-15,SUPREMEIND.NS
2025-08-15,SUZLON.NS
2025-08-15,SWANENERGY.NS
2025-08-15,SWIGGY.NS
2025-08-15,SWSOLAR.NS
2025-08-15,SYNGENE.NS
2025-08-15,SYRMA.NS
2025-08-15,TANLA.NS
2025-08-15,TARIL.NS
2025-08-15,TATACHEM.NS
2025-08-15,TATACOMM.NS
2025-08-15,TATACONSUM.NS
2025-08-15,TATAELXSI.NS
2025-08-15,TATAINVEST.NS
2025-08-15,TATAMOTORS.NS
2025-08-15,TATAPOWER.NS
2025-08-15,TATASTEEL.NS
2025-08-15,TATATECH.NS
2025-08-15,TBOTEK.NS
2025-08-15,TCS.NS
2025-08-15,TECHM.NS
2025-08-15,TECHNOE.NS
2025-08-15,TEJASNET.NS
2025-08-15,THERMAX.NS
2025-08-15,TIINDIA.NS
2025-08-15,TIMKEN.NS
2025-08-15,TITAGARH.NS
2025-08-15,TITAN.NS
2025-08-15,TORNTPHARM.NS
2025-08-15,TORNTPOWER.NS
2025-08-15,TRENT.NS
2025-08-15,TRIDENT.NS
2025-08-15,TRITURBINE.NS
2025-08-15,TRIVENI.NS
2025-08-15,TTML.NS
2025-08-15,TVSMOTOR.NS
2025-08-15,UBL.NS
2025-08-15,UCOBANK.NS
2025-08-15,ULTRACEMCO.NS
2025-08-15,UNIONBANK.NS
2025-08-15,UNITDSPR.NS
2025-08-15,UNOMINDA.NS
2025-08-15,UPL.NS
2025-08-15,USHAMART.NS
2025-08-15,UTIAMC.NS
2025-08-15,VBL.NS
2025-08-15,VEDL.NS
2025-08-15,VGUARD.NS
2025-08-15,VIJAYA.NS
2025-08-15,VMM.NS
2025-08-15,VOLTAS.NS
2025-08-15,VTL.NS
2025-08-15,WAAREEENER.NS
2025-08-15,WELCORP.NS
2025-08-15,WELSPUNLIV.NS
2025-08-15,WESTLIFE.NS
2025-08-15,WHIRLPOOL.NS
2025-08-15,WIPRO.NS
2025-08-15,WOCKPHARMA.NS
2025-08-15,YESBANK.NS
2025-08-15,ZEEL.NS
2025-08-15,ZENSARTECH.NS
2025-08-15,ZENTEC.NS
2025-08-15,ZFCVINDIA.NS
2025-08-15,ZYDUSLIFE.NS
2026-01-07,360ONE.NS
2026-01-07,3MINDIA.NS
2026-01-07,AADHARHFC.NS
2026-01-07,AARTIIND.NS
2026-01-07,AAVAS.NS
2026-01-07,ABB.NS
2026-01-07,ABBOTINDIA.NS
2026-01-07,ABCAPITAL.NS
2026-01-07,ABFRL.NS
2026-01-07,ABLBL.NS
2026-01-07,ABREL.NS
2026-01-07,ABSLAMC.NS
2026-01-07,ACC.NS
2026-01-07,ACE.NS
2026-01-07,ACMESOLAR.NS
2026-01-07,ADANIENSOL.NS
2026-01-07,ADANIENT.NS
2026-01-07,ADANIGREEN.NS
2026-01-07,ADANIPORTS.NS
2026-01-07,ADANIPOWER.NS
2026-01-07,AEGISLOG.NS
2026-01-07,AEGISVOPAK.NS
2026-01-07,AFCONS.NS
2026-01-07,AFFLE.NS
2026-01-07,AGARWALEYE.NS
2026-01-07,AIAENG.NS
2026-01-07,AIIL.NS
2026-01-07,AJANTPHARM.NS
2026-01-07,AKUMS.NS
2026-01-07,AKZOINDIA.NS
2026-01-07,ALKEM.NS
2026-01-07,ALKYLAMINE.NS
2026-01-07,ALOKINDS.NS
2026-01-07,AMBER.NS
2026-01-07,AMBUJACEM.NS
2026-01-07,ANANDRATHI.NS
2026-01-07,ANANTRAJ.NS
2026-01-07,ANGELONE.NS
2026-01-07,APARINDS.NS
2026-01-07,APLAPOLLO.NS
2026-01-07,APLLTD.NS
2026-01-07,APOLLOHOSP.NS
2026-01-07,APOLLOTYRE.NS
2026-01-07,APTUS.NS
2026-01-07,ARE&M.NS
2026-01-07,ASAHIINDIA.NS
2026-01-07,ASHOKLEY.NS
2026-01-07,ASIANPAINT.NS
2026-01-07,ASTERDM.NS
2026-01-07,ASTRAL.NS
2026-01-07,ASTRAZEN.NS
2026-01-07,ATGL.NS
2026-01-07,ATHERENERG.NS
2026-01-07,ATUL.NS
2026-01-07,AUBANK.NS
2026-01-07,AUROPHARMA.NS
2026-01-07,AWL.NS
2026-01-07,AXISBANK.NS
2026-01-07,BAJAJ-AUTO.NS
2026-01-07,BAJAJFINSV.NS
2026-01-07,BAJAJHFL.NS
2026-01-07,BAJAJHLDNG.NS
2026-01-07,BAJFINANCE.NS
2026-01-07,BALKRISIND.NS
2026-01-07,BALRAMCHIN.NS
2026-01-07,BANDHANBNK.NS
2026-01-07,BANKBARODA.NS
2026-01-07,BANKINDIA.NS
2026-01-07,BASF.NS
2026-01-07,BATAINDIA.NS
2026-01-07,BAYERCROP.NS
2026-01-07,BBTC.NS
2026-01-07,BDL.NS
2026-01-07,BEL.NS
2026-01-07,BEML.NS
2026-01-07,BERGEPAINT.NS
2026-01-07,BHARATFORG.NS
2026-01-07,BHARTIARTL.NS
2026-01-07,BHARTIHEXA.NS
2026-01-07,BHEL.NS
2026-01-07,BIKAJI.NS
2026-01-07,BIOCON.NS
2026-01-07,BLS.NS
2026-01-07,BLUEDART.NS
2026-01-07,BLUEJET.NS
2026-01-07,BLUESTARCO.NS
2026-01-07,BOSCHLTD.NS
2026-01-07,BPCL.NS
2026-01-07,BRIGADE.NS
2026-01-07,BRITANNIA.NS
2026-01-07,BSE.NS
2026-01-07,BSOFT.NS
2026-01-07,CAMPUS.NS
2026-01-07,CAMS.NS
2026-01-07,CANBK.NS
2026-01-07,CANFINHOME.NS
2026-01-07,CAPLIPOINT.NS
2026-01-07,CARBORUNIV.NS
2026-01-07,CASTROLIND.NS
2026-01-07,CCL.NS
2026-01-07,CDSL.NS
2026-01-07,CEATLTD.NS
2026-01-07,CENTRALBK.NS
2026-01-07,CENTURYPLY.NS
2026-01-07,CERA.NS
2026-01-07,CESC.NS
2026-01-07,CGCL.NS
2026-01-07,CGPOWER.NS
2026-01-07,CHALET.NS
2026-01-07,CHAMBLFERT.NS
2026-01-07,CHENNPETRO.NS
2026-01-07,CHOICEIN.NS
2026-01-07,CHOLAFIN.NS
2026-01-07,CHOLAHLDNG.NS
2026-01-07,CIPLA.NS
2026-01-07,CLEAN.NS
2026-01-07,COALINDIA.NS
2026-01-07,COCHINSHIP.NS
2026-01-07,COFORGE.NS
2026-01-07,COHANCE.NS
2026-01-07,COLPAL.NS
2026-01-07,CONCOR.NS
2026-01-07,CONCORDBIO.NS
2026-01-07,COROMANDEL.NS
2026-01-07,CRAFTSMAN.NS
2026-01-07,CREDITACC.NS
2026-01-07,CRISIL.NS
2026-01-07,CROMPTON.NS
2026-01-07,CUB.NS
2026-01-07,CUMMINSIND.NS
2026-01-07,CYIENT.NS
2026-01-07,DABUR.NS
2026-01-07,DALBHARAT.NS
2026-01-07,DATAPATTNS.NS
2026-01-07,DBREALTY.NS
2026-01-07,DCMSHRIRAM.NS
2026-01-07,DEEPAKFERT.NS
2026-01-07,DEEPAKNTR.NS
2026-01-07,DELHIVERY.NS
2026-01-07,DEVYANI.NS
2026-01-07,DIVISLAB.NS
2026-01-07,DIXON.NS
2026-01-07,DLF.NS
2026-01-07,DMART.NS
2026-01-07,DOMS.NS
2026-01-07,DRREDDY.NS
2026-01-07,DUMMYHDLVR.NS
2026-01-07,ECLERX.NS
2026-01-07,EICHERMOT.NS
2026-01-07,EIDPARRY.NS
2026-01-07,EIHOTEL.NS
2026-01-07,ELECON.NS
2026-01-07,ELGIEQUIP.NS
2026-01-07,EMAMILTD.NS
2026-01-07,EMCURE.NS
2026-01-07,ENDURANCE.NS
2026-01-07,ENGINERSIN.NS
2026-01-07,ENRIN.NS
2026-01-07,ERIS.NS
2026-01-07,ESCORTS.NS
2026-01-07,ETERNAL.NS
2026-01-07,EXIDEIND.NS
2026-01-07,FACT.NS
2026-01-07,FEDERALBNK.NS
2026-01-07,FINCABLES.NS
2026-01-07,FINPIPE.NS
2026-01-07,FIRSTCRY.NS
2026-01-07,FIVESTAR.NS
2026-01-07,FLUOROCHEM.NS
2026-01-07,FORCEMOT.NS
2026-01-07,FORTIS.NS
2026-01-07,FSL.NS
2026-01-07,GAIL.NS
2026-01-07,GESHIP.NS
2026-01-07,GICRE.NS
2026-01-07,GILLETTE.NS
2026-01-07,GLAND.NS
2026-01-07,GLAXO.NS
2026-01-07,GLENMARK.NS
2026-01-07,GMDCLTD.NS
2026-01-07,GMRAIRPORT.NS
2026-01-07,GODFRYPHLP.NS
2026-01-07,GODIGIT.NS
2026-01-07,GODREJAGRO.NS
2026-01-07,GODREJCP.NS
2026-01-07,GODREJIND.NS
2026-01-07,GODREJPROP.NS
2026-01-07,GPIL.NS
2026-01-07,GRANULES.NS
2026-01-07,GRAPHITE.NS
2026-01-07,GRASIM.NS
2026-01-07,GRAVITA.NS
2026-01-07,GRSE.NS
2026-01-07,GSPL.NS
2026-01-07,GUJGASLTD.NS
2026-01-07,GVT&D.NS
2026-01-07,HAL.NS
2026-01-07,HAPPSTMNDS.NS
2026-01-07,HAVELLS.NS
2026-01-07,HBLENGINE.NS
2026-01-07,HCLTECH.NS
2026-01-07,HDFCAMC.NS
2026-01-07,HDFCBANK.NS
2026-01-07,HDFCLIFE.NS
2026-01-07,HEG.NS
2026-01-07,HEROMOTOCO.NS
2026-01-07,HEXT.NS
2026-01-07,HFCL.NS
2026-01-07,HINDALCO.NS
2026-01-07,HINDCOPPER.NS
2026-01-07,HINDPETRO.NS
2026-01-07,HINDUNILVR.NS
2026-01-07,HINDZINC.NS
2026-01-07,HOMEFIRST.NS
2026-01-07,HONASA.NS
2026-01-07,HONAUT.NS
2026-01-07,HSCL.NS
2026-01-07,HUDCO.NS
2026-01-07,HYUNDAI.NS
2026-01-07,ICICIBANK.NS
2026-01-07,ICICIGI.NS
2026-01-07,ICICIPRULI.NS
2026-01-07,IDBI.NS
2026-01-07,IDEA.NS
2026-01-07,IDFCFIRSTB.NS
2026-01-07,IEX.NS
2026-01-07,IFCI.NS
2026-01-07,IGIL.NS
2026-01-07,IGL.NS
2026-01-07,IIFL.NS
2026-01-07,IKS.NS
2026-01-07,INDGN.NS
2026-01-07,INDHOTEL.NS
2026-01-07,INDIACEM.NS
2026-01-07,INDIAMART.NS
2026-01-07,INDIANB.NS
2026-01-07,INDIGO.NS
2026-01-07,INDUSINDBK.NS
2026-01-07,INDUSTOWER.NS
2026-01-07,INFY.NS
2026-01-07,INOXINDIA.NS
2026-01-07,INOXWIND.NS
2026-01-07,INTELLECT.NS
2026-01-07,IOB.NS
2026-01-07,IOC.NS
2026-01-07,IPCALAB.NS
2026-01-07,IRB.NS
2026-01-07,IRCON.NS
2026-01-07,IRCTC.NS
2026-01-07,IREDA.NS
2026-01-07,IRFC.NS
2026-01-07,ITC.NS
2026-01-07,ITCHOTELS.NS
2026-01-07,ITI.NS
2026-01-07,J&KBANK.NS
2026-01-07,JBCHEPHARM.NS
2026-01-07,JBMA.NS
2026-01-07,JINDALSAW.NS
2026-01-07,JINDALSTEL.NS
2026-01-07,JIOFIN.NS
2026-01-07,JKCEMENT.NS
2026-01-07,JKTYRE.NS
2026-01-07,JMFINANCIL.NS
2026-01-07,JPPOWER.NS
2026-01-07,JSL.NS
2026-01-07,JSWCEMENT.NS
2026-01-07,JSWENERGY.NS
2026-01-07,JSWINFRA.NS
2026-01-07,JSWSTEEL.NS
2026-01-07,JUBLFOOD.NS
2026-01-07,JUBLINGREA.NS
2026-01-07,JUBLPHARMA.NS
2026-01-07,JWL.NS
2026-01-07,JYOTHYLAB.NS
2026-01-07,JYOTICNC.NS
2026-01-07,KAJARIACER.NS
2026-01-07,KALYANKJIL.NS
2026-01-07,KARURVYSYA.NS
2026-01-07,KAYNES.NS
2026-01-07,KEC.NS
2026-01-07,KEI.NS
2026-01-07,KFINTECH.NS
2026-01-07,KIMS.NS
2026-01-07,KIRLOSBROS.NS
2026-01-07,KIRLOSENG.NS
2026-01-07,KOTAKBANK.NS
2026-01-07,KPIL.NS
2026-01-07,KPITTECH.NS
2026-01-07,KPRMILL.NS
2026-01-07,KSB.NS
2026-01-07,LALPATHLAB.NS
2026-01-07,LATENTVIEW.NS
2026-01-07,LAURUSLABS.NS
2026-01-07,LEMONTREE.NS
2026-01-07,LICHSGFIN.NS
2026-01-07,LICI.NS
2026-01-07,LINDEINDIA.NS
2026-01-07,LLOYDSME.NS
2026-01-07,LODHA.NS
2026-01-07,LT.NS
2026-01-07,LTF.NS
2026-01-07,LTFOODS.NS
2026-01-07,LTIM.NS
2026-01-07,LTTS.NS
2026-01-07,LUPIN.NS
2026-01-07,M&M.NS
2026-01-07,M&MFIN.NS
2026-01-07,MAHABANK.NS
2026-01-07,MAHSCOOTER.NS
2026-01-07,MAHSEAMLES.NS
2026-01-07,MANAPPURAM.NS
2026-01-07,MANKIND.NS
2026-01-07,MANYAVAR.NS
2026-01-07,MAPMYINDIA.NS
2026-01-07,MARICO.NS
2026-01-07,MARUTI.NS
2026-01-07,MAXHEALTH.NS
2026-01-07,MAZDOCK.NS
2026-01-07,MCX.NS
2026-01-07,MEDANTA.NS
2026-01-07,METROPOLIS.NS
2026-01-07,MFSL.NS
2026-01-07,MGL.NS
2026-01-07,MINDACORP.NS
2026-01-07,MMTC.NS
2026-01-07,MOTHERSON.NS
2026-01-07,MOTILALOFS.NS
2026-01-07,MPHASIS.NS
2026-01-07,MRF.NS
2026-01-07,MRPL.NS
2026-01-07,MSUMI.NS
2026-01-07,MUTHOOTFIN.NS
2026-01-07,NAM-INDIA.NS
2026-01-07,NATCOPHARM.NS
2026-01-07,NATIONALUM.NS
2026-01-07,NAUKRI.NS
2026-01-07,NAVA.NS
2026-01-07,NAVINFLUOR.NS
2026-01-07,NBCC.NS
2026-01-07,NCC.NS
2026-01-07,NESTLEIND.NS
2026-01-07,NETWEB.NS
2026-01-07,NEULANDLAB.NS
2026-01-07,NEWGEN.NS
2026-01-07,NH.NS
2026-01-07,NHPC.NS
2026-01-07,NIACL.NS
2026-01-07,NIVABUPA.NS
2026-01-07,NLCINDIA.NS
2026-01-07,NMDC.NS
2026-01-07,NSLNISP.NS
2026-01-07,NTPC.NS
2026-01-07,NTPCGREEN.NS
2026-01-07,NUVAMA.NS
2026-01-07,NUVOCO.NS
2026-01-07,NYKAA.NS
2026-01-07,OBEROIRLTY.NS
2026-01-07,OFSS.NS
2026-01-07,OIL.NS
2026-01-07,OLAELEC.NS
2026-01-07,OLECTRA.NS
2026-01-07,ONESOURCE.NS
2026-01-07,ONGC.NS
2026-01-07,PAGEIND.NS
2026-01-07,PATANJALI.NS
2026-01-07,PAYTM.NS
2026-01-07,PCBL.NS
2026-01-07,PERSISTENT.NS
2026-01-07,PETRONET.NS
2026-01-07,PFC.NS
2026-01-07,PFIZER.NS
2026-01-07,PGEL.NS
2026-01-07,PGHH.NS
2026-01-07,PHOENIXLTD.NS
2026-01-07,PIDILITIND.NS
2026-01-07,PIIND.NS
2026-01-07,PNB.NS
2026-01-07,PNBHOUSING.NS
2026-01-07,POLICYBZR.NS
2026-01-07,POLYCAB.NS
2026-01-07,POLYMED.NS
2026-01-07,POONAWALLA.NS
2026-01-07,POWERGRID.NS
2026-01-07,POWERINDIA.NS
2026-01-07,PPLPHARMA.NS
2026-01-07,PRAJIND.NS
2026-01-07,PREMIERENE.NS
2026-01-07,PRESTIGE.NS
2026-01-07,PTCIL.NS
2026-01-07,PVRINOX.NS
2026-01-07,RADICO.NS
2026-01-07,RAILTEL.NS
2026-01-07,RAINBOW.NS
2026-01-07,RAMCOCEM.NS
2026-01-07,RBLBANK.NS
2026-01-07,RCF.NS
2026-01-07,RECLTD.NS
2026-01-07,REDINGTON.NS
2026-01-07,RELIANCE.NS
2026-01-07,RELINFRA.NS
2026-01-07,RHIM.NS
2026-01-07,RITES.NS
2026-01-07,RKFORGE.NS
2026-01-07,RPOWER.NS
2026-01-07,RRKABEL.NS
2026-01-07,RVNL.NS
2026-01-07,SAGILITY.NS
2026-01-07,SAIL.NS
2026-01-07,SAILIFE.NS
2026-01-07,SAMMAANCAP.NS
2026-01-07,SAPPHIRE.NS
2026-01-07,SARDAEN.NS
2026-01-07,SAREGAMA.NS
2026-01-07,SBFC.NS
2026-01-07,SBICARD.NS
2026-01-07,SBILIFE.NS
2026-01-07,SBIN.NS
2026-01-07,SCHAEFFLER.NS
2026-01-07,SCHNEIDER.NS
2026-01-07,SCI.NS
2026-01-07,SHREECEM.NS
2026-01-07,SHRIRAMFIN.NS
2026-01-07,SHYAMMETL.NS
2026-01-07,SIEMENS.NS
2026-01-07,SIGNATURE.NS
2026-01-07,SJVN.NS
2026-01-07,SOBHA.NS
2026-01-07,SOLARINDS.NS
2026-01-07,SONACOMS.NS
2026-01-07,SONATSOFTW.NS
2026-01-07,SRF.NS
2026-01-07,STARHEALTH.NS
2026-01-07,SUMICHEM.NS
2026-01-07,SUNDARMFIN.NS
2026-01-07,SUNDRMFAST.NS
2026-01-07,SUNPHARMA.NS
2026-01-07,SUNTV.NS
2026-01-07,SUPREMEIND.NS
2026-01-07,SUZLON.NS
2026-01-07,SWANCORP.NS
2026-01-07,SWIGGY.NS
2026-01-07,SYNGENE.NS
2026-01-07,SYRMA.NS
2026-01-07,TARIL.NS
2026-01-07,TATACHEM.NS
2026-01-07,TATACOMM.NS
2026-01-07,TATACONSUM.NS
2026-01-07,TATAELXSI.NS
2026-01-07,TATAINVEST.NS
2026-01-07,TATAPOWER.NS
2026-01-07,TATASTEEL.NS
2026-01-07,TATATECH.NS
2026-01-07,TBOTEK.NS
2026-01-07,TCS.NS
2026-01-07,TECHM.NS
2026-01-07,TECHNOE.NS
2026-01-07,TEJASNET.NS
2026-01-07,THELEELA.NS
2026-01-07,THERMAX.NS
2026-01-07,TIINDIA.NS
2026-01-07,TIMKEN.NS
2026-01-07,TITAGARH.NS
2026-01-07,TITAN.NS
2026-01-07,TMPV.NS
2026-01-07,TORNTPHARM.NS
2026-01-07,TORNTPOWER.NS
2026-01-07,TRENT.NS
2026-01-07,TRIDENT.NS
2026-01-07,TRITURBINE.NS
2026-01-07,TRIVENI.NS
2026-01-07,TTML.NS
2026-01-07,TVSMOTOR.NS
2026-01-07,UBL.NS
2026-01-07,UCOBANK.NS
2026-01-07,ULTRACEMCO.NS
2026-01-07,UNIONBANK.NS
2026-01-07,UNITDSPR.NS
2026-01-07,UNOMINDA.NS
2026-01-07,UPL.NS
2026-01-07,USHAMART.NS
2026-01-07,UTIAMC.NS
2026-01-07,VBL.NS
2026-01-07,VEDL.NS
2026-01-07,VENTIVE.NS
2026-01-07,VGUARD.NS
2026-01-07,VIJAYA.NS
2026-01-07,VMM.NS
2026-01-07,VOLTAS.NS
2026-01-07,VTL.NS
2026-01-07,WAAREEENER.NS
2026-01-07,WELCORP.NS
2026-01-07,WELSPUNLIV.NS
2026-01-07,WHIRLPOOL.NS
2026-01-07,WIPRO.NS
2026-01-07,WOCKPHARMA.NS
2026-01-07,YESBANK.NS
2026-01-07,ZEEL.NS
2026-01-07,ZENSARTECH.NS
2026-01-07,ZENTEC.NS
2026-01-07,ZFCVINDIA.NS
2026-01-07,ZYDUSLIFE.NS
2026-05-02,360ONE.NS
2026-05-02,3MINDIA.NS
2026-05-02,AADHARHFC.NS
2026-05-02,AARTIIND.NS
2026-05-02,AAVAS.NS
2026-05-02,ABB.NS
2026-05-02,ABBOTINDIA.NS
2026-05-02,ABCAPITAL.NS
2026-05-02,ABDL.NS
2026-05-02,ABFRL.NS
2026-05-02,ABLBL.NS
2026-05-02,ABREL.NS
2026-05-02,ABSLAMC.NS
2026-05-02,ACC.NS
2026-05-02,ACE.NS
2026-05-02,ACMESOLAR.NS
2026-05-02,ACUTAAS.NS
2026-05-02,ADANIENSOL.NS
2026-05-02,ADANIENT.NS
2026-05-02,ADANIGREEN.NS
2026-05-02,ADANIPORTS.NS
2026-05-02,ADANIPOWER.NS
2026-05-02,AEGISLOG.NS
2026-05-02,AEGISVOPAK.NS
2026-05-02,AFCONS.NS
2026-05-02,AFFLE.NS
2026-05-02,AIAENG.NS
2026-05-02,AIIL.NS
2026-05-02,AJANTPHARM.NS
2026-05-02,ALKEM.NS
2026-05-02,AMBER.NS
2026-05-02,AMBUJACEM.NS
2026-05-02,ANANDRATHI.NS
2026-05-02,ANANTRAJ.NS
2026-05-02,ANGELONE.NS
2026-05-02,ANTHEM.NS
2026-05-02,ANURAS.NS
2026-05-02,APARINDS.NS
2026-05-02,APLAPOLLO.NS
2026-05-02,APOLLOHOSP.NS
2026-05-02,APOLLOTYRE.NS
2026-05-02,APTUS.NS
2026-05-02,ARE&M.NS
2026-05-02,ASAHIINDIA.NS
2026-05-02,ASHOKLEY.NS
2026-05-02,ASIANPAINT.NS
2026-05-02,ASTERDM.NS
2026-05-02,ASTRAL.NS
2026-05-02,ATGL.NS
2026-05-02,ATHERENERG.NS
2026-05-02,ATUL.NS
2026-05-02,AUBANK.NS
2026-05-02,AUROPHARMA.NS
2026-05-02,AWL.NS
2026-05-02,AXISBANK.NS
2026-05-02,BAJAJ-AUTO.NS
2026-05-02,BAJAJFINSV.NS
2026-05-02,BAJAJHFL.NS
2026-05-02,BAJAJHLDNG.NS
2026-05-02,BAJFINANCE.NS
2026-05-02,BALKRISIND.NS
2026-05-02,BALRAMCHIN.NS
2026-05-02,BANDHANBNK.NS
2026-05-02,BANKBARODA.NS
2026-05-02,BANKINDIA.NS
2026-05-02,BATAINDIA.NS
2026-05-02,BAYERCROP.NS
2026-05-02,BBTC.NS
2026-05-02,BDL.NS
2026-05-02,BEL.NS
2026-05-02,BELRISE.NS
2026-05-02,BEML.NS
2026-05-02,BERGEPAINT.NS
2026-05-02,BHARATFORG.NS
2026-05-02,BHARTIARTL.NS
2026-05-02,BHARTIHEXA.NS
2026-05-02,BHEL.NS
2026-05-02,BIKAJI.NS
2026-05-02,BIOCON.NS
2026-05-02,BLS.NS
2026-05-02,BLUEDART.NS
2026-05-02,BLUEJET.NS
2026-05-02,BLUESTARCO.NS
2026-05-02,BOSCHLTD.NS
2026-05-02,BPCL.NS
2026-05-02,BRIGADE.NS
2026-05-02,BRITANNIA.NS
2026-05-02,BSE.NS
2026-05-02,BSOFT.NS
2026-05-02,CAMS.NS
2026-05-02,CANBK.NS
2026-05-02,CANFINHOME.NS
2026-05-02,CANHLIFE.NS
2026-05-02,CAPLIPOINT.NS
2026-05-02,CARBORUNIV.NS
2026-05-02,CARTRADE.NS
2026-05-02,CASTROLIND.NS
2026-05-02,CCL.NS
2026-05-02,CDSL.NS
2026-05-02,CEATLTD.NS
2026-05-02,CEMPRO.NS
2026-05-02,CENTRALBK.NS
2026-05-02,CESC.NS
2026-05-02,CGCL.NS
2026-05-02,CGPOWER.NS
2026-05-02,CHALET.NS
2026-05-02,CHAMBLFERT.NS
2026-05-02,CHENNPETRO.NS
2026-05-02,CHOICEIN.NS
2026-05-02,CHOLAFIN.NS
2026-05-02,CHOLAHLDNG.NS
2026-05-02,CIPLA.NS
2026-05-02,CLEAN.NS
2026-05-02,COALINDIA.NS
2026-05-02,COCHINSHIP.NS
2026-05-02,COFORGE.NS
2026-05-02,COHANCE.NS
2026-05-02,COLPAL.NS
2026-05-02,CONCOR.NS
2026-05-02,CONCORDBIO.NS
2026-05-02,COROMANDEL.NS
2026-05-02,CPPLUS.NS
2026-05-02,CRAFTSMAN.NS
2026-05-02,CREDITACC.NS
2026-05-02,CRISIL.NS
2026-05-02,CROMPTON.NS
2026-05-02,CUB.NS
2026-05-02,CUMMINSIND.NS
2026-05-02,CYIENT.NS
2026-05-02,DABUR.NS
2026-05-02,DALBHARAT.NS
2026-05-02,DATAPATTNS.NS
2026-05-02,DCMSHRIRAM.NS
2026-05-02,DEEPAKFERT.NS
2026-05-02,DEEPAKNTR.NS
2026-05-02,DELHIVERY.NS
2026-05-02,DEVYANI.NS
2026-05-02,DIVISLAB.NS
2026-05-02,DIXON.NS
2026-05-02,DLF.NS
2026-05-02,DMART.NS
2026-05-02,DOMS.NS
2026-05-02,DRREDDY.NS
2026-05-02,DUMMYVEDL1.NS
2026-05-02,DUMMYVEDL2.NS
2026-05-02,DUMMYVEDL3.NS
2026-05-02,DUMMYVEDL4.NS
2026-05-02,ECLERX.NS
2026-05-02,EICHERMOT.NS
2026-05-02,EIDPARRY.NS
2026-05-02,EIHOTEL.NS
2026-05-02,ELECON.NS
2026-05-02,ELGIEQUIP.NS
2026-05-02,EMAMILTD.NS
2026-05-02,EMCURE.NS
2026-05-02,EMMVEE.NS
2026-05-02,ENDURANCE.NS
2026-05-02,ENGINERSIN.NS
2026-05-02,ENRIN.NS
2026-05-02,ERIS.NS
2026-05-02,ESCORTS.NS
2026-05-02,ETERNAL.NS
2026-05-02,EXIDEIND.NS
2026-05-02,FACT.NS
2026-05-02,FEDERALBNK.NS
2026-05-02,FINCABLES.NS
2026-05-02,FIRSTCRY.NS
2026-05-02,FIVESTAR.NS
2026-05-02,FLUOROCHEM.NS
2026-05-02,FORCEMOT.NS
2026-05-02,FORTIS.NS
2026-05-02,FSL.NS
2026-05-02,GABRIEL.NS
2026-05-02,GAIL.NS
2026-05-02,GALLANTT.NS
2026-05-02,GESHIP.NS
2026-05-02,GICRE.NS
2026-05-02,GILLETTE.NS
2026-05-02,GLAND.NS
2026-05-02,GLAXO.NS
2026-05-02,GLENMARK.NS
2026-05-02,GMDCLTD.NS
2026-05-02,GMRAIRPORT.NS
2026-05-02,GODFRYPHLP.NS
2026-05-02,GODIGIT.NS
2026-05-02,GODREJCP.NS
2026-05-02,GODREJIND.NS
2026-05-02,GODREJPROP.NS
2026-05-02,GPIL.NS
2026-05-02,GRANULES.NS
2026-05-02,GRAPHITE.NS
2026-05-02,GRASIM.NS
2026-05-02,GRAVITA.NS
2026-05-02,GROWW.NS
2026-05-02,GRSE.NS
2026-05-02,GSPL.NS
2026-05-02,GVT&D.NS
2026-05-02,HAL.NS
2026-05-02,HAVELLS.NS
2026-05-02,HBLENGINE.NS
2026-05-02,HCLTECH.NS
2026-05-02,HDBFS.NS
2026-05-02,HDFCAMC.NS
2026-05-02,HDFCBANK.NS
2026-05-02,HDFCLIFE.NS
2026-05-02,HEG.NS
2026-05-02,HEROMOTOCO.NS
2026-05-02,HEXT.NS
2026-05-02,HFCL.NS
2026-05-02,HINDALCO.NS
2026-05-02,HINDCOPPER.NS
2026-05-02,HINDPETRO.NS
2026-05-02,HINDUNILVR.NS
2026-05-02,HINDZINC.NS
2026-05-02,HOMEFIRST.NS
2026-05-02,HONASA.NS
2026-05-02,HONAUT.NS
2026-05-02,HSCL.NS
2026-05-02,HUDCO.NS
2026-05-02,HYUNDAI.NS
2026-05-02,ICICIAMC.NS
2026-05-02,ICICIBANK.NS
2026-05-02,ICICIGI.NS
2026-05-02,ICICIPRULI.NS
2026-05-02,IDBI.NS
2026-05-02,IDEA.NS
2026-05-02,IDFCFIRSTB.NS
2026-05-02,IEX.NS
2026-05-02,IFCI.NS
2026-05-02,IGIL.NS
2026-05-02,IGL.NS
2026-05-02,IIFL.NS
2026-05-02,IKS.NS
2026-05-02,INDGN.NS
2026-05-02,INDHOTEL.NS
2026-05-02,INDIACEM.NS
2026-05-02,INDIAMART.NS
2026-05-02,INDIANB.NS
2026-05-02,INDIGO.NS
2026-05-02,INDUSINDBK.NS
2026-05-02,INDUSTOWER.NS
2026-05-02,INFY.NS
2026-05-02,INOXWIND.NS
2026-05-02,INTELLECT.NS
2026-05-02,IOB.NS
2026-05-02,IOC.NS
2026-05-02,IPCALAB.NS
2026-05-02,IRB.NS
2026-05-02,IRCON.NS
2026-05-02,IRCTC.NS
2026-05-02,IREDA.NS
2026-05-02,IRFC.NS
2026-05-02,ITC.NS
2026-05-02,ITCHOTELS.NS
2026-05-02,ITI.NS
2026-05-02,J&KBANK.NS
2026-05-02,JAINREC.NS
2026-05-02,JBCHEPHARM.NS
2026-05-02,JBMA.NS
2026-05-02,JINDALSAW.NS
2026-05-02,JINDALSTEL.NS
2026-05-02,JIOFIN.NS
2026-05-02,JKCEMENT.NS
2026-05-02,JKTYRE.NS
2026-05-02,JMFINANCIL.NS
2026-05-02,JPPOWER.NS
2026-05-02,JSL.NS
2026-05-02,JSWCEMENT.NS
2026-05-02,JSWDULUX.NS
2026-05-02,JSWENERGY.NS
2026-05-02,JSWINFRA.NS
2026-05-02,JSWSTEEL.NS
2026-05-02,JUBLFOOD.NS
2026-05-02,JUBLINGREA.NS
2026-05-02,JUBLPHARMA.NS
2026-05-02,JWL.NS
2026-05-02,JYOTICNC.NS
2026-05-02,KAJARIACER.NS
2026-05-02,KALYANKJIL.NS
2026-05-02,KARURVYSYA.NS
2026-05-02,KAYNES.NS
2026-05-02,KEC.NS
2026-05-02,KEI.NS
2026-05-02,KFINTECH.NS
2026-05-02,KIMS.NS
2026-05-02,KIRLOSENG.NS
2026-05-02,KOTAKBANK.NS
2026-05-02,KPIL.NS
2026-05-02,KPITTECH.NS
2026-05-02,KPRMILL.NS
2026-05-02,LALPATHLAB.NS
2026-05-02,LATENTVIEW.NS
2026-05-02,LAURUSLABS.NS
2026-05-02,LEMONTREE.NS
2026-05-02,LENSKART.NS
2026-05-02,LGEINDIA.NS
2026-05-02,LICHSGFIN.NS
2026-05-02,LICI.NS
2026-05-02,LINDEINDIA.NS
2026-05-02,LLOYDSME.NS
2026-05-02,LODHA.NS
2026-05-02,LT.NS
2026-05-02,LTF.NS
2026-05-02,LTFOODS.NS
2026-05-02,LTM.NS
2026-05-02,LTTS.NS
2026-05-02,LUPIN.NS
2026-05-02,M&M.NS
2026-05-02,M&MFIN.NS
2026-05-02,MAHABANK.NS
2026-05-02,MANAPPURAM.NS
2026-05-02,MANKIND.NS
2026-05-02,MAPMYINDIA.NS
2026-05-02,MARICO.NS
2026-05-02,MARUTI.NS
2026-05-02,MAXHEALTH.NS
2026-05-02,MAZDOCK.NS
2026-05-02,MCX.NS
2026-05-02,MEDANTA.NS
2026-05-02,MEESHO.NS
2026-05-02,MFSL.NS
2026-05-02,MGL.NS
2026-05-02,MINDACORP.NS
2026-05-02,MMTC.NS
2026-05-02,MOTHERSON.NS
2026-05-02,MOTILALOFS.NS
2026-05-02,MPHASIS.NS
2026-05-02,MRF.NS
2026-05-02,MRPL.NS
2026-05-02,MSUMI.NS
2026-05-02,MUTHOOTFIN.NS
2026-05-02,NAM-INDIA.NS
2026-05-02,NATCOPHARM.NS
2026-05-02,NATIONALUM.NS
2026-05-02,NAUKRI.NS
2026-05-02,NAVA.NS
2026-05-02,NAVINFLUOR.NS
2026-05-02,NBCC.NS
2026-05-02,NCC.NS
2026-05-02,NESTLEIND.NS
2026-05-02,NETWEB.NS
2026-05-02,NEULANDLAB.NS
2026-05-02,NEWGEN.NS
2026-05-02,NH.NS
2026-05-02,NHPC.NS
2026-05-02,NIACL.NS
2026-05-02,NIVABUPA.NS
2026-05-02,NLCINDIA.NS
2026-05-02,NMDC.NS
2026-05-02,NSLNISP.NS
2026-05-02,NTPC.NS
2026-05-02,NTPCGREEN.NS
2026-05-02,NUVAMA.NS
2026-05-02,NUVOCO.NS
2026-05-02,NYKAA.NS
2026-05-02,OBEROIRLTY.NS
2026-05-02,OFSS.NS
2026-05-02,OIL.NS
2026-05-02,OLAELEC.NS
2026-05-02,OLECTRA.NS
2026-05-02,ONESOURCE.NS
2026-05-02,ONGC.NS
2026-05-02,PAGEIND.NS
2026-05-02,PARADEEP.NS
2026-05-02,PATANJALI.NS
2026-05-02,PAYTM.NS
2026-05-02,PCBL.NS
2026-05-02,PERSISTENT.NS
2026-05-02,PETRONET.NS
2026-05-02,PFC.NS
2026-05-02,PFIZER.NS
2026-05-02,PGEL.NS
2026-05-02,PHOENIXLTD.NS
2026-05-02,PIDILITIND.NS
2026-05-02,PIIND.NS
2026-05-02,PINELABS.NS
2026-05-02,PIRAMALFIN.NS
2026-05-02,PNB.NS
2026-05-02,PNBHOUSING.NS
2026-05-02,POLICYBZR.NS
2026-05-02,POLYCAB.NS
2026-05-02,POLYMED.NS
2026-05-02,POONAWALLA.NS
2026-05-02,POWERGRID.NS
2026-05-02,POWERINDIA.NS
2026-05-02,PPLPHARMA.NS
2026-05-02,PREMIERENE.NS
2026-05-02,PRESTIGE.NS
2026-05-02,PTCIL.NS
2026-05-02,PVRINOX.NS
2026-05-02,PWL.NS
2026-05-02,RADICO.NS
2026-05-02,RAILTEL.NS
2026-05-02,RAINBOW.NS
2026-05-02,RAMCOCEM.NS
2026-05-02,RBLBANK.NS
2026-05-02,RECLTD.NS
2026-05-02,REDINGTON.NS
2026-05-02,RELIANCE.NS
2026-05-02,RHIM.NS
2026-05-02,RITES.NS
2026-05-02,RKFORGE.NS
2026-05-02,RPOWER.NS
2026-05-02,RRKABEL.NS
2026-05-02,RVNL.NS
2026-05-02,SAGILITY.NS
2026-05-02,SAIL.NS
2026-05-02,SAILIFE.NS
2026-05-02,SAMMAANCAP.NS
2026-05-02,SAPPHIRE.NS
2026-05-02,SARDAEN.NS
2026-05-02,SAREGAMA.NS
2026-05-02,SBFC.NS
2026-05-02,SBICARD.NS
2026-05-02,SBILIFE.NS
2026-05-02,SBIN.NS
2026-05-02,SCHAEFFLER.NS
2026-05-02,SCHNEIDER.NS
2026-05-02,SCI.NS
2026-05-02,SHREECEM.NS
2026-05-02,SHRIRAMFIN.NS
2026-05-02,SHYAMMETL.NS
2026-05-02,SIEMENS.NS
2026-05-02,SIGNATURE.NS
2026-05-02,SJVN.NS
2026-05-02,SOBHA.NS
2026-05-02,SOLARINDS.NS
2026-05-02,SONACOMS.NS
2026-05-02,SONATSOFTW.NS
2026-05-02,SPLPETRO.NS
2026-05-02,SRF.NS
2026-05-02,STARHEALTH.NS
2026-05-02,SUMICHEM.NS
2026-05-02,SUNDARMFIN.NS
2026-05-02,SUNPHARMA.NS
2026-05-02,SUNTV.NS
2026-05-02,SUPREMEIND.NS
2026-05-02,SUZLON.NS
2026-05-02,SWANCORP.NS
2026-05-02,SWIGGY.NS
2026-05-02,SYNGENE.NS
2026-05-02,SYRMA.NS
2026-05-02,TARIL.NS
2026-05-02,TATACAP.NS
2026-05-02,TATACHEM.NS
2026-05-02,TATACOMM.NS
2026-05-02,TATACONSUM.NS
2026-05-02,TATAELXSI.NS
2026-05-02,TATAINVEST.NS
2026-05-02,TATAPOWER.NS
2026-05-02,TATASTEEL.NS
2026-05-02,TATATECH.NS
2026-05-02,TBOTEK.NS
2026-05-02,TCS.NS
2026-05-02,TECHM.NS
2026-05-02,TECHNOE.NS
2026-05-02,TEGA.NS
2026-05-02,TEJASNET.NS
2026-05-02,TENNIND.NS
2026-05-02,THELEELA.NS
2026-05-02,THERMAX.NS
2026-05-02,TIINDIA.NS
2026-05-02,TIMKEN.NS
2026-05-02,TITAGARH.NS
2026-05-02,TITAN.NS
2026-05-02,TMCV.NS
2026-05-02,TMPV.NS
2026-05-02,TORNTPHARM.NS
2026-05-02,TORNTPOWER.NS
2026-05-02,TRAVELFOOD.NS
2026-05-02,TRENT.NS
2026-05-02,TRIDENT.NS
2026-05-02,TRITURBINE.NS
2026-05-02,TTML.NS
2026-05-02,TVSMOTOR.NS
2026-05-02,UBL.NS
2026-05-02,UCOBANK.NS
2026-05-02,ULTRACEMCO.NS
2026-05-02,UNIONBANK.NS
2026-05-02,UNITDSPR.NS
2026-05-02,UNOMINDA.NS
2026-05-02,UPL.NS
2026-05-02,URBANCO.NS
2026-05-02,USHAMART.NS
2026-05-02,UTIAMC.NS
2026-05-02,VBL.NS
2026-05-02,VEDL.NS
2026-05-02,VIJAYA.NS
2026-05-02,VMM.NS
2026-05-02,VOLTAS.NS
2026-05-02,VTL.NS
2026-05-02,WAAREEENER.NS
2026-05-02,WELCORP.NS
2026-05-02,WELSPUNLIV.NS
2026-05-02,WHIRLPOOL.NS
2026-05-02,WIPRO.NS
2026-05-02,WOCKPHARMA.NS
2026-05-02,YESBANK.NS
2026-05-02,ZEEL.NS
2026-05-02,ZENSARTECH.NS
2026-05-02,ZENTEC.NS
2026-05-02,ZFCVINDIA.NS
2026-05-02,ZYDUSLIFE.NS
2026-05-02,ZYDUSWELL.NS
2026-08-05,360ONE.NS
2026-08-05,3MINDIA.NS
2026-08-05,AADHARHFC.NS
2026-08-05,AARTIIND.NS
2026-08-05,AAVAS.NS
2026-08-05,ABB.NS
2026-08-05,ABBOTINDIA.NS
2026-08-05,ABCAPITAL.NS
2026-08-05,ABDL.NS
2026-08-05,ABFRL.NS
2026-08-05,ABLBL.NS
2026-08-05,ABREL.NS
2026-08-05,ABSLAMC.NS
2026-08-05,ACC.NS
2026-08-05,ACE.NS
2026-08-05,ACMESOLAR.NS
2026-08-05,ACUTAAS.NS
2026-08-05,ADANIENSOL.NS
2026-08-05,ADANIENT.NS
2026-08-05,ADANIGREEN.NS
2026-08-05,ADANIPORTS.NS
2026-08-05,ADANIPOWER.NS
2026-08-05,AEGISLOG.NS
2026-08-05,AEGISVOPAK.NS
2026-08-05,AFCONS.NS
2026-08-05,AFFLE.NS
2026-08-05,AIAENG.NS
2026-08-05,AIIL.NS
2026-08-05,AJANTPHARM.NS
2026-08-05,ALKEM.NS
2026-08-05,AMBER.NS
2026-08-05,AMBUJACEM.NS
2026-08-05,ANANDRATHI.NS
2026-08-05,ANANTRAJ.NS
2026-08-05,ANGELONE.NS
2026-08-05,ANTHEM.NS
2026-08-05,ANURAS.NS
2026-08-05,APARINDS.NS
2026-08-05,APLAPOLLO.NS
2026-08-05,APOLLOHOSP.NS
2026-08-05,APOLLOTYRE.NS
2026-08-05,APTUS.NS
2026-08-05,ARE&M.NS
2026-08-05,ASAHIINDIA.NS
2026-08-05,ASHOKLEY.NS
2026-08-05,ASIANPAINT.NS
2026-08-05,ASTERDM.NS
2026-08-05,ASTRAL.NS
2026-08-05,ATGL.NS
2026-08-05,ATHERENERG.NS
2026-08-05,ATUL.NS
2026-08-05,AUBANK.NS
2026-08-05,AUROPHARMA.NS
2026-08-05,AWL.NS
2026-08-05,AXISBANK.NS
2026-08-05,BAJAJ-AUTO.NS
2026-08-05,BAJAJFINSV.NS
2026-08-05,BAJAJHFL.NS
2026-08-05,BAJAJHLDNG.NS
2026-08-05,BAJFINANCE.NS
2026-08-05,BALKRISIND.NS
2026-08-05,BALRAMCHIN.NS
2026-08-05,BANDHANBNK.NS
2026-08-05,BANKBARODA.NS
2026-08-05,BANKINDIA.NS
2026-08-05,BATAINDIA.NS
2026-08-05,BAYERCROP.NS
2026-08-05,BBTC.NS
2026-08-05,BDL.NS
2026-08-05,BEL.NS
2026-08-05,BELRISE.NS
2026-08-05,BEML.NS
2026-08-05,BERGEPAINT.NS
2026-08-05,BHARATFORG.NS
2026-08-05,BHARTIARTL.NS
2026-08-05,BHARTIHEXA.NS
2026-08-05,BHEL.NS
2026-08-05,BIKAJI.NS
2026-08-05,BIOCON.NS
2026-08-05,BLS.NS
2026-08-05,BLUEDART.NS
2026-08-05,BLUEJET.NS
2026-08-05,BLUESTARCO.NS
2026-08-05,BOSCHLTD.NS
2026-08-05,BPCL.NS
2026-08-05,BRIGADE.NS
2026-08-05,BRITANNIA.NS
2026-08-05,BSE.NS
2026-08-05,BSOFT.NS
2026-08-05,CAMS.NS
2026-08-05,CANBK.NS
2026-08-05,CANFINHOME.NS
2026-08-05,CANHLIFE.NS
2026-08-05,CAPLIPOINT.NS
2026-08-05,CARBORUNIV.NS
2026-08-05,CARTRADE.NS
2026-08-05,CASTROLIND.NS
2026-08-05,CCL.NS
2026-08-05,CDSL.NS
2026-08-05,CEATLTD.NS
2026-08-05,CEMPRO.NS
2026-08-05,CENTRALBK.NS
2026-08-05,CESC.NS
2026-08-05,CGCL.NS
2026-08-05,CGPOWER.NS
2026-08-05,CHALET.NS
2026-08-05,CHAMBLFERT.NS
2026-08-05,CHENNPETRO.NS
2026-08-05,CHOICEIN.NS
2026-08-05,CHOLAFIN.NS
2026-08-05,CHOLAHLDNG.NS
2026-08-05,CIEINDIA.NS
2026-08-05,CIPLA.NS
2026-08-05,CLEAN.NS
2026-08-05,COALINDIA.NS
2026-08-05,COCHINSHIP.NS
2026-08-05,COFORGE.NS
2026-08-05,COHANCE.NS
2026-08-05,COLPAL.NS
2026-08-05,CONCOR.NS
2026-08-05,CONCORDBIO.NS
2026-08-05,COROMANDEL.NS
2026-08-05,CPPLUS.NS
2026-08-05,CRAFTSMAN.NS
2026-08-05,CREDITACC.NS
2026-08-05,CRISIL.NS
2026-08-05,CROMPTON.NS
2026-08-05,CUB.NS
2026-08-05,CUMMINSIND.NS
2026-08-05,CYIENT.NS
2026-08-05,DABUR.NS
2026-08-05,DALBHARAT.NS
2026-08-05,DATAPATTNS.NS
2026-08-05,DCMSHRIRAM.NS
2026-08-05,DEEPAKFERT.NS
2026-08-05,DEEPAKNTR.NS
2026-08-05,DELHIVERY.NS
2026-08-05,DEVYANI.NS
2026-08-05,DIVISLAB.NS
2026-08-05,DIXON.NS
2026-08-05,DLF.NS
2026-08-05,DMART.NS
2026-08-05,DOMS.NS
2026-08-05,DRREDDY.NS
2026-08-05,ECLERX.NS
2026-08-05,EICHERMOT.NS
2026-08-05,EIDPARRY.NS
2026-08-05,EIHOTEL.NS
2026-08-05,ELECON.NS
2026-08-05,ELGIEQUIP.NS
2026-08-05,EMAMILTD.NS
2026-08-05,EMCURE.NS
2026-08-05,EMMVEE.NS
2026-08-05,ENDURANCE.NS
2026-08-05,ENGINERSIN.NS
2026-08-05,ENRIN.NS
2026-08-05,ERIS.NS
2026-08-05,ESCORTS.NS
2026-08-05,ETERNAL.NS
2026-08-05,EXIDEIND.NS
2026-08-05,FACT.NS
2026-08-05,FEDERALBNK.NS
2026-08-05,FINCABLES.NS
2026-08-05,FIRSTCRY.NS
2026-08-05,FIVESTAR.NS
2026-08-05,FLUOROCHEM.NS
2026-08-05,FORCEMOT.NS
2026-08-05,FORTIS.NS
2026-08-05,FSL.NS
2026-08-05,GABRIEL.NS
2026-08-05,GAIL.NS
2026-08-05,GALLANTT.NS
2026-08-05,GESHIP.NS
2026-08-05,GICRE.NS
2026-08-05,GILLETTE.NS
2026-08-05,GLAND.NS
2026-08-05,GLAXO.NS
2026-08-05,GLENMARK.NS
2026-08-05,GMDCLTD.NS
2026-08-05,GMRAIRPORT.NS
2026-08-05,GODFRYPHLP.NS
2026-08-05,GODIGIT.NS
2026-08-05,GODREJCP.NS
2026-08-05,GODREJIND.NS
2026-08-05,GODREJPROP.NS
2026-08-05,GPIL.NS
2026-08-05,GRANULES.NS
2026-08-05,GRAPHITE.NS
2026-08-05,GRASIM.NS
2026-08-05,GRAVITA.NS
2026-08-05,GROWW.NS
2026-08-05,GRSE.NS
2026-08-05,GVT&D.NS
2026-08-05,HAL.NS
2026-08-05,HAVELLS.NS
2026-08-05,HBLENGINE.NS
2026-08-05,HCLTECH.NS
2026-08-05,HDBFS.NS
2026-08-05,HDFCAMC.NS
2026-08-05,HDFCBANK.NS
2026-08-05,HDFCLIFE.NS
2026-08-05,HEG.NS
2026-08-05,HEROMOTOCO.NS
2026-08-05,HEXT.NS
2026-08-05,HFCL.NS
2026-08-05,HINDALCO.NS
2026-08-05,HINDCOPPER.NS
2026-08-05,HINDPETRO.NS
2026-08-05,HINDUNILVR.NS
2026-08-05,HINDZINC.NS
2026-08-05,HOMEFIRST.NS
2026-08-05,HONASA.NS
2026-08-05,HONAUT.NS
2026-08-05,HSCL.NS
2026-08-05,HUDCO.NS
2026-08-05,HYUNDAI.NS
2026-08-05,ICICIAMC.NS
2026-08-05,ICICIBANK.NS
2026-08-05,ICICIGI.NS
2026-08-05,ICICIPRULI.NS
2026-08-05,IDBI.NS
2026-08-05,IDEA.NS
2026-08-05,IDFCFIRSTB.NS
2026-08-05,IEX.NS
2026-08-05,IFCI.NS
2026-08-05,IGIL.NS
2026-08-05,IGL.NS
2026-08-05,IIFL.NS
2026-08-05,IKS.NS
2026-08-05,INDGN.NS
2026-08-05,INDHOTEL.NS
2026-08-05,INDIACEM.NS
2026-08-05,INDIAMART.NS
2026-08-05,INDIANB.NS
2026-08-05,INDIGO.NS
2026-08-05,INDUSINDBK.NS
2026-08-05,INDUSTOWER.NS
2026-08-05,INFY.NS
2026-08-05,INOXWIND.NS
2026-08-05,INTELLECT.NS
2026-08-05,IOB.NS
2026-08-05,IOC.NS
2026-08-05,IPCALAB.NS
2026-08-05,IRB.NS
2026-08-05,IRCON.NS
2026-08-05,IRCTC.NS
2026-08-05,IREDA.NS
2026-08-05,IRFC.NS
2026-08-05,ITC.NS
2026-08-05,ITCHOTELS.NS
2026-08-05,ITI.NS
2026-08-05,J&KBANK.NS
2026-08-05,JAINREC.NS
2026-08-05,JBMA.NS
2026-08-05,JINDALSAW.NS
2026-08-05,JINDALSTEL.NS
2026-08-05,JIOFIN.NS
2026-08-05,JKCEMENT.NS
2026-08-05,JKTYRE.NS
2026-08-05,JMFINANCIL.NS
2026-08-05,JPPOWER.NS
2026-08-05,JSL.NS
2026-08-05,JSWCEMENT.NS
2026-08-05,JSWDULUX.NS
2026-08-05,JSWENERGY.NS
2026-08-05,JSWINFRA.NS
2026-08-05,JSWSTEEL.NS
2026-08-05,JUBLFOOD.NS
2026-08-05,JUBLINGREA.NS
2026-08-05,JUBLPHARMA.NS
2026-08-05,JWL.NS
2026-08-05,JYOTICNC.NS
2026-08-05,KAJARIACER.NS
2026-08-05,KALYANKJIL.NS
2026-08-05,KARURVYSYA.NS
2026-08-05,KAYNES.NS
2026-08-05,KEC.NS
2026-08-05,KEI.NS
2026-08-05,KFINTECH.NS
2026-08-05,KIMS.NS
2026-08-05,KIRLOSENG.NS
2026-08-05,KOTAKBANK.NS
2026-08-05,KPIL.NS
2026-08-05,KPITTECH.NS
2026-08-05,KPRMILL.NS
2026-08-05,LALPATHLAB.NS
2026-08-05,LATENTVIEW.NS
2026-08-05,LAURUSLABS.NS
2026-08-05,LEMONTREE.NS
2026-08-05,LENSKART.NS
2026-08-05,LGEINDIA.NS
2026-08-05,LICHSGFIN.NS
2026-08-05,LICI.NS
2026-08-05,LINDEINDIA.NS
2026-08-05,LLOYDSME.NS
2026-08-05,LODHA.NS
2026-08-05,LT.NS
2026-08-05,LTF.NS
2026-08-05,LTFOODS.NS
2026-08-05,LTM.NS
2026-08-05,LTTS.NS
2026-08-05,LUPIN.NS
2026-08-05,M&M.NS
2026-08-05,M&MFIN.NS
2026-08-05,MAHABANK.NS
2026-08-05,MANAPPURAM.NS
2026-08-05,MANKIND.NS
2026-08-05,MAPMYINDIA.NS
2026-08-05,MARICO.NS
2026-08-05,MARUTI.NS
2026-08-05,MAXHEALTH.NS
2026-08-05,MAZDOCK.NS
2026-08-05,MCX.NS
2026-08-05,MEDANTA.NS
2026-08-05,MEESHO.NS
2026-08-05,MFSL.NS
2026-08-05,MGL.NS
2026-08-05,MINDACORP.NS
2026-08-05,MMTC.NS
2026-08-05,MOTHERSON.NS
2026-08-05,MOTILALOFS.NS
2026-08-05,MPHASIS.NS
2026-08-05,MRF.NS
2026-08-05,MRPL.NS
2026-08-05,MSUMI.NS
2026-08-05,MUTHOOTFIN.NS
2026-08-05,NAM-INDIA.NS
2026-08-05,NATCOPHARM.NS
2026-08-05,NATIONALUM.NS
2026-08-05,NAUKRI.NS
2026-08-05,NAVA.NS
2026-08-05,NAVINFLUOR.NS
2026-08-05,NBCC.NS
2026-08-05,NCC.NS
2026-08-05,NESTLEIND.NS
2026-08-05,NETWEB.NS
2026-08-05,NEULANDLAB.NS
2026-08-05,NEWGEN.NS
2026-08-05,NH.NS
2026-08-05,NHPC.NS
2026-08-05,NIACL.NS
2026-08-05,NIVABUPA.NS
2026-08-05,NLCINDIA.NS
2026-08-05,NMDC.NS
2026-08-05,NSLNISP.NS
2026-08-05,NTPC.NS
2026-08-05,NTPCGREEN.NS
2026-08-05,NUVAMA.NS
2026-08-05,NUVOCO.NS
2026-08-05,NYKAA.NS
2026-08-05,OBEROIRLTY.NS
2026-08-05,OFSS.NS
2026-08-05,OIL.NS
2026-08-05,OLAELEC.NS
2026-08-05,OLECTRA.NS
2026-08-05,ONESOURCE.NS
2026-08-05,ONGC.NS
2026-08-05,PAGEIND.NS
2026-08-05,PARADEEP.NS
2026-08-05,PATANJALI.NS
2026-08-05,PAYTM.NS
2026-08-05,PCBL.NS
2026-08-05,PERSISTENT.NS
2026-08-05,PETRONET.NS
2026-08-05,PFC.NS
2026-08-05,PFIZER.NS
2026-08-05,PFOCUS.NS
2026-08-05,PGEL.NS
2026-08-05,PHOENIXLTD.NS
2026-08-05,PIDILITIND.NS
2026-08-05,PIIND.NS
2026-08-05,PINELABS.NS
2026-08-05,PIRAMALFIN.NS
2026-08-05,PNB.NS
2026-08-05,PNBHOUSING.NS
2026-08-05,POLICYBZR.NS
2026-08-05,POLYCAB.NS
2026-08-05,POLYMED.NS
2026-08-05,POONAWALLA.NS
2026-08-05,POWERGRID.NS
2026-08-05,POWERINDIA.NS
2026-08-05,PPLPHARMA.NS
2026-08-05,PREMIERENE.NS
2026-08-05,PRESTIGE.NS
2026-08-05,PTCIL.NS
2026-08-05,PVRINOX.NS
2026-08-05,PWL.NS
2026-08-05,RADICO.NS
2026-08-05,RAILTEL.NS
2026-08-05,RAINBOW.NS
2026-08-05,RAMCOCEM.NS
2026-08-05,RBLBANK.NS
2026-08-05,RECLTD.NS
2026-08-05,REDINGTON.NS
2026-08-05,RELIANCE.NS
2026-08-05,RHIM.NS
2026-08-05,RITES.NS
2026-08-05,RKFORGE.NS
2026-08-05,RPOWER.NS
2026-08-05,RRKABEL.NS
2026-08-05,RVNL.NS
2026-08-05,SAGILITY.NS
2026-08-05,SAIL.NS
2026-08-05,SAILIFE.NS
2026-08-05,SAMMAANCAP.NS
2026-08-05,SAPPHIRE.NS
2026-08-05,SARDAEN.NS
2026-08-05,SAREGAMA.NS
2026-08-05,SBFC.NS
2026-08-05,SBICARD.NS
2026-08-05,SBILIFE.NS
2026-08-05,SBIN.NS
2026-08-05,SCHAEFFLER.NS
2026-08-05,SCHNEIDER.NS
2026-08-05,SCI.NS
2026-08-05,SHREECEM.NS
2026-08-05,SHRIRAMFIN.NS
2026-08-05,SHYAMMETL.NS
2026-08-05,SIEMENS.NS
2026-08-05,SIGNATURE.NS
2026-08-05,SJVN.NS
2026-08-05,SOBHA.NS
2026-08-05,SOLARINDS.NS
2026-08-05,SONACOMS.NS
2026-08-05,SONATSOFTW.NS
2026-08-05,SPLPETRO.NS
2026-08-05,SRF.NS
2026-08-05,STARHEALTH.NS
2026-08-05,SUMICHEM.NS
2026-08-05,SUNDARMFIN.NS
2026-08-05,SUNPHARMA.NS
2026-08-05,SUNTV.NS
2026-08-05,SUPREMEIND.NS
2026-08-05,SUZLON.NS
2026-08-05,SWANCORP.NS
2026-08-05,SWIGGY.NS
2026-08-05,SYNGENE.NS
2026-08-05,SYRMA.NS
2026-08-05,TARIL.NS
2026-08-05,TATACAP.NS
2026-08-05,TATACHEM.NS
2026-08-05,TATACOMM.NS
2026-08-05,TATACONSUM.NS
2026-08-05,TATAELXSI.NS
2026-08-05,TATAINVEST.NS
2026-08-05,TATAPOWER.NS
2026-08-05,TATASTEEL.NS
2026-08-05,TATATECH.NS
2026-08-05,TBOTEK.NS
2026-08-05,TCS.NS
2026-08-05,TECHM.NS
2026-08-05,TECHNOE.NS
2026-08-05,TEGA.NS
2026-08-05,TEJASNET.NS
2026-08-05,TENNIND.NS
2026-08-05,THELEELA.NS
2026-08-05,THERMAX.NS
2026-08-05,TIINDIA.NS
2026-08-05,TIMKEN.NS
2026-08-05,TITAGARH.NS
2026-08-05,TITAN.NS
2026-08-05,TMCV.NS
2026-08-05,TMPV.NS
2026-08-05,TORNTPHARM.NS
2026-08-05,TORNTPOWER.NS
2026-08-05,TRAVELFOOD.NS
2026-08-05,TRENT.NS
2026-08-05,TRIDENT.NS
2026-08-05,TRITURBINE.NS
2026-08-05,TTML.NS
2026-08-05,TVSMOTOR.NS
2026-08-05,UBL.NS
2026-08-05,UCOBANK.NS
2026-08-05,ULTRACEMCO.NS
2026-08-05,UNIONBANK.NS
2026-08-05,UNITDSPR.NS
2026-08-05,UNOMINDA.NS
2026-08-05,UPL.NS
2026-08-05,URBANCO.NS
2026-08-05,USHAMART.NS
2026-08-05,UTIAMC.NS
2026-08-05,VBL.NS
2026-08-05,VEDL.NS
2026-08-05,VIJAYA.NS
2026-08-05,VMM.NS
2026-08-05,VOLTAS.NS
2026-08-05,VTL.NS
2026-08-05,WAAREEENER.NS
2026-08-05,WELCORP.NS
2026-08-05,WELSPUNLIV.NS
2026-08-05,WHIRLPOOL.NS
2026-08-05,WIPRO.NS
2026-08-05,WOCKPHARMA.NS
2026-08-05,YESBANK.NS
2026-08-05,ZEEL.NS
2026-08-05,ZENSARTECH.NS
2026-08-05,ZENTEC.NS
2026-08-05,ZFCVINDIA.NS
2026-08-05,ZYDUSLIFE.NS
2026-08-05,ZYDUSWELL.NS
